metadata_row,complex_name,compound_group,smiles,experimental_pKD,covalent,fragment_screen,pb_valid_prepared,pb_valid_ref,suspected_artefact,sucos_shape,pocket_qcov,sucos_shape_pocket_qcov,complex_directory,complex_ref_pdb_path,complex_ref_pdb_exists,complex_ref_pdb_bytes,complex_ref_pdb_sha256,prepared_protein_pdb_path,prepared_protein_pdb_exists,prepared_protein_pdb_bytes,prepared_protein_pdb_sha256,ligand_ref_sdf_path,ligand_ref_sdf_exists,ligand_ref_sdf_bytes,ligand_ref_sdf_sha256,ligand_prepared_sdf_path,ligand_prepared_sdf_exists,ligand_prepared_sdf_bytes,ligand_prepared_sdf_sha256,complex_ref_pdb_coordinate_records,complex_ref_pdb_atom_records,complex_ref_pdb_hetatm_records,complex_ref_pdb_ligand_records,prepared_protein_pdb_coordinate_records,prepared_protein_pdb_atom_records,prepared_protein_pdb_hetatm_records,prepared_protein_pdb_ligand_records,ligand_ref_sdf_parse_ok,ligand_ref_sdf_molecule_count,ligand_ref_sdf_atom_count,ligand_ref_sdf_heavy_atom_count,ligand_ref_sdf_formal_charge,ligand_ref_sdf_elements,ligand_prepared_sdf_parse_ok,ligand_prepared_sdf_molecule_count,ligand_prepared_sdf_atom_count,ligand_prepared_sdf_heavy_atom_count,ligand_prepared_sdf_formal_charge,ligand_prepared_sdf_elements
1,A71EV2A-x0152a,x0152a_x0152b,O=C1CN(C(=O)COc2ccccc2)CCN1,,False,True,True,True,True,40.5843,71.4286,28.9888,structures/x0152a_x0152b/A71EV2A-x0152a,structures/x0152a_x0152b/A71EV2A-x0152a/A71EV2A-x0152a_complex_ref.pdb,True,98834,ed82e9e2fd2aa2309fbcad5660393f31dbc8361b91f383329c7aeae2d89e95b3,structures/x0152a_x0152b/A71EV2A-x0152a/A71EV2A-x0152a_prepared.pdb,True,171224,7d6851aef42a7cdb8d4092cf1f788d35fde03e1aad696e5db1f8a471a90ebff3,structures/x0152a_x0152b/A71EV2A-x0152a/A71EV2A-x0152a_ligand_ref.sdf,True,1553,c3b756e3a18ff70cdcadcac4ad4471c4cbf272ee314e51da7f62e61113a75696,structures/x0152a_x0152b/A71EV2A-x0152a/A71EV2A-x0152a_ligand_prepared.sdf,True,2715,bdb5cf3604affe88f5f9577373cf682300fbfb0aff86fa7390236535f18c3395,1148,1103,45,17,2112,2112,,,True,1,17,17,0,C:12;N:2;O:3,True,1,31,17,0,C:12;H:14;N:2;O:3
2,A71EV2A-x0152b,x0152a_x0152b,O=C1CN(C(=O)COc2ccccc2)CCN1,,False,True,False,False,False,45.6884,38.4615,17.5725,structures/x0152a_x0152b/A71EV2A-x0152b,structures/x0152a_x0152b/A71EV2A-x0152b/A71EV2A-x0152b_complex_ref.pdb,True,98996,823ad3aa8dda8d949ea23225ed772e5e6868e690403b0e46d8f3b6742dbb4193,structures/x0152a_x0152b/A71EV2A-x0152b/A71EV2A-x0152b_prepared.pdb,True,171224,c98cc5597d5a1b80b2f39049027af3a806b419081b8612d1c688784cfcf65f8c,structures/x0152a_x0152b/A71EV2A-x0152b/A71EV2A-x0152b_ligand_ref.sdf,True,1553,4f08dd40dbc0236b6360dc853e1b45a7ea83cda9a373e601fdceee13e28c1f9f,structures/x0152a_x0152b/A71EV2A-x0152b/A71EV2A-x0152b_ligand_prepared.sdf,True,2715,7bc2086496c8497de04f82b298acb388aed2317b9d97e866e53b2a5ed6a09a63,1150,1103,47,17,2112,2112,,,True,1,17,17,0,C:12;N:2;O:3,True,1,31,17,0,C:12;H:14;N:2;O:3
3,A71EV2A-x0188a,x0188a,CC[C@@H]1CN(S(=O)(=O)N(C)C)CCO1,,False,True,True,True,False,57.7371,22.2222,12.8305,structures/x0188a/A71EV2A-x0188a,structures/x0188a/A71EV2A-x0188a/A71EV2A-x0188a_complex_ref.pdb,True,98504,0cff5e0f5054daf8d2dc568998b3095763b5430646ce54090ed31100c23e8bb1,structures/x0188a/A71EV2A-x0188a/A71EV2A-x0188a_prepared.pdb,True,171224,601b2eaa78a68fc3e7cdbb16297b9011a242b17cb65d7db0b86e3e8aa997d8e9,structures/x0188a/A71EV2A-x0188a/A71EV2A-x0188a_ligand_ref.sdf,True,1291,266edc8729aee3a58866ea8873f3628b8151f8945ebd0e9a7bf6ec2055e9dca3,structures/x0188a/A71EV2A-x0188a/A71EV2A-x0188a_ligand_prepared.sdf,True,2785,966fb3c2e4155c77f5e56600edf820c2cd3e58a27e9821fa6b5ef8f804c4fd3f,1142,1097,45,14,2112,2112,,,True,1,14,14,0,C:8;N:2;O:3;S:1,True,1,32,14,0,C:8;H:18;N:2;O:3;S:1
4,A71EV2A-x0194a,x0194a,Fc1ccccc1CNC1CCOCC1,,False,True,True,True,False,35.873,25,8.9682,structures/x0194a/A71EV2A-x0194a,structures/x0194a/A71EV2A-x0194a/A71EV2A-x0194a_complex_ref.pdb,True,104652,c6b2ee1d469ce3b733d014b46daa257eb1cb6a64dcd6c33f60e5dd5ea2c1581e,structures/x0194a/A71EV2A-x0194a/A71EV2A-x0194a_prepared.pdb,True,171224,7f01c32c268000ede39c8fb796097cb2649d4fbefbb6651ab57a9e59a3490a29,structures/x0194a/A71EV2A-x0194a/A71EV2A-x0194a_ligand_ref.sdf,True,1387,c14a7a1ba0b0996eeedb4f8eb454522e0f17b604b47c89429be2c364d14792a2,structures/x0194a/A71EV2A-x0194a/A71EV2A-x0194a_ligand_prepared.sdf,True,2816,d2456df55a269690647db846bf08f4d00dc0c7cd5cb3f297c96321d912abdb1e,1175,1116,59,15,2112,2112,,,True,1,15,15,0,C:12;F:1;N:1;O:1,True,1,32,15,1,C:12;F:1;H:17;N:1;O:1
5,A71EV2A-x0202a,x0202a_x0202b,NS(=O)(=O)c1cnc2cccnn12,,False,True,True,True,False,45.367,18.1818,8.2485,structures/x0202a_x0202b/A71EV2A-x0202a,structures/x0202a_x0202b/A71EV2A-x0202a/A71EV2A-x0202a_complex_ref.pdb,True,102546,94bd5273801071b1feeea92bcbf2e43b02dc75fd80601942d971d6e9e0ff8c60,structures/x0202a_x0202b/A71EV2A-x0202a/A71EV2A-x0202a_prepared.pdb,True,171224,2cfc2484950b213ee78fee503525a09745e234ef1ca2e4c49066ad5fa7891980,structures/x0202a_x0202b/A71EV2A-x0202a/A71EV2A-x0202a_ligand_ref.sdf,True,1221,de2938428ebc0b4b03e8090368a1f5f60ec1f5c91a8e0c049e4bc1d18b29fff2,structures/x0202a_x0202b/A71EV2A-x0202a/A71EV2A-x0202a_ligand_prepared.sdf,True,1719,4ec89beff874603375908e39806c6383d811fa35098a34f3ca75954f9420c3ca,1150,1103,47,13,2112,2112,,,True,1,13,13,0,C:6;N:4;O:2;S:1,True,1,19,13,0,C:6;H:6;N:4;O:2;S:1
6,A71EV2A-x0202b,x0202a_x0202b,NS(=O)(=O)c1cnc2cccnn12,,False,True,True,True,True,48.6278,25,12.1569,structures/x0202a_x0202b/A71EV2A-x0202b,structures/x0202a_x0202b/A71EV2A-x0202b/A71EV2A-x0202b_complex_ref.pdb,True,102141,e705fdb44ff6351c07deece23b8483ab1b4a5447230b765ee9fef6c9b8b138e3,structures/x0202a_x0202b/A71EV2A-x0202b/A71EV2A-x0202b_prepared.pdb,True,171224,2fd89dd6534a1439fb7fdfad1d75830813d017f2e3cd2658c812924ddda7fc74,structures/x0202a_x0202b/A71EV2A-x0202b/A71EV2A-x0202b_ligand_ref.sdf,True,1221,edcf0eadf7ed2e5e6c5e426c82e2e48840fa029e8e58e1f630723628b7bb9861,structures/x0202a_x0202b/A71EV2A-x0202b/A71EV2A-x0202b_ligand_prepared.sdf,True,1719,587483138e164b6e6dd050e95caef619ba44deed978666efee751928421de5f8,1145,1103,42,13,2112,2112,,,True,1,13,13,0,C:6;N:4;O:2;S:1,True,1,19,13,0,C:6;H:6;N:4;O:2;S:1
7,A71EV2A-x0207a,x0207a,Cc1cc(C(=O)NC[C@H]2CCOC2)on1,,False,True,True,True,False,43.2353,88.8889,38.4313,structures/x0207a/A71EV2A-x0207a,structures/x0207a/A71EV2A-x0207a/A71EV2A-x0207a_complex_ref.pdb,True,186476,30d1fd48949684fe272b6ab73a3088960bcedbd3d2b3771ffa0b1eb1cf637d89,structures/x0207a/A71EV2A-x0207a/A71EV2A-x0207a_prepared.pdb,True,171224,d5c7d7d845d3d783d0c817907f23d13a7ead86398bc37d05f2ff26c635eb2fc1,structures/x0207a/A71EV2A-x0207a/A71EV2A-x0207a_ligand_ref.sdf,True,1387,b4b754dfd94a2f4f6ee32c99db104b50849e0c6f3cb79de29fa6047a3c52f4d8,structures/x0207a/A71EV2A-x0207a/A71EV2A-x0207a_ligand_prepared.sdf,True,2549,6b3810e32b4b4b77c0397809b17611bcae4af6afb03f3df1ddfa677a0eb83de5,2229,2190,39,15,2112,2112,,,True,1,15,15,0,C:10;N:2;O:3,True,1,29,15,0,C:10;H:14;N:2;O:3
8,A71EV2A-x0228a,x0228a,CS(=O)(=O)N1CCC(O)CC1,,False,True,True,True,False,52.7159,71.4286,37.6542,structures/x0228a/A71EV2A-x0228a,structures/x0228a/A71EV2A-x0228a/A71EV2A-x0228a_complex_ref.pdb,True,102141,81a9f371940b31a54f34e4c8233a1eb994affedc36d0851b8b1137890d2b30db,structures/x0228a/A71EV2A-x0228a/A71EV2A-x0228a_prepared.pdb,True,171224,f78c38e80ca2926e86e4a17d0b2b540f3f5f0a548225d022b816fb1154220f53,structures/x0228a/A71EV2A-x0228a/A71EV2A-x0228a_ligand_ref.sdf,True,1042,f84db151a0ab53b27dd43ee15c0b1b6d5e8fcfba4a192e4c6a84e1e48b2a3995,structures/x0228a/A71EV2A-x0228a/A71EV2A-x0228a_ligand_prepared.sdf,True,2121,c8f55404f080c190b855e968954251848252d774121e002ad127fc4f95bc699d,1145,1103,42,11,2112,2112,,,True,1,11,11,0,C:6;N:1;O:3;S:1,True,1,24,11,0,C:6;H:13;N:1;O:3;S:1
9,A71EV2A-x0229a,x0229a_x0229b,CS(=O)(=O)Nc1ccc(CN)cc1,,False,True,True,True,True,45.3551,71.4286,32.3965,structures/x0229a_x0229b/A71EV2A-x0229a,structures/x0229a_x0229b/A71EV2A-x0229a/A71EV2A-x0229a_complex_ref.pdb,True,97937,c8987c8af6833525a4a18ca3689d05f24b4ac9a49990d36a161ea0712566f11e,structures/x0229a_x0229b/A71EV2A-x0229a/A71EV2A-x0229a_prepared.pdb,True,171224,df2a2d81983ebcf3aef7729098db523c41788c1c872ba7a3a87fbbb3faa4b03b,structures/x0229a_x0229b/A71EV2A-x0229a/A71EV2A-x0229a_ligand_ref.sdf,True,1208,81a96a29697c8e35cf3fee6dd36ac48fceca92d145712c681e52f2c6053e5f4e,structures/x0229a_x0229b/A71EV2A-x0229a/A71EV2A-x0229a_ligand_prepared.sdf,True,2305,971d220b8279cb24efa1577b7d183839dd1c8174154b73f396c8e5b8f8a7f906,1137,1097,40,13,2112,2112,,,True,1,13,13,0,C:8;N:2;O:2;S:1,True,1,26,13,1,C:8;H:13;N:2;O:2;S:1
10,A71EV2A-x0229b,x0229a_x0229b,CS(=O)(=O)Nc1ccc(CN)cc1,,False,True,True,True,False,57.9793,22.2222,12.8843,structures/x0229a_x0229b/A71EV2A-x0229b,structures/x0229a_x0229b/A71EV2A-x0229b/A71EV2A-x0229b_complex_ref.pdb,True,97937,752da2f4a7302b393fcf8970c81dddba30226b2cc69b0b4f33c70aa5b83421a1,structures/x0229a_x0229b/A71EV2A-x0229b/A71EV2A-x0229b_prepared.pdb,True,171224,994981967800df06e458ac5980db0aba490df229fd678ecbfe084bdcba639931,structures/x0229a_x0229b/A71EV2A-x0229b/A71EV2A-x0229b_ligand_ref.sdf,True,1208,9311cc8ebe73dca3bd60adba6b0dab764ad56ffc88fe225f56ca7f531335409c,structures/x0229a_x0229b/A71EV2A-x0229b/A71EV2A-x0229b_ligand_prepared.sdf,True,2305,f5ba340f5571cceb7dace1648b7053376c9dce6b5021d27b557366308330193a,1137,1097,40,13,2112,2112,,,True,1,13,13,0,C:8;N:2;O:2;S:1,True,1,26,13,1,C:8;H:13;N:2;O:2;S:1
11,A71EV2A-x0237a,x0237a,Cc1ccc(CNC(=O)C2CCC2)cn1,,False,True,True,True,False,54.4437,88.2353,48.0386,structures/x0237a/A71EV2A-x0237a,structures/x0237a/A71EV2A-x0237a/A71EV2A-x0237a_complex_ref.pdb,True,186800,310a7dd06d23edd385b47fa57d00111ae5b31a186dbeea8734152a9e74367901,structures/x0237a/A71EV2A-x0237a/A71EV2A-x0237a_prepared.pdb,True,171224,e8e0272df15dd3ccf86dee5b5db3b74ef68fe1926241a2fcaa8c7425a79a32cd,structures/x0237a/A71EV2A-x0237a/A71EV2A-x0237a_ligand_ref.sdf,True,1387,cfd1b08574a41bb1a2cfe9f07f23bdaaace008048438d67b77d18878867750b0,structures/x0237a/A71EV2A-x0237a/A71EV2A-x0237a_ligand_prepared.sdf,True,2715,b82e448de40bc697c36f0d6428e07ad715d2c9783079c9c4de3dd4191bf429da,2234,2196,38,15,2112,2112,,,True,1,15,15,0,C:12;N:2;O:1,True,1,31,15,0,C:12;H:16;N:2;O:1
12,A71EV2A-x0239a,x0239a,CCC(=O)NCc1nnc2n1CCCC2,,False,True,True,True,False,56.3575,20,11.2715,structures/x0239a/A71EV2A-x0239a,structures/x0239a/A71EV2A-x0239a/A71EV2A-x0239a_complex_ref.pdb,True,102951,a2b29334ec2811476ed9bfbd12159a707e3e1c1c45fcdc29eade26c61165f229,structures/x0239a/A71EV2A-x0239a/A71EV2A-x0239a_prepared.pdb,True,171224,eaed33f35e25735c1cfb3f2b199cb64edeb545d1ffd287e85659d0c9b2727062,structures/x0239a/A71EV2A-x0239a/A71EV2A-x0239a_ligand_ref.sdf,True,1387,fe9fa441833791ba106b65f829630f07dc0ae2ac1073d2db619a0244802931bd,structures/x0239a/A71EV2A-x0239a/A71EV2A-x0239a_ligand_prepared.sdf,True,2715,e88392db43efe6b0157891a6b8ddc81764a7076a0c8f7adba43103b2148fc29c,1154,1103,51,15,2112,2112,,,True,1,15,15,0,C:10;N:4;O:1,True,1,31,15,0,C:10;H:16;N:4;O:1
13,A71EV2A-x0269a,x0269a,O=C(N[C@H]1CCCNC1)c1ccccc1,,False,True,True,True,True,44.4705,12.5,5.5588,structures/x0269a/A71EV2A-x0269a,structures/x0269a/A71EV2A-x0269a/A71EV2A-x0269a_complex_ref.pdb,True,101817,9575923f8fa6c93ab3de58fe23b8e99a65804d338424996ee8c0f151bd4123f4,structures/x0269a/A71EV2A-x0269a/A71EV2A-x0269a_prepared.pdb,True,171224,f20e079aaf2a0f2271a2b9689dd9629417b9ef686e1bc35b9af30b28c2252580,structures/x0269a/A71EV2A-x0269a/A71EV2A-x0269a_ligand_ref.sdf,True,1387,cfc4e72cd2e95b3d40d7b8fa1453eb953293750dac97d27bae70f6f3a82ce8ba,structures/x0269a/A71EV2A-x0269a/A71EV2A-x0269a_ligand_prepared.sdf,True,2816,aff260edff9dd465413a3ec77103f1430d1f3297e20e9f459730d9bbb933f2a8,1142,1103,39,15,2112,2112,,,True,1,15,15,0,C:12;N:2;O:1,True,1,32,15,1,C:12;H:17;N:2;O:1
14,A71EV2A-x0278b,x0278a_x0278b,N[C@H]1CCN(S(=O)(=O)c2ccccc2)C1,,False,True,True,True,False,56.2573,12.5,7.0322,structures/x0278a_x0278b/A71EV2A-x0278b,structures/x0278a_x0278b/A71EV2A-x0278b/A71EV2A-x0278b_complex_ref.pdb,True,98834,3e0cfd97d65e3f440a5515165820c0381fcc70457b34973dfab507ab21949986,structures/x0278a_x0278b/A71EV2A-x0278b/A71EV2A-x0278b_prepared.pdb,True,171224,4f28d24cb393ec951e34c17bca0596e60d6283145c7bf560a05a575ef205d307,structures/x0278a_x0278b/A71EV2A-x0278b/A71EV2A-x0278b_ligand_ref.sdf,True,1387,e519688e275acba5b0b6ae4c51fa6d362118155d6d77ab66ef4036324e93fce4,structures/x0278a_x0278b/A71EV2A-x0278b/A71EV2A-x0278b_ligand_prepared.sdf,True,2650,3b63edd6d4b3dae4717a00e41d6b6be7e46528c0238c137dd21e9a25ca1aaab6,1147,1103,44,15,2112,2112,,,True,1,15,15,0,C:10;N:2;O:2;S:1,True,1,30,15,1,C:10;H:15;N:2;O:2;S:1
15,A71EV2A-x0278a,x0278a_x0278b,N[C@H]1CCN(S(=O)(=O)c2ccccc2)C1,,False,True,True,True,True,43.846,71.4286,31.3186,structures/x0278a_x0278b/A71EV2A-x0278a,structures/x0278a_x0278b/A71EV2A-x0278a/A71EV2A-x0278a_complex_ref.pdb,True,99320,63d25f195b5e1372b218700991e09fbfd0a1c6579bcc553488e305f36845908b,structures/x0278a_x0278b/A71EV2A-x0278a/A71EV2A-x0278a_prepared.pdb,True,171224,0412f828edffef515424861683a0fc1f931fc03869407e2df5aa4502a9e95f0c,structures/x0278a_x0278b/A71EV2A-x0278a/A71EV2A-x0278a_ligand_ref.sdf,True,1387,0b9414c0ffa53912d1b018c098a18a5e922803a7d3df96fa32c85ee293bd3fc2,structures/x0278a_x0278b/A71EV2A-x0278a/A71EV2A-x0278a_ligand_prepared.sdf,True,2650,866993181476d9f4c9c5f1f60d519dd1310fb2bde4ee1b85f6f5b79ff6489147,1153,1103,50,15,2112,2112,,,True,1,15,15,0,C:10;N:2;O:2;S:1,True,1,30,15,1,C:10;H:15;N:2;O:2;S:1
16,A71EV2A-x0305a,x0305a,CNS(=O)(=O)c1cccc(C)c1F,,False,True,True,True,False,53.4089,22.2222,11.8687,structures/x0305a/A71EV2A-x0305a,structures/x0305a/A71EV2A-x0305a/A71EV2A-x0305a_complex_ref.pdb,True,98504,7a763be510f4b688088a120a6346838f409a6f120c56ef328fe3394abe733e3d,structures/x0305a/A71EV2A-x0305a/A71EV2A-x0305a_prepared.pdb,True,171224,9fb079f8ea0e8c559c810342c4ef2a68968ad2a2957929e7fc0cba22d1c1f87c,structures/x0305a/A71EV2A-x0305a/A71EV2A-x0305a_ligand_ref.sdf,True,1208,ff49ed14950968aba76de7af9cb193b12bea18eb1309a107d49eeeee4433cdf0,structures/x0305a/A71EV2A-x0305a/A71EV2A-x0305a_ligand_prepared.sdf,True,2038,b1d9e8cec75b7dc93163fd2874d07efcadf5863b723a352429c2a21a02779a94,1142,1097,45,13,2112,2112,,,True,1,13,13,0,C:8;F:1;N:1;O:2;S:1,True,1,23,13,0,C:8;F:1;H:10;N:1;O:2;S:1
17,A71EV2A-x0309a,x0309a,Cn1ccnc1-c1noc(C2CCC2)n1,,False,True,True,True,False,48.2455,28.5714,13.7844,structures/x0309a/A71EV2A-x0309a,structures/x0309a/A71EV2A-x0309a/A71EV2A-x0309a_complex_ref.pdb,True,99314,96dd2eb22b805f99c361bea0ef843e15a5a85f02b630179f34fe59ae324d0d0c,structures/x0309a/A71EV2A-x0309a/A71EV2A-x0309a_prepared.pdb,True,171224,4d8c2b5be15ac0b7d2d8a245b2c3f02244b63514007c7c88bc3c80d75aaf9634,structures/x0309a/A71EV2A-x0309a/A71EV2A-x0309a_ligand_ref.sdf,True,1400,0967dd1ccd561f6ff45ddbe4b8627d982d768a95671c6289e86176aea6d99d59,structures/x0309a/A71EV2A-x0309a/A71EV2A-x0309a_ligand_prepared.sdf,True,2396,a79f88eaf9146dc03b5008890b9a1fabf7bafc8533fe8f01d823d08040e1a7aa,1152,1103,49,15,2112,2112,,,True,1,15,15,0,C:10;N:4;O:1,True,1,27,15,0,C:10;H:12;N:4;O:1
18,A71EV2A-x0310a,x0310a,Cc1nn(C)c(C)c1NC(=O)CC#N,,False,True,True,True,False,57.562,95,54.6839,structures/x0310a/A71EV2A-x0310a,structures/x0310a/A71EV2A-x0310a/A71EV2A-x0310a_complex_ref.pdb,True,98591,19218075b2d6f79c4ef2aee713fa7965c8574fa0f1cbe808df28dfd515e524eb,structures/x0310a/A71EV2A-x0310a/A71EV2A-x0310a_prepared.pdb,True,171224,72a4fb83dfcaa4661d8fb74b95e8015a54fe68926cdd9853afcbb1c4de5258fd,structures/x0310a/A71EV2A-x0310a/A71EV2A-x0310a_ligand_ref.sdf,True,1291,9e6f464be9cf57e0ae1cd491cd4a7c700e6e1fbbe3cf7fd48afb0cb9885ef211,structures/x0310a/A71EV2A-x0310a/A71EV2A-x0310a_ligand_prepared.sdf,True,2287,15012e079181b43f869ea74f041203edbad907727632252d78c4c05c318f0a2d,1145,1103,42,14,2112,2112,,,True,1,14,14,0,C:9;N:4;O:1,True,1,26,14,0,C:9;H:12;N:4;O:1
19,A71EV2A-x0332a,x0332a_x2458a,CNS(=O)(=O)c1ccccc1Cl,,False,True,True,True,False,74.5084,22.2222,16.5574,structures/x0332a_x2458a/A71EV2A-x0332a,structures/x0332a_x2458a/A71EV2A-x0332a/A71EV2A-x0332a_complex_ref.pdb,True,102060,10b49913d0db25dadc170daea94d054fb52aaa7c2c08e0ff9954f871bd62ec96,structures/x0332a_x2458a/A71EV2A-x0332a/A71EV2A-x0332a_prepared.pdb,True,171224,e45a3d2d4806c7283ef13d49ef3df7997bc8147106d3152013fdf4c55b2e2a8d,structures/x0332a_x2458a/A71EV2A-x0332a/A71EV2A-x0332a_ligand_ref.sdf,True,1125,b04ac1479f0d691e31252ae7d4ceec5052cfa7c8f8a925a0983e460324fbb501,structures/x0332a_x2458a/A71EV2A-x0332a/A71EV2A-x0332a_ligand_prepared.sdf,True,1789,a030077dee624b3455ed5cac70a7ab19bf3371ae605d2b39c83a7432ac9c669f,1143,1097,46,12,2112,2112,,,True,1,12,12,0,C:7;Cl:1;N:1;O:2;S:1,True,1,20,12,0,C:7;Cl:1;H:8;N:1;O:2;S:1
20,A71EV2A-x0333a,x0333a,CS(=O)(=O)NCCc1ccccc1,,False,True,True,True,True,78.3919,28.5714,22.3977,structures/x0333a/A71EV2A-x0333a,structures/x0333a/A71EV2A-x0333a/A71EV2A-x0333a_complex_ref.pdb,True,96971,723193e0192b883fa5a64a3fc3978f86a215c69b0389de1f9a7359992fc4a3f9,structures/x0333a/A71EV2A-x0333a/A71EV2A-x0333a_prepared.pdb,True,171224,be03f0e0f2b9b496f0a6164e5d8c008d8aa3cc3ecaae5ae2fd864510ef2bf681,structures/x0333a/A71EV2A-x0333a/A71EV2A-x0333a_ligand_ref.sdf,True,1208,eaef2b2cf68c82ec2dd3ad6bce03341fc0febad2aa2c4104ae90c97719cf0dbc,structures/x0333a/A71EV2A-x0333a/A71EV2A-x0333a_ligand_prepared.sdf,True,2287,968c662914b3834e0883a2ab2a390da4b213f81a386287c010e8a4d803c9b2fc,1125,1089,36,13,2112,2112,,,True,1,13,13,0,C:9;N:1;O:2;S:1,True,1,26,13,0,C:9;H:13;N:1;O:2;S:1
21,A71EV2A-x0351c,x0351a_x0351b_x0351c,CCS(=O)(=O)NCc1ccc2c(c1)OCO2,,False,True,True,True,True,42.0468,20,8.4094,structures/x0351a_x0351b_x0351c/A71EV2A-x0351c,structures/x0351a_x0351b_x0351c/A71EV2A-x0351c/A71EV2A-x0351c_complex_ref.pdb,True,95432,b0e0b6f683fe1c80bf7d55e549cd2cf20a50cb664d408a33c4ecc54e462ebf8f,structures/x0351a_x0351b_x0351c/A71EV2A-x0351c/A71EV2A-x0351c_prepared.pdb,True,170009,d9f4784ddee38b2ad3d520eca62afbc540fe6192d1ec7751a3c5f1e36fafe673,structures/x0351a_x0351b_x0351c/A71EV2A-x0351c/A71EV2A-x0351c_ligand_ref.sdf,True,1470,bcfaf3da79737e6b4e6f774290eae14e0aa41b660f9d218b0960934f9badf165,structures/x0351a_x0351b_x0351c/A71EV2A-x0351c/A71EV2A-x0351c_ligand_prepared.sdf,True,2549,a29da30286c6f25608575cef25ccb8a39852eec36131d79985660b547c40ff90,1109,1080,29,16,2097,2097,,,True,1,16,16,0,C:10;N:1;O:4;S:1,True,1,29,16,0,C:10;H:13;N:1;O:4;S:1
22,A71EV2A-x0351a,x0351a_x0351b_x0351c,CCS(=O)(=O)NCc1ccc2c(c1)OCO2,,False,True,True,True,False,38.1826,94.4444,36.0613,structures/x0351a_x0351b_x0351c/A71EV2A-x0351a,structures/x0351a_x0351b_x0351c/A71EV2A-x0351a/A71EV2A-x0351a_complex_ref.pdb,True,95270,022647705765d441d09beeaca501d01621dcd1d24e937d2008b224d881d77687,structures/x0351a_x0351b_x0351c/A71EV2A-x0351a/A71EV2A-x0351a_prepared.pdb,True,170009,e79e8cc1a721915dfad4d451500911dfb55bff779e1aa6815325e7bbcd9ab4d1,structures/x0351a_x0351b_x0351c/A71EV2A-x0351a/A71EV2A-x0351a_ligand_ref.sdf,True,1470,a9616294cb1eb05f3501fff4771685a7dadde44c86cc9151017bc609d18942ef,structures/x0351a_x0351b_x0351c/A71EV2A-x0351a/A71EV2A-x0351a_ligand_prepared.sdf,True,2549,4a3665237e94af12e76e067fa0b960a50737324f0aae9bc52b8ad7bce455cb9d,1107,1080,27,16,2097,2097,,,True,1,16,16,0,C:10;N:1;O:4;S:1,True,1,29,16,0,C:10;H:13;N:1;O:4;S:1
23,A71EV2A-x0351b,x0351a_x0351b_x0351c,CCS(=O)(=O)NCc1ccc2c(c1)OCO2,,False,True,True,True,False,54.9144,33.3333,18.3048,structures/x0351a_x0351b_x0351c/A71EV2A-x0351b,structures/x0351a_x0351b_x0351c/A71EV2A-x0351b/A71EV2A-x0351b_complex_ref.pdb,True,95027,dc1eddc64d31d36b2ed4dbccab26ad2e3126d6dc62b535a0219f7ca963f18177,structures/x0351a_x0351b_x0351c/A71EV2A-x0351b/A71EV2A-x0351b_prepared.pdb,True,170009,4e3d3ec2908f8f655176a834ee2ea9986175f131bda0e64571f2860c05cdac38,structures/x0351a_x0351b_x0351c/A71EV2A-x0351b/A71EV2A-x0351b_ligand_ref.sdf,True,1470,0d8f2014420360986a1d33f756c07120546c28c52a93346dbc45034476366ec4,structures/x0351a_x0351b_x0351c/A71EV2A-x0351b/A71EV2A-x0351b_ligand_prepared.sdf,True,2549,ae7d84eeced9368e010f7c5bd2a8532ea77622c378e557b28a4706de850e0211,1104,1080,24,16,2097,2097,,,True,1,16,16,0,C:10;N:1;O:4;S:1,True,1,29,16,0,C:10;H:13;N:1;O:4;S:1
24,A71EV2A-x0354a,x0354a,C[C@]1(NC(=O)C2CC2)CCS(=O)(=O)C1,,False,True,True,True,False,63.3071,25,15.8268,structures/x0354a/A71EV2A-x0354a,structures/x0354a/A71EV2A-x0354a/A71EV2A-x0354a_complex_ref.pdb,True,98423,63fc19e7bf835d2f9612b44e671e05fa40c311750427a513d4a8b18c0da98089,structures/x0354a/A71EV2A-x0354a/A71EV2A-x0354a_prepared.pdb,True,171224,dff7361e3bd5fbfc5f3044c75caa4e6a8e47db10fd5f567f3567c0aeea9500f6,structures/x0354a/A71EV2A-x0354a/A71EV2A-x0354a_ligand_ref.sdf,True,1304,7d6ea65822d7699fc30c0a4d74a2818e65d7e223c58be3cd7be2c22551320f0d,structures/x0354a/A71EV2A-x0354a/A71EV2A-x0354a_ligand_prepared.sdf,True,2549,2ee976557dd1b7a85eda30681ce187b939d72c61ed70ecba4cab26ff7dc36565,1141,1097,44,14,2112,2112,,,True,1,14,14,0,C:9;N:1;O:3;S:1,True,1,29,14,0,C:9;H:15;N:1;O:3;S:1
25,A71EV2A-x0359a,x0359a,CN(C)Cc1ccc(C#N)cc1,,False,True,True,True,False,48.3711,71.4286,34.5508,structures/x0359a/A71EV2A-x0359a,structures/x0359a/A71EV2A-x0359a/A71EV2A-x0359a_complex_ref.pdb,True,101979,ea6a2de4f1ff2b623f0fdeda263615198b60cb2ac3ae3037ba37cf878a0b4f68,structures/x0359a/A71EV2A-x0359a/A71EV2A-x0359a_prepared.pdb,True,171224,3de3aa6f0fc189d2fe1774c42e12f4540b2cea6c5c5b7fd6072d6f5bdfc25495,structures/x0359a/A71EV2A-x0359a/A71EV2A-x0359a_ligand_ref.sdf,True,1125,e1b81e4159c61498d0e59c5e8223d00639423a77bcaebf35a8911abd15af0c54,structures/x0359a/A71EV2A-x0359a/A71EV2A-x0359a_ligand_prepared.sdf,True,2222,ebfe34036b73d3c8839418018a006afcb6e0c5cb0da4a55db4962c70f61a73e1,1143,1103,40,12,2112,2112,,,True,1,12,12,0,C:10;N:2,True,1,25,12,1,C:10;H:13;N:2
26,A71EV2A-x0365a,x0365a,Cn1ccc(NCc2ccccc2)n1,,False,True,True,True,False,50.0432,86.6667,43.3708,structures/x0365a/A71EV2A-x0365a,structures/x0365a/A71EV2A-x0365a/A71EV2A-x0365a_complex_ref.pdb,True,95189,9a7bbe6722e6e601a8e521eece40401c0a562e32b751b9b29ccc0f6a2caf2f9c,structures/x0365a/A71EV2A-x0365a/A71EV2A-x0365a_prepared.pdb,True,170009,82809f0febb5fb87213ab1a6cb78b1436a5678fa0976ecbf263ef5254b5218d6,structures/x0365a/A71EV2A-x0365a/A71EV2A-x0365a_ligand_ref.sdf,True,1304,703116ae06f82944716e4d46cd95556a0645643bbbb6eeec5c3399d6a37d9f39,structures/x0365a/A71EV2A-x0365a/A71EV2A-x0365a_ligand_prepared.sdf,True,2383,38be0d42a5d19378bb9b42e0f6c38289b2c0b801c15619b5f958a99eba16d776,1105,1080,25,14,2097,2097,,,True,1,14,14,0,C:11;N:3,True,1,27,14,0,C:11;H:13;N:3
27,A71EV2A-x0375c,x0375a_x0375b_x0375c,COc1ccccc1NC(N)=S,,False,True,True,True,True,51.1565,20,10.2313,structures/x0375a_x0375b_x0375c/A71EV2A-x0375c,structures/x0375a_x0375b_x0375c/A71EV2A-x0375c/A71EV2A-x0375c_complex_ref.pdb,True,97214,d322606b6d097cd63738be8aa3ad947b1767bb116f127fbbc666f490ac8e1f36,structures/x0375a_x0375b_x0375c/A71EV2A-x0375c/A71EV2A-x0375c_prepared.pdb,True,171224,01f763a58b6bc4a897f4be341a3ad45609b986310a9f9994022fac51288a3326,structures/x0375a_x0375b_x0375c/A71EV2A-x0375c/A71EV2A-x0375c_ligand_ref.sdf,True,1125,ddcf20eaf9f378b8d7c25570fc3a9036458d5e5339c6f5ed3fea17e8fc30f1b4,structures/x0375a_x0375b_x0375c/A71EV2A-x0375c/A71EV2A-x0375c_ligand_prepared.sdf,True,1955,169d1faa127a94e3434ea56ec68dcbecc37542f8e393ad58b73e29bbd1af9a58,1129,1097,32,12,2112,2112,,,True,1,12,12,0,C:8;N:2;O:1;S:1,True,1,22,12,0,C:8;H:10;N:2;O:1;S:1
28,A71EV2A-x0375a,x0375a_x0375b_x0375c,COc1ccccc1NC(N)=S,,False,True,True,True,False,44.5676,63.6364,28.3612,structures/x0375a_x0375b_x0375c/A71EV2A-x0375a,structures/x0375a_x0375b_x0375c/A71EV2A-x0375a/A71EV2A-x0375a_complex_ref.pdb,True,97052,04c718514d05c03d17238fc7b59a552fabcb401098f4f1b49e96fac11c2590d4,structures/x0375a_x0375b_x0375c/A71EV2A-x0375a/A71EV2A-x0375a_prepared.pdb,True,171224,2d1e8cc1df7dfc637d1ab789bde7af98d7fc23bd0f7d50ac08f615eee170b963,structures/x0375a_x0375b_x0375c/A71EV2A-x0375a/A71EV2A-x0375a_ligand_ref.sdf,True,1125,85b7346b46f1eddcb03158a8eb833a5cc713df6b00f67f533565446fa1b0319d,structures/x0375a_x0375b_x0375c/A71EV2A-x0375a/A71EV2A-x0375a_ligand_prepared.sdf,True,1955,5b40a77f6208b06e0d2b0820e9d3d44989c467ff32f95eeb8d4bf388e3bd252c,1127,1097,30,12,2112,2112,,,True,1,12,12,0,C:8;N:2;O:1;S:1,True,1,22,12,0,C:8;H:10;N:2;O:1;S:1
29,A71EV2A-x0375b,x0375a_x0375b_x0375c,COc1ccccc1NC(N)=S,,False,True,True,True,False,50.2799,94.7368,47.6336,structures/x0375a_x0375b_x0375c/A71EV2A-x0375b,structures/x0375a_x0375b_x0375c/A71EV2A-x0375b/A71EV2A-x0375b_complex_ref.pdb,True,97214,dd91bcb16b7d73ae1b6609dad95dfaf1f2bb50e560cdc2568732cc0ac39cb316,structures/x0375a_x0375b_x0375c/A71EV2A-x0375b/A71EV2A-x0375b_prepared.pdb,True,171224,006bf1cb409f77808517b8fc38667166dfd7a48bffa7f2f0ddabb927f829388b,structures/x0375a_x0375b_x0375c/A71EV2A-x0375b/A71EV2A-x0375b_ligand_ref.sdf,True,1125,129c6083cd6508c715e8e9b8635a2a431b63f3b27d0bc10563ef59987f76f1bf,structures/x0375a_x0375b_x0375c/A71EV2A-x0375b/A71EV2A-x0375b_ligand_prepared.sdf,True,1955,fd243e95c49fb0d07fcb8d65f0980f8876067690c87ff2e0f83d9243ed915fb2,1129,1097,32,12,2112,2112,,,True,1,12,12,0,C:8;N:2;O:1;S:1,True,1,22,12,0,C:8;H:10;N:2;O:1;S:1
30,A71EV2A-x0395a,x0395a_x0395b,CC(CO)(CO)NC(=O)Nc1ccccc1,,False,True,True,True,True,53.1905,33.3333,17.7302,structures/x0395a_x0395b/A71EV2A-x0395a,structures/x0395a_x0395b/A71EV2A-x0395a/A71EV2A-x0395a_complex_ref.pdb,True,99152,aae5191a9a17c0f1ec744994f3c4b1a92325901cfbd5cd66ae8cdd0d127a82c6,structures/x0395a_x0395b/A71EV2A-x0395a/A71EV2A-x0395a_prepared.pdb,True,171224,9594de1f7bc72a8f5ae9c6b792f76230de4f6b00384ab8c44ef00822cb3ca2bb,structures/x0395a_x0395b/A71EV2A-x0395a/A71EV2A-x0395a_ligand_ref.sdf,True,1457,5a04ba3ebfff84f362d6d4c6abeba2161d406945f5ccc5eba3ff57db9da10124,structures/x0395a_x0395b/A71EV2A-x0395a/A71EV2A-x0395a_ligand_prepared.sdf,True,2785,d8291479e0a5df6087c9ef293f10e9a40caff83f16aabdfc71d575505d8c2e1c,1153,1115,38,16,2112,2112,,,True,1,16,16,0,C:11;N:2;O:3,True,1,32,16,0,C:11;H:16;N:2;O:3
31,A71EV2A-x0395b,x0395a_x0395b,CC(CO)(CO)NC(=O)Nc1ccccc1,,False,True,True,True,True,56.9099,12.5,7.1137,structures/x0395a_x0395b/A71EV2A-x0395b,structures/x0395a_x0395b/A71EV2A-x0395b/A71EV2A-x0395b_complex_ref.pdb,True,98990,1f877ac1934c27eac437709fe24393637880475ee5af51b830d52affad831a85,structures/x0395a_x0395b/A71EV2A-x0395b/A71EV2A-x0395b_prepared.pdb,True,171224,7c56566a7a3aad1d89203bcf7df3138e8db05d56753523e0d13b77e5bd061c3d,structures/x0395a_x0395b/A71EV2A-x0395b/A71EV2A-x0395b_ligand_ref.sdf,True,1457,f52d9e3fa6ad1383a640c7f0e9e95d09bb38367f0d42a522fbdbc58a274486c9,structures/x0395a_x0395b/A71EV2A-x0395b/A71EV2A-x0395b_ligand_prepared.sdf,True,2785,2cd05802fb82338c653669c5a590bc83bdc23805ad3853f40f9c25847378adfa,1151,1115,36,16,2112,2112,,,True,1,16,16,0,C:11;N:2;O:3,True,1,32,16,0,C:11;H:16;N:2;O:3
32,A71EV2A-x0396a,x0396a,COCc1nnc(N)s1,,False,True,True,True,True,67.1363,33.3333,22.3788,structures/x0396a/A71EV2A-x0396a,structures/x0396a/A71EV2A-x0396a/A71EV2A-x0396a_complex_ref.pdb,True,98423,3bbf3270f0fe80638fadb7e132b431ac846086505dad1bd679dfc2136a824b6b,structures/x0396a/A71EV2A-x0396a/A71EV2A-x0396a_prepared.pdb,True,171224,e10abcc7b05768f65dfb014c11fddbf48a8744328b9fc4c6bd79ef7c6487052c,structures/x0396a/A71EV2A-x0396a/A71EV2A-x0396a_ligand_ref.sdf,True,876,5ba7afe5b18074ec6c314d333418efc66f7a9163c78c26db68d6ab0bdbdadd49,structures/x0396a/A71EV2A-x0396a/A71EV2A-x0396a_ligand_prepared.sdf,True,1457,bf65fde0426de155075fce3ea3f632afc1c181dbe1cf4a9ceb527000a28e1a81,1142,1103,39,9,2112,2112,,,True,1,9,9,0,C:4;N:3;O:1;S:1,True,1,16,9,0,C:4;H:7;N:3;O:1;S:1
33,A71EV2A-x0412a,x0412a,CCn1c(NC(C)=O)nc2ccccc21,,False,True,True,True,True,48.573,20,9.7146,structures/x0412a/A71EV2A-x0412a,structures/x0412a/A71EV2A-x0412a/A71EV2A-x0412a_complex_ref.pdb,True,99233,e11b3419f5ad1e01be320c5fb2311facfcd75c38cd42665c8c7608f56bc9be99,structures/x0412a/A71EV2A-x0412a/A71EV2A-x0412a_prepared.pdb,True,171224,c815f23a54e03f7153097c8a05f50283bf5ec8f5cf3bcaa77f31a33fcf29b09a,structures/x0412a/A71EV2A-x0412a/A71EV2A-x0412a_ligand_ref.sdf,True,1387,351b4d316c280267be2e754e23d72e02f907418300cd426ea4af6a8bc0565796,structures/x0412a/A71EV2A-x0412a/A71EV2A-x0412a_ligand_prepared.sdf,True,2466,5159136aaaf8458c91b7648d275bf49b32a145b7ca73c47e077d4baf6127d805,1152,1097,55,15,2112,2112,,,True,1,15,15,0,C:11;N:3;O:1,True,1,28,15,0,C:11;H:13;N:3;O:1
34,A71EV2A-x0416a,x0416a,Cc1ccc(NC(=O)[C@@H]2CCCO2)nc1,,False,True,True,True,False,52.2904,94.7368,49.5383,structures/x0416a/A71EV2A-x0416a,structures/x0416a/A71EV2A-x0416a/A71EV2A-x0416a_complex_ref.pdb,True,97856,04a5b91f13f8e6ef897c8a51dad2a9b3afadb8db1b53edf008c0f7c3397cca29,structures/x0416a/A71EV2A-x0416a/A71EV2A-x0416a_prepared.pdb,True,171224,6287814c5c43844ee1d85c326d8f6df53ac81c957e3dcd9bf74ff096ebc30aa6,structures/x0416a/A71EV2A-x0416a/A71EV2A-x0416a_ligand_ref.sdf,True,1387,59dfddc35d868195ea73816d5da863d837d9a502fc863be3be0640bc487f08b0,structures/x0416a/A71EV2A-x0416a/A71EV2A-x0416a_ligand_prepared.sdf,True,2549,9f36d9768238dc2cb0ffe388c04503b546a9e4293054c5aa088e4903f3513e44,1136,1097,39,15,2112,2112,,,True,1,15,15,0,C:11;N:2;O:2,True,1,29,15,0,C:11;H:14;N:2;O:2
35,A71EV2A-x0428a,x0428a_x2448a_x2448b,CN(C)S(=O)(=O)c1cccnc1,,False,True,True,True,False,55.5967,12.5,6.9496,structures/x0428a_x2448a_x2448b/A71EV2A-x0428a,structures/x0428a_x2448a_x2448b/A71EV2A-x0428a/A71EV2A-x0428a_complex_ref.pdb,True,98504,a07169037dab63ddac41200b8f1b70c88b4939615b97ed8e3ed2d9180d5b15ff,structures/x0428a_x2448a_x2448b/A71EV2A-x0428a/A71EV2A-x0428a_prepared.pdb,True,171224,24a551cabdc15b2a729064b1a0b851ebecc30a07faad3db9a90b79c55379a614,structures/x0428a_x2448a_x2448b/A71EV2A-x0428a/A71EV2A-x0428a_ligand_ref.sdf,True,1125,2257ef66309bda4926897bf13d696f0636df9d9ccc132034d41a5e1a4d116a45,structures/x0428a_x2448a_x2448b/A71EV2A-x0428a/A71EV2A-x0428a_ligand_prepared.sdf,True,1955,7def216850a06855cd5e8a0b2fc538c441b6675153bdaf866f86a1b1ec72ccb6,1142,1097,45,12,2112,2112,,,True,1,12,12,0,C:7;N:2;O:2;S:1,True,1,22,12,0,C:7;H:10;N:2;O:2;S:1
36,A71EV2A-x0432a,x0432a_x0900a,Nc1ccc(-c2ncno2)cc1,,False,True,True,True,True,62.6987,11.1111,6.9665,structures/x0432a_x0900a/A71EV2A-x0432a,structures/x0432a_x0900a/A71EV2A-x0432a/A71EV2A-x0432a_complex_ref.pdb,True,98753,bd03469944a87b01e8d7d1691ded9000a5473180eaf6d248e32f67e50da68130,structures/x0432a_x0900a/A71EV2A-x0432a/A71EV2A-x0432a_prepared.pdb,True,171224,fb4594e4f6b67ed28d938057c030e8f723df8d915f63985c27629127cbc70852,structures/x0432a_x0900a/A71EV2A-x0432a/A71EV2A-x0432a_ligand_ref.sdf,True,1138,700ba3294ccf4e762831ff9d40da98547db7b1260ac8327d1d54212c08ddee31,structures/x0432a_x0900a/A71EV2A-x0432a/A71EV2A-x0432a_ligand_prepared.sdf,True,1719,080aa949d48aa8f49d5abce2729f2987711c6f5e0932f0cc17537f7ae2ed65c5,1145,1101,44,12,2112,2112,,,True,1,12,12,0,C:8;N:3;O:1,True,1,19,12,0,C:8;H:7;N:3;O:1
37,A71EV2A-x0437a,x0437a,CCNc1ccc(C)nn1,,False,True,True,True,False,52.825,87.5,46.2219,structures/x0437a/A71EV2A-x0437a,structures/x0437a/A71EV2A-x0437a/A71EV2A-x0437a_complex_ref.pdb,True,185099,7299044faa974f2468c49717a759a9da4e4ac1b2ad4428dcacc7ae19b4643756,structures/x0437a/A71EV2A-x0437a/A71EV2A-x0437a_prepared.pdb,True,170009,0b87a1798d3482180fb25c17cbf462def0e5fa60a66005bb06df49961fcf41a3,structures/x0437a/A71EV2A-x0437a/A71EV2A-x0437a_ligand_ref.sdf,True,959,c1355275b2ed195f97c14ced6d514d594e11ba0e6e6c19b0b826f6058cf93c9d,structures/x0437a/A71EV2A-x0437a/A71EV2A-x0437a_ligand_prepared.sdf,True,1872,b0131a66c4c7535e4eb40c1c71c7769a7ad24f903e64ecdebc845f7a364f852b,2212,2175,37,10,2097,2097,,,True,1,10,10,0,C:7;N:3,True,1,21,10,0,C:7;H:11;N:3
38,A71EV2A-x0443a,x0443a,Cc1cn2ccccc2n1,,False,True,True,True,False,44.0785,87.5,38.5687,structures/x0443a/A71EV2A-x0443a,structures/x0443a/A71EV2A-x0443a/A71EV2A-x0443a_complex_ref.pdb,True,186071,2b9c958f4abb954f8254def706f550efe4a332cecd5abfda518bc972ecba7b11,structures/x0443a/A71EV2A-x0443a/A71EV2A-x0443a_prepared.pdb,True,171224,e546df2f11bf3143d97c70448e8bb153eaf41a88664fbb4203b442bc8866fd23,structures/x0443a/A71EV2A-x0443a/A71EV2A-x0443a_ligand_ref.sdf,True,972,c112cab37807b01c47c76e9433395d6c8a07896947bf321c7be416393b60252f,structures/x0443a/A71EV2A-x0443a/A71EV2A-x0443a_ligand_prepared.sdf,True,1636,0673afe63b2b068cc86bc57e94564dd8e1ba1a1db6b7f59402adf39db7c547d1,2225,2190,35,10,2112,2112,,,True,1,10,10,0,C:8;N:2,True,1,18,10,0,C:8;H:8;N:2
39,A71EV2A-x0446a,x0446a,CNC(=O)c1cnc(C)s1,,False,True,True,True,False,58.8307,68.4211,40.2526,structures/x0446a/A71EV2A-x0446a,structures/x0446a/A71EV2A-x0446a/A71EV2A-x0446a_complex_ref.pdb,True,96566,8c1df4eb3040a5c8835b07001374dca987afe29adf980f243af161636f81deb7,structures/x0446a/A71EV2A-x0446a/A71EV2A-x0446a_prepared.pdb,True,171224,ed829ca7175e78ad654614f808b6132d8040d6b72ce5302ba0280d13ac291adf,structures/x0446a/A71EV2A-x0446a/A71EV2A-x0446a_ligand_ref.sdf,True,959,e71fa9e9e125c4152cd0c3cae95f4291c657f2e3b1a6877e14d4e4ffb10fb3c0,structures/x0446a/A71EV2A-x0446a/A71EV2A-x0446a_ligand_prepared.sdf,True,1623,8f10b7596bdad59e35162611c953f09a5f98462e4d0b4c396a529e5a1d96a923,1122,1097,25,10,2112,2112,,,True,1,10,10,0,C:6;N:2;O:1;S:1,True,1,18,10,0,C:6;H:8;N:2;O:1;S:1
40,A71EV2A-x0450a,x0450a,CN(C)C(=O)c1ccc(F)cc1Br,,False,True,True,True,False,39.8928,93.75,37.3995,structures/x0450a/A71EV2A-x0450a,structures/x0450a/A71EV2A-x0450a/A71EV2A-x0450a_complex_ref.pdb,True,95513,3d2cec17fad38dc3d09337bdbaed29d5368a4890d4583a70997329f666cba59a,structures/x0450a/A71EV2A-x0450a/A71EV2A-x0450a_prepared.pdb,True,170009,951d917acb1de71b2910a2f8ff47fba0d86f94427aa1dd378160fc24ef0e718d,structures/x0450a/A71EV2A-x0450a/A71EV2A-x0450a_ligand_ref.sdf,True,1208,045da283c79db96a33f5ace9504a6d236d30f7177606b4b98bc4ed8f9cedaba5,structures/x0450a/A71EV2A-x0450a/A71EV2A-x0450a_ligand_prepared.sdf,True,1955,9f4cddf6eff10b4a6e636b4825b797a46af77a27ba2a075dbbfcd4e8887ddb4e,1108,1080,28,13,2097,2097,,,True,1,13,13,0,Br:1;C:9;F:1;N:1;O:1,True,1,22,13,0,Br:1;C:9;F:1;H:9;N:1;O:1
41,A71EV2A-x0451a,x0451a_x3066a,CNC(=O)c1cn(C)c2ccccc12,,False,True,True,True,False,50.2885,90,45.2596,structures/x0451a_x3066a/A71EV2A-x0451a,structures/x0451a_x3066a/A71EV2A-x0451a/A71EV2A-x0451a_complex_ref.pdb,True,100764,771d66a419e539c2878877fd6d2b58755f3b1455cb89196cd8d4d5104b1b9d2e,structures/x0451a_x3066a/A71EV2A-x0451a/A71EV2A-x0451a_prepared.pdb,True,171224,dd311e9d3c70c1015e8c95feab4932b06ec145bda3719f408d378b97fead1cc3,structures/x0451a_x3066a/A71EV2A-x0451a/A71EV2A-x0451a_ligand_ref.sdf,True,1304,52cc534aa903689cbbb38cfab9d3486346e5fd6566ee9d748b28c9151edc461f,structures/x0451a_x3066a/A71EV2A-x0451a/A71EV2A-x0451a_ligand_prepared.sdf,True,2300,60a917a94eb0900903b0ce457bda500fb998db3a4f665fd45ce342ba40ba65d3,1129,1089,40,14,2112,2112,,,True,1,14,14,0,C:11;N:2;O:1,True,1,26,14,0,C:11;H:12;N:2;O:1
42,A71EV2A-x0469a,x0469a,CC(C)N1CCN(c2ncccn2)CC1,,False,True,True,True,False,44.5684,83.3333,37.1403,structures/x0469a/A71EV2A-x0469a,structures/x0469a/A71EV2A-x0469a/A71EV2A-x0469a_complex_ref.pdb,True,99638,a912c261feb38e75b51ab3daf6cb431f2979f9eec351ce14025010f12c460998,structures/x0469a/A71EV2A-x0469a/A71EV2A-x0469a_prepared.pdb,True,171224,0c48f3765e310293c94e1bd5b50c570c01d54dafdbc49d92fb8cba26492afb38,structures/x0469a/A71EV2A-x0469a/A71EV2A-x0469a_ligand_ref.sdf,True,1387,fc03cef2af09391645c744ecde234a88d25c22f66903580320b4b911ef84992b,structures/x0469a/A71EV2A-x0469a/A71EV2A-x0469a_ligand_prepared.sdf,True,2982,13e7c7a51b6552bebc8c72b76c64c28965829016a9519e4d996193894096c94c,1156,1103,53,15,2112,2112,,,True,1,15,15,0,C:11;N:4,True,1,34,15,1,C:11;H:19;N:4
43,A71EV2A-x0473a,x0473a,O=S(=O)(NC1CCCC1)C1CCOCC1,,False,True,True,True,False,49.9945,61.5385,30.7658,structures/x0473a/A71EV2A-x0473a,structures/x0473a/A71EV2A-x0473a/A71EV2A-x0473a_complex_ref.pdb,True,99071,82099f2c774f26c0daebb7966ea0a2933bb2ff6f3460f3f128477a3e7e16927b,structures/x0473a/A71EV2A-x0473a/A71EV2A-x0473a_prepared.pdb,True,171224,7bedeb24506d9d4b8801204ca1a7e06fcd63ff94a21eb2f7310362e10ba2c6e0,structures/x0473a/A71EV2A-x0473a/A71EV2A-x0473a_ligand_ref.sdf,True,1387,18c7d48f2374e465d284aa6a242cc85e3dbe82b445ec9d36e66a31da548c4501,structures/x0473a/A71EV2A-x0473a/A71EV2A-x0473a_ligand_prepared.sdf,True,2964,4195a3ea6d563a574a1a27e65a21b6c38758869ec77dffbfb66635845e121602,1149,1103,46,15,2112,2112,,,True,1,15,15,0,C:10;N:1;O:3;S:1,True,1,34,15,0,C:10;H:19;N:1;O:3;S:1
44,A71EV2A-x0486a,x0486a,CN(C)C(=O)Cn1ncc2ccccc21,,False,True,True,True,False,78.7727,28.5714,22.5065,structures/x0486a/A71EV2A-x0486a,structures/x0486a/A71EV2A-x0486a/A71EV2A-x0486a_complex_ref.pdb,True,99476,56bf32e71aa5ea71a8a15a7aba30674c68aac589b36b76cfe468cda48cb0571a,structures/x0486a/A71EV2A-x0486a/A71EV2A-x0486a_prepared.pdb,True,171224,b8029d09fe56582234918f79965b3dca8040146674cac3d72c0a96d40a7d4e66,structures/x0486a/A71EV2A-x0486a/A71EV2A-x0486a_ligand_ref.sdf,True,1387,74751ec758c7d95f0519ec62bbf50daab1871193f4b8ce3ab80de4c34369b872,structures/x0486a/A71EV2A-x0486a/A71EV2A-x0486a_ligand_prepared.sdf,True,2466,d665f076bffdc7286bb3331d13f5382abb8625a2478f11ea1ce424fc75da40ae,1154,1103,51,15,2112,2112,,,True,1,15,15,0,C:11;N:3;O:1,True,1,28,15,0,C:11;H:13;N:3;O:1
45,A71EV2A-x0487a,x0487a,CC(=O)Nc1ccncc1C,,False,True,True,True,False,57.1501,95,54.2926,structures/x0487a/A71EV2A-x0487a,structures/x0487a/A71EV2A-x0487a/A71EV2A-x0487a_complex_ref.pdb,True,184775,429c9dba89e40861d968b13e6c8748886a82c749d4529b2d6f99947a482bb0e1,structures/x0487a/A71EV2A-x0487a/A71EV2A-x0487a_prepared.pdb,True,170009,465e6a36f76bf86cc3fd30ce5b7fdc8cc635bedf7f2c49e2f3b3c15e5466fd25,structures/x0487a/A71EV2A-x0487a/A71EV2A-x0487a_ligand_ref.sdf,True,1042,bdd95fefda71d23bbfbea0a1afb51b6fba99c635cba13893836f0d524a69c0ec,structures/x0487a/A71EV2A-x0487a/A71EV2A-x0487a_ligand_prepared.sdf,True,1872,fbc30a98314bb4bb5d208bcf6d034f18ac7a77c6b74b462b20f37a01547acc36,2209,2175,34,11,2097,2097,,,True,1,11,11,0,C:8;N:2;O:1,True,1,21,11,0,C:8;H:10;N:2;O:1
46,A71EV2A-x0488a,x0488a,O=c1ccncn1CCO,,False,True,True,True,True,54.1831,33.3333,18.061,structures/x0488a/A71EV2A-x0488a,structures/x0488a/A71EV2A-x0488a/A71EV2A-x0488a_complex_ref.pdb,True,99887,4282b550cc7e7a15ed7f0aa779769fb1c441d9c459c8982a93cb81e66b8bc649,structures/x0488a/A71EV2A-x0488a/A71EV2A-x0488a_prepared.pdb,True,171224,2756700024e15b64da475e1b1842f2c376bb935aa7e02cdd76c5dd21ad3f884b,structures/x0488a/A71EV2A-x0488a/A71EV2A-x0488a_ligand_ref.sdf,True,959,ae42469f5d00e1bb0dc08268774209c8b4fce8ee1f4c47f04453e53da4e8d0d6,structures/x0488a/A71EV2A-x0488a/A71EV2A-x0488a_ligand_prepared.sdf,True,1623,135217461f06001c38579308a5373ac8f6f00541dbab6064ba7a2bf1a6cf5432,1158,1114,44,10,2112,2112,,,True,1,10,10,0,C:6;N:2;O:2,True,1,18,10,0,C:6;H:8;N:2;O:2
47,A71EV2A-x0497a,x0497a,N#Cc1n[nH]c2ccccc12,,False,True,True,True,True,59.3678,25,14.8419,structures/x0497a/A71EV2A-x0497a,structures/x0497a/A71EV2A-x0497a/A71EV2A-x0497a_complex_ref.pdb,True,97862,42743d512cb93457071a58900f61a81f6ec76634ee682085fa2e8e35543c7ebe,structures/x0497a/A71EV2A-x0497a/A71EV2A-x0497a_prepared.pdb,True,171224,40b585e1f5a004aa1327ef2782d1e97d7ce4ee6777e14ed4302ed3c8f96e2a0c,structures/x0497a/A71EV2A-x0497a/A71EV2A-x0497a_ligand_ref.sdf,True,1055,6c9ecee5e4e4e8a8a5038a5a1b837c9ceeb602750d1041ca3b5e4957b5de8f81,structures/x0497a/A71EV2A-x0497a/A71EV2A-x0497a_ligand_prepared.sdf,True,1470,5b4e40a1d9b04b598ed9e437d83d47697146c3579e9ba2f15f236924760c3b88,1136,1099,37,11,2112,2112,,,True,1,11,11,0,C:8;N:3,True,1,16,11,0,C:8;H:5;N:3
48,A71EV2A-x0501a,x0501a_x0501b,COc1ccccc1-c1nnco1,,False,True,True,True,False,48.1745,95,45.7657,structures/x0501a_x0501b/A71EV2A-x0501a,structures/x0501a_x0501b/A71EV2A-x0501a/A71EV2A-x0501a_complex_ref.pdb,True,188339,2abf72ffca43b84a81936cce1d8acf0d211200f77c05fd7af37dd454a2488417,structures/x0501a_x0501b/A71EV2A-x0501a/A71EV2A-x0501a_prepared.pdb,True,171224,b30e6dffad47e53c8feee948fd03a6ec6216f778c75e9640613fcf60d7e222a0,structures/x0501a_x0501b/A71EV2A-x0501a/A71EV2A-x0501a_ligand_ref.sdf,True,1221,56f5c93ca6e99188cdc31b6e9f0bd4f3cf0bb557b058d56e072acfc995e3d09e,structures/x0501a_x0501b/A71EV2A-x0501a/A71EV2A-x0501a_ligand_prepared.sdf,True,1885,4cc5b5e4e5188d2adfde4bb1ad15e6a99b5d0dc5c977c9418c249005f6a17299,2251,2196,55,26,2112,2112,,,True,1,13,13,0,C:9;N:2;O:2,True,1,21,13,0,C:9;H:8;N:2;O:2
49,A71EV2A-x0501b,x0501a_x0501b,COc1ccccc1-c1nnco1,,False,True,True,True,False,47.7873,95.2381,45.5117,structures/x0501a_x0501b/A71EV2A-x0501b,structures/x0501a_x0501b/A71EV2A-x0501b/A71EV2A-x0501b_complex_ref.pdb,True,186719,a6513b9aca9467378ce7f3a0731517c9d2731a469951216721b71f5fa010a091,structures/x0501a_x0501b/A71EV2A-x0501b/A71EV2A-x0501b_prepared.pdb,True,171224,d31ed8e5421d9f4e06aefc0196cf63f552f73eac402c9b1e7fe55c81125542c5,structures/x0501a_x0501b/A71EV2A-x0501b/A71EV2A-x0501b_ligand_ref.sdf,True,1221,d80b44cd76f8ee213fe1940f07d3636b6a07b51fbd11f2889aa6cd05b95c678e,structures/x0501a_x0501b/A71EV2A-x0501b/A71EV2A-x0501b_ligand_prepared.sdf,True,1885,62a31a88f55c7f136644ccc224939a7ca400bff7eebb7633dc8cd41b5660f5db,2232,2196,36,13,2112,2112,,,True,1,13,13,0,C:9;N:2;O:2,True,1,21,13,0,C:9;H:8;N:2;O:2
50,A71EV2A-x0514b,x0514a_x0514b,COc1ccc2sc(N)nc2c1,,False,True,True,True,True,53.4079,28.5714,15.2594,structures/x0514a_x0514b/A71EV2A-x0514b,structures/x0514a_x0514b/A71EV2A-x0514b/A71EV2A-x0514b_complex_ref.pdb,True,185099,87c1d98a2d66964093d35aead154fe0eac82819bfefa7f4617fd55b21f148ace,structures/x0514a_x0514b/A71EV2A-x0514b/A71EV2A-x0514b_prepared.pdb,True,170009,09f6ee20494919eed437ec04722eb2db24d6284e1357036503aa74b9ab845eb1,structures/x0514a_x0514b/A71EV2A-x0514b/A71EV2A-x0514b_ligand_ref.sdf,True,1138,a8256e21c291388834d53612432b57d0fc6e3d73836c57ecbfb2d00b4e334edb,structures/x0514a_x0514b/A71EV2A-x0514b/A71EV2A-x0514b_ligand_prepared.sdf,True,1802,8c65ee4c4a612eb1509e087b7ab34df3bf3bd4391fdbd42c27d5674ca81ff77c,2214,2188,26,12,2097,2097,,,True,1,12,12,0,C:8;N:2;O:1;S:1,True,1,20,12,0,C:8;H:8;N:2;O:1;S:1
51,A71EV2A-x0514a,x0514a_x0514b,COc1ccc2sc(N)nc2c1,,False,True,True,True,False,47.2439,88.2353,41.6858,structures/x0514a_x0514b/A71EV2A-x0514a,structures/x0514a_x0514b/A71EV2A-x0514a/A71EV2A-x0514a_complex_ref.pdb,True,186476,9e602f08a20872e9bbe17a87d5d044ef2f513254b257f97a460b39a5b5d7662c,structures/x0514a_x0514b/A71EV2A-x0514a/A71EV2A-x0514a_prepared.pdb,True,170009,e8775cc6d9dadfcb16ca872eb27126f5d88f3b2ff1f4fe1512752c7b664d3ef1,structures/x0514a_x0514b/A71EV2A-x0514a/A71EV2A-x0514a_ligand_ref.sdf,True,1138,6cf396e6f494ac65dff06eebc5eee2ce6b39d924ab7e8562c4d3df3bff6cd1f2,structures/x0514a_x0514b/A71EV2A-x0514a/A71EV2A-x0514a_ligand_prepared.sdf,True,1802,0f8f40a165f7840ac697345de26e922250fafccb94d8169134b37c61ec03fc46,2230,2188,42,24,2097,2097,,,True,1,12,12,0,C:8;N:2;O:1;S:1,True,1,20,12,0,C:8;H:8;N:2;O:1;S:1
52,A71EV2A-x0515c,x0515a_x0515b_x0515c,COC(=O)c1ccncc1N,,False,True,True,False,True,63.6727,20,12.7345,structures/x0515a_x0515b_x0515c/A71EV2A-x0515c,structures/x0515a_x0515b_x0515c/A71EV2A-x0515c/A71EV2A-x0515c_complex_ref.pdb,True,96404,bc1933433c5576a1fb10d2cbc2a3a7b0c7320357436935597afacf08eb2f0025,structures/x0515a_x0515b_x0515c/A71EV2A-x0515c/A71EV2A-x0515c_prepared.pdb,True,170009,d2ad81097ab7ea34f89d7b5573342967bdb1e0a3daa57964b7e2a7bb22337fde,structures/x0515a_x0515b_x0515c/A71EV2A-x0515c/A71EV2A-x0515c_ligand_ref.sdf,True,1042,99f82134c2c9377fc0d3d49b728718d4b30e737670c3e99d82e3d3d8f338a111,structures/x0515a_x0515b_x0515c/A71EV2A-x0515c/A71EV2A-x0515c_ligand_prepared.sdf,True,1706,5b00bb8af77d38f208ded3591d503fd836328d37eb0b8b02ef63425e033a76ba,1120,1088,32,11,2097,2097,,,True,1,11,11,0,C:7;N:2;O:2,True,1,19,11,0,C:7;H:8;N:2;O:2
53,A71EV2A-x0515a,x0515a_x0515b_x0515c,COC(=O)c1ccncc1N,,False,True,True,True,False,55.3412,72.2222,39.9687,structures/x0515a_x0515b_x0515c/A71EV2A-x0515a,structures/x0515a_x0515b_x0515c/A71EV2A-x0515a/A71EV2A-x0515a_complex_ref.pdb,True,96242,6c999856bc16b7da23130f5bd69b6bf84fcd9b71fa260c49ae909f33837fc556,structures/x0515a_x0515b_x0515c/A71EV2A-x0515a/A71EV2A-x0515a_prepared.pdb,True,170009,be651da960166db1ef0576ea31a249268e4a357767d84e869468e9ce15487e21,structures/x0515a_x0515b_x0515c/A71EV2A-x0515a/A71EV2A-x0515a_ligand_ref.sdf,True,1042,2e4bea3e8a2685896ba3cf9434d151afeb0f8d4ded7a26c1918dabbe2174dc8a,structures/x0515a_x0515b_x0515c/A71EV2A-x0515a/A71EV2A-x0515a_ligand_prepared.sdf,True,1706,75eeadc1c932b0922dcecc7023a9818dd19f31d95b11d7c62d0e2489cad4ad96,1118,1088,30,11,2097,2097,,,True,1,11,11,0,C:7;N:2;O:2,True,1,19,11,0,C:7;H:8;N:2;O:2
54,A71EV2A-x0515b,x0515a_x0515b_x0515c,COC(=O)c1ccncc1N,,False,True,True,True,False,43.3165,94.1176,40.7685,structures/x0515a_x0515b_x0515c/A71EV2A-x0515b,structures/x0515a_x0515b_x0515c/A71EV2A-x0515b/A71EV2A-x0515b_complex_ref.pdb,True,96242,b4738b63adfb28d55af9f14bfd0b4072f36db7e39966b6259f286c24b8070308,structures/x0515a_x0515b_x0515c/A71EV2A-x0515b/A71EV2A-x0515b_prepared.pdb,True,170009,c296787429ab213a70eadcb7891a32987e7a3e2a7071c914db75320537cc62c4,structures/x0515a_x0515b_x0515c/A71EV2A-x0515b/A71EV2A-x0515b_ligand_ref.sdf,True,1042,217768a81f88638bc5927733a8b1bf0d265d8c3fdaeec9af810551a83e6bc9b4,structures/x0515a_x0515b_x0515c/A71EV2A-x0515b/A71EV2A-x0515b_ligand_prepared.sdf,True,1706,ac26b3a5fb5bfc89930a17c9d276c707e8e394afd9128af0473d2ab531ca123c,1118,1088,30,11,2097,2097,,,True,1,11,11,0,C:7;N:2;O:2,True,1,19,11,0,C:7;H:8;N:2;O:2
55,A71EV2A-x0517a,x0517a,CCn1cc(C(=O)NCc2ccc(F)cc2)cn1,,False,True,True,True,False,45.5115,10,4.5512,structures/x0517a/A71EV2A-x0517a,structures/x0517a/A71EV2A-x0517a/A71EV2A-x0517a_complex_ref.pdb,True,103194,fa9101c17cf9c3f18ab4ed2c206248bdc232fb46be843c2d1ef29509eb06b94f,structures/x0517a/A71EV2A-x0517a/A71EV2A-x0517a_prepared.pdb,True,171224,81d1ea5430caf0b112f883fdebfd9a7b4d50a099317499216a0a1787736bd8c5,structures/x0517a/A71EV2A-x0517a/A71EV2A-x0517a_ligand_ref.sdf,True,1636,633d3ef620e89977d917c600d88792c7a3adcdbc19cc68e224af130da6e89719,structures/x0517a/A71EV2A-x0517a/A71EV2A-x0517a_ligand_prepared.sdf,True,2798,337d169a767b466e47787ed4d6b5d055351f2af2d6f42a9fc37af1cdf3de7085,1157,1103,54,18,2112,2112,,,True,1,18,18,0,C:13;F:1;N:3;O:1,True,1,32,18,0,C:13;F:1;H:14;N:3;O:1
56,A71EV2A-x0525a,x0525a,O=c1ccc(OC(F)F)c[nH]1,,False,True,True,True,False,48.8741,71.4286,34.9101,structures/x0525a/A71EV2A-x0525a,structures/x0525a/A71EV2A-x0525a/A71EV2A-x0525a_complex_ref.pdb,True,98267,03ac06cdddad74dafd7ee5cbc1f695572affe74671e0a7b45745b2a496ebe063,structures/x0525a/A71EV2A-x0525a/A71EV2A-x0525a_prepared.pdb,True,171224,26c4a703d7af04b60d4f2447add8a17aa6c86da9d7c7eaa850b704f496faec18,structures/x0525a/A71EV2A-x0525a/A71EV2A-x0525a_ligand_ref.sdf,True,1042,f2afd7d46837bc5a71d6c42badb396bd6b5627f003ea66d3e8b2b4abffe73fa4,structures/x0525a/A71EV2A-x0525a/A71EV2A-x0525a_ligand_prepared.sdf,True,1457,e265580434c7114c369a3ea0184af92aa6958cd09876b5c384de03bc81a411f6,1140,1097,43,11,2112,2112,,,True,1,11,11,0,C:6;F:2;N:1;O:2,True,1,16,11,0,C:6;F:2;H:5;N:1;O:2
57,A71EV2A-x0526a,x0526a,Cc1nccn1-c1cccnc1,,False,True,True,True,False,53.3753,64.2857,34.3127,structures/x0526a/A71EV2A-x0526a,structures/x0526a/A71EV2A-x0526a/A71EV2A-x0526a_complex_ref.pdb,True,98261,6aa2a9203aafa9fcc962bccf416bc06a2af4c567e1bbb041d725a99058bd323d,structures/x0526a/A71EV2A-x0526a/A71EV2A-x0526a_prepared.pdb,True,171224,710c87a39ab0c51f2e4c8494897c3436cc8f7812b1be798e20fbdb49d3c4559a,structures/x0526a/A71EV2A-x0526a/A71EV2A-x0526a_ligand_ref.sdf,True,1138,f94548de6050444521082ad6b7df29cad98b17b6d06beca226ea0dbd71da1df9,structures/x0526a/A71EV2A-x0526a/A71EV2A-x0526a_ligand_prepared.sdf,True,1885,252c6acef47d20f1be0980b71c53af8fd4d89ac99312426056a4e62d3dc3f9ff,1139,1097,42,12,2112,2112,,,True,1,12,12,0,C:9;N:3,True,1,21,12,0,C:9;H:9;N:3
58,A71EV2A-x0528a,x0528a_x0528b,CN1CC[C@@H](Oc2cccc(F)c2)C1=O,,False,True,True,True,False,49.778,86.3636,42.9901,structures/x0528a_x0528b/A71EV2A-x0528a,structures/x0528a_x0528b/A71EV2A-x0528a/A71EV2A-x0528a_complex_ref.pdb,True,96161,93ebb5d5aaf7820b199f286667a0e5023bf0ce00fe45708126fd8cf8609dcffe,structures/x0528a_x0528b/A71EV2A-x0528a/A71EV2A-x0528a_prepared.pdb,True,171224,77d94227303cbbba7b3f09528084b9a37ff9ed55bbdbae31a5ddc2376c2dc615,structures/x0528a_x0528b/A71EV2A-x0528a/A71EV2A-x0528a_ligand_ref.sdf,True,1387,f359b386a28e880e726d4fd013d36c8022fb85ccb83080756ffc9c710a3d2b90,structures/x0528a_x0528b/A71EV2A-x0528a/A71EV2A-x0528a_ligand_prepared.sdf,True,2383,b10726c4cfc934b661de5f4af04df49dac972eb9847403aa5d5d4e35a72223cd,1117,1089,28,15,2112,2112,,,True,1,15,15,0,C:11;F:1;N:1;O:2,True,1,27,15,0,C:11;F:1;H:12;N:1;O:2
59,A71EV2A-x0528b,x0528a_x0528b,CN1CC[C@@H](Oc2cccc(F)c2)C1=O,,False,True,True,True,True,52.9504,28.5714,15.1287,structures/x0528a_x0528b/A71EV2A-x0528b,structures/x0528a_x0528b/A71EV2A-x0528b/A71EV2A-x0528b_complex_ref.pdb,True,96080,8378ff0b318860133e75151d5291f2b9228c0c68fbf528513d06fd5b10b14be3,structures/x0528a_x0528b/A71EV2A-x0528b/A71EV2A-x0528b_prepared.pdb,True,171224,ddc9120f66d99632bb9baf682cc17054836899f9aed1d22966ab59c8519966c3,structures/x0528a_x0528b/A71EV2A-x0528b/A71EV2A-x0528b_ligand_ref.sdf,True,1387,cfd95b76dc2725c9697ee18c6a8cc8d10f1500856e736f1d795c6efb211f101f,structures/x0528a_x0528b/A71EV2A-x0528b/A71EV2A-x0528b_ligand_prepared.sdf,True,2383,6c18fff39e7aac5bce67876e46de25507e814c288a2f859853142cce3be07741,1116,1089,27,15,2112,2112,,,True,1,15,15,0,C:11;F:1;N:1;O:2,True,1,27,15,0,C:11;F:1;H:12;N:1;O:2
60,A71EV2A-x0540a,x0540a,N#Cc1ccc(CNCc2ccc(F)cc2)cc1,,False,True,True,True,False,52.5527,83.3333,43.7939,structures/x0540a/A71EV2A-x0540a,structures/x0540a/A71EV2A-x0540a/A71EV2A-x0540a_complex_ref.pdb,True,99395,d8bf492c651312451e7fc18c234df3c71ffccb11444360af3a535d3b6cbef3c3,structures/x0540a/A71EV2A-x0540a/A71EV2A-x0540a_prepared.pdb,True,171224,68a8d548850d3c06a71514342178cb9dc5a2dbf432cf7f20983d4a1ff118de15,structures/x0540a/A71EV2A-x0540a/A71EV2A-x0540a_ligand_ref.sdf,True,1636,a16e8bd918e9004f60194cb8b00485e228760e6f4365a7de479d92a0c0037c8d,structures/x0540a/A71EV2A-x0540a/A71EV2A-x0540a_ligand_prepared.sdf,True,2816,9793f9c25cd32a5ba2ade9002de7e29b79272821d7d58c19494fd07fca7d29c9,1154,1103,51,18,2112,2112,,,True,1,18,18,0,C:15;F:1;N:2,True,1,32,18,1,C:15;F:1;H:14;N:2
61,A71EV2A-x0541a,x0541a,Cc1noc(C)c1C[C@@H](C)C(=O)N(C)C,,False,True,True,True,False,48.2836,12.5,6.0354,structures/x0541a/A71EV2A-x0541a,structures/x0541a/A71EV2A-x0541a/A71EV2A-x0541a_complex_ref.pdb,True,98504,98fbe457ee54108a9c6699187bbf48e4b67292bbc0d9b4131e4060c069dd4f96,structures/x0541a/A71EV2A-x0541a/A71EV2A-x0541a_prepared.pdb,True,171224,6feef6e41bc5620ec85027edf35885dcb3e16b3bbed9553a8076e8ad3a01a8a3,structures/x0541a/A71EV2A-x0541a/A71EV2A-x0541a_ligand_ref.sdf,True,1374,a6b65bacd3230bf99536d97d1980e13339eae06761f378f031b7f27e39f39513,structures/x0541a/A71EV2A-x0541a/A71EV2A-x0541a_ligand_prepared.sdf,True,2868,49e37c4b7f1416dfe8bcfd85f455f063bf2c68dfc26f474c8aeef0f34b9c447e,1142,1097,45,15,2112,2112,,,True,1,15,15,0,C:11;N:2;O:2,True,1,33,15,0,C:11;H:18;N:2;O:2
62,A71EV2A-x0554b,x0554a_x0554b,CC(=O)Nc1cccc2cc[nH]c12,,False,True,True,True,False,66.7867,0,0,structures/x0554a_x0554b/A71EV2A-x0554b,structures/x0554a_x0554b/A71EV2A-x0554b/A71EV2A-x0554b_complex_ref.pdb,True,98504,86195cc051d8b048f597fbf40b708273df0d15febb0cd6eb80735921af53105a,structures/x0554a_x0554b/A71EV2A-x0554b/A71EV2A-x0554b_prepared.pdb,True,171224,81f1397a597189dd02b4f8faff1582ca53628d0839ff6e9cc555386f967515c1,structures/x0554a_x0554b/A71EV2A-x0554b/A71EV2A-x0554b_ligand_ref.sdf,True,1221,9c23b36c66a9d92d129bd4a89f5caad30fc9a5c085df205d70038b8e706413e7,structures/x0554a_x0554b/A71EV2A-x0554b/A71EV2A-x0554b_ligand_prepared.sdf,True,2051,b55ac18fc99d0ad8959f103a579de60bbb0ab49986e69b0e37c7c89e7d0fda68,1143,1103,40,13,2112,2112,,,True,1,13,13,0,C:10;N:2;O:1,True,1,23,13,0,C:10;H:10;N:2;O:1
63,A71EV2A-x0554a,x0554a_x0554b,CC(=O)Nc1cccc2cc[nH]c12,,False,True,True,True,False,56.4625,95,53.6394,structures/x0554a_x0554b/A71EV2A-x0554a,structures/x0554a_x0554b/A71EV2A-x0554a/A71EV2A-x0554a_complex_ref.pdb,True,99071,30d3930b15f34a3dabdcd8e603298eba23aae0b5610752c20627bb3be5d5e35b,structures/x0554a_x0554b/A71EV2A-x0554a/A71EV2A-x0554a_prepared.pdb,True,171224,1f8748dcbd4ce7e25c585986bbab257b2767e5f1db759861911cadfd75f9be48,structures/x0554a_x0554b/A71EV2A-x0554a/A71EV2A-x0554a_ligand_ref.sdf,True,1221,b6528d31132db75d42b500bc90d53e4765bd43e7113f0ce6e91a7fe6b878b1d1,structures/x0554a_x0554b/A71EV2A-x0554a/A71EV2A-x0554a_ligand_prepared.sdf,True,2051,baf0adeeb8e08c571da4b6ba8a031118e9329beff3e08373fb2a7cec465b26b0,1150,1103,47,13,2112,2112,,,True,1,13,13,0,C:10;N:2;O:1,True,1,23,13,0,C:10;H:10;N:2;O:1
64,A71EV2A-x0556a,x0556a,Cn1cc(N)c(C(=O)NC2CCC2)n1,,False,True,True,True,False,43.1059,86.3636,37.2278,structures/x0556a/A71EV2A-x0556a,structures/x0556a/A71EV2A-x0556a/A71EV2A-x0556a_complex_ref.pdb,True,99233,af30889fd704bdd21f08650d000f50bda4c687a9dc1fd3b5602be47e10b01ffd,structures/x0556a/A71EV2A-x0556a/A71EV2A-x0556a_prepared.pdb,True,171224,326ee6dd94a3eef876fc2fa26c53f1cd175c7fb4d485a38389dd9984e53254b3,structures/x0556a/A71EV2A-x0556a/A71EV2A-x0556a_ligand_ref.sdf,True,1304,978781c3a7f06540e8cd41f87f0861c3db57906dc4d263b8f6dcaf71c487ad3d,structures/x0556a/A71EV2A-x0556a/A71EV2A-x0556a_ligand_prepared.sdf,True,2466,743aef0529ffd32d872817047f2ee980171334e50eed0ed87af6e0a0aa4d32cc,1151,1103,48,14,2112,2112,,,True,1,14,14,0,C:9;N:4;O:1,True,1,28,14,0,C:9;H:14;N:4;O:1
65,A71EV2A-x0566a,x0566a,CNC(=O)c1cccc2cc[nH]c12,,False,True,True,True,False,52.5975,94.7368,49.8292,structures/x0566a/A71EV2A-x0566a,structures/x0566a/A71EV2A-x0566a/A71EV2A-x0566a_complex_ref.pdb,True,98099,7dbdd0fc87f79d91089e9190260479055c6275c2a1ba8aaeb2bbbe7ccf1e5e62,structures/x0566a/A71EV2A-x0566a/A71EV2A-x0566a_prepared.pdb,True,171224,7bd42d521a06f1c8c7a23e733cc5d4d176a74fe4f2ad80b7ea55d8acf3ea30fc,structures/x0566a/A71EV2A-x0566a/A71EV2A-x0566a_ligand_ref.sdf,True,1221,a0496461f8505fe99f5a56781cc2a439ecdf3ff3520ce894d9c5fa51221360de,structures/x0566a/A71EV2A-x0566a/A71EV2A-x0566a_ligand_prepared.sdf,True,2051,4e81b85db983ff04f1711aec4c4007dc2b5c5a155c5db40ad60e9600909f355b,1138,1103,35,13,2112,2112,,,True,1,13,13,0,C:10;N:2;O:1,True,1,23,13,0,C:10;H:10;N:2;O:1
66,A71EV2A-x0571a,x0571a,COCc1cc(C(N)=O)no1,,False,True,True,True,False,52.1429,14.2857,7.449,structures/x0571a/A71EV2A-x0571a,structures/x0571a/A71EV2A-x0571a/A71EV2A-x0571a_complex_ref.pdb,True,99320,b190435d7a41166f5f18b1d3a2a1804a912f1b47756870922b820c6b1cee4d37,structures/x0571a/A71EV2A-x0571a/A71EV2A-x0571a_prepared.pdb,True,171224,69953c26fd4436e41402c8691a3c56b41b0b4a315bf854acd33722d042e7fd8f,structures/x0571a/A71EV2A-x0571a/A71EV2A-x0571a_ligand_ref.sdf,True,1042,d609c34cf384727b83bd1982f585eec36f42e0347d0d51516152afedf4711e15,structures/x0571a/A71EV2A-x0571a/A71EV2A-x0571a_ligand_prepared.sdf,True,1706,8cff15f774faced6945738248961bc0563d1f78fbb6d9b28edb016d36a264487,1151,1103,48,11,2112,2112,,,True,1,11,11,0,C:6;N:2;O:3,True,1,19,11,0,C:6;H:8;N:2;O:3
67,A71EV2A-x0586a,x0586a,CN1CCCc2ccc(S(N)(=O)=O)cc21,,False,True,True,True,False,56.9188,22.2222,12.6486,structures/x0586a/A71EV2A-x0586a,structures/x0586a/A71EV2A-x0586a/A71EV2A-x0586a_complex_ref.pdb,True,99719,e6356b99d3c7c7eb8b59b6f627171269da735bdf99618f468b1af85b9b1b8224,structures/x0586a/A71EV2A-x0586a/A71EV2A-x0586a_prepared.pdb,True,171224,43aebbd9e007fdd35966d93b844f771e4f4cee6f09a0ec89b8b1e7855ab5d77a,structures/x0586a/A71EV2A-x0586a/A71EV2A-x0586a_ligand_ref.sdf,True,1387,f82848dbdc434054189a24a0c752e97742f0901fd980f4c181c61f4173417b99,structures/x0586a/A71EV2A-x0586a/A71EV2A-x0586a_ligand_prepared.sdf,True,2549,dab38507e4e06bda30355fa7e7991940a9d50b7e74362f04fafcb57b41baf999,1156,1103,53,15,2112,2112,,,True,1,15,15,0,C:10;N:2;O:2;S:1,True,1,29,15,0,C:10;H:14;N:2;O:2;S:1
68,A71EV2A-x0691a,x0691a,CNc1ccccc1S(C)(=O)=O,,False,True,True,True,False,50.2518,25,12.5629,structures/x0691a/A71EV2A-x0691a,structures/x0691a/A71EV2A-x0691a/A71EV2A-x0691a_complex_ref.pdb,True,99071,8519e5f9dac1897a85aac63ab52663a1b60116b75ebbd1a6a6f83ccb64b48ec6,structures/x0691a/A71EV2A-x0691a/A71EV2A-x0691a_prepared.pdb,True,171224,9194448e69faebe5dd628145cb970069b6cef46ac4142ad5356897ba514662de,structures/x0691a/A71EV2A-x0691a/A71EV2A-x0691a_ligand_ref.sdf,True,1125,283daa34b59a2f02590e7d5fea9e68e8dad8f460d519403c19c3846cc7136466,structures/x0691a/A71EV2A-x0691a/A71EV2A-x0691a_ligand_prepared.sdf,True,2038,c245ccf51054fd26e07f8ef67fa524f4ae5fcd603ce8695ae8429987235ecf30,1149,1103,46,12,2112,2112,,,True,1,12,12,0,C:8;N:1;O:2;S:1,True,1,23,12,0,C:8;H:11;N:1;O:2;S:1
69,A71EV2A-x0717a,x0717a,Cc1n[nH]c(C)c1S(=O)(=O)N(C)C,,False,True,True,True,False,55.2498,28.5714,15.7856,structures/x0717a/A71EV2A-x0717a,structures/x0717a/A71EV2A-x0717a/A71EV2A-x0717a_complex_ref.pdb,True,99158,f2bd68552faf07c5e57bc3bb362f52a2b12dbdc3acc572115241b3cbed19409c,structures/x0717a/A71EV2A-x0717a/A71EV2A-x0717a_prepared.pdb,True,171224,5f40e949f7a5cb31fb6dfa1ca487768c06a379ecfa1da69a8e71b55597d8ad6b,structures/x0717a/A71EV2A-x0717a/A71EV2A-x0717a_ligand_ref.sdf,True,1208,ae6ea3834865ca6bb87d633119eacc76dc596b6c4966feadbe0ce0beffbbfb6e,structures/x0717a/A71EV2A-x0717a/A71EV2A-x0717a_ligand_prepared.sdf,True,2287,4c363e28b941b2b64944d75d286f552bb77bd18d578060794335d477fccf7c37,1150,1103,47,13,2112,2112,,,True,1,13,13,0,C:7;N:3;O:2;S:1,True,1,26,13,0,C:7;H:13;N:3;O:2;S:1
70,A71EV2A-x0719b,x0719a_x0719b,C[C@H](CS(N)(=O)=O)c1ccccc1,,False,True,True,True,True,38.7666,33.3333,12.9222,structures/x0719a_x0719b/A71EV2A-x0719b,structures/x0719a_x0719b/A71EV2A-x0719b/A71EV2A-x0719b_complex_ref.pdb,True,97781,519283132e6e97529a95cd669aa693c3ff1e7a8d954b6964c59d1476c754be23,structures/x0719a_x0719b/A71EV2A-x0719b/A71EV2A-x0719b_prepared.pdb,True,171224,62b973c1b48820348ba47ddbb791e47a7a34b65ae17fd096e02ca76c057a73ec,structures/x0719a_x0719b/A71EV2A-x0719b/A71EV2A-x0719b_ligand_ref.sdf,True,1208,56446a826d74b59983497506b697ce39ba965ae595157fa74d8a3beedb81308d,structures/x0719a_x0719b/A71EV2A-x0719b/A71EV2A-x0719b_ligand_prepared.sdf,True,2287,68668d6ad20b6af5f50b6e434e5f411a2a5aaf27801093901acc27187dba5814,1139,1120,19,13,2112,2112,,,True,1,13,13,0,C:9;N:1;O:2;S:1,True,1,26,13,0,C:9;H:13;N:1;O:2;S:1
71,A71EV2A-x0719a,x0719a_x0719b,C[C@H](CS(N)(=O)=O)c1ccccc1,,False,True,True,True,False,46.1747,94.4444,43.6094,structures/x0719a_x0719b/A71EV2A-x0719a,structures/x0719a_x0719b/A71EV2A-x0719a/A71EV2A-x0719a_complex_ref.pdb,True,97781,8831cdc94a68136823a063f1def9e0d963120196b281d0357516ecf8fec8aaaf,structures/x0719a_x0719b/A71EV2A-x0719a/A71EV2A-x0719a_prepared.pdb,True,171224,71aa0d8f9df2d75833f50626e5b1df80979cbf65c2e1cb45062803a023c375b6,structures/x0719a_x0719b/A71EV2A-x0719a/A71EV2A-x0719a_ligand_ref.sdf,True,1208,949d7927121661caaf7d68d26f57a22c93bd384d12181b3c321cbe1ff30582dc,structures/x0719a_x0719b/A71EV2A-x0719a/A71EV2A-x0719a_ligand_prepared.sdf,True,2287,a8d536ab5e0f1657348f221a025a971b6fc862db90f91ec642241b3d274bab4a,1139,1120,19,13,2112,2112,,,True,1,13,13,0,C:9;N:1;O:2;S:1,True,1,26,13,0,C:9;H:13;N:1;O:2;S:1
72,A71EV2A-x0732a,x0732a,Cc1cc(C)c(NC(=O)CO)c(C)c1,,False,True,True,True,False,46.6015,82.3529,38.3777,structures/x0732a/A71EV2A-x0732a,structures/x0732a/A71EV2A-x0732a/A71EV2A-x0732a_complex_ref.pdb,True,97454,603982f6fa39d425d6b7e8776f01d08afd794d5a62a1bdfd5896db1ee60c3c02,structures/x0732a/A71EV2A-x0732a/A71EV2A-x0732a_prepared.pdb,True,171224,d9290caf514f1dee3d53aff8f0d5092ac4e3d38048e2d40f0d04c4991afd1a8e,structures/x0732a/A71EV2A-x0732a/A71EV2A-x0732a_ligand_ref.sdf,True,1291,bf6dc929b13f51686009a7a4f9b3eb3894c1ca4172805c8401d4204487832e43,structures/x0732a/A71EV2A-x0732a/A71EV2A-x0732a_ligand_prepared.sdf,True,2536,0a1a2d44ff777aacd0b49e3d8bf4b4422b4fc7374e637be60fe8fb18d3c33dcd,1132,1097,35,14,2112,2112,,,True,1,14,14,0,C:11;N:1;O:2,True,1,29,14,0,C:11;H:15;N:1;O:2
73,A71EV2A-x0739a,x0739a,Cc1ccc(OCC(=O)N2CCOCC2)c(C)c1,,False,True,True,True,False,46.5233,81.8182,38.0645,structures/x0739a/A71EV2A-x0739a,structures/x0739a/A71EV2A-x0739a/A71EV2A-x0739a_complex_ref.pdb,True,99071,5e88564e71331b2ab471a4bdd2b73d00e7f1842c60e9fffa1d9951f4016bfcdc,structures/x0739a/A71EV2A-x0739a/A71EV2A-x0739a_prepared.pdb,True,171224,aff5fde5c7b13e4248fb45746aee8372e5ad2cc79cab9b7b2839b1e71de507da,structures/x0739a/A71EV2A-x0739a/A71EV2A-x0739a_ligand_ref.sdf,True,1636,f35f38217d1af20d53a248a7b8e02317a51e766caa196ff41eaa4cfb85103768,structures/x0739a/A71EV2A-x0739a/A71EV2A-x0739a_ligand_prepared.sdf,True,3213,79d0aedeb19c1912b665ec4578abdd146703f0af873caaa0b985a50231e06362,1150,1103,47,18,2112,2112,,,True,1,18,18,0,C:14;N:1;O:3,True,1,37,18,0,C:14;H:19;N:1;O:3
74,A71EV2A-x0812a,x0812a,Cn1nc(C(N)=O)c2ccccc21,,False,True,True,True,False,48.9619,91.6667,44.8817,structures/x0812a/A71EV2A-x0812a,structures/x0812a/A71EV2A-x0812a/A71EV2A-x0812a_complex_ref.pdb,True,95999,82982607e2c5a0bdcac4d907f486184c1685670cc5560ed47d7ef3b716828fa3,structures/x0812a/A71EV2A-x0812a/A71EV2A-x0812a_prepared.pdb,True,171224,7ea7fdffaf5188cd2920fa879780c5ed3cc3d0394317e83ac11044daa5c6be6f,structures/x0812a/A71EV2A-x0812a/A71EV2A-x0812a_ligand_ref.sdf,True,1221,1f7d6ee21b30c4e8dcaad4da686e21cb2ada2fedc70e81dcf134c99f31739316,structures/x0812a/A71EV2A-x0812a/A71EV2A-x0812a_ligand_prepared.sdf,True,1968,a2e83dc98120dc03fa75c42a3271036d4bc9e8c86e33e66a4b972d17791c0e9b,1115,1089,26,13,2112,2112,,,True,1,13,13,0,C:9;N:3;O:1,True,1,22,13,0,C:9;H:9;N:3;O:1
75,A71EV2A-x0831a,x0831a,Nc1cccc(OCc2ccccc2)c1,,False,True,True,True,True,52.6986,8.3333,4.3916,structures/x0831a/A71EV2A-x0831a,structures/x0831a/A71EV2A-x0831a/A71EV2A-x0831a_complex_ref.pdb,True,98024,acb0051a8226144bed221f4b12bf0df7802dc2900280614090ad09774f300c6b,structures/x0831a/A71EV2A-x0831a/A71EV2A-x0831a_prepared.pdb,True,171224,c5061273c1787f90d82d6da8ded32c5ddc2b858733e7c99eac364c650510f5ef,structures/x0831a/A71EV2A-x0831a/A71EV2A-x0831a_ligand_ref.sdf,True,1387,80629c3be8d223bd12ba414135fec17ed75929b776de20bb5979b3c63e3d6a6f,structures/x0831a/A71EV2A-x0831a/A71EV2A-x0831a_ligand_prepared.sdf,True,2466,532bfaf50ea0b7bde52767ea8cc6e38309f700604302e8c2ca69ea4521d3e7dc,1137,1097,40,15,2112,2112,,,True,1,15,15,0,C:13;N:1;O:1,True,1,28,15,0,C:13;H:13;N:1;O:1
76,A71EV2A-x0836a,x0836a_x0836b,COc1ccc([C@H](N)c2ccccc2)cc1,,False,True,True,True,False,51.9729,93.3333,48.508,structures/x0836a_x0836b/A71EV2A-x0836a,structures/x0836a_x0836b/A71EV2A-x0836a/A71EV2A-x0836a_complex_ref.pdb,True,97289,1c61d0a8d4751c26c545b6372b2947b6a0af3e19bfb295e4b85446368e420ca6,structures/x0836a_x0836b/A71EV2A-x0836a/A71EV2A-x0836a_prepared.pdb,True,170009,65dee725053d3dbab2d9b5746a43b00290cd681524f5dc29ac36d7b7378787cc,structures/x0836a_x0836b/A71EV2A-x0836a/A71EV2A-x0836a_ligand_ref.sdf,True,1470,949307ffb2f64faa8e0c76ad0b7c0c49720eeddac513f89486f1610b24eeb6ba,structures/x0836a_x0836b/A71EV2A-x0836a/A71EV2A-x0836a_ligand_prepared.sdf,True,2816,bb869ba6d633834eb03c14321b1826e2bbba00129afea7daa8fc9e04f52aa56e,1129,1088,41,16,2097,2097,,,True,1,16,16,0,C:14;N:1;O:1,True,1,32,16,1,C:14;H:16;N:1;O:1
77,A71EV2A-x0836b,x0836a_x0836b,COc1ccc([C@H](N)c2ccccc2)cc1,,False,True,True,True,False,39.4056,69.2308,27.2808,structures/x0836a_x0836b/A71EV2A-x0836b,structures/x0836a_x0836b/A71EV2A-x0836b/A71EV2A-x0836b_complex_ref.pdb,True,97451,1f820a539a1b5cd285e94c1e7e8c9d7513b5357ed1c7adb25589263c8b50fdeb,structures/x0836a_x0836b/A71EV2A-x0836b/A71EV2A-x0836b_prepared.pdb,True,170009,f9925ecd4e6c7cdb19ce04a92b4c050789cc79e6d18f7ca390f59c319561e0ef,structures/x0836a_x0836b/A71EV2A-x0836b/A71EV2A-x0836b_ligand_ref.sdf,True,1470,bcf6c7b0542e774d90d584b006c4961831fec3c736eadcc3e36a118f4d5758c1,structures/x0836a_x0836b/A71EV2A-x0836b/A71EV2A-x0836b_ligand_prepared.sdf,True,2816,e2884f43fc43e216bd869b757c3880dd66cb74b0aa50bdd8a94dbd7079cb5e82,1131,1088,43,16,2097,2097,,,True,1,16,16,0,C:14;N:1;O:1,True,1,32,16,1,C:14;H:16;N:1;O:1
78,A71EV2A-x0853a,x0853a,O=C(NC1CC1)c1ccc2c(c1)OCO2,,False,True,True,True,False,48.1619,53.8462,25.9333,structures/x0853a/A71EV2A-x0853a,structures/x0853a/A71EV2A-x0853a/A71EV2A-x0853a_complex_ref.pdb,True,96890,06082111e47c5f16b119001c9ffc23a60c4e485d288f59105326b1543dcba99f,structures/x0853a/A71EV2A-x0853a/A71EV2A-x0853a_prepared.pdb,True,171224,00a843ec80621279b5e442b2f81b3953d019212a04010284d97bc443ee94dfbf,structures/x0853a/A71EV2A-x0853a/A71EV2A-x0853a_ligand_ref.sdf,True,1400,6db466f9879546b7354ae29eaf693fc9118a21536e27ae47fbbb39c54d7b3201,structures/x0853a/A71EV2A-x0853a/A71EV2A-x0853a_ligand_prepared.sdf,True,2313,a610f04eca54300d87c9fa90ce2a1f9aec62b1b6d8a6d6b8c408d2413de0b7ec,1126,1097,29,15,2112,2112,,,True,1,15,15,0,C:11;N:1;O:3,True,1,26,15,0,C:11;H:11;N:1;O:3
79,A71EV2A-x0884a,x0884a_x2454a,CC(=O)Nc1cccc(NC(N)=O)c1,,False,True,True,True,False,50.4986,90,45.4487,structures/x0884a_x2454a/A71EV2A-x0884a,structures/x0884a_x2454a/A71EV2A-x0884a/A71EV2A-x0884a_complex_ref.pdb,True,95027,ba046e0a19ed5a392652692864e8e51822ba6ab051916869135f9382098b0061,structures/x0884a_x2454a/A71EV2A-x0884a/A71EV2A-x0884a_prepared.pdb,True,170009,b5598b127df2974077e62fad6caf9cccd818a2675542e4d646c28e6e4e9ea0a5,structures/x0884a_x2454a/A71EV2A-x0884a/A71EV2A-x0884a_ligand_ref.sdf,True,1291,41176f7bccbd569334664ad9924d6b8639603a3c9fdb7192d93101e977e94191,structures/x0884a_x2454a/A71EV2A-x0884a/A71EV2A-x0884a_ligand_prepared.sdf,True,2204,f57be49f3314a7cde25ae486ba190297dd4b2d45bf91efdd471a5540dc6c4695,1104,1080,24,14,2097,2097,,,True,1,14,14,0,C:9;N:3;O:2,True,1,25,14,0,C:9;H:11;N:3;O:2
80,A71EV2A-x0900a,x0432a_x0900a,Nc1ccc(-c2ncno2)cc1,,False,True,True,True,True,45.0122,33.3333,15.0041,structures/x0432a_x0900a/A71EV2A-x0900a,structures/x0432a_x0900a/A71EV2A-x0900a/A71EV2A-x0900a_complex_ref.pdb,True,97700,646bb43ebfac25fb00ba64579d01b2abdde4cec460e69a3e0887baf64a3ce07f,structures/x0432a_x0900a/A71EV2A-x0900a/A71EV2A-x0900a_prepared.pdb,True,171224,f6c5c763433c3b5f1d24be0b7a0018c98e6c7c0169121c3dd65a23f6dee22906,structures/x0432a_x0900a/A71EV2A-x0900a/A71EV2A-x0900a_ligand_ref.sdf,True,1138,f0a9ed2de59b696cb0a49a071e0a8108a477f8e000677e704da5a57ce0c4d5be,structures/x0432a_x0900a/A71EV2A-x0900a/A71EV2A-x0900a_ligand_prepared.sdf,True,1719,d9ac9881090474cc7449bb08e16c6c236d7053c7312511b57d48fdbb3ff5b181,1134,1101,33,12,2112,2112,,,True,1,12,12,0,C:8;N:3;O:1,True,1,19,12,0,C:8;H:7;N:3;O:1
81,A71EV2A-x0911a,x0911a,CN(C(=O)[C@H]1CCNC1)c1ccccc1,,False,True,True,True,False,36.7504,69.2308,25.4426,structures/x0911a/A71EV2A-x0911a,structures/x0911a/A71EV2A-x0911a/A71EV2A-x0911a_complex_ref.pdb,True,101987,3a3ca2f8722640e46e81555265c53e4f819aed64abbb76013e07990f2da320ef,structures/x0911a/A71EV2A-x0911a/A71EV2A-x0911a_prepared.pdb,True,170009,260dbc7d4b0e7729d8371c0ebcdc2af93a36a450d4886af04805c7bf662f85f7,structures/x0911a/A71EV2A-x0911a/A71EV2A-x0911a_ligand_ref.sdf,True,1387,16f08e8fae1be1bba59fc87fceec11dbe6402e38250d003713a37421bc283a04,structures/x0911a/A71EV2A-x0911a/A71EV2A-x0911a_ligand_prepared.sdf,True,2816,55d7e05de602bf4aa895571300a8c3b05aa93ff1bee15c01ea578e596bbb0201,1188,1080,108,15,2097,2097,,,True,1,15,15,0,C:12;N:2;O:1,True,1,32,15,1,C:12;H:17;N:2;O:1
82,A71EV2A-x0922a,x0922a,Cc1ccccc1OCC(=O)N(C)C,,False,True,True,True,False,56.0554,86.9565,48.7438,structures/x0922a/A71EV2A-x0922a,structures/x0922a/A71EV2A-x0922a/A71EV2A-x0922a_complex_ref.pdb,True,96566,8fdc77968f5d506b77cef06de26983fb6fbfed4164db60524f7c17ab4cdd2bf8,structures/x0922a/A71EV2A-x0922a/A71EV2A-x0922a_prepared.pdb,True,171224,eaceab97e647de0fac082948b2169d1be5758b9c0bb7e69778d260a9e2840f2e,structures/x0922a/A71EV2A-x0922a/A71EV2A-x0922a_ligand_ref.sdf,True,1291,313261d01a331db9539ed5004b34125a92bfd1626796e110561da3fe2107e9df,structures/x0922a/A71EV2A-x0922a/A71EV2A-x0922a_ligand_prepared.sdf,True,2536,0648af391eb531ca8aa0b295bb857062bdc79ff477c5c92a609093ce7322a89d,1121,1089,32,14,2112,2112,,,True,1,14,14,0,C:11;N:1;O:2,True,1,29,14,0,C:11;H:15;N:1;O:2
83,A71EV2A-x0926a,x0926a,COCC(=O)N1CCC[C@H](C(N)=O)C1,,False,True,True,True,False,49.6606,84.2105,41.8194,structures/x0926a/A71EV2A-x0926a,structures/x0926a/A71EV2A-x0926a/A71EV2A-x0926a_complex_ref.pdb,True,186395,e5beccced3d9cf903b60e2e75cb264dc03bc33a10e53ce45906501ecb94056f0,structures/x0926a/A71EV2A-x0926a/A71EV2A-x0926a_prepared.pdb,True,171224,21915f69a97ca4a0f945dff54bc5e856acfd57d7149a8650968efe10cad7bc42,structures/x0926a/A71EV2A-x0926a/A71EV2A-x0926a_ligand_ref.sdf,True,1291,6506d1fede5afa974071f84784b46f32e8b3d4ca584dd7d9d1f561de221050c0,structures/x0926a/A71EV2A-x0926a/A71EV2A-x0926a_ligand_prepared.sdf,True,2619,61721b9241a8f8e222d2da8a165ffab66e06c42f0d5a7511f3f11864e52bf3d5,2229,2196,33,14,2112,2112,,,True,1,14,14,0,C:9;N:2;O:3,True,1,30,14,0,C:9;H:16;N:2;O:3
84,A71EV2A-x1019a,x1019a,COc1cc(Br)ccc1CC(=O)O,,False,True,True,True,False,45.4972,93.75,42.6536,structures/x1019a/A71EV2A-x1019a,structures/x1019a/A71EV2A-x1019a/A71EV2A-x1019a_complex_ref.pdb,True,93890,b8831c8a8a3aa906078db7b3056325cfa92c15ba1f6acc53905dcbe1fe5b6664,structures/x1019a/A71EV2A-x1019a/A71EV2A-x1019a_prepared.pdb,True,168794,3f2446c760e38b403e48d5297f49a225340fe20799cd279989e141c16fe762ce,structures/x1019a/A71EV2A-x1019a/A71EV2A-x1019a_ligand_ref.sdf,True,1208,e1690a7069d3320b1cc43a7a4815df83a6c7213e4ba050e537b4f7913118501f,structures/x1019a/A71EV2A-x1019a/A71EV2A-x1019a_ligand_prepared.sdf,True,1890,a546022ae88ac9d09fcc238b03526536f419e9a52191e6244c84aee0d49b9242,1090,1071,19,13,2082,2082,,,True,1,13,13,0,Br:1;C:9;O:3,True,1,21,13,-1,Br:1;C:9;H:8;O:3
85,A71EV2A-x1068b,x1068a_x1068b_x1068c,Nc1ncccn1,,False,True,True,True,True,64.7524,14.2857,9.2503,structures/x1068a_x1068b_x1068c/A71EV2A-x1068b,structures/x1068a_x1068b_x1068c/A71EV2A-x1068b/A71EV2A-x1068b_complex_ref.pdb,True,98024,64ea2011cf13cd8bec197a439a7903c7002f9e138f23630e02f9e280405feeba,structures/x1068a_x1068b_x1068c/A71EV2A-x1068b/A71EV2A-x1068b_prepared.pdb,True,171224,c2f5bb1e0bc89f9b9a443b9727258e125edfbcbd270dc3564d7caf2162e7ce9a,structures/x1068a_x1068b_x1068c/A71EV2A-x1068b/A71EV2A-x1068b_ligand_ref.sdf,True,710,040d4fde2dab21da9fcb2c1ad7b885ccae63bf71cd9d62d825db0e8dd9408b6e,structures/x1068a_x1068b_x1068c/A71EV2A-x1068b/A71EV2A-x1068b_ligand_prepared.sdf,True,1125,6562a468f048060f5bc511f601d8a8b9009eb3befab1787e9fdc7f9018d433fa,1136,1097,39,7,2112,2112,,,True,1,7,7,0,C:4;N:3,True,1,12,7,0,C:4;H:5;N:3
86,A71EV2A-x1068a,x1068a_x1068b_x1068c,Nc1ncccn1,,False,True,True,True,False,53.1332,93.3333,49.591,structures/x1068a_x1068b_x1068c/A71EV2A-x1068a,structures/x1068a_x1068b_x1068c/A71EV2A-x1068a/A71EV2A-x1068a_complex_ref.pdb,True,98267,482ae6aee40e8077c66d6576bd4e458eddd5cffefa46db98c19bf681b2af12a8,structures/x1068a_x1068b_x1068c/A71EV2A-x1068a/A71EV2A-x1068a_prepared.pdb,True,171224,373c59c7cf8de18ee889665f06059058c19cf802a07455b6f0be6cf2db2d6e7f,structures/x1068a_x1068b_x1068c/A71EV2A-x1068a/A71EV2A-x1068a_ligand_ref.sdf,True,710,e176492bb23a30568cd577791400f7cf5a98d6d5e59df6f8f4e6191ad2b548d6,structures/x1068a_x1068b_x1068c/A71EV2A-x1068a/A71EV2A-x1068a_ligand_prepared.sdf,True,1125,a347f068dcefc57dc4d61dff101b68486a2a04c8f69dc5b19f262d0ce60121cd,1139,1097,42,7,2112,2112,,,True,1,7,7,0,C:4;N:3,True,1,12,7,0,C:4;H:5;N:3
87,A71EV2A-x1068c,x1068a_x1068b_x1068c,Nc1ncccn1,,False,True,True,True,True,54.2738,75,40.7053,structures/x1068a_x1068b_x1068c/A71EV2A-x1068c,structures/x1068a_x1068b_x1068c/A71EV2A-x1068c/A71EV2A-x1068c_complex_ref.pdb,True,98186,f0dd5e45a479215f7783116e6bf8b2a47a410cc542591780617ee072c756acfe,structures/x1068a_x1068b_x1068c/A71EV2A-x1068c/A71EV2A-x1068c_prepared.pdb,True,171224,cc7772fa7dcdc69db6d86a68c089fd83df96e856ad23dfa2f93e2bd3173a2315,structures/x1068a_x1068b_x1068c/A71EV2A-x1068c/A71EV2A-x1068c_ligand_ref.sdf,True,710,3c3b86a5175ffa98871dd3dc6b6e1d0988abb74e60a259c4f720351597bfaa74,structures/x1068a_x1068b_x1068c/A71EV2A-x1068c/A71EV2A-x1068c_ligand_prepared.sdf,True,1125,59b60eb41f5a94b6791e4a57826e40c2edb28d91634a14e7d9b528fc9ba16c0f,1138,1097,41,7,2112,2112,,,True,1,7,7,0,C:4;N:3,True,1,12,7,0,C:4;H:5;N:3
88,A71EV2A-x1080a,x1080a,CCC(=O)NO,,False,True,True,True,False,54.8234,90,49.3411,structures/x1080a/A71EV2A-x1080a,structures/x1080a/A71EV2A-x1080a/A71EV2A-x1080a_complex_ref.pdb,True,94865,9d499301cd4685534f3277a4dd5ba4a88a099d6eccff2799464120bd4d271aa0,structures/x1080a/A71EV2A-x1080a/A71EV2A-x1080a_prepared.pdb,True,171224,4a1edfcd4640a59cea3fc04b689dbb21ce0b51f1296edb032e8e2e485ac62974,structures/x1080a/A71EV2A-x1080a/A71EV2A-x1080a_ligand_ref.sdf,True,614,6402bfe118da3c6525feec3d0e5046c2ed7e5accdb18a37b4da0e4040e51df42,structures/x1080a/A71EV2A-x1080a/A71EV2A-x1080a_ligand_prepared.sdf,True,1195,bc56cb14cf8b4b3a323c551004718e0c2bc9002d94ffdc9244ca89de4879d3c4,1102,1089,13,6,2112,2112,,,True,1,6,6,0,C:3;N:1;O:2,True,1,13,6,0,C:3;H:7;N:1;O:2
89,A71EV2A-x1081a,x1081a_x1081b,O=C1NCCN1,,False,True,True,True,True,50.6548,33.3333,16.8849,structures/x1081a_x1081b/A71EV2A-x1081a,structures/x1081a_x1081b/A71EV2A-x1081a/A71EV2A-x1081a_complex_ref.pdb,True,99887,9a6c6a06a5964b4025a61dcb1d3a4533be16810197122033ab7ecee022877137,structures/x1081a_x1081b/A71EV2A-x1081a/A71EV2A-x1081a_prepared.pdb,True,171224,a433a309b4a0eca72e25cfdf011094295383d0683165dd9f0dd82f7e44228cf8,structures/x1081a_x1081b/A71EV2A-x1081a/A71EV2A-x1081a_ligand_ref.sdf,True,627,3b087d2d94ea9f4630fa2652e82deb7439985cc03927fae104ab1ba4cb4132d1,structures/x1081a_x1081b/A71EV2A-x1081a/A71EV2A-x1081a_ligand_prepared.sdf,True,1125,ed3570b72801ca09e7c1147376cbfc9ad47d29ace8c2ee4091e32f9c56f04f9b,1159,1120,39,6,2112,2112,,,True,1,6,6,0,C:3;N:2;O:1,True,1,12,6,0,C:3;H:6;N:2;O:1
90,A71EV2A-x1081b,x1081a_x1081b,O=C1NCCN1,,False,True,True,True,True,76.5996,0,0,structures/x1081a_x1081b/A71EV2A-x1081b,structures/x1081a_x1081b/A71EV2A-x1081b/A71EV2A-x1081b_complex_ref.pdb,True,99968,93f5b430d25c58b213a9a5dca0f0264e90f3b09338e27710fdb9b8def5b88cdb,structures/x1081a_x1081b/A71EV2A-x1081b/A71EV2A-x1081b_prepared.pdb,True,171224,293961a96f9b23dccdae6e8ee60a345c594c52c817fc481c717714f9f73838c9,structures/x1081a_x1081b/A71EV2A-x1081b/A71EV2A-x1081b_ligand_ref.sdf,True,627,6b1fa07dc5f9ca7a68b36426b3684b60da1d8844125aa4277033a1fa505e5847,structures/x1081a_x1081b/A71EV2A-x1081b/A71EV2A-x1081b_ligand_prepared.sdf,True,1125,9dd27ac1c496a8267faf53f6af1a117bb83edc541b71b23c36f8f954820411e2,1160,1120,40,6,2112,2112,,,True,1,6,6,0,C:3;N:2;O:1,True,1,12,6,0,C:3;H:6;N:2;O:1
91,A71EV2A-x1084a,x1084a,NC(=O)C1(N)CC1,,False,True,True,True,True,47.3021,33.3333,15.7674,structures/x1084a/A71EV2A-x1084a,structures/x1084a/A71EV2A-x1084a/A71EV2A-x1084a_complex_ref.pdb,True,99725,b54073801aa989bdf3126b07df720e9ae97d00dac7fd32a19453a6809ac88e60,structures/x1084a/A71EV2A-x1084a/A71EV2A-x1084a_prepared.pdb,True,171224,2501efe5eb90e5f2803ac5fbae95c0168c1e3b47d2da5a45f6ec6e6b189efbed,structures/x1084a/A71EV2A-x1084a/A71EV2A-x1084a_ligand_ref.sdf,True,710,3d09b60dd8101a51f7d968b6196a6b11f60cd4af6512eba5604f62cbab339cef,structures/x1084a/A71EV2A-x1084a/A71EV2A-x1084a_ligand_prepared.sdf,True,1475,65b2fcef3660e7d284dd7d12840f3b67aefedc2dac5f3d4d38b6c1d65f3f5fcf,1156,1114,42,7,2112,2112,,,True,1,7,7,0,C:4;N:2;O:1,True,1,16,7,1,C:4;H:9;N:2;O:1
92,A71EV2A-x1105a,x1105a_x1105b,c1ccc(-c2ccncc2)cc1,,False,True,True,True,True,44.4799,42.8571,19.0628,structures/x1105a_x1105b/A71EV2A-x1105a,structures/x1105a_x1105b/A71EV2A-x1105a/A71EV2A-x1105a_complex_ref.pdb,True,97700,024c11661599f8623cd52f95a5033a693e2ab54ed5b34c8ea14777a59394b322,structures/x1105a_x1105b/A71EV2A-x1105a/A71EV2A-x1105a_prepared.pdb,True,171224,8b6a32333add47303999e2ed49f045764aad44199ddf2fa796c9dba312d43337,structures/x1105a_x1105b/A71EV2A-x1105a/A71EV2A-x1105a_ligand_ref.sdf,True,1138,0e07bfd8b86339e53524a1e02befaf0e86ebcf86fca0cf714d695732732bdc82,structures/x1105a_x1105b/A71EV2A-x1105a/A71EV2A-x1105a_ligand_prepared.sdf,True,1885,0d726e65bf1ef91446c1e23cc9103a14d9d956667452be5c56d6e31c4b9c0e29,1134,1097,37,12,2112,2112,,,True,1,12,12,0,C:11;N:1,True,1,21,12,0,C:11;H:9;N:1
93,A71EV2A-x1105b,x1105a_x1105b,c1ccc(-c2ccncc2)cc1,,False,True,True,True,True,46.9348,14.2857,6.705,structures/x1105a_x1105b/A71EV2A-x1105b,structures/x1105a_x1105b/A71EV2A-x1105b/A71EV2A-x1105b_complex_ref.pdb,True,97538,3ce50ee9e49f33a02f069aa815db601bc3eab1150c274eb96fefd0877eea53bb,structures/x1105a_x1105b/A71EV2A-x1105b/A71EV2A-x1105b_prepared.pdb,True,171224,795cda8af92964deba5a8fbef166661e6cac2767c26493a7e5e945c4494ab691,structures/x1105a_x1105b/A71EV2A-x1105b/A71EV2A-x1105b_ligand_ref.sdf,True,1138,c9303816c6c3d7d39c569cbb55609032fe0b205d1ddc792b12c6db7faaa23dc2,structures/x1105a_x1105b/A71EV2A-x1105b/A71EV2A-x1105b_ligand_prepared.sdf,True,1885,73cbabc8f95c384304edc4c604f6da5203266d0b170a66d2f9c8c2537338975f,1132,1097,35,12,2112,2112,,,True,1,12,12,0,C:11;N:1,True,1,21,12,0,C:11;H:9;N:1
94,A71EV2A-x1109a,x1109a,O=C(O)c1cnc(-c2ccccc2)s1,,False,True,True,True,True,43.6957,11.1111,4.8551,structures/x1109a/A71EV2A-x1109a,structures/x1109a/A71EV2A-x1109a/A71EV2A-x1109a_complex_ref.pdb,True,96404,c710c8c211830ef1e0dec5261505baecb3099963ebe160b0b7e794161207eaf8,structures/x1109a/A71EV2A-x1109a/A71EV2A-x1109a_prepared.pdb,True,171224,940a1c1093703e1a875abbbed79ca64fa885b230125a11a4942e1e779010444b,structures/x1109a/A71EV2A-x1109a/A71EV2A-x1109a_ligand_ref.sdf,True,1304,db7fd83f1d2a64b1477ff5f7a8e3c5f94009cb4564e6639cf208bb7a15bd07d3,structures/x1109a/A71EV2A-x1109a/A71EV2A-x1109a_ligand_prepared.sdf,True,1820,c2c98af9f293d8e926bb562e8327bb74516cee03ca377672c47c25bb17b1e591,1121,1099,22,14,2112,2112,,,True,1,14,14,0,C:10;N:1;O:2;S:1,True,1,20,14,-1,C:10;H:6;N:1;O:2;S:1
95,A71EV2A-x1128a,x1128a,Oc1nnc(-c2ccccc2)o1,,False,True,True,True,True,46.0411,33.3333,15.347,structures/x1128a/A71EV2A-x1128a,structures/x1128a/A71EV2A-x1128a/A71EV2A-x1128a_complex_ref.pdb,True,96323,32df12a0ee10c2ecf7a38cdfb002e741cca63d53117bab12886e3cccd1ada412,structures/x1128a/A71EV2A-x1128a/A71EV2A-x1128a_prepared.pdb,True,171224,2f593b89597789826fd3131dbd4049867f6c1bddfc3430cee774f0223ba2eb43,structures/x1128a/A71EV2A-x1128a/A71EV2A-x1128a_ligand_ref.sdf,True,1138,a15f19fd4aed2f66c624d03cdaed74f1e25f87bdca6f99f171ea8d7e0d254181,structures/x1128a/A71EV2A-x1128a/A71EV2A-x1128a_ligand_prepared.sdf,True,1636,addbab2502e88092d62361ded1efdf45df747effa53b1040745b6f9c4af34a15,1118,1089,29,12,2112,2112,,,True,1,12,12,0,C:8;N:2;O:2,True,1,18,12,0,C:8;H:6;N:2;O:2
96,A71EV2A-x1140a,x1140a_x1140b,O=C(CN1CCCC1)c1ccccc1Cl,,False,True,True,True,False,40.3475,83.3333,33.6229,structures/x1140a_x1140b/A71EV2A-x1140a,structures/x1140a_x1140b/A71EV2A-x1140a/A71EV2A-x1140a_complex_ref.pdb,True,94946,ef761718e8efc3e0f0fd49aca365cf5cdc4d4b4f801aa271023004c986710094,structures/x1140a_x1140b/A71EV2A-x1140a/A71EV2A-x1140a_prepared.pdb,True,168794,5dd489a9f994253fc2f44dc60d283085727acc0f0ec87471a495448cea6ac1a3,structures/x1140a_x1140b/A71EV2A-x1140a/A71EV2A-x1140a_ligand_ref.sdf,True,1387,b85d63777beaba975804f43a2a8e0fd1286fec4a2403e63611c2c18bc894679a,structures/x1140a_x1140b/A71EV2A-x1140a/A71EV2A-x1140a_ligand_prepared.sdf,True,2650,2f1ae1279e3f516788de955c06935b3b8ba71cc32d7ed9e01035a973eda35483,1103,1081,22,15,2082,2082,,,True,1,15,15,0,C:12;Cl:1;N:1;O:1,True,1,30,15,1,C:12;Cl:1;H:15;N:1;O:1
97,A71EV2A-x1140b,x1140a_x1140b,O=C(CN1CCCC1)c1ccccc1Cl,,False,True,True,True,False,43.4996,88.8889,38.6663,structures/x1140a_x1140b/A71EV2A-x1140b,structures/x1140a_x1140b/A71EV2A-x1140b/A71EV2A-x1140b_complex_ref.pdb,True,94946,ee39ca963fae57c6a454456de0769feb3d8edfb7a513337e04872f4aa7735366,structures/x1140a_x1140b/A71EV2A-x1140b/A71EV2A-x1140b_prepared.pdb,True,168794,fe2af5ad3ec4f4a9605cf95b33738d16a669785d18d69550912951f58be31898,structures/x1140a_x1140b/A71EV2A-x1140b/A71EV2A-x1140b_ligand_ref.sdf,True,1387,483cc5ab5f06f8d2fa44d1241d96a43bab4581baa52927ddae2216c941ae4bd6,structures/x1140a_x1140b/A71EV2A-x1140b/A71EV2A-x1140b_ligand_prepared.sdf,True,2650,808483626434af64f3c3d8bed7d65e16cf63035c4342ea1d82115cc1d03e7114,1103,1081,22,15,2082,2082,,,True,1,15,15,0,C:12;Cl:1;N:1;O:1,True,1,30,15,1,C:12;Cl:1;H:15;N:1;O:1
98,A71EV2A-x1145b,x1145b,Fc1ccc(C[C@@H]2CCCNC2)cc1,,False,True,True,True,False,42.3909,33.3333,14.1303,structures/x1145b/A71EV2A-x1145b,structures/x1145b/A71EV2A-x1145b/A71EV2A-x1145b_complex_ref.pdb,True,97619,bb127cbd8942c4721ef220734881e8c35d8ffe899d25258431cdaef194ff1424,structures/x1145b/A71EV2A-x1145b/A71EV2A-x1145b_prepared.pdb,True,171224,dcb6d0ee168b770fdb5c8d5fb721211436d23e439c0baec6be399839d9cc53d2,structures/x1145b/A71EV2A-x1145b/A71EV2A-x1145b_ligand_ref.sdf,True,1304,c5d5e7e81cca4fc195e25ca174abf5ffa63fc4495143802826eb9c3f0cdd5007,structures/x1145b/A71EV2A-x1145b/A71EV2A-x1145b_ligand_prepared.sdf,True,2733,4f6bd987763ef73d9021a2fdac32d75b4ae572ca947bfb40c532aeb5e040b9bc,1133,1099,34,14,2112,2112,,,True,1,14,14,0,C:12;F:1;N:1,True,1,31,14,1,C:12;F:1;H:17;N:1
99,A71EV2A-x1145a,x1145a,Fc1ccc(C[C@H]2CCCNC2)cc1,,False,True,True,True,True,69.0024,0,0,structures/x1145a/A71EV2A-x1145a,structures/x1145a/A71EV2A-x1145a/A71EV2A-x1145a_complex_ref.pdb,True,97700,ee44a59ac8a10aa9c1238ea3b3bb5b439a54a4382cc47849ecbc2faf251c588a,structures/x1145a/A71EV2A-x1145a/A71EV2A-x1145a_prepared.pdb,True,171224,565efb44d62915a0c8dde9c158406dc0258e3928f6b6074d91bb5da40fd157fe,structures/x1145a/A71EV2A-x1145a/A71EV2A-x1145a_ligand_ref.sdf,True,1304,3fe6116c1bfaa585b347080a915d37fad15e6f11d91415fcb482906be2f412a8,structures/x1145a/A71EV2A-x1145a/A71EV2A-x1145a_ligand_prepared.sdf,True,2733,74a47870d81d482575f8e9227a8d6d9f2ced0b2c36ca49904d411f5538407081,1134,1099,35,14,2112,2112,,,True,1,14,14,0,C:12;F:1;N:1,True,1,31,14,1,C:12;F:1;H:17;N:1
100,A71EV2A-x1146a,x1146a,Oc1cnc(-c2ccccc2)nc1,,False,True,True,True,True,40.6813,33.3333,13.5604,structures/x1146a/A71EV2A-x1146a,structures/x1146a/A71EV2A-x1146a/A71EV2A-x1146a_complex_ref.pdb,True,97292,91d6361a5e9b3a0379d8a17034a20b604e1a2efe76683df4ef3e9d25d74de466,structures/x1146a/A71EV2A-x1146a/A71EV2A-x1146a_prepared.pdb,True,171224,a65d00af19981713c8597aedba18a59caaf4aeefe7a49e745f65fbbdc9436919,structures/x1146a/A71EV2A-x1146a/A71EV2A-x1146a_ligand_ref.sdf,True,1221,2993fcf6a724b919808511e06b02e420865e60e16fbcebd1a0fabc25752ec7e3,structures/x1146a/A71EV2A-x1146a/A71EV2A-x1146a_ligand_prepared.sdf,True,1885,ba7ebd5341e69dcf534383d1cc3811dcdf56986a9048df3e89699b6a0293de9a,1130,1101,29,13,2112,2112,,,True,1,13,13,0,C:10;N:2;O:1,True,1,21,13,0,C:10;H:8;N:2;O:1
101,A71EV2A-x1148b,x1148a_x1148b,Brc1c[nH]cn1,,False,True,True,True,True,51.2674,42.8571,21.9717,structures/x1148a_x1148b/A71EV2A-x1148b,structures/x1148a_x1148b/A71EV2A-x1148b/A71EV2A-x1148b_complex_ref.pdb,True,98753,4e5f9e92a2b0b4adffab53fa1f91a79b5c84a550eccde16d62df29d20f7b64ae,structures/x1148a_x1148b/A71EV2A-x1148b/A71EV2A-x1148b_prepared.pdb,True,171224,81ff66ed5c0148a64484a1feb98b38ac5cd62e3d1d04b4c06a8881b8f63a7982,structures/x1148a_x1148b/A71EV2A-x1148b/A71EV2A-x1148b_ligand_ref.sdf,True,627,af20da0205982ab558251321ee94d84cca24a1072353530200517569cf08a22b,structures/x1148a_x1148b/A71EV2A-x1148b/A71EV2A-x1148b_ligand_prepared.sdf,True,876,1a24774ea6af51db0da9f0376a797776fde2a468150bc9f6665350707e6ef022,1147,1119,28,6,2112,2112,,,True,1,6,6,0,Br:1;C:3;N:2,True,1,9,6,0,Br:1;C:3;H:3;N:2
102,A71EV2A-x1148a,x1148a_x1148b,Brc1c[nH]cn1,,False,True,True,True,False,52.2107,92.3077,48.1945,structures/x1148a_x1148b/A71EV2A-x1148a,structures/x1148a_x1148b/A71EV2A-x1148a/A71EV2A-x1148a_complex_ref.pdb,True,98510,08d19492c7c4dfb0b7023aa93228930f9d5ed52c15cbbd91b9d5676707bd4a3b,structures/x1148a_x1148b/A71EV2A-x1148a/A71EV2A-x1148a_prepared.pdb,True,171224,10bd7272b7fd507548c726ec7f7eb6ac5a4cea9ec0d4828f180545814fb70f8e,structures/x1148a_x1148b/A71EV2A-x1148a/A71EV2A-x1148a_ligand_ref.sdf,True,627,b649f26738df38ed0f637e6b07f75a81fb217625e55ed8312dbfc5acc639f606,structures/x1148a_x1148b/A71EV2A-x1148a/A71EV2A-x1148a_ligand_prepared.sdf,True,876,2252a0ae84a73c9dd0d7cf8ac90005219184a6da73c16c7137d6b56d6a5d153a,1144,1119,25,6,2112,2112,,,True,1,6,6,0,Br:1;C:3;N:2,True,1,9,6,0,Br:1;C:3;H:3;N:2
103,A71EV2A-x1180a,x1180a_x1180b,Clc1c[nH]cn1,,False,True,True,True,False,52.4425,60,31.4655,structures/x1180a_x1180b/A71EV2A-x1180a,structures/x1180a_x1180b/A71EV2A-x1180a/A71EV2A-x1180a_complex_ref.pdb,True,187367,265c928870ae11018871dc0ad3a016ed01c50e70eab8ce867e4c06119b834919,structures/x1180a_x1180b/A71EV2A-x1180a/A71EV2A-x1180a_prepared.pdb,True,171224,f15038f712a9cf9d419d0270c09e40ae2091ecfc844089a5af931689d76f1276,structures/x1180a_x1180b/A71EV2A-x1180a/A71EV2A-x1180a_ligand_ref.sdf,True,627,d017bc30f1559554542225c880d5fc6c8c6957ac976439b0c214236c99da377b,structures/x1180a_x1180b/A71EV2A-x1180a/A71EV2A-x1180a_ligand_prepared.sdf,True,876,3ac4c3e220a7620e23f66d81b4edba0b3af91b59ecfecfc0a1ca54dbda86b683,2238,2204,34,12,2112,2112,,,True,1,6,6,0,C:3;Cl:1;N:2,True,1,9,6,0,C:3;Cl:1;H:3;N:2
104,A71EV2A-x1180b,x1180a_x1180b,Clc1c[nH]cn1,,False,True,True,True,False,49.5747,92.8571,46.0337,structures/x1180a_x1180b/A71EV2A-x1180b,structures/x1180a_x1180b/A71EV2A-x1180b/A71EV2A-x1180b_complex_ref.pdb,True,187691,64112443552e458309b029b5ffb3175d0ba0f199cb29b28eb5ffe375c0af3b48,structures/x1180a_x1180b/A71EV2A-x1180b/A71EV2A-x1180b_prepared.pdb,True,171224,1ca411384060eb81accd5e3e2d7a98fd2dc6992fe85865a615a4a09ead7abcc4,structures/x1180a_x1180b/A71EV2A-x1180b/A71EV2A-x1180b_ligand_ref.sdf,True,627,4536949fd6e38b417ccde93a04fc6d222584cc38c010065b91dd8bce9c414f1d,structures/x1180a_x1180b/A71EV2A-x1180b/A71EV2A-x1180b_ligand_prepared.sdf,True,876,fdf3c3442933ee0683af7b233ef22c6a3eea8efde5b9478a48ece3ca2eac8b64,2242,2204,38,12,2112,2112,,,True,1,6,6,0,C:3;Cl:1;N:2,True,1,9,6,0,C:3;Cl:1;H:3;N:2
105,A71EV2A-x1209a,x1209a,Brc1ncc[nH]1,,False,True,True,True,False,47.4677,92.8571,44.0772,structures/x1209a/A71EV2A-x1209a,structures/x1209a/A71EV2A-x1209a/A71EV2A-x1209a_complex_ref.pdb,True,185585,490c25ce70ef99e355954466c0b4f3093e6770c0e0db7645764e2dc33211b1b1,structures/x1209a/A71EV2A-x1209a/A71EV2A-x1209a_prepared.pdb,True,171224,efad9ea4735a84c2cea3edca68a8f7375d3a6f7572b396853ce840594ab5a9a8,structures/x1209a/A71EV2A-x1209a/A71EV2A-x1209a_ligand_ref.sdf,True,627,e2d46be8e5b57867f946f4102eb71c2164f8c13ed033a24491ce154f577e3ac9,structures/x1209a/A71EV2A-x1209a/A71EV2A-x1209a_ligand_prepared.sdf,True,876,02795c9de24442da4331bb20ee4a39c8c557d656c1856b27b3140d431a90a362,2219,2196,23,6,2112,2112,,,True,1,6,6,0,Br:1;C:3;N:2,True,1,9,6,0,Br:1;C:3;H:3;N:2
106,A71EV2A-x1255a,x1255a,COCCn1ccc(Br)cc1=O,,False,True,True,True,False,42.6176,93.3333,39.7764,structures/x1255a/A71EV2A-x1255a,structures/x1255a/A71EV2A-x1255a/A71EV2A-x1255a_complex_ref.pdb,True,185828,d99e826f8ad4ab339a278e300874a5fd015253686c864c288f6fbebff588946a,structures/x1255a/A71EV2A-x1255a/A71EV2A-x1255a_prepared.pdb,True,171224,2cc4f39b61f323c2969ae3207bf3210bae4dd46249d70d4f6b6920303658dffb,structures/x1255a/A71EV2A-x1255a/A71EV2A-x1255a_ligand_ref.sdf,True,1125,5991e0922184765ea539b96141beb0320be70e31424e12216ab034b237946e8a,structures/x1255a/A71EV2A-x1255a/A71EV2A-x1255a_ligand_prepared.sdf,True,1955,d5a1e470dcd16ef052748fc0670b99edaf1cb2c109b69e9a353502403d433f54,2222,2190,32,12,2112,2112,,,True,1,12,12,0,Br:1;C:8;N:1;O:2,True,1,22,12,0,Br:1;C:8;H:10;N:1;O:2
107,A71EV2A-x1292a,x1292a,O=C(NC1CC1)c1ccccc1O,,False,True,True,True,False,44.4962,87.5,38.9342,structures/x1292a/A71EV2A-x1292a,structures/x1292a/A71EV2A-x1292a/A71EV2A-x1292a_complex_ref.pdb,True,187205,b620f74aa2e7fd2b9737bafbf8efb048f62efa2b4f84235b810102e08097de8a,structures/x1292a/A71EV2A-x1292a/A71EV2A-x1292a_prepared.pdb,True,171224,b03f7ba4981cffd8b933f8602a86f9c432c65be38e0e9afd932fd923230bb27d,structures/x1292a/A71EV2A-x1292a/A71EV2A-x1292a_ligand_ref.sdf,True,1221,38922c2613ec87d1c7e3e87b18424bd857e8aceb0968d6f43176cf1122f2c1ad,structures/x1292a/A71EV2A-x1292a/A71EV2A-x1292a_ligand_prepared.sdf,True,2134,e7bcf51dd2f9a032f654c013aa9d6a8f79a101d534f0ebf687bb282997b791fc,2239,2204,35,13,2112,2112,,,True,1,13,13,0,C:10;N:1;O:2,True,1,24,13,0,C:10;H:11;N:1;O:2
108,A71EV2A-x1293a,x1293a,Nc1nnc2ccccn12,,False,True,True,True,False,45.2486,30,13.5746,structures/x1293a/A71EV2A-x1293a,structures/x1293a/A71EV2A-x1293a/A71EV2A-x1293a_complex_ref.pdb,True,185828,fa7e157c282edf702e88b9ae8c98107d12bad83451dc17c1d5d7314746ade0c1,structures/x1293a/A71EV2A-x1293a/A71EV2A-x1293a_prepared.pdb,True,171224,b6421ef2ddc3e5d7390063a87c6fdaec47872ea2a535da5020c5c26854f74ef7,structures/x1293a/A71EV2A-x1293a/A71EV2A-x1293a_ligand_ref.sdf,True,972,722634ec234814a81a0ebb974cfd46b3bacd9874e9de78326d7eb390ec6a2a2f,structures/x1293a/A71EV2A-x1293a/A71EV2A-x1293a_ligand_prepared.sdf,True,1470,62e920201fddbd67f4155f792d6932f9f62a2e94e45b3fa0437a4c8a7900823a,2222,2190,32,10,2112,2112,,,True,1,10,10,0,C:6;N:4,True,1,16,10,0,C:6;H:6;N:4
109,A71EV2A-x1346a,x1346a,Cc1nn(C)c(C)c1CC(=O)N[C@@H](CNC(=O)CCl)c1ccc2ccccc2c1,4.6608,False,False,True,True,False,37.7709,87.5,33.0496,structures/x1346a/A71EV2A-x1346a,structures/x1346a/A71EV2A-x1346a/A71EV2A-x1346a_complex_ref.pdb,True,187693,3d82342469337ff456813acc7530ebb15eb46c4611e0d83c4eb3de86146378f9,structures/x1346a/A71EV2A-x1346a/A71EV2A-x1346a_prepared.pdb,True,171224,b24634f4d62bc13903cb6510ea11ff3646a4d43f9051651d8dc611805859caf6,structures/x1346a/A71EV2A-x1346a/A71EV2A-x1346a_ligand_ref.sdf,True,2562,56e006b4cdf09bf57976974e020e8406ed2aad47e1155f955471a3b06a8bd8c2,structures/x1346a/A71EV2A-x1346a/A71EV2A-x1346a_ligand_prepared.sdf,True,4637,8ea6cda383717b09d457db16246ccd2f31b2f7c837fdea33bf99d88284e5d166,2244,2190,54,29,2112,2112,,,True,1,29,29,0,C:22;Cl:1;N:4;O:2,True,1,54,29,0,C:22;Cl:1;H:25;N:4;O:2
110,A71EV2A-x1445a,x1445a_x1445b,COc1cc(NC(=O)C[C@@H](C)C(F)(F)F)n(C)n1,4.632,False,False,True,True,False,39.8145,82.3529,32.7884,structures/x1445a_x1445b/A71EV2A-x1445a,structures/x1445a_x1445b/A71EV2A-x1445a/A71EV2A-x1445a_complex_ref.pdb,True,186233,f3befe96d703711c68ad6839f0fcd3525299ff743a6f0f64ac49281c13667983,structures/x1445a_x1445b/A71EV2A-x1445a/A71EV2A-x1445a_prepared.pdb,True,171224,baab16daebbb23c747dd1afe20230c267898ebe900dc4fb7a65ab85246817a5f,structures/x1445a_x1445b/A71EV2A-x1445a/A71EV2A-x1445a_ligand_ref.sdf,True,1623,ac72b5b2162c84d89dc143b92ec3cdef334e866e795e8e4cd461ed02af960460,structures/x1445a_x1445b/A71EV2A-x1445a/A71EV2A-x1445a_ligand_prepared.sdf,True,2785,e5cc00c2ab1c322fb3769fb389f41eeed43d80caaee90a1dfcdcd3157fba148b,2228,2196,32,18,2112,2112,,,True,1,18,18,0,C:10;F:3;N:3;O:2,True,1,32,18,0,C:10;F:3;H:14;N:3;O:2
111,A71EV2A-x1445b,x1445a_x1445b,COc1cc(NC(=O)C[C@@H](C)C(F)(F)F)n(C)n1,4.632,False,False,True,True,False,49.8051,66.6667,33.2034,structures/x1445a_x1445b/A71EV2A-x1445b,structures/x1445a_x1445b/A71EV2A-x1445b/A71EV2A-x1445b_complex_ref.pdb,True,186152,2999c32556f7c937f2e48b1d05cec0512bf7ca02412106039dc8995e637076a5,structures/x1445a_x1445b/A71EV2A-x1445b/A71EV2A-x1445b_prepared.pdb,True,171224,8a56cf5450152556706404bc9a3b7615e170ad7ae432078ebedec3dfcf1a3a0a,structures/x1445a_x1445b/A71EV2A-x1445b/A71EV2A-x1445b_ligand_ref.sdf,True,1623,fc3b7c88e19135cc854a8b66f751ca2c3ae2a2a4e5fa3a7629b950b4b2cee197,structures/x1445a_x1445b/A71EV2A-x1445b/A71EV2A-x1445b_ligand_prepared.sdf,True,2785,4b78ffbd5ce827317d0ea08cc3f381f44c37f99a440f38695fb3ca935cd95f66,2227,2196,31,18,2112,2112,,,True,1,18,18,0,C:10;F:3;N:3;O:2,True,1,32,18,0,C:10;F:3;H:14;N:3;O:2
112,A71EV2A-x1776a,x1776a,CC(=O)Nc1ccc(C(=O)[C@H](C)S)cc1,4.1807,True,False,False,False,False,42.9338,86.3636,37.0792,structures/x1776a/A71EV2A-x1776a,structures/x1776a/A71EV2A-x1776a/A71EV2A-x1776a_complex_ref.pdb,True,200556,bc1b033b0c0fbbfe346a94aa9b230e1505af8335105ac0d6f84e76cee6b2dfc1,structures/x1776a/A71EV2A-x1776a/A71EV2A-x1776a_prepared.pdb,True,171224,ea6276d572f5e5e3f99063a34b497ce7d39a18336069778760f25b6e9fa822a5,structures/x1776a/A71EV2A-x1776a/A71EV2A-x1776a_ligand_ref.sdf,True,1374,e82b07620b668f0f0d26b4e5754c85de3cd3594c3b04321c1dc8edd900675973,structures/x1776a/A71EV2A-x1776a/A71EV2A-x1776a_ligand_prepared.sdf,True,2453,d72f91cbc644bf4ad29d64a80688614719adac32e8206fd38f8f29db99562db0,1148,1110,38,14,2112,2112,,,True,1,15,15,0,C:11;N:1;O:2;S:1,True,1,28,15,0,C:11;H:13;N:1;O:2;S:1
113,A71EV2A-x1778a,x1778a,CC(=O)N1CCc2cc(C(=O)[C@H](C)S)ccc21,5.1514,True,False,False,False,False,50.6291,87.5,44.3004,structures/x1778a/A71EV2A-x1778a,structures/x1778a/A71EV2A-x1778a/A71EV2A-x1778a_complex_ref.pdb,True,98915,37ffff9fb6d63a7f6a930561ecd2d15e09f9052a523a6ff23cfa03438598fad8,structures/x1778a/A71EV2A-x1778a/A71EV2A-x1778a_prepared.pdb,True,171224,20d1a073ccde0a41bfb216338ba14300b7d0e3d9da71b5df4f386d392f4699c9,structures/x1778a/A71EV2A-x1778a/A71EV2A-x1778a_ligand_ref.sdf,True,1553,9306503b818b0777c16b4e9e4e39a656c34f6473507acf37702dd14ab00ea955,structures/x1778a/A71EV2A-x1778a/A71EV2A-x1778a_ligand_prepared.sdf,True,2798,93f063e2a8086020d8719ace4cc84a7369e29575a45ba6ee070b08ff09ac3852,1148,1105,43,16,2112,2112,,,True,1,17,17,0,C:13;N:1;O:2;S:1,True,1,32,17,0,C:13;H:15;N:1;O:2;S:1
114,A71EV2A-x2290a,x2290a,CNC(=O)c1nn(C)c2ccccc12,5.3762,False,False,True,False,False,50.7497,95,48.2122,structures/x2290a/A71EV2A-x2290a,structures/x2290a/A71EV2A-x2290a/A71EV2A-x2290a_complex_ref.pdb,True,99711,115e98eea11fa94638e88e686fe4a4bda818c12dd4884ee141558e5d4cf63e7a,structures/x2290a/A71EV2A-x2290a/A71EV2A-x2290a_prepared.pdb,True,170009,dbdc498f9908eb64fc11984e1158eed91c9258b34de0dfbe41682733c5567b04,structures/x2290a/A71EV2A-x2290a/A71EV2A-x2290a_ligand_ref.sdf,True,1304,dbf436685b7a927d5b75e5315f3eacabb9eaf0bd722ad54e15bbca1980f5669b,structures/x2290a/A71EV2A-x2290a/A71EV2A-x2290a_ligand_prepared.sdf,True,2217,4f39ddd0b0a45b8a2f0b544d34d01a7e630a56d29135364b7f58bb9e06912cd3,1116,1074,42,14,2097,2097,,,True,1,14,14,0,C:10;N:3;O:1,True,1,25,14,0,C:10;H:11;N:3;O:1
115,A71EV2A-x2293a,x2293a,Cn1nc(C(=O)NC[C@@H]2Cc3ccccc3CN2)c2ccccc21,5.0414,False,False,True,False,False,38.5734,86.9565,33.5421,structures/x2293a/A71EV2A-x2293a,structures/x2293a/A71EV2A-x2293a/A71EV2A-x2293a_complex_ref.pdb,True,100683,39de461a433da3d61203264e99f349966e999c54e89565fc5ae133f4b60aac8d,structures/x2293a/A71EV2A-x2293a/A71EV2A-x2293a_prepared.pdb,True,171224,aede5750d29eeba570fda53ed0e71d9eb88e0c436cc8c6dd214b3333d4049ac3,structures/x2293a/A71EV2A-x2293a/A71EV2A-x2293a_ligand_ref.sdf,True,2160,bc0ccf4368ac59d60609bf5c6b10b70fd1c209013562134faf1e347ce006a07b,structures/x2293a/A71EV2A-x2293a/A71EV2A-x2293a_ligand_prepared.sdf,True,3921,0cc1d328c1c4da558d5014c94ca51d6ab52caf4e0e74973a6caad713e51fb116,1129,1083,46,24,2112,2112,,,True,1,24,24,0,C:19;N:4;O:1,True,1,45,24,1,C:19;H:21;N:4;O:1
116,A71EV2A-x2304a,x2304a,Cn1nc(C(=O)Nc2cn[nH]c2)c2ccccc21,4.7784,False,False,True,False,False,47.1518,95.4545,45.0086,structures/x2304a/A71EV2A-x2304a,structures/x2304a/A71EV2A-x2304a/A71EV2A-x2304a_complex_ref.pdb,True,101493,e85aaee672cbb7e27d9d3c37950701de72d90249684041ad7a29748476795cc1,structures/x2304a/A71EV2A-x2304a/A71EV2A-x2304a_prepared.pdb,True,171224,bf2460eed4a0c71892808c7b2c4f44c96117850ea838a8183447c0a697b559ae,structures/x2304a/A71EV2A-x2304a/A71EV2A-x2304a_ligand_ref.sdf,True,1649,7ed8c3366f1d0ceaaaf9096da15f3b56be4813ca35561f27fbd6bc24c43817b8,structures/x2304a/A71EV2A-x2304a/A71EV2A-x2304a_ligand_prepared.sdf,True,2562,c01d2ff7051036a54eb183eb29f886ce6639e8cbb4ce8b2084487cc22e6a432e,1138,1091,47,18,2112,2112,,,True,1,18,18,0,C:12;N:5;O:1,True,1,29,18,0,C:12;H:11;N:5;O:1
117,A71EV2A-x2339a,x2339a,Cn1nc(C(=O)NC2CC2)c2cc(F)ccc21,4.8874,False,False,True,False,False,46.4926,96,44.6329,structures/x2339a/A71EV2A-x2339a,structures/x2339a/A71EV2A-x2339a/A71EV2A-x2339a_complex_ref.pdb,True,100602,5793f95fa494fe6814c763cc43b4f44691a99daabb393311a026885ab6221a10,structures/x2339a/A71EV2A-x2339a/A71EV2A-x2339a_prepared.pdb,True,170009,5e709f05d230fa7d4ddeadd0f30d9aa5ea72a323237a1788edd5df2f68a99591,structures/x2339a/A71EV2A-x2339a/A71EV2A-x2339a_ligand_ref.sdf,True,1566,05b03976eee6ec9b6e64c400317c930d203b92c19a39471c5626835789ccf349,structures/x2339a/A71EV2A-x2339a/A71EV2A-x2339a_ligand_prepared.sdf,True,2562,18b64338d63caf0f97b8f0e5c935fbb430753cc2f0574369daadd830a5e917eb,1126,1082,44,17,2097,2097,,,True,1,17,17,0,C:12;F:1;N:3;O:1,True,1,29,17,0,C:12;F:1;H:12;N:3;O:1
118,A71EV2A-x2351a,x2351a,Cn1nc(C(N)=O)c2cc(F)ccc21,5.0507,False,False,True,False,False,45.6079,92,41.9593,structures/x2351a/A71EV2A-x2351a,structures/x2351a/A71EV2A-x2351a/A71EV2A-x2351a_complex_ref.pdb,True,102141,f6d8e3a6e0d457a56b66023ee97854c1b6358897a3fdc2c44cfd67338324cfcf,structures/x2351a/A71EV2A-x2351a/A71EV2A-x2351a_prepared.pdb,True,171224,87f9194ab6f2bc9b16b934122a72d798161054246571d915c54ea696a17e726b,structures/x2351a/A71EV2A-x2351a/A71EV2A-x2351a_ligand_ref.sdf,True,1304,aae44c6f41e5b558cffdbf72438f491e1cffa7faa7672f5fddc15382ddeb8c7f,structures/x2351a/A71EV2A-x2351a/A71EV2A-x2351a_ligand_prepared.sdf,True,1968,0c139a9587327dda719a76e3962bf3ece1258f8e988189d483e9a8560a6c4cbf,1145,1103,42,14,2112,2112,,,True,1,14,14,0,C:9;F:1;N:3;O:1,True,1,22,14,0,C:9;F:1;H:8;N:3;O:1
119,A71EV2A-x2448a,x0428a_x2448a_x2448b,CN(C)S(=O)(=O)c1cccnc1,5.1075,False,True,True,False,False,60.7374,12.5,7.5922,structures/x0428a_x2448a_x2448b/A71EV2A-x2448a,structures/x0428a_x2448a_x2448b/A71EV2A-x2448a/A71EV2A-x2448a_complex_ref.pdb,True,103032,fe197ea17bbedcf7ebc9846eee8f154973690f52a344274bd703588a2d8aa817,structures/x0428a_x2448a_x2448b/A71EV2A-x2448a/A71EV2A-x2448a_prepared.pdb,True,171224,8189cb1c65565dc1d048e07d216e3168135f49e0ea982a829e1d08c54529dffd,structures/x0428a_x2448a_x2448b/A71EV2A-x2448a/A71EV2A-x2448a_ligand_ref.sdf,True,1126,5f8cde8ff01fdbb6183000e0017787931cd1402f01c9975f579a83e859e22748,structures/x0428a_x2448a_x2448b/A71EV2A-x2448a/A71EV2A-x2448a_ligand_prepared.sdf,True,1955,0469ebe856fb60625d058ce63e74950893380ec2ab58a22a47230aa01f2a1cfb,1155,1097,58,24,2112,2112,,,True,1,12,12,0,C:7;N:2;O:2;S:1,True,1,22,12,0,C:7;H:10;N:2;O:2;S:1
120,A71EV2A-x2448b,x0428a_x2448a_x2448b,CN(C)S(=O)(=O)c1cccnc1,5.1075,False,True,True,False,False,60.7374,12.5,7.5922,structures/x0428a_x2448a_x2448b/A71EV2A-x2448b,structures/x0428a_x2448a_x2448b/A71EV2A-x2448b/A71EV2A-x2448b_complex_ref.pdb,True,103032,fe197ea17bbedcf7ebc9846eee8f154973690f52a344274bd703588a2d8aa817,structures/x0428a_x2448a_x2448b/A71EV2A-x2448b/A71EV2A-x2448b_prepared.pdb,True,171224,17609e1fa5ad7c7f143bcc6e72fb9b697d446d5d04501b306116ea1cc34df6ed,structures/x0428a_x2448a_x2448b/A71EV2A-x2448b/A71EV2A-x2448b_ligand_ref.sdf,True,1125,f4f6ef6329fdabd14883dcba788de2f259e62efb039c240a7bc383c93b1689b0,structures/x0428a_x2448a_x2448b/A71EV2A-x2448b/A71EV2A-x2448b_ligand_prepared.sdf,True,1955,d82b32c87f4193222d6743a6d41d2c724ca995cbe68c2cdc7898d6dcad99c869,1155,1097,58,24,2112,2112,,,True,1,12,12,0,C:7;N:2;O:2;S:1,True,1,22,12,0,C:7;H:10;N:2;O:2;S:1
121,A71EV2A-x2454a,x0884a_x2454a,CC(=O)Nc1cccc(NC(N)=O)c1,4.9431,False,True,True,False,False,43.5116,95.4545,41.5338,structures/x0884a_x2454a/A71EV2A-x2454a,structures/x0884a_x2454a/A71EV2A-x2454a/A71EV2A-x2454a_complex_ref.pdb,True,99482,52d5181fadde700057ddba505762e3cee54b2f54a96006e50c591e28d5397ed2,structures/x0884a_x2454a/A71EV2A-x2454a/A71EV2A-x2454a_prepared.pdb,True,171224,110519611726a254cfe6e6bd7c47c3dda6af9faa6347db058abfb2c8face8f4e,structures/x0884a_x2454a/A71EV2A-x2454a/A71EV2A-x2454a_ligand_ref.sdf,True,1291,5362c79768aab5c50b4c296f37ff81c124216230e11a0fbd90231feb8d0a2e02,structures/x0884a_x2454a/A71EV2A-x2454a/A71EV2A-x2454a_ligand_prepared.sdf,True,2204,a6147f6afa96c1540f69c1e563e1fc0b5aeb9a561be1d13e9cea02d1968b268b,1155,1109,46,14,2112,2112,,,True,1,14,14,0,C:9;N:3;O:2,True,1,25,14,0,C:9;H:11;N:3;O:2
122,A71EV2A-x2458a,x0332a_x2458a,CNS(=O)(=O)c1ccccc1Cl,6.0349,False,True,True,False,False,55.6261,12.5,6.9533,structures/x0332a_x2458a/A71EV2A-x2458a,structures/x0332a_x2458a/A71EV2A-x2458a/A71EV2A-x2458a_complex_ref.pdb,True,101574,eeff58a1939df73d01eff767dbd97c11ec6ba4450e0d3763733e3da01181342f,structures/x0332a_x2458a/A71EV2A-x2458a/A71EV2A-x2458a_prepared.pdb,True,171224,b1f609c302c77b03147fe188b49bc6f580a7043952d3b614e2aa6b9c60a65687,structures/x0332a_x2458a/A71EV2A-x2458a/A71EV2A-x2458a_ligand_ref.sdf,True,1125,f89756e4115255c5bd1a6e5ef3db82c0ba766104b1200760f071d21813035526,structures/x0332a_x2458a/A71EV2A-x2458a/A71EV2A-x2458a_ligand_prepared.sdf,True,1789,2d2c47fdd36281a468027e42ec248d14491a99016f4f62dd661ae4c6398fb3e7,1138,1097,41,12,2112,2112,,,True,1,12,12,0,C:7;Cl:1;N:1;O:2;S:1,True,1,20,12,0,C:7;Cl:1;H:8;N:1;O:2;S:1
123,A71EV2A-x2513a,x2513a,COc1ccc(Cl)c2c1C(=O)C(=O)N2,4.6289,False,False,True,False,False,54.5706,88.8889,48.5072,structures/x2513a/A71EV2A-x2513a,structures/x2513a/A71EV2A-x2513a/A71EV2A-x2513a_complex_ref.pdb,True,100116,2582bdca17e8305338c38237c4cc01000aa7fb9c8619ecea3240cd90e76ad1fe,structures/x2513a/A71EV2A-x2513a/A71EV2A-x2513a_prepared.pdb,True,171224,55a0581a70d48a4d2333039f8471826f18b4f5b4da083ed285912b03ce69dd48,structures/x2513a/A71EV2A-x2513a/A71EV2A-x2513a_ligand_ref.sdf,True,1304,c5b829d8a2900d9548032c2998b64d1d93f3970f2ca2c9d539f081cdf7d8ac64,structures/x2513a/A71EV2A-x2513a/A71EV2A-x2513a_ligand_prepared.sdf,True,1802,9d48782738e40db85014fd24689ec9dce08bd479b79058a7284acda1065d43c3,1124,1099,25,14,2112,2112,,,True,1,14,14,0,C:9;Cl:1;N:1;O:3,True,1,20,14,0,C:9;Cl:1;H:6;N:1;O:3
124,A71EV2A-x2629a,x2629a,COc1ccccc1NC(=O)Nc1cccnc1,4.7409,False,False,True,False,False,52.4359,75,39.3269,structures/x2629a/A71EV2A-x2629a,structures/x2629a/A71EV2A-x2629a/A71EV2A-x2629a_complex_ref.pdb,True,102222,78e5518cce36b58ba3e687ac66133e836c4437640698dc0a7d4ae72bf3bb7d7b,structures/x2629a/A71EV2A-x2629a/A71EV2A-x2629a_prepared.pdb,True,171224,502b0ea2187f7508b90d966273e49afd971b54cf756ff011c03c2b1f7c508145,structures/x2629a/A71EV2A-x2629a/A71EV2A-x2629a_ligand_ref.sdf,True,1636,ed3c0836e94e5892ab90229129b0cba602dd23a2220e51882e86e99990119994,structures/x2629a/A71EV2A-x2629a/A71EV2A-x2629a_ligand_prepared.sdf,True,2715,f194e1f27c3803cee670bb1929e36a4cc6e12029ef50a0d1b9e25d841cb8dddf,1147,1108,39,18,2112,2112,,,True,1,18,18,0,C:13;N:3;O:2,True,1,31,18,0,C:13;H:13;N:3;O:2
125,A71EV2A-x2846a,x2846a,Cn1nc(C(=O)NCCc2cocn2)c2ccccc21,,False,False,True,False,False,46.5693,92.3077,42.987,structures/x2846a/A71EV2A-x2846a,structures/x2846a/A71EV2A-x2846a/A71EV2A-x2846a_complex_ref.pdb,True,101898,6aacd992ad84f97cf5df8479071c931ba2e0d09bdbb3f6aed8934fb451585970,structures/x2846a/A71EV2A-x2846a/A71EV2A-x2846a_prepared.pdb,True,171224,485a193eaf3ddd4d8dea8c94122846aa793207bc1e1aecdf166949369ab4f112,structures/x2846a/A71EV2A-x2846a/A71EV2A-x2846a_ligand_ref.sdf,True,1815,c5ea14f9770d1aa201c92f30673902cad55dd7da771e75abaa036e1c49c35e9b,structures/x2846a/A71EV2A-x2846a/A71EV2A-x2846a_ligand_prepared.sdf,True,2977,d64bac518b870eb09f56e4f2541dfbd4c0170ffcb1141050a1aedc208b415b10,1144,1097,47,20,2112,2112,,,True,1,20,20,0,C:14;N:4;O:2,True,1,34,20,0,C:14;H:14;N:4;O:2
126,A71EV2A-x2972a,x2972a,Cn1nc(C(=O)NCc2c[nH]cn2)c2ccccc21,,False,False,True,False,False,47.4235,92.3077,43.7755,structures/x2972a/A71EV2A-x2972a,structures/x2972a/A71EV2A-x2972a/A71EV2A-x2972a_complex_ref.pdb,True,202253,c8d8e9f78f06b8f9752255ea6a53f5a62c20847e75464f709e184a1013a43b5b,structures/x2972a/A71EV2A-x2972a/A71EV2A-x2972a_prepared.pdb,True,171224,126e259295c0c8dc1eb458f00507b3ca3e20c43f4327a03ee7866e5e19da30c0,structures/x2972a/A71EV2A-x2972a/A71EV2A-x2972a_ligand_ref.sdf,True,1732,89a047dd20f915ba7a44a717eab5fecd71199ecddd8bade0049b7e290e23bcd9,structures/x2972a/A71EV2A-x2972a/A71EV2A-x2972a_ligand_prepared.sdf,True,2811,dd2f4c42c0f0eda839996b3ae50ebacb61590dc53043b739a0818a5031dceb82,1137,1099,38,19,2112,2112,,,True,1,19,19,0,C:13;N:5;O:1,True,1,32,19,0,C:13;H:13;N:5;O:1
127,A71EV2A-x3054a,x3054a,Cc1cccc(NC(=O)N2CCC[C@H](C(N)=O)C2)c1,4.2464,False,False,True,True,False,48.3243,95.8333,46.3108,structures/x3054a/A71EV2A-x3054a,structures/x3054a/A71EV2A-x3054a/A71EV2A-x3054a_complex_ref.pdb,True,198201,9bcfb0e7cda8a310c2ff11f88e0f241260c008b44dbbbf1b8971962a37b90060,structures/x3054a/A71EV2A-x3054a/A71EV2A-x3054a_prepared.pdb,True,170009,5611d29df4e73ccc55971832e61795a47b1491fb047c475758ea7c5d32d7dcf5,structures/x3054a/A71EV2A-x3054a/A71EV2A-x3054a_ligand_ref.sdf,True,1719,ecbc7d44d65038ae4e9c1164c8151188ed06140178448a5bc644eaa16dcc3dfb,structures/x3054a/A71EV2A-x3054a/A71EV2A-x3054a_ligand_prepared.sdf,True,3296,b3d83e31f4216270c0c75acac86fdb9912b1c827a6e2ab30df8e2bd8e6af6edd,1108,1077,31,19,2097,2097,,,True,1,19,19,0,C:14;N:3;O:2,True,1,38,19,0,C:14;H:19;N:3;O:2
128,A71EV2A-x3066a,x0451a_x3066a,CNC(=O)c1cn(C)c2ccccc12,4.8228,False,True,True,False,False,42.1924,95.2381,40.1832,structures/x0451a_x3066a/A71EV2A-x3066a,structures/x0451a_x3066a/A71EV2A-x3066a/A71EV2A-x3066a_complex_ref.pdb,True,101979,49fd776a13092f4c2bd8ebe4cfde327e522f6bebd869e4b83919507660705ea7,structures/x0451a_x3066a/A71EV2A-x3066a/A71EV2A-x3066a_prepared.pdb,True,171224,f3f08962ca2dd84d25c37843f02428d30087bc70706b15f514fc277affb6246d,structures/x0451a_x3066a/A71EV2A-x3066a/A71EV2A-x3066a_ligand_ref.sdf,True,1304,5d108a557593396f0a43314182d6917b90f803ef239d4153527d7fd2a85748c3,structures/x0451a_x3066a/A71EV2A-x3066a/A71EV2A-x3066a_ligand_prepared.sdf,True,2300,2c822548079db5d1ebd4cf04504049fdeb0165a58509a5ddb1eaaf6a7978f7aa,1143,1097,46,14,2112,2112,,,True,1,14,14,0,C:11;N:2;O:1,True,1,26,14,0,C:11;H:12;N:2;O:1
129,A71EV2A-x3175a,x3175a,Cc1cc(CNC(=O)c2cn(C)c3ccccc23)on1,4.9536,False,False,True,True,False,54.5242,70,38.1669,structures/x3175a/A71EV2A-x3175a,structures/x3175a/A71EV2A-x3175a/A71EV2A-x3175a_complex_ref.pdb,True,380616,564ff9e6ec18f7321036ebdb799bdd6efa9d33bccfba11d767a84ff5718f4846,structures/x3175a/A71EV2A-x3175a/A71EV2A-x3175a_prepared.pdb,True,171224,48f51a5ee3bd6f20a4668e886b88491920e7e51be040920cbd789fb559421171,structures/x3175a/A71EV2A-x3175a/A71EV2A-x3175a_ligand_ref.sdf,True,1815,fb904fa9c9bafd579741c6e6d38637f38cae1240f6818aa49d2caab9cba81d33,structures/x3175a/A71EV2A-x3175a/A71EV2A-x3175a_ligand_prepared.sdf,True,3060,635827b46075ac613ca4f308818662db8b11455a3322398f3757977129a3a430,2222,2177,45,20,2112,2112,,,True,1,20,20,0,C:15;N:3;O:2,True,1,35,20,0,C:15;H:15;N:3;O:2
130,A71EV2A-x3176a,x3176a,COC[C@H](C)NC(=O)c1nn(C)c2ccccc12,4.7471,False,False,True,True,False,46.8025,92.3077,43.2023,structures/x3176a/A71EV2A-x3176a,structures/x3176a/A71EV2A-x3176a/A71EV2A-x3176a_complex_ref.pdb,True,378835,20650225eac4d7edeff19342d913067a30e73ac0b9efb276e49669a249311e8f,structures/x3176a/A71EV2A-x3176a/A71EV2A-x3176a_prepared.pdb,True,171224,7b4f3f14d6f601b065dabc1606a51dd4b1624aa405e22630b8005ef5fe06284b,structures/x3176a/A71EV2A-x3176a/A71EV2A-x3176a_ligand_ref.sdf,True,1636,452908e7cf992424933cdd90c0a4a212288b128e2e0bc386dd44b294b2e94112,structures/x3176a/A71EV2A-x3176a/A71EV2A-x3176a_ligand_prepared.sdf,True,3047,c6f9e3405fa2ffccb2168c8f5f98c0c4dec92f23bf96c076d3772c10c63875bd,2218,2180,38,18,2112,2112,,,True,1,18,18,0,C:13;N:3;O:2,True,1,35,18,0,C:13;H:17;N:3;O:2
131,A71EV2A-x3177a,x3177a,Cn1nc(C(=O)N[C@H]2C[C@H]2CO)c2ccccc21,4.8959,False,False,True,True,False,47.4533,92,43.6571,structures/x3177a/A71EV2A-x3177a,structures/x3177a/A71EV2A-x3177a/A71EV2A-x3177a_complex_ref.pdb,True,380049,fafcd745f2aaf6abd80e27af92c0d5b1af1115a21cd230c1546ae257238315f6,structures/x3177a/A71EV2A-x3177a/A71EV2A-x3177a_prepared.pdb,True,171224,6f68fa028cbc14ff69643c4f1c772931c888f86e3ae0e486c721872c263506aa,structures/x3177a/A71EV2A-x3177a/A71EV2A-x3177a_ligand_ref.sdf,True,1649,dc3131c3dd532075200962b8f5bd953d335e3733bc1b550e2b117f326966a66a,structures/x3177a/A71EV2A-x3177a/A71EV2A-x3177a_ligand_prepared.sdf,True,2894,0891e2663d0871c0544e27f4ac71c0b6a14cc8ab26a03559e8c84191c8e2bf66,2229,2183,46,18,2112,2112,,,True,1,18,18,0,C:13;N:3;O:2,True,1,33,18,0,C:13;H:15;N:3;O:2
132,A71EV2A-x3178a,x3178a,Cn1nc(C(=O)N[C@H]2CCOC2)c2ccccc21,5.0623,False,False,True,True,False,44.4982,92.5926,41.202,structures/x3178a/A71EV2A-x3178a,structures/x3178a/A71EV2A-x3178a/A71EV2A-x3178a_complex_ref.pdb,True,376973,f6ceee603d3c77c6ea55926b7814ca2e25cb64414e7a26350a4811ae32b6935b,structures/x3178a/A71EV2A-x3178a/A71EV2A-x3178a_prepared.pdb,True,171224,6410ee46a1622a5833115b35d7b1d9d6e873f32efcb4ea235593673ee90c98ce,structures/x3178a/A71EV2A-x3178a/A71EV2A-x3178a_ligand_ref.sdf,True,1649,c41c6000cd805f0ffca6af6c735ada410aea5f0471b1350617dc2c62332a8809,structures/x3178a/A71EV2A-x3178a/A71EV2A-x3178a_ligand_prepared.sdf,True,2894,e0f1ffd240fb824add9e453f673fccad9b2bfea7d6eb77bea6b58940809ae2b6,2218,2177,41,18,2112,2112,,,True,1,18,18,0,C:13;N:3;O:2,True,1,33,18,0,C:13;H:15;N:3;O:2
133,A71EV2A-x3181a,x3181a_x3181b,Cn1nc(C(=O)NCCn2cncn2)c2ccccc21,4.9396,False,False,True,True,False,40.7181,88.8889,36.1939,structures/x3181a_x3181b/A71EV2A-x3181a,structures/x3181a_x3181b/A71EV2A-x3181a/A71EV2A-x3181a_complex_ref.pdb,True,199904,1251bff6ff1221607bc0562d074089c616cc6a5351dc02824abac09ab9a16380,structures/x3181a_x3181b/A71EV2A-x3181a/A71EV2A-x3181a_prepared.pdb,True,170009,ddfcc6f49303776c0713e1f2eb15c876c563340fa83cef36736e2fb56cd58438,structures/x3181a_x3181b/A71EV2A-x3181a/A71EV2A-x3181a_ligand_ref.sdf,True,1815,7837e8845e1057b30ef26d84fffb0a5c111abe074dd932e184ad5ca9954a17bd,structures/x3181a_x3181b/A71EV2A-x3181a/A71EV2A-x3181a_ligand_prepared.sdf,True,2977,7d7dcf9e1cc061578b964b96999f24333cd2b0bdc7e9efc22ca06b8f2b5ea5c7,1136,1088,48,20,2097,2097,,,True,1,20,20,0,C:13;N:6;O:1,True,1,34,20,0,C:13;H:14;N:6;O:1
134,A71EV2A-x3181b,x3181a_x3181b,Cn1nc(C(=O)NCCn2cncn2)c2ccccc21,4.9396,False,False,True,True,False,47.9308,54.5455,26.1441,structures/x3181a_x3181b/A71EV2A-x3181b,structures/x3181a_x3181b/A71EV2A-x3181b/A71EV2A-x3181b_complex_ref.pdb,True,200309,29da0c006e62f253cba57359636c8421b189ba56537e06fdacef2d9e3bfb0f87,structures/x3181a_x3181b/A71EV2A-x3181b/A71EV2A-x3181b_prepared.pdb,True,170009,0cfdd7a40bd37c02782c879c972e3ff349f193a0e56ae9d0c08e70a4b2b66d8b,structures/x3181a_x3181b/A71EV2A-x3181b/A71EV2A-x3181b_ligand_ref.sdf,True,1815,98f866e120bc2ac30fd109bcbbe30df47df8435e8c5c3216c3282fba64d01eb9,structures/x3181a_x3181b/A71EV2A-x3181b/A71EV2A-x3181b_ligand_prepared.sdf,True,2977,508fb9e295013992c6e97e3e583d3f584f51e399813bfe484cd79e8cbe3997d3,1141,1088,53,20,2097,2097,,,True,1,20,20,0,C:13;N:6;O:1,True,1,34,20,0,C:13;H:14;N:6;O:1
135,A71EV2A-x3186a,x3186a,COc1ccccc1CC(=O)N1CCC[C@H](C(N)=O)C1,4.1284,False,False,True,False,False,40.7401,91.3043,37.1975,structures/x3186a/A71EV2A-x3186a,structures/x3186a/A71EV2A-x3186a/A71EV2A-x3186a_complex_ref.pdb,True,98577,239421fd2d7587c5b571fa168bdc730b022a86223c0847bab73460ac6f9958ce,structures/x3186a/A71EV2A-x3186a/A71EV2A-x3186a_prepared.pdb,True,170009,a7fd72abf1734501c4d272e171de3393a27c809da7ce2ad2b152c627ff5c85c2,structures/x3186a/A71EV2A-x3186a/A71EV2A-x3186a_ligand_ref.sdf,True,1802,008802dcea9bd3e326bda3544573a585e91044854d7108062b42b24b8d0856c9,structures/x3186a/A71EV2A-x3186a/A71EV2A-x3186a_ligand_prepared.sdf,True,3462,f8daf9fb9f73856c2fc46e316add1f259aad2cbd2003f6136f4c91a242ee26b9,1106,1080,26,20,2097,2097,,,True,1,20,20,0,C:15;N:2;O:3,True,1,40,20,0,C:15;H:20;N:2;O:3
136,A71EV2A-x3188a,x3188a_x3189a_x3914a,Cn1cc2c(CC(=O)N3CCC[C@H](C(N)=O)C3)cccc2n1,,False,False,True,True,False,45.0558,95.8333,43.1785,structures/x3188a_x3189a_x3914a/A71EV2A-x3188a,structures/x3188a_x3189a_x3914a/A71EV2A-x3188a/A71EV2A-x3188a_complex_ref.pdb,True,207192,fcd4a0329100cee4ddecd2e7ad0250f10f67eaad8c1de4e6c98cc4e7206e0b3f,structures/x3188a_x3189a_x3914a/A71EV2A-x3188a/A71EV2A-x3188a_prepared.pdb,True,170009,7223dda62d7903f9358916958b296e17c4ecf260efdddb709c653ea48336bf88,structures/x3188a_x3189a_x3914a/A71EV2A-x3188a/A71EV2A-x3188a_ligand_ref.sdf,True,1981,1b94f4f701419d5218bc6e27b7aacb4656620d3ff8e5c09ede320a433fae08d8,structures/x3188a_x3189a_x3914a/A71EV2A-x3188a/A71EV2A-x3188a_ligand_prepared.sdf,True,3641,640f1f2000b320a85ac890e13637987dbcf298f32125981c194c30391fced17a,1113,1077,36,22,2097,2097,,,True,1,22,22,0,C:16;N:4;O:2,True,1,42,22,0,C:16;H:20;N:4;O:2
137,A71EV2A-x3189a,x3188a_x3189a_x3914a,Cn1cc2c(CC(=O)N3CCC[C@H](C(N)=O)C3)cccc2n1,,False,False,True,True,False,42.1467,95.8333,40.3906,structures/x3188a_x3189a_x3914a/A71EV2A-x3189a,structures/x3188a_x3189a_x3914a/A71EV2A-x3189a/A71EV2A-x3189a_complex_ref.pdb,True,200195,81e5ba97ba51cd8d3cbf488aac263c5048ccb911d63d61b34c509c762b47f4f0,structures/x3188a_x3189a_x3914a/A71EV2A-x3189a/A71EV2A-x3189a_prepared.pdb,True,170009,dee4e9923b169cecc0a027a26f7864598bdbc7714bbfe84a64f4e9a37fcc2ef1,structures/x3188a_x3189a_x3914a/A71EV2A-x3189a/A71EV2A-x3189a_ligand_ref.sdf,True,1981,40d3509c80b2e936e2de32d0f2ba5c16bdd842500626c23848931f3623c1a48a,structures/x3188a_x3189a_x3914a/A71EV2A-x3189a/A71EV2A-x3189a_ligand_prepared.sdf,True,3641,5a2d49bdcb7d6b7b78d3cf1f909b9b27ecaa1a02b7a029fa11614644f23663a3,1105,1074,31,22,2097,2097,,,True,1,22,22,0,C:16;N:4;O:2,True,1,42,22,0,C:16;H:20;N:4;O:2
138,A71EV2A-x3191a,x3191a,NC(=O)[C@H]1CCCN(C(=O)Cc2cccc3occc23)C1,3.9603,False,False,True,True,False,46.5581,95.8333,44.6181,structures/x3191a/A71EV2A-x3191a,structures/x3191a/A71EV2A-x3191a/A71EV2A-x3191a_complex_ref.pdb,True,201036,2b1fd80084ed3b392aa61d6488a5cbdd9bb4c4aacd6873acb8fae6f5489fc4df,structures/x3191a/A71EV2A-x3191a/A71EV2A-x3191a_prepared.pdb,True,170009,4a8078f94892ee825a5546949120e685c5007bb5e8992910ac60480e3bb08ddd,structures/x3191a/A71EV2A-x3191a/A71EV2A-x3191a_ligand_ref.sdf,True,1898,ae78475ad9dd06f5bc0db1762e9a09bb6dddc094ff3f5862cf82637cff89bba7,structures/x3191a/A71EV2A-x3191a/A71EV2A-x3191a_ligand_prepared.sdf,True,3392,68f040532fa22454f381df55bde9aa5e89313508b21910f3288cc93a4226a8cd,1110,1077,33,21,2097,2097,,,True,1,21,21,0,C:16;N:2;O:3,True,1,39,21,0,C:16;H:18;N:2;O:3
139,A71EV2A-x3193a,x3193a,NC(=O)[C@H]1CCCN(C(=O)Cc2ccnc(Cl)c2Br)C1,4.1622,False,False,True,True,False,42.4038,95.6522,40.5601,structures/x3193a/A71EV2A-x3193a,structures/x3193a/A71EV2A-x3193a/A71EV2A-x3193a_complex_ref.pdb,True,199175,ee7a6b81fd6d52a7ce33e626498020e275c47d383a4b7ac48a46968529bb5453,structures/x3193a/A71EV2A-x3193a/A71EV2A-x3193a_prepared.pdb,True,170009,e25499bcd12612ab3104a0d0593d65f0df2155563aabbff243f7cda6e39d02c3,structures/x3193a/A71EV2A-x3193a/A71EV2A-x3193a_ligand_ref.sdf,True,1802,9f1b561efaf0f7d44cd8555ab568b84a7cb42d74e9558adbf1bf7c3c039d5fa2,structures/x3193a/A71EV2A-x3193a/A71EV2A-x3193a_ligand_prepared.sdf,True,3047,6266b82788a767ec1d1d8077f528f60e3a703e7a46bae09dd809618152ce29b0,1108,1077,31,20,2097,2097,,,True,1,20,20,0,Br:1;C:13;Cl:1;N:3;O:2,True,1,35,20,0,Br:1;C:13;Cl:1;H:15;N:3;O:2
140,A71EV2A-x3194a,x3194a,Cc1cc(CC(=O)N2CCC[C@H](C(N)=O)C2)ccn1,,False,False,True,True,False,42.69,96,40.9824,structures/x3194a/A71EV2A-x3194a,structures/x3194a/A71EV2A-x3194a/A71EV2A-x3194a_complex_ref.pdb,True,197555,e1dd3402ae77e1316b8b03312f3075ed4d9e068fb37daacbb4f2f37053063d84,structures/x3194a/A71EV2A-x3194a/A71EV2A-x3194a_prepared.pdb,True,170009,bec4a55e58363cb24c0f27cd6ee425565ece133a86bacf7a262096603d8e4638,structures/x3194a/A71EV2A-x3194a/A71EV2A-x3194a_ligand_ref.sdf,True,1719,cfb9bce3eea1618a16ca209d117a3b872e0aa12bfd346c2d56fe05d557ee01d4,structures/x3194a/A71EV2A-x3194a/A71EV2A-x3194a_ligand_prepared.sdf,True,3296,6d31bcce08715eeeed9c78fa1e2b63751a3f1c841ddb0bd4275cc8e96e0c28e7,1109,1077,32,19,2097,2097,,,True,1,19,19,0,C:14;N:3;O:2,True,1,38,19,0,C:14;H:19;N:3;O:2
141,A71EV2A-x3201a,x3201a_x3920a_x4347a,COc1ncccc1CC(=O)N1CCC[C@H](C(N)=O)C1,4.3242,False,False,True,True,False,39.9523,95.8333,38.2877,structures/x3201a_x3920a_x4347a/A71EV2A-x3201a,structures/x3201a_x3920a_x4347a/A71EV2A-x3201a/A71EV2A-x3201a_complex_ref.pdb,True,198539,9eb6dbe923d1d2cbf246ffa9d477f59e3f540f65250f5be9218d0eda1861ae8b,structures/x3201a_x3920a_x4347a/A71EV2A-x3201a/A71EV2A-x3201a_prepared.pdb,True,170009,e5489ca7d90116c120712d0c7ddcf3d4dca3858370e1974c24411ec12d300777,structures/x3201a_x3920a_x4347a/A71EV2A-x3201a/A71EV2A-x3201a_ligand_ref.sdf,True,1802,e96d04f9bb0200bbda4b58cae5514a26e21c10be7ccbad40a83ad9f3f5c4cbbd,structures/x3201a_x3920a_x4347a/A71EV2A-x3201a/A71EV2A-x3201a_ligand_prepared.sdf,True,3379,a3bd9369ef9f2220946a696eb872c3127fb5663ae25402c903464f881ff8740d,1101,1077,24,20,2097,2097,,,True,1,20,20,0,C:14;N:3;O:3,True,1,39,20,0,C:14;H:19;N:3;O:3
142,A71EV2A-x3207a,x3207a,NC(=O)[C@H]1CCCN(C(=O)Cc2ccnc(N)c2)C1,,False,False,True,True,False,45.1901,95.6522,43.2253,structures/x3207a/A71EV2A-x3207a,structures/x3207a/A71EV2A-x3207a/A71EV2A-x3207a_complex_ref.pdb,True,200307,7dde05bf3db7c8bad237cccc3b63161c3cedafdb850ae479b77bd59233504f96,structures/x3207a/A71EV2A-x3207a/A71EV2A-x3207a_prepared.pdb,True,170009,2bd4561aa1c5f02d392d20170e6d03743e5fbd02911346d3e8aa72b73b4dd385,structures/x3207a/A71EV2A-x3207a/A71EV2A-x3207a_ligand_ref.sdf,True,1719,da9cb845f357740d4fb04848cfd873f97d4f007b9afecc84f3252c06cdd75159,structures/x3207a/A71EV2A-x3207a/A71EV2A-x3207a_ligand_prepared.sdf,True,3213,e7b10d86d849732ee2b17cba520f1bdf3dc670e0474c6ebb5100db3c4db81b9a,1114,1077,37,19,2097,2097,,,True,1,19,19,0,C:13;N:4;O:2,True,1,37,19,0,C:13;H:18;N:4;O:2
143,A71EV2A-x3208a,x3208a,NC(=O)[C@H]1CCCN(C(=O)Cc2cc(C(F)(F)F)ccc2Cl)C1,4.9069,False,False,True,True,False,41.6185,91.6667,38.1503,structures/x3208a/A71EV2A-x3208a,structures/x3208a/A71EV2A-x3208a/A71EV2A-x3208a_complex_ref.pdb,True,379241,488d36c77dac08f93be0fe5706f5b8f4093e1add1968ce1d0ee560cb54a2498c,structures/x3208a/A71EV2A-x3208a/A71EV2A-x3208a_prepared.pdb,True,170009,806064309f6ddffb241bff7ad1f3625e535919ee83ed94302c1b31502b9c0822,structures/x3208a/A71EV2A-x3208a/A71EV2A-x3208a_ligand_ref.sdf,True,2051,e2b9cfa227fe05aba2b18b81d17714875896e0e8ef9aeec5f6b071929f8bfdee,structures/x3208a/A71EV2A-x3208a/A71EV2A-x3208a_ligand_prepared.sdf,True,3379,f0bcd4ba260379c266b52e895a8e3c85aefbb5acce6445c542558c37728de24d,2222,2177,45,23,2097,2097,,,True,1,23,23,0,C:15;Cl:1;F:3;N:2;O:2,True,1,39,23,0,C:15;Cl:1;F:3;H:16;N:2;O:2
144,A71EV2A-x3210a,x3210a,NC(=O)[C@H]1CCCN(C(=O)Cc2cccc3cn[nH]c23)C1,5.0112,False,False,True,True,False,44.3629,95.8333,42.5145,structures/x3210a/A71EV2A-x3210a,structures/x3210a/A71EV2A-x3210a/A71EV2A-x3210a_complex_ref.pdb,True,198362,52de370c119a3bd7fe6375d5e11cebf481898f88f2c455109a2bb587babb5088,structures/x3210a/A71EV2A-x3210a/A71EV2A-x3210a_prepared.pdb,True,170009,fe04f12a566a4bf66a687d769a1fd727a7582feb7c4f0ff0861a488541ac1604,structures/x3210a/A71EV2A-x3210a/A71EV2A-x3210a_ligand_ref.sdf,True,1898,52199ccceb5c71ca2ebe13f8a113b87934417e06563e736f9bb4393994cf887f,structures/x3210a/A71EV2A-x3210a/A71EV2A-x3210a_ligand_prepared.sdf,True,3392,a5b6bb846f9cfb21e4d25ecd70ad8083615db2ed50c6cd19c08ad062d6c9d15d,1109,1077,32,21,2097,2097,,,True,1,21,21,0,C:15;N:4;O:2,True,1,39,21,0,C:15;H:18;N:4;O:2
145,A71EV2A-x3218a,x3218a,NC(=O)[C@H]1CCCN(C(=O)[C@@H]2CCNc3[nH]ncc32)C1,5.5562,False,False,True,True,False,41.3876,95.2381,39.4167,structures/x3218a/A71EV2A-x3218a,structures/x3218a/A71EV2A-x3218a/A71EV2A-x3218a_complex_ref.pdb,True,201604,5b5417090cc85a38cc603ffc565747b61f7cc7894ea311ba21a10053de8cf2a2,structures/x3218a/A71EV2A-x3218a/A71EV2A-x3218a_prepared.pdb,True,170009,ac3d7734e01c0e5071be8a3bc7f79ab2207e86de68079e8fc44b69799180fa18,structures/x3218a/A71EV2A-x3218a/A71EV2A-x3218a_ligand_ref.sdf,True,1815,2bf1726f3ff8c1a6b86f64ae5c2172a47aa7206aabaf19c45fe6070fb7b816e8,structures/x3218a/A71EV2A-x3218a/A71EV2A-x3218a_ligand_prepared.sdf,True,3392,0e46dce4aa0c48142419a1dbc5c5237483714ebf58610e8c44742450d43201f9,1110,1077,33,20,2097,2097,,,True,1,20,20,0,C:13;N:5;O:2,True,1,39,20,0,C:13;H:19;N:5;O:2
146,A71EV2A-x3221a,x3221a,Cc1nc(C)c(CC(=O)N2CCC[C@H](C(N)=O)C2)[nH]1,5.4095,False,False,True,True,False,45.1867,84,37.9568,structures/x3221a/A71EV2A-x3221a,structures/x3221a/A71EV2A-x3221a/A71EV2A-x3221a_complex_ref.pdb,True,199982,8fd538b6ff166d1f188fb9e357d48b67f26f1192c075d2e69c5602c7b833746a,structures/x3221a/A71EV2A-x3221a/A71EV2A-x3221a_prepared.pdb,True,170009,26bb19003a2039e68c440bd6f7b0082c98901b1bc1c79f920c43d2876e82ef12,structures/x3221a/A71EV2A-x3221a/A71EV2A-x3221a_ligand_ref.sdf,True,1719,79ef833de5f5c1d920a3287b79ac18f4144f48191b3cdbce4ffa36c97f2d8d35,structures/x3221a/A71EV2A-x3221a/A71EV2A-x3221a_ligand_prepared.sdf,True,3379,3fd416a7274bd3c84a5542b818b3d723d77ed0ecfba61cec30f0b51f9174c9ce,1111,1077,34,19,2097,2097,,,True,1,19,19,0,C:13;N:4;O:2,True,1,39,19,0,C:13;H:20;N:4;O:2
147,A71EV2A-x3222a,x3222a,NC(=O)[C@H]1CCCN(C(=O)c2[nH]ncc2Br)C1,,False,False,True,True,False,45.7956,91.3043,41.8133,structures/x3222a/A71EV2A-x3222a,structures/x3222a/A71EV2A-x3222a/A71EV2A-x3222a_complex_ref.pdb,True,189621,b7a79b961bfd56abf34ae72af9e90d81710c7c89f46da582995fe71bcb8e9dab,structures/x3222a/A71EV2A-x3222a/A71EV2A-x3222a_prepared.pdb,True,171224,bb98e327580b8bd82a6ce13cfc0f79e4057d52d3713c41245edddff903e8c16c,structures/x3222a/A71EV2A-x3222a/A71EV2A-x3222a_ligand_ref.sdf,True,1553,5934332dcfa0ca620a14cf2f643f0e35b98d2c404f1018cf734067f78b7e505c,structures/x3222a/A71EV2A-x3222a/A71EV2A-x3222a_ligand_prepared.sdf,True,2632,900925437ac1b8ffc53bd4d3bd6be38816fea369a36fd7f07dbf761182215741,2226,2192,34,17,2112,2112,,,True,1,17,17,0,Br:1;C:10;N:4;O:2,True,1,30,17,0,Br:1;C:10;H:13;N:4;O:2
148,A71EV2A-x3223a,x3223a,NC(=O)[C@H]1CCCN(C(=O)c2ccnc3[nH]ncc23)C1,4.7878,False,False,True,False,False,38.9446,85.7143,33.3811,structures/x3223a/A71EV2A-x3223a,structures/x3223a/A71EV2A-x3223a/A71EV2A-x3223a_complex_ref.pdb,True,190188,6a907c57196ad79965069d599a0bc1598ca244ee3deca4358832a929582cace8,structures/x3223a/A71EV2A-x3223a/A71EV2A-x3223a_prepared.pdb,True,171224,bafab37a96430dfe16e34d8fa6869de198894f97a8d96f130ce09073ac503c99,structures/x3223a/A71EV2A-x3223a/A71EV2A-x3223a_ligand_ref.sdf,True,1815,1264cccd886a08d5fc4dc8228c63ff166994bae585c6c971c9ca755e3088d45b,structures/x3223a/A71EV2A-x3223a/A71EV2A-x3223a_ligand_prepared.sdf,True,3060,399d2675f0fae94e6c90ccce80c8a7f3991b66ee0cd68739a8c96f521857553d,2232,2186,46,20,2112,2112,,,True,1,20,20,0,C:13;N:5;O:2,True,1,35,20,0,C:13;H:15;N:5;O:2
149,A71EV2A-x3225a,x3225a,Cc1nc2ccccc2n1CC(=O)N1CCC[C@H](C(N)=O)C1,4.1378,False,False,True,True,False,38.8234,91.6667,35.5882,structures/x3225a/A71EV2A-x3225a,structures/x3225a/A71EV2A-x3225a/A71EV2A-x3225a_complex_ref.pdb,True,201036,551bb4612a88fa5abdc1f937e0e295f3702ee0331256ca3305f2cda537477d50,structures/x3225a/A71EV2A-x3225a/A71EV2A-x3225a_prepared.pdb,True,170009,1b9ddb006e603074c1342baaadc001e88a822546a9a34ee16259cd7877db281d,structures/x3225a/A71EV2A-x3225a/A71EV2A-x3225a_ligand_ref.sdf,True,1981,5f41405a709a027f6e08ac5bc9c4719f1830641e1408087df5d57e08ccd81c80,structures/x3225a/A71EV2A-x3225a/A71EV2A-x3225a_ligand_prepared.sdf,True,3641,ca117ccac40c3e2839f4233fbb0be8a89c0ca04335dfc315d57f4dcebab048c3,1119,1077,42,22,2097,2097,,,True,1,22,22,0,C:16;N:4;O:2,True,1,42,22,0,C:16;H:20;N:4;O:2
150,A71EV2A-x3229a,x3229a_x3548a,COc1ccncc1CC(=O)N1CCC[C@H](C(N)=O)C1,4.4437,False,False,True,True,False,43.4943,92,40.0148,structures/x3229a_x3548a/A71EV2A-x3229a,structures/x3229a_x3548a/A71EV2A-x3229a/A71EV2A-x3229a_complex_ref.pdb,True,198607,b863d09905851f29e8d36a4e91518f17f82ad7874c3faee9e3791fc2a0026a4b,structures/x3229a_x3548a/A71EV2A-x3229a/A71EV2A-x3229a_prepared.pdb,True,170009,bed11061b6d29686a5e1d8feb86f35b12c2abc19d386988c93d06068737fb5cc,structures/x3229a_x3548a/A71EV2A-x3229a/A71EV2A-x3229a_ligand_ref.sdf,True,1802,c23642dab4eebea5412a33381355628138daefe3e29c52d82b4b5c3fb0449d16,structures/x3229a_x3548a/A71EV2A-x3229a/A71EV2A-x3229a_ligand_prepared.sdf,True,3379,bc407bc0ab1e93f7c61c3449a30b0d3045644e5e3b283a1b5f13e757e6dd4cb9,1112,1077,35,20,2097,2097,,,True,1,20,20,0,C:14;N:3;O:3,True,1,39,20,0,C:14;H:19;N:3;O:3
151,A71EV2A-x3234a,x3234a,Cc1cc(C)c(Nc2ccn(C3COC3)n2)c(C)c1,5.0168,False,False,True,False,False,49.2347,95,46.773,structures/x3234a/A71EV2A-x3234a,structures/x3234a/A71EV2A-x3234a/A71EV2A-x3234a_complex_ref.pdb,True,190593,ddae85bb99992bc6b62b44cac2584244216ee8470eb96d8d7331c88e8bcd07ed,structures/x3234a/A71EV2A-x3234a/A71EV2A-x3234a_prepared.pdb,True,171224,f38dd4571d2e7ecb9a13d34b5a9fb66f0a4c33c4b8a23a454077d740177ab50a,structures/x3234a/A71EV2A-x3234a/A71EV2A-x3234a_ligand_ref.sdf,True,1732,bdbba6d774983e4fea4c02c2378076082c6eba870e9c70e155dbf283ab5b4d59,structures/x3234a/A71EV2A-x3234a/A71EV2A-x3234a_ligand_prepared.sdf,True,3309,50c9c934ab373cd90557acc8882b20ea8e7e53fa426609c8066f1f49449eba64,2238,2198,40,19,2112,2112,,,True,1,19,19,0,C:15;N:3;O:1,True,1,38,19,0,C:15;H:19;N:3;O:1
152,A71EV2A-x3264a,x3264a,Cn1nc(C(=O)NCCc2cocn2)c2cccnc21,4.9817,False,False,True,True,False,47.3052,92.3077,43.6664,structures/x3264a/A71EV2A-x3264a,structures/x3264a/A71EV2A-x3264a/A71EV2A-x3264a_complex_ref.pdb,True,202739,d27f9b81f5024266876fb7b18dc88ffe5021096ce106b2c5c5a9637c040ec94d,structures/x3264a/A71EV2A-x3264a/A71EV2A-x3264a_prepared.pdb,True,171224,17ae1638c822f9d0c738fda94c157f6ad937450775d7ae22e8b484a74ee65898,structures/x3264a/A71EV2A-x3264a/A71EV2A-x3264a_ligand_ref.sdf,True,1815,fb709f4a1c1d2e632e87abdea86de6e2695839fe58fbbdc60410c7af9c5fb0e8,structures/x3264a/A71EV2A-x3264a/A71EV2A-x3264a_ligand_prepared.sdf,True,2894,829c8b30c53989aca1037f3c580fab3f188c8c92111e2922f4cfe8a2f5db7be8,1153,1105,48,20,2112,2112,,,True,1,20,20,0,C:13;N:5;O:2,True,1,33,20,0,C:13;H:13;N:5;O:2
153,A71EV2A-x3279a,x3279a,Cc1cc(C)c(Nc2ccn(C)n2)c(C)c1,5.3072,False,False,True,True,False,45.664,90.9091,41.5128,structures/x3279a/A71EV2A-x3279a,structures/x3279a/A71EV2A-x3279a/A71EV2A-x3279a_complex_ref.pdb,True,378025,0021afe05e39ccbe16516ac325b53f432ffe76b83462e8695c66a581d5787acf,structures/x3279a/A71EV2A-x3279a/A71EV2A-x3279a_prepared.pdb,True,171224,3be0d0224c02f392bf0b2ae63d26632c646219c09e0e7aabf04ecc81089db247,structures/x3279a/A71EV2A-x3279a/A71EV2A-x3279a_ligand_ref.sdf,True,1470,7bbfb0f09c9049d27160fe185cd5990fb59e022ab57662dab406594a37c68d73,structures/x3279a/A71EV2A-x3279a/A71EV2A-x3279a_ligand_prepared.sdf,True,2881,5ca7400bf2c317801c107d2274d80f36573807a2044ec80ded6de8bb7bf53d8a,2226,2183,43,16,2112,2112,,,True,1,16,16,0,C:13;N:3,True,1,33,16,0,C:13;H:17;N:3
154,A71EV2A-x3280a,x3280a,Cn1nc(C(=O)NCC(F)(F)c2ccccn2)c2ccccc21,5.1681,False,False,True,False,False,38.0721,89.2857,33.993,structures/x3280a/A71EV2A-x3280a,structures/x3280a/A71EV2A-x3280a/A71EV2A-x3280a_complex_ref.pdb,True,190755,ec5d9b97821b9705516d9b2cb357edadc6302d3518e931bf5843bada5beadce1,structures/x3280a/A71EV2A-x3280a/A71EV2A-x3280a_prepared.pdb,True,171224,2f043759db9c474f0b8625f759d0e53675ec0867ca3415f338cf819e0d137747,structures/x3280a/A71EV2A-x3280a/A71EV2A-x3280a_ligand_ref.sdf,True,2064,8aa6a1a9cef2b0f95f889ca522716aa6b801300da15361fb22425849dec4ac4d,structures/x3280a/A71EV2A-x3280a/A71EV2A-x3280a_ligand_prepared.sdf,True,3226,81a6caf00d933ced906915c8dc4fa611bdbca8314b82e0211c2d85f8198ce131,2238,2192,46,23,2112,2112,,,True,1,23,23,0,C:16;F:2;N:4;O:1,True,1,37,23,0,C:16;F:2;H:14;N:4;O:1
155,A71EV2A-x3286a,x3286a,Cc1ocnc1CCNC(=O)c1nn(C)c2ccccc12,5.098,False,False,True,True,False,44.5281,92.3077,41.1029,structures/x3286a/A71EV2A-x3286a,structures/x3286a/A71EV2A-x3286a/A71EV2A-x3286a_complex_ref.pdb,True,199984,70535ae21fa9b79d7dabf2f2ae2419dd3a88276c6fb8b7895778ffce0490e400,structures/x3286a/A71EV2A-x3286a/A71EV2A-x3286a_prepared.pdb,True,170009,b7bb65522e306d741a7f65834b0253134ad7cf9ae76a4a4547122b74128ebbae,structures/x3286a/A71EV2A-x3286a/A71EV2A-x3286a_ligand_ref.sdf,True,1898,1b502ce8cc7391143d666411218473fedd91453988e700d726ccaab2a4897352,structures/x3286a/A71EV2A-x3286a/A71EV2A-x3286a_ligand_prepared.sdf,True,3226,261ac186275c92bb932290d2e99c84ea90f77d736625f697cfd2ec9b6589065b,1126,1077,49,21,2097,2097,,,True,1,21,21,0,C:15;N:4;O:2,True,1,37,21,0,C:15;H:16;N:4;O:2
156,A71EV2A-x3305a,x3305a,Cc1ccc2c(cnn2C)c1Nc1ccn([C@H]2CCNC2=O)n1,4.937,False,False,True,True,False,45.3708,95.2381,43.2103,structures/x3305a/A71EV2A-x3305a,structures/x3305a/A71EV2A-x3305a/A71EV2A-x3305a_complex_ref.pdb,True,203549,9b16ed70d389c37a9c112eb36a34a7c6656dd3e8bc1973c6e12ac88251eb07bc,structures/x3305a/A71EV2A-x3305a/A71EV2A-x3305a_prepared.pdb,True,171224,e8d9c5759e95d428e625d72a8d029209dfc94e2e37595d8d0b54c201abd4629f,structures/x3305a/A71EV2A-x3305a/A71EV2A-x3305a_ligand_ref.sdf,True,2077,72f6a0615dd820d876014ff38be538fd7131b2b98c3d31b7c99e38fac68aaa09,structures/x3305a/A71EV2A-x3305a/A71EV2A-x3305a_ligand_prepared.sdf,True,3571,13461441f3648573b87a4e7aa59d16f17a20e026d9c28dd6f7c944485b7dd8a1,1147,1092,55,23,2112,2112,,,True,1,23,23,0,C:16;N:6;O:1,True,1,41,23,0,C:16;H:18;N:6;O:1
157,A71EV2A-x3306a,x3306a,Cn1nc(C(=O)NCCc2cscn2)c2ccccc21,5.338,False,False,True,True,False,45.2523,92.3077,41.7713,structures/x3306a/A71EV2A-x3306a,structures/x3306a/A71EV2A-x3306a/A71EV2A-x3306a_complex_ref.pdb,True,196904,201024a6e9b8b1e4871019914df84f1afdf6332735e13ef39c97eba462dd9fb9,structures/x3306a/A71EV2A-x3306a/A71EV2A-x3306a_prepared.pdb,True,170009,6608c67eee72a7eb8d50ec85c41846289238e2a5b48c02d7e0b51885beaaf6bf,structures/x3306a/A71EV2A-x3306a/A71EV2A-x3306a_ligand_ref.sdf,True,1815,0a204e7d9d5cafad7e0455ae3d7ca388fceef34838574620f512f7f1265bc48b,structures/x3306a/A71EV2A-x3306a/A71EV2A-x3306a_ligand_prepared.sdf,True,2977,54475701a49a63db955b8b238b049511e87525fc92c71d26c0de724e708fe98c,1111,1077,34,20,2097,2097,,,True,1,20,20,0,C:14;N:4;O:1;S:1,True,1,34,20,0,C:14;H:14;N:4;O:1;S:1
158,A71EV2A-x3324a,x3324a,Cn1nc(C(=O)NCCc2ccc(S(C)(=O)=O)cc2)c2ccccc21,4.8489,False,False,True,True,False,32.8193,82.7586,27.1608,structures/x3324a/A71EV2A-x3324a,structures/x3324a/A71EV2A-x3324a/A71EV2A-x3324a_complex_ref.pdb,True,201767,75c4dbe7ff18a848b09845bf95400778c1507158021624bdd3b639d8514e5a9b,structures/x3324a/A71EV2A-x3324a/A71EV2A-x3324a_prepared.pdb,True,171224,e1153c033ba01275cbba95a5a9bc77a9a0025995f51713f2417bce8d5e410ea4,structures/x3324a/A71EV2A-x3324a/A71EV2A-x3324a_ligand_ref.sdf,True,2230,04369023afe28368e84ad37b49dfd7266360b2617bd429fd32b02631c777097c,structures/x3324a/A71EV2A-x3324a/A71EV2A-x3324a_ligand_prepared.sdf,True,3807,f705dbcc8cf8b34ab4058b34bb30e7b2e9fd890f6d3237edad5208177b863155,1134,1089,45,25,2112,2112,,,True,1,25,25,0,C:18;N:3;O:3;S:1,True,1,44,25,0,C:18;H:19;N:3;O:3;S:1
159,A71EV2A-x3579a,x3579a_x4029a,COc1ccccc1CN1C[C@@H](C(N)=O)CCC1=O,4.9569,False,False,True,True,False,48.5299,95.6522,46.4199,structures/x3579a_x4029a/A71EV2A-x3579a,structures/x3579a_x4029a/A71EV2A-x3579a/A71EV2A-x3579a_complex_ref.pdb,True,198930,3bd711be62b5ae5845fe0c9bc484529d6b18e6411c327ba71c46ca00897eb4b8,structures/x3579a_x4029a/A71EV2A-x3579a/A71EV2A-x3579a_prepared.pdb,True,170009,c39ec09ff78f0517e1c875fa16f248403849aefd0d67096ff86be6c80b0af853,structures/x3579a_x4029a/A71EV2A-x3579a/A71EV2A-x3579a_ligand_ref.sdf,True,1719,e5fb5711c967fed5e85983cca434c7de570db4e95d8cdec9d34b5b2a5de18bc6,structures/x3579a_x4029a/A71EV2A-x3579a/A71EV2A-x3579a_ligand_prepared.sdf,True,3213,4539aa252385287e4583725dbb2262018818a81fe9abf88b805ee45541c8ae67,1118,1085,33,19,2097,2097,,,True,1,19,19,0,C:14;N:2;O:3,True,1,37,19,0,C:14;H:18;N:2;O:3
160,A71EV2A-x3581a,x3581a,COc1ccccc1CC(=O)N1CC[C@H](C(N)=O)C1,,False,False,True,True,False,44.9221,92.3077,41.4666,structures/x3581a/A71EV2A-x3581a,structures/x3581a/A71EV2A-x3581a/A71EV2A-x3581a_complex_ref.pdb,True,201929,86596689ac6d5559b90e5f54248ebbaa33d265f85fd9e256fc4409388e75ce22,structures/x3581a/A71EV2A-x3581a/A71EV2A-x3581a_prepared.pdb,True,171224,b1c8d6d48fe18d3cbc7907f23b6ce01de731e3c38ef2e4ff5e109fb29519e605,structures/x3581a/A71EV2A-x3581a/A71EV2A-x3581a_ligand_ref.sdf,True,1719,88266e8c33a6768a5a78e5cf9d10c6ddc07ff0fc837fcdc1f9f07a69f6faa226,structures/x3581a/A71EV2A-x3581a/A71EV2A-x3581a_ligand_prepared.sdf,True,3213,138b11b1d0f332bcdb7256f3a9bd9d13b1b0389d8f5d1293c837775505bf7ccf,1150,1100,50,19,2112,2112,,,True,1,19,19,0,C:14;N:2;O:3,True,1,37,19,0,C:14;H:18;N:2;O:3
161,A71EV2A-x3585a,x3585a,Cc1cc(NC(=O)N2CCC[C@H](C(N)=O)C2)c2cnn(C)c2c1,,False,False,True,True,False,43.9816,91.6667,40.3164,structures/x3585a/A71EV2A-x3585a,structures/x3585a/A71EV2A-x3585a/A71EV2A-x3585a_complex_ref.pdb,True,201605,dd42ff3df5ffa51de28f79829a4b2ed1d9f188ae11fa8be7c80db1dc55031301,structures/x3585a/A71EV2A-x3585a/A71EV2A-x3585a_prepared.pdb,True,171224,da4bee2ecda35a80ecc1eec883fc87d52574a0d586b235aa71f2017faa7231b9,structures/x3585a/A71EV2A-x3585a/A71EV2A-x3585a_ligand_ref.sdf,True,2064,b6450a7e92256f7fac373db47a92ecd0768887e347bc4cc878a2edb559de0830,structures/x3585a/A71EV2A-x3585a/A71EV2A-x3585a_ligand_prepared.sdf,True,3807,612164c3b7b85a8275d2c868cea9df14d7a284e566ed8682c17553019e900bde,1132,1092,40,23,2112,2112,,,True,1,23,23,0,C:16;N:5;O:2,True,1,44,23,0,C:16;H:21;N:5;O:2
162,A71EV2A-x3371a,x3371a,Cn1cnc(CCNC(=O)c2nn(C)c3ccccc23)c1,5.2372,False,False,True,True,False,43.9403,92,40.4251,structures/x3371a/A71EV2A-x3371a,structures/x3371a/A71EV2A-x3371a/A71EV2A-x3371a_complex_ref.pdb,True,381591,55d4edbe59439d794f32afe1d0803873fdfdc3958a7011da0ba606e7d8cd9a16,structures/x3371a/A71EV2A-x3371a/A71EV2A-x3371a_prepared.pdb,True,171224,7020818a3048593006783c3555526405390397146515cf9fc7dcaa714c167c9f,structures/x3371a/A71EV2A-x3371a/A71EV2A-x3371a_ligand_ref.sdf,True,1898,92e2a4edb26aaee8d21044ae82f14725a198a4216b36c8154b371925436c923f,structures/x3371a/A71EV2A-x3371a/A71EV2A-x3371a_ligand_prepared.sdf,True,3309,a8c6a406522ae497ce4e9fe2504ef388d32812026dd27aa18945fc6a6ec9d905,2211,2176,35,21,2112,2112,,,True,1,21,21,0,C:15;N:5;O:1,True,1,38,21,0,C:15;H:17;N:5;O:1
163,A71EV2A-x3379a,x3379a_x3593a,C[C@@H](Cc1cocn1)NC(=O)c1nn(C)c2ccccc12,4.9658,False,False,True,True,False,42.9071,88.8889,38.1396,structures/x3379a_x3593a/A71EV2A-x3379a,structures/x3379a_x3593a/A71EV2A-x3379a/A71EV2A-x3379a_complex_ref.pdb,True,385963,bd2921d7b0497a305531f857a0ba6e54bbb1f9e217c0cf42fff4f9f1d553549b,structures/x3379a_x3593a/A71EV2A-x3379a/A71EV2A-x3379a_prepared.pdb,True,171224,bd4e5c360c0cae0ef7015c47c30bacd1d14e5ec40ab1a9f254b491ed322d0da3,structures/x3379a_x3593a/A71EV2A-x3379a/A71EV2A-x3379a_ligand_ref.sdf,True,1898,27a0dfe46649d9359bbe1912021a2402b14f240e973e0740ee6740c3b58bfd04,structures/x3379a_x3593a/A71EV2A-x3379a/A71EV2A-x3379a_ligand_prepared.sdf,True,3226,d9b59c0f2aeed27410fe2056afb6a57dd4bcc65f03a3322df4a7fb3f09af6ffe,2243,2201,42,21,2112,2112,,,True,1,21,21,0,C:15;N:4;O:2,True,1,37,21,0,C:15;H:16;N:4;O:2
164,A71EV2A-x3392a,x3392a,O=C(NCCc1cocn1)N1CCc2ccccc21,5.163,False,False,True,True,False,51.3607,88.4615,45.4345,structures/x3392a/A71EV2A-x3392a,structures/x3392a/A71EV2A-x3392a/A71EV2A-x3392a_complex_ref.pdb,True,381996,887965367a4848a69efca052192aa298f129723d1ff8ff804443665b1d7fab82,structures/x3392a/A71EV2A-x3392a/A71EV2A-x3392a_prepared.pdb,True,171224,75ef7d332cce44aec3517a1d538d0cf4398c3b837d420899be7f2112616054da,structures/x3392a/A71EV2A-x3392a/A71EV2A-x3392a_ligand_ref.sdf,True,1732,bd59448c1afabeb85bef3ba09169d7ece54b4dd9e62fa4c56d35d8783506a603,structures/x3392a/A71EV2A-x3392a/A71EV2A-x3392a_ligand_prepared.sdf,True,2977,a6a096c9bfa7a31b0dcdba66942339cbccc9aac288648175a9ce75ad700989c4,2215,2180,35,19,2112,2112,,,True,1,19,19,0,C:14;N:3;O:2,True,1,34,19,0,C:14;H:15;N:3;O:2
165,A71EV2A-x3403a,x3403a,Cn1cc2cccc(NC(=O)Cc3cocn3)c2n1,4.6624,False,False,True,True,False,41.9729,92,38.6151,structures/x3403a/A71EV2A-x3403a,structures/x3403a/A71EV2A-x3403a/A71EV2A-x3403a_complex_ref.pdb,True,387828,6221d05cd3a42a8a86f29db83d7cf2266a3c59b79aaaaf1b503434d9f88ee921,structures/x3403a/A71EV2A-x3403a/A71EV2A-x3403a_prepared.pdb,True,171224,a1e31b78a95eaadc80fabd729985116f1cb2db9b67132843aa360a56179d09c3,structures/x3403a/A71EV2A-x3403a/A71EV2A-x3403a_ligand_ref.sdf,True,1732,8b2dc9b4cbfc1b1c04886ec84650c746ce53382128c471ca3cc62b421bfaad9f,structures/x3403a/A71EV2A-x3403a/A71EV2A-x3403a_ligand_prepared.sdf,True,2728,c9392e5e49971294063e32dca5184fb62c8c7cd74b0e855647d93346d3ce66fe,2231,2195,36,19,2112,2112,,,True,1,19,19,0,C:13;N:4;O:2,True,1,31,19,0,C:13;H:12;N:4;O:2
166,A71EV2A-x3408a,x3408a,C=CS(=O)(=O)N1CCC[C@H](C(N)=O)C1,5.1938,False,False,True,True,False,47.8987,88.2353,42.2636,structures/x3408a/A71EV2A-x3408a,structures/x3408a/A71EV2A-x3408a/A71EV2A-x3408a_complex_ref.pdb,True,383940,1b48faeae2acc95547e53e112e082d46bffacce82ea0b56f7c8a666ba9d50869,structures/x3408a/A71EV2A-x3408a/A71EV2A-x3408a_prepared.pdb,True,171224,20db07f41ceb62e46c68eaad7fdf43103ae909119e53b331e5c44811f4a34dfa,structures/x3408a/A71EV2A-x3408a/A71EV2A-x3408a_ligand_ref.sdf,True,1291,0a313f47ff3802f6ec727248299eb6394b496f1260fe8b61e9fff3c5b5dd8557,structures/x3408a/A71EV2A-x3408a/A71EV2A-x3408a_ligand_prepared.sdf,True,2453,ba79028dcc2c3445b9502f2c01f5730d21fcb9d8693b29b20871dd93a78e5c8e,2216,2187,29,14,2112,2112,,,True,1,14,14,0,C:8;N:2;O:3;S:1,True,1,28,14,0,C:8;H:14;N:2;O:3;S:1
167,A71EV2A-x3410a,x3410a,Cc1nn(C)c2cc(C(=O)NCCc3cocn3)ccc12,4.9452,False,False,True,True,False,48.0451,89.2857,42.8974,structures/x3410a/A71EV2A-x3410a,structures/x3410a/A71EV2A-x3410a/A71EV2A-x3410a_complex_ref.pdb,True,203063,2a93ce63f31a32dfde79465768b0263a5d8e3297d99e62498193fcd20c8b0f5e,structures/x3410a/A71EV2A-x3410a/A71EV2A-x3410a_prepared.pdb,True,171224,e8056ec232cdb44c67a026318f6dc3bb24aed14fa9b9d9fe87b0887875cfb489,structures/x3410a/A71EV2A-x3410a/A71EV2A-x3410a_ligand_ref.sdf,True,1898,4ee2f36d15eebb236299448197fa296c9f1c154738d9c6d3f36050f25341e8c1,structures/x3410a/A71EV2A-x3410a/A71EV2A-x3410a_ligand_prepared.sdf,True,3226,c71a1faee5a223343ce1903dcd73ab3ec0235a316e12e6b458302ef27073df3e,1146,1095,51,21,2112,2112,,,True,1,21,21,0,C:15;N:4;O:2,True,1,37,21,0,C:15;H:16;N:4;O:2
168,A71EV2A-x3417a,x3417a,NC(=O)[C@H]1CCCN(C(=O)NCC2CC2)C1,5.0649,False,False,True,True,False,53.3515,95.2381,50.811,structures/x3417a/A71EV2A-x3417a,structures/x3417a/A71EV2A-x3417a/A71EV2A-x3417a_complex_ref.pdb,True,381023,bd4d57266230b1b943ed1653d93e7fdbf79c04d3ccc7462af8f629d49850ad86,structures/x3417a/A71EV2A-x3417a/A71EV2A-x3417a_prepared.pdb,True,171224,7f58cd92ed3f0a60c64ea8d1283543cb49c0bd4d5a93781bd5c3344886d4cb7c,structures/x3417a/A71EV2A-x3417a/A71EV2A-x3417a_ligand_ref.sdf,True,1470,0b5e7f9a16430fd7f986026b38391356f6f3afe2d5611abdadba530426268700,structures/x3417a/A71EV2A-x3417a/A71EV2A-x3417a_ligand_prepared.sdf,True,3047,d1517fbbc6845a113a04d27366c80068a81e15340524bd91223836aa33e9334f,2228,2185,43,16,2112,2112,,,True,1,16,16,0,C:11;N:3;O:2,True,1,35,16,0,C:11;H:19;N:3;O:2
169,A71EV2A-x3419a,x3419a,Cn1nc(C(=O)NCCc2cocn2)c2ccccc2c1=O,5.1704,False,False,True,True,False,47.0484,92.8571,43.6878,structures/x3419a/A71EV2A-x3419a,structures/x3419a/A71EV2A-x3419a/A71EV2A-x3419a_complex_ref.pdb,True,202172,1b59e208aeac263a9879ccec6b27192fbff651a98268b49c548e75e9c3b8e220,structures/x3419a/A71EV2A-x3419a/A71EV2A-x3419a_prepared.pdb,True,171224,a93cd09ef95004e57d67467b31be3961a7df5b6016e128487f31fb445d97af57,structures/x3419a/A71EV2A-x3419a/A71EV2A-x3419a_ligand_ref.sdf,True,1981,d7f43e2f728c971f7048edec5048c9cca26df234945c2477659f5b7cdc3dcd5b,structures/x3419a/A71EV2A-x3419a/A71EV2A-x3419a_ligand_prepared.sdf,True,3143,34e7610dea22845085c2af7a3470bdc2df496f87a486de2e23d5b13a7fc2c92b,1134,1083,51,22,2112,2112,,,True,1,22,22,0,C:15;N:4;O:3,True,1,36,22,0,C:15;H:14;N:4;O:3
170,A71EV2A-x3435a,x3435a,O=C(NCCc1cocn1)c1ccccc1,5.0932,False,False,True,True,False,46.4195,92,42.7059,structures/x3435a/A71EV2A-x3435a,structures/x3435a/A71EV2A-x3435a/A71EV2A-x3435a_complex_ref.pdb,True,380374,867d9a01a1bfd4a6ab4c20b88d143df5b001a93e2ce89d7db54c2e9ef854c5ec,structures/x3435a/A71EV2A-x3435a/A71EV2A-x3435a_prepared.pdb,True,171224,43ad19469bc1de301b5adb420e6f359cd4fd8c564c0a083830d03a3f771ffa6d,structures/x3435a/A71EV2A-x3435a/A71EV2A-x3435a_ligand_ref.sdf,True,1470,6f19868a742af114a97c3701be3487afdf8775ce721700288b4c99dd607508f4,structures/x3435a/A71EV2A-x3435a/A71EV2A-x3435a_ligand_prepared.sdf,True,2466,5c2b92130b4a6d031d2eb806e2143db65ab03daf6d625da8eb7d451a99d43f43,2236,2203,33,16,2112,2112,,,True,1,16,16,0,C:12;N:2;O:2,True,1,28,16,0,C:12;H:12;N:2;O:2
171,A71EV2A-x3436a,x3436a,Cn1ncc(C(=O)NCCc2cocn2)n1,5.5457,False,False,True,True,False,46.2812,92.3077,42.7211,structures/x3436a/A71EV2A-x3436a,structures/x3436a/A71EV2A-x3436a/A71EV2A-x3436a_complex_ref.pdb,True,382804,6ac64eb1578a60f105e461df21505ab5dbc3d377e6245663105b8aae233f3099,structures/x3436a/A71EV2A-x3436a/A71EV2A-x3436a_prepared.pdb,True,171224,75bcb397f39d0ca17f172952e551f939279ac8e52461ea114c6b0d0bc03a7a91,structures/x3436a/A71EV2A-x3436a/A71EV2A-x3436a_ligand_ref.sdf,True,1470,b85028d04aeda59fc90d32621fa4e2634f1a4eae6c7142e28c0592fa91d6cc84,structures/x3436a/A71EV2A-x3436a/A71EV2A-x3436a_ligand_prepared.sdf,True,2383,7aa6414b2ac0ffdce34d9bd631d3aea39d362492e9965cc3ae02b5595355b744,2233,2195,38,16,2112,2112,,,True,1,16,16,0,C:9;N:5;O:2,True,1,27,16,0,C:9;H:11;N:5;O:2
172,A71EV2A-x3450a,x3450a,N#Cc1sccc1CC(=O)N1CCC[C@H](C(N)=O)C1,5.0084,False,False,True,True,False,45.0841,92.3077,41.6161,structures/x3450a/A71EV2A-x3450a,structures/x3450a/A71EV2A-x3450a/A71EV2A-x3450a_complex_ref.pdb,True,197555,fbd61fc8d6c9feff23f35f6c01968852fe4be4e5fe7d51bb32b13e0b00b1a860,structures/x3450a/A71EV2A-x3450a/A71EV2A-x3450a_prepared.pdb,True,170009,9875797f7abe65dd7888e4d4e8baa5eefb3e9db3ded4224c52f7d01d1d4bf84c,structures/x3450a/A71EV2A-x3450a/A71EV2A-x3450a_ligand_ref.sdf,True,1719,17287559149b97806bb2f7e456deda1ef56eefc21f98aeb5752d305fba88eaeb,structures/x3450a/A71EV2A-x3450a/A71EV2A-x3450a_ligand_prepared.sdf,True,2964,438776b02a31fe086739f35cd3ac8790812c15896a7426a8e8959b2b38ab6ffa,1107,1074,33,19,2097,2097,,,True,1,19,19,0,C:13;N:3;O:2;S:1,True,1,34,19,0,C:13;H:15;N:3;O:2;S:1
173,A71EV2A-x3480a,x3480a,N#CCc1cccc(NC(=O)N2CCC[C@H](C(N)=O)C2)c1,5.357,False,False,True,True,False,43.2253,85.7143,37.0503,structures/x3480a/A71EV2A-x3480a,structures/x3480a/A71EV2A-x3480a/A71EV2A-x3480a_complex_ref.pdb,True,381266,8aaec2fab3a4f388934a67cdd3cc99dcb8d9b2e99dda65e25c282745b514c6cb,structures/x3480a/A71EV2A-x3480a/A71EV2A-x3480a_prepared.pdb,True,171224,a42ad344ab15eb743b563629cd5b5fa37bf43d47dee811e6afb4e39bbffbd67c,structures/x3480a/A71EV2A-x3480a/A71EV2A-x3480a_ligand_ref.sdf,True,1885,16219278bed056a11d51c8d40e0fb2cab71d940cfa5bdda17ad9fb0c0e306e8e,structures/x3480a/A71EV2A-x3480a/A71EV2A-x3480a_ligand_prepared.sdf,True,3379,18d457dc5c8472cdedce80e70c891c76f4187d266266e0bf1c1fa3f15898670e,2244,2205,39,21,2112,2112,,,True,1,21,21,0,C:15;N:4;O:2,True,1,39,21,0,C:15;H:18;N:4;O:2
174,A71EV2A-x3483a,x3483a,COCc1ccccc1NC(=O)N1CCC[C@H](C(N)=O)C1,4.8165,False,False,True,True,False,47.6275,91.6667,43.6585,structures/x3483a/A71EV2A-x3483a,structures/x3483a/A71EV2A-x3483a/A71EV2A-x3483a_complex_ref.pdb,True,198690,1f77a4c82cdccf775f7b59e178717d42d7dfdc383edf60c2fb5b472816cde777,structures/x3483a/A71EV2A-x3483a/A71EV2A-x3483a_prepared.pdb,True,170009,66c14eb78bc3cbfa45ef441ed33a2581f8eb63924e7fce0028c70964b95e6039,structures/x3483a/A71EV2A-x3483a/A71EV2A-x3483a_ligand_ref.sdf,True,1885,57b7f3e0c35835fa9159d9753e474b711cdcbac2b11d4c2a90c87ecfc4b4e089,structures/x3483a/A71EV2A-x3483a/A71EV2A-x3483a_ligand_prepared.sdf,True,3628,7e09ce304f9225e32d5ff91b351c25879916746886837a4a5128a8fd33731efc,1113,1077,36,21,2097,2097,,,True,1,21,21,0,C:15;N:3;O:3,True,1,42,21,0,C:15;H:21;N:3;O:3
175,A71EV2A-x3485a,x3485a,COc1cccc(NC(=O)N2CCC[C@H](C(N)=O)C2)c1,4.9561,False,False,True,True,False,44.1219,95.8333,42.2835,structures/x3485a/A71EV2A-x3485a,structures/x3485a/A71EV2A-x3485a/A71EV2A-x3485a_complex_ref.pdb,True,200063,f78ee406870c09bf9c83b3276b3fb838ac811e2124888f4adeec4098adad76bd,structures/x3485a/A71EV2A-x3485a/A71EV2A-x3485a_prepared.pdb,True,170009,2b91b544203c231b0e5b2a9e36dd5f0a133210fa0ddb100f5a3f4508db860977,structures/x3485a/A71EV2A-x3485a/A71EV2A-x3485a_ligand_ref.sdf,True,1802,353f3a0449f46554e31b9fc0790dcaef806ee78551d4201ab0935b20c8a1f896,structures/x3485a/A71EV2A-x3485a/A71EV2A-x3485a_ligand_prepared.sdf,True,3379,2487e29e38a1c1d0a935f7270a7734375e9ce4801c30fc15b0815264c20cd1c4,1111,1077,34,20,2097,2097,,,True,1,20,20,0,C:14;N:3;O:3,True,1,39,20,0,C:14;H:19;N:3;O:3
176,A71EV2A-x3488a,x3488a,COCC(=O)Nc1c(Cl)cc(C)cc1Oc1cccc(C(N)=O)c1,4.8227,False,False,True,True,False,37.0373,89.2857,33.069,structures/x3488a/A71EV2A-x3488a,structures/x3488a/A71EV2A-x3488a/A71EV2A-x3488a_complex_ref.pdb,True,202416,038cc67ad23504c5c8c2c1f6bd945070c9079ee6bd43065ea62263e464b03f39,structures/x3488a/A71EV2A-x3488a/A71EV2A-x3488a_prepared.pdb,True,171224,2cdf7d6da67dfc2cb1e337580029f2b2e42a993565020bf9364a7f60e8c9ff67,structures/x3488a/A71EV2A-x3488a/A71EV2A-x3488a_ligand_ref.sdf,True,2134,c095dd0d440bd2b5fe00201b0d5d4e0fac971d743f9d3fc7dfaeecb5fe273977,structures/x3488a/A71EV2A-x3488a/A71EV2A-x3488a_ligand_prepared.sdf,True,3545,ecc236f5fdd925e785736aab985ee9cd66db7f9d2aa2871ab445efdd059bc2ef,1140,1092,48,24,2112,2112,,,True,1,24,24,0,C:17;Cl:1;N:2;O:4,True,1,41,24,0,C:17;Cl:1;H:17;N:2;O:4
177,A71EV2A-x3489a,x3489a,Cc1nc2n(c1CC(=O)N1CCC[C@H](C(N)=O)C1)CCCC2,5.2216,False,False,True,True,False,39.5632,88,34.8157,structures/x3489a/A71EV2A-x3489a,structures/x3489a/A71EV2A-x3489a/A71EV2A-x3489a_complex_ref.pdb,True,199254,7b822ade4c8d5a2d5e6fa78cec122790c53f61edaeb1369556025927b2e3758a,structures/x3489a/A71EV2A-x3489a/A71EV2A-x3489a_prepared.pdb,True,169881,fc08506ef924699c357c6a88e1c116049e3fabb1cc0c1a4f0f2516cbf0de0683,structures/x3489a/A71EV2A-x3489a/A71EV2A-x3489a_ligand_ref.sdf,True,1981,a1fdbd8174d9346e66db2564525126f7772c54c9e70f1b38551f130540d40c24,structures/x3489a/A71EV2A-x3489a/A71EV2A-x3489a_ligand_prepared.sdf,True,3973,2c4d76a22d82ca0088dfd748043576df350da984c39dc6bce3eb0d313de7040c,1117,1077,40,22,2095,2095,,,True,1,22,22,0,C:16;N:4;O:2,True,1,46,22,0,C:16;H:24;N:4;O:2
178,A71EV2A-x3509a,x3509a_x3509b,N#Cc1cccc(NC(=O)N2CCC[C@H](C(N)=O)C2)c1,5.1891,False,False,True,True,False,50.2404,92.3077,46.3758,structures/x3509a_x3509b/A71EV2A-x3509a,structures/x3509a_x3509b/A71EV2A-x3509a/A71EV2A-x3509a_complex_ref.pdb,True,377943,0a77caddb38ed212c09023d49f0322aca83d1c2427476aca6d4f52f6246c9ddf,structures/x3509a_x3509b/A71EV2A-x3509a/A71EV2A-x3509a_prepared.pdb,True,170009,51fec9d7a3d1339d1aae9489c3baa0f1f200381d83e985dd2d1e579580e29eb5,structures/x3509a_x3509b/A71EV2A-x3509a/A71EV2A-x3509a_ligand_ref.sdf,True,1802,15d80d515104b36b9c35de2ccb9fee2007aa6dd119e3f2fc470581bacc2f17da,structures/x3509a_x3509b/A71EV2A-x3509a/A71EV2A-x3509a_ligand_prepared.sdf,True,3130,264efbdc65beff145649868c3a49c75605c2e5b906328e09655d3c09685bf7b9,2214,2154,60,40,2097,2097,,,True,1,20,20,0,C:14;N:4;O:2,True,1,36,20,0,C:14;H:16;N:4;O:2
179,A71EV2A-x3509b,x3509a_x3509b,N#Cc1cccc(NC(=O)N2CCC[C@H](C(N)=O)C2)c1,5.1891,False,False,True,True,False,49.1294,92,45.1991,structures/x3509a_x3509b/A71EV2A-x3509b,structures/x3509a_x3509b/A71EV2A-x3509b/A71EV2A-x3509b_complex_ref.pdb,True,378186,0cf7bda685d5b6e6409038c99276ed47ad3c4821f6e81dde7a801aa5a0688cec,structures/x3509a_x3509b/A71EV2A-x3509b/A71EV2A-x3509b_prepared.pdb,True,170009,48cd07d78ee22cc9cb1f0578492d8f5f295706956620c660691b0dfe1e06397c,structures/x3509a_x3509b/A71EV2A-x3509b/A71EV2A-x3509b_ligand_ref.sdf,True,1802,d169228830d4e76afb58028c0511c50cd1b5ade43daa7a3a267916f47b33546e,structures/x3509a_x3509b/A71EV2A-x3509b/A71EV2A-x3509b_ligand_prepared.sdf,True,3130,ab06115c7afe87e307b3d1d8e2513bfa38d0dab46bb2a95b46b9287f27b9b6eb,2217,2154,63,40,2097,2097,,,True,1,20,20,0,C:14;N:4;O:2,True,1,36,20,0,C:14;H:16;N:4;O:2
180,A71EV2A-x3510a,x3510a,Cc1ccccc1NC(=O)N1CCC[C@H](C(N)=O)C1,4.3862,False,False,True,True,False,48.6516,91.3043,44.4211,structures/x3510a/A71EV2A-x3510a,structures/x3510a/A71EV2A-x3510a/A71EV2A-x3510a_complex_ref.pdb,True,198039,7d5b1ff586fc5bef6b58a2fb743cc6913a69dbb7c36e778479e7d45cfaa162ac,structures/x3510a/A71EV2A-x3510a/A71EV2A-x3510a_prepared.pdb,True,170009,d6f03b41ef429cbbac51750a43dc3ecf013ff4f9a2cc8da07062f622cd5d25d3,structures/x3510a/A71EV2A-x3510a/A71EV2A-x3510a_ligand_ref.sdf,True,1719,afa7b63e043f33c21e4f157e8b02e67384b2994b52109eefd2134834b580c795,structures/x3510a/A71EV2A-x3510a/A71EV2A-x3510a_ligand_prepared.sdf,True,3296,a8d4bb5f7f0e0f90e2ae5b7e2141abadfc2357128095060634f41d69587871f3,1107,1077,30,19,2097,2097,,,True,1,19,19,0,C:14;N:3;O:2,True,1,38,19,0,C:14;H:19;N:3;O:2
181,A71EV2A-x3593a,x3379a_x3593a,C[C@@H](Cc1cocn1)NC(=O)c1nn(C)c2ccccc12,4.9658,False,False,True,True,False,43.0306,88.8889,38.2494,structures/x3379a_x3593a/A71EV2A-x3593a,structures/x3379a_x3593a/A71EV2A-x3593a/A71EV2A-x3593a_complex_ref.pdb,True,381995,2a9c9cad414982663c10fbabceb7ac9253e5e3d25bb131a4b568e08946c4f130,structures/x3379a_x3593a/A71EV2A-x3593a/A71EV2A-x3593a_prepared.pdb,True,171224,c992f755e7accea374863e7fc7417f21ea87114e5b017856f60627ad797bfafa,structures/x3379a_x3593a/A71EV2A-x3593a/A71EV2A-x3593a_ligand_ref.sdf,True,1898,84a87228119f8838e01ad463be888ac03f4314c3c6f14839b9987ee8fd75e5b2,structures/x3379a_x3593a/A71EV2A-x3593a/A71EV2A-x3593a_ligand_prepared.sdf,True,3226,9664653e9bbcb41f5601e0118fa1edbcc7ccfcaa6b19e056b006ba30e9b92bee,2231,2183,48,21,2112,2112,,,True,1,21,21,0,C:15;N:4;O:2,True,1,37,21,0,C:15;H:16;N:4;O:2
182,A71EV2A-x3606a,x3606a,Cn1ncc(-c2cc(Cl)cc(Cl)c2)c1CC(=O)N1CCC[C@H](C(N)=O)C1,4.9584,False,False,True,True,False,36.5566,92,33.6321,structures/x3606a/A71EV2A-x3606a,structures/x3606a/A71EV2A-x3606a/A71EV2A-x3606a_complex_ref.pdb,True,382400,d321f92ca0f50036835db3158e2a85022ccf83a793d3e0c0c2f1fc456bf3b364,structures/x3606a/A71EV2A-x3606a/A71EV2A-x3606a_prepared.pdb,True,171224,61d1e9532b68557add0d9329fd44ba8e906788168545be7ef8bde7fb1fd20a0a,structures/x3606a/A71EV2A-x3606a/A71EV2A-x3606a_ligand_ref.sdf,True,2313,b9618248fbab11e618f0c240c69f4a134f4e5d2892e94feb5c78636f97ea7e10,structures/x3606a/A71EV2A-x3606a/A71EV2A-x3606a_ligand_prepared.sdf,True,3973,7a9cc979887153d819222188fa41f92ab2858886ce7ec846b3345887c5d5d194,2238,2197,41,26,2112,2112,,,True,1,26,26,0,C:18;Cl:2;N:4;O:2,True,1,46,26,0,C:18;Cl:2;H:20;N:4;O:2
183,A71EV2A-x3612a,x3612a,NC(=O)[C@H]1CCCN(C(=O)Nc2ccccc2F)C1,4.8513,False,False,True,True,False,44.691,95.4545,42.6596,structures/x3612a/A71EV2A-x3612a,structures/x3612a/A71EV2A-x3612a/A71EV2A-x3612a_complex_ref.pdb,True,201928,4b222dcd928900fef42cf3bd0e1ac20bf03caa26d8cc920cbe792b8eaa4c2180,structures/x3612a/A71EV2A-x3612a/A71EV2A-x3612a_prepared.pdb,True,170009,7a0d244f528614cbe5521028cc534f766d4c526978eeb897de634cbb2c980360,structures/x3612a/A71EV2A-x3612a/A71EV2A-x3612a_ligand_ref.sdf,True,1719,97ace9e5f5d53b86d4eb178daa34de523de5c7b7120341761c7c28582da561c9,structures/x3612a/A71EV2A-x3612a/A71EV2A-x3612a_ligand_prepared.sdf,True,3047,8814620c01b28c2c870923ebb4e0480af7741a2a7a6ca77a3d5be024b77fe3dd,1115,1077,38,19,2097,2097,,,True,1,19,19,0,C:13;F:1;N:3;O:2,True,1,35,19,0,C:13;F:1;H:16;N:3;O:2
184,A71EV2A-x3616a,x3616a_x3616b,Cc1ccccc1CNC(=O)N1CCC[C@H](C(N)=O)C1,4.9788,False,False,True,True,False,42.8282,91.6667,39.2592,structures/x3616a_x3616b/A71EV2A-x3616a,structures/x3616a_x3616b/A71EV2A-x3616a/A71EV2A-x3616a_complex_ref.pdb,True,377459,2a2aaa3016caafa42f96efd6d8e6407ff88837b69c05771e45f15e95345c767e,structures/x3616a_x3616b/A71EV2A-x3616a/A71EV2A-x3616a_prepared.pdb,True,170009,d411ae8fc3cc152ba9aa4c6984df086446265b01ae08461b6715445f7574af54,structures/x3616a_x3616b/A71EV2A-x3616a/A71EV2A-x3616a_ligand_ref.sdf,True,1802,779211b504fe532e8e7d58ae9e042c97367627a5b409913c24e0715e49c245b2,structures/x3616a_x3616b/A71EV2A-x3616a/A71EV2A-x3616a_ligand_prepared.sdf,True,3545,7065489c63f75ed6f99806dc70c35f4b0bdd4ef328f2b56b87ccf1d9d1edf337,2213,2154,59,40,2097,2097,,,True,1,20,20,0,C:15;N:3;O:2,True,1,41,20,0,C:15;H:21;N:3;O:2
185,A71EV2A-x3616b,x3616a_x3616b,Cc1ccccc1CNC(=O)N1CCC[C@H](C(N)=O)C1,4.9788,False,False,True,True,False,43.5677,95.6522,41.6734,structures/x3616a_x3616b/A71EV2A-x3616b,structures/x3616a_x3616b/A71EV2A-x3616b/A71EV2A-x3616b_complex_ref.pdb,True,377297,f5fb19cf776c8942ceb33535cbdc2098fcd01f75d28867d6ffc6fbfc40d041db,structures/x3616a_x3616b/A71EV2A-x3616b/A71EV2A-x3616b_prepared.pdb,True,170009,d1dabbc7be32c001ae935c38d69ad56c82e92ee044d35fe964ed13bdbe35d0ae,structures/x3616a_x3616b/A71EV2A-x3616b/A71EV2A-x3616b_ligand_ref.sdf,True,1802,f823888b44f6419385cf9c35e7118cf9d4508f4708d76cc97837af2ce5d1e814,structures/x3616a_x3616b/A71EV2A-x3616b/A71EV2A-x3616b_ligand_prepared.sdf,True,3545,8cbb18bf5bce858d5a3284266eb977658646851bba09e193d7da5ab54cd3a30f,2211,2154,57,40,2097,2097,,,True,1,20,20,0,C:15;N:3;O:2,True,1,41,20,0,C:15;H:21;N:3;O:2
186,A71EV2A-x3618a,x3618a_x3618b,CCNC(=O)c1cccc(NC(=O)N2CCC[C@H](C(N)=O)C2)c1,,False,False,True,True,False,37.0142,90,33.3128,structures/x3618a_x3618b/A71EV2A-x3618a,structures/x3618a_x3618b/A71EV2A-x3618a/A71EV2A-x3618a_complex_ref.pdb,True,385235,97e28669a65482af58ba384167449a9a950a3a0782b968e1d770d03af3dd8165,structures/x3618a_x3618b/A71EV2A-x3618a/A71EV2A-x3618a_prepared.pdb,True,171224,2e64611616a94666295d851948e1bc6d20f57e2b2060a7b0d3b43df4a906053c,structures/x3618a_x3618b/A71EV2A-x3618a/A71EV2A-x3618a_ligand_ref.sdf,True,2051,fafb90432c86284c9c4e68c02f074846590f326e081e17f5613f28263da997aa,structures/x3618a_x3618b/A71EV2A-x3618a/A71EV2A-x3618a_ligand_prepared.sdf,True,3877,5fd9195a73e8e9cc3151aec58f7c1c2df22127f9b2dea39f168583e3c9ec2078,2263,2208,55,23,2112,2112,,,True,1,23,23,0,C:16;N:4;O:3,True,1,45,23,0,C:16;H:22;N:4;O:3
187,A71EV2A-x3618b,x3618a_x3618b,CCNC(=O)c1cccc(NC(=O)N2CCC[C@H](C(N)=O)C2)c1,,False,False,True,True,False,40.9672,85.7143,35.1147,structures/x3618a_x3618b/A71EV2A-x3618b,structures/x3618a_x3618b/A71EV2A-x3618b/A71EV2A-x3618b_complex_ref.pdb,True,385235,6e1ea15de223415269465cc835b7b35af80139242b81b225f1af4d4315e95cad,structures/x3618a_x3618b/A71EV2A-x3618b/A71EV2A-x3618b_prepared.pdb,True,171224,279a0375d1ad99a351867ec7c04f408215d340f5e649444355a32ca83f301ac2,structures/x3618a_x3618b/A71EV2A-x3618b/A71EV2A-x3618b_ligand_ref.sdf,True,2051,e81b4bb99c558ecd2cbb5075c9ceb8ba16d638856e9896e73d429aa24e81e7ff,structures/x3618a_x3618b/A71EV2A-x3618b/A71EV2A-x3618b_ligand_prepared.sdf,True,3877,76f0c7ebe961eb247fcc06afec3738f751ec3c44eef47d980389df47d05acecb,2263,2208,55,23,2112,2112,,,True,1,23,23,0,C:16;N:4;O:3,True,1,45,23,0,C:16;H:22;N:4;O:3
188,A71EV2A-x3621a,x3621a,COc1ccccc1CC(=O)N1CC[C@@H](O)C1,4.9514,False,False,True,True,False,42.3363,92.3077,39.0796,structures/x3621a/A71EV2A-x3621a,structures/x3621a/A71EV2A-x3621a/A71EV2A-x3621a_complex_ref.pdb,True,377377,a2bb86a62f498523012c0fd87f37dbb650a8bb1befec5ca26dad00aadb77061b,structures/x3621a/A71EV2A-x3621a/A71EV2A-x3621a_prepared.pdb,True,171224,2ab7024c2e2e45633a4da5046819ea54340e99ad7de1be8c5e4e122712833a84,structures/x3621a/A71EV2A-x3621a/A71EV2A-x3621a_ligand_ref.sdf,True,1553,7d1c3763cbb1aad3c26854c8d28acf3f80cddd8a4960a77b3f3a41b35b6b3d5d,structures/x3621a/A71EV2A-x3621a/A71EV2A-x3621a_ligand_prepared.sdf,True,2964,9019338a100ffc296a16929b426274e357ab23365145d7cfe7f7f1fa8ee95a00,2218,2183,35,17,2112,2112,,,True,1,17,17,0,C:13;N:1;O:3,True,1,34,17,0,C:13;H:17;N:1;O:3
189,A71EV2A-x3623a,x3623a,Cc1cnc(CNS(=O)(=O)C[C@@H](C)c2ccccc2)o1,4.8184,False,False,True,True,False,48.31,79.1667,38.2454,structures/x3623a/A71EV2A-x3623a,structures/x3623a/A71EV2A-x3623a/A71EV2A-x3623a_complex_ref.pdb,True,385074,80464924a05d925f2698ad25a1a7b5254e45ef8ad7350aa02cff61d0db633072,structures/x3623a/A71EV2A-x3623a/A71EV2A-x3623a_prepared.pdb,True,170009,7d3e27a82b959595e9953bd626de8e0d470bdbb228a832096367376d9561ca2c,structures/x3623a/A71EV2A-x3623a/A71EV2A-x3623a_ligand_ref.sdf,True,1802,c5e7fbfa6301a19627dee0578e72a625117d91257cd4613fdb15dbf33ffa303d,structures/x3623a/A71EV2A-x3623a/A71EV2A-x3623a_ligand_prepared.sdf,True,3296,3d4e728182fd663543fc671a996dc0856717724b5955705aa252e175f59a1039,2217,2174,43,20,2097,2097,,,True,1,20,20,0,C:14;N:2;O:3;S:1,True,1,38,20,0,C:14;H:18;N:2;O:3;S:1
190,A71EV2A-x3634a,x3634a,COc1ccccc1CC(=O)N1C[C@H](C(N)=O)[C@@H](C)C1,5.3039,False,False,True,True,False,39.2956,87.5,34.3837,structures/x3634a/A71EV2A-x3634a,structures/x3634a/A71EV2A-x3634a/A71EV2A-x3634a_complex_ref.pdb,True,382076,66ffd5e82169be5517700450e4b787475fa88d87fd595cde8d5cb001bae14fb3,structures/x3634a/A71EV2A-x3634a/A71EV2A-x3634a_prepared.pdb,True,171224,20caac008f41aa9f974cbb222b0285c91585f9b9c4ebc077340ffabd5c62585d,structures/x3634a/A71EV2A-x3634a/A71EV2A-x3634a_ligand_ref.sdf,True,1802,b703b0dd406ce522c2c2ef8d8a9dbe63878e1ec9396ec9cc19789895f5bd57e8,structures/x3634a/A71EV2A-x3634a/A71EV2A-x3634a_ligand_prepared.sdf,True,3462,d784a698bbf36978a0d22a37d03d0c3b9cacc2c89dda5b6e4b89d9334db7d42a,2233,2190,43,20,2112,2112,,,True,1,20,20,0,C:15;N:2;O:3,True,1,40,20,0,C:15;H:20;N:2;O:3
191,A71EV2A-x3663a,x3663a,COc1ccccc1CC(=O)N1CCO[C@@H](C(N)=O)C1,4.6157,False,False,True,True,False,41.0922,88,36.1612,structures/x3663a/A71EV2A-x3663a,structures/x3663a/A71EV2A-x3663a/A71EV2A-x3663a_complex_ref.pdb,True,381508,ffabf96bb586ed06f9ef5e7a0d03ba88aa3ae5898d358e1cbd2f87fc18015812,structures/x3663a/A71EV2A-x3663a/A71EV2A-x3663a_prepared.pdb,True,171224,5a33a7a9b4ed7feda22f6d88da579a424a1f2b2e3ea856b62df4255593e1d728,structures/x3663a/A71EV2A-x3663a/A71EV2A-x3663a_ligand_ref.sdf,True,1802,9f00a968d3ce6cba31670ef56ab5778bb9847ebb74947436ab316ad0defc009c,structures/x3663a/A71EV2A-x3663a/A71EV2A-x3663a_ligand_prepared.sdf,True,3296,709a1456d2cf85c036701809fbe39b9e912e54bb2c2f15f53a69d6ec3f9cfc72,2234,2196,38,20,2112,2112,,,True,1,20,20,0,C:14;N:2;O:4,True,1,38,20,0,C:14;H:18;N:2;O:4
192,A71EV2A-x3665a,x3665a,COc1ccccc1CC(=O)N1C[C@@H](C(N)=O)CC(F)(F)C1,5.411,False,False,True,True,False,39.6751,92.3077,36.6232,structures/x3665a/A71EV2A-x3665a,structures/x3665a/A71EV2A-x3665a/A71EV2A-x3665a_complex_ref.pdb,True,200389,651e20e49af9dab4c6e6a464277c9fad7f8c7def208c677f84a34ce919b8105d,structures/x3665a/A71EV2A-x3665a/A71EV2A-x3665a_prepared.pdb,True,170009,17838b50d381bc00eca126c9f2d26d15f522d275bfc919edca34d43bea7406df,structures/x3665a/A71EV2A-x3665a/A71EV2A-x3665a_ligand_ref.sdf,True,1968,4598d8c7b4acff5cf58a9fdec06bc6325b2a7d982e6ffde27862fe80f1e8f1f1,structures/x3665a/A71EV2A-x3665a/A71EV2A-x3665a_ligand_prepared.sdf,True,3462,0345c4ee3e7096c743f74fee214dcd13476809a0a22bb3a94ed6a8c76fd2689f,1113,1077,36,22,2097,2097,,,True,1,22,22,0,C:15;F:2;N:2;O:3,True,1,40,22,0,C:15;F:2;H:18;N:2;O:3
193,A71EV2A-x3685a,x3685a,COc1ccccc1CC(=O)N1CC[C@@H](NC(N)=O)C1,5.056,False,False,True,True,False,54.3268,72,39.1153,structures/x3685a/A71EV2A-x3685a,structures/x3685a/A71EV2A-x3685a/A71EV2A-x3685a_complex_ref.pdb,True,380618,dd305fa06cbd905146dfe8a7d2f6edd35efddd6148f9d6e45e29c2dca90313d3,structures/x3685a/A71EV2A-x3685a/A71EV2A-x3685a_prepared.pdb,True,171224,122bfd49b89d49242a7bfac1a0054eb4041d7f83f8bccbb5df31f35270bba51a,structures/x3685a/A71EV2A-x3685a/A71EV2A-x3685a_ligand_ref.sdf,True,1802,dac662a968676fd3e95d898b724db93ec66aadf9e1ace76e58afe1a69fdb8f2f,structures/x3685a/A71EV2A-x3685a/A71EV2A-x3685a_ligand_prepared.sdf,True,3379,09c78ec3aa6aef40fa1bab0a29a04332ef10813701054c624d6beba8e51b7107,2233,2185,48,20,2112,2112,,,True,1,20,20,0,C:14;N:3;O:3,True,1,39,20,0,C:14;H:19;N:3;O:3
194,A71EV2A-x3694a,x3694a_x3694b_x4032a_x4032b,COc1ccccc1CC(=O)N1CC[C@@H](CC(N)=O)C1,5.0552,False,False,True,True,False,41.0957,88.4615,36.3539,structures/x3694a_x3694b_x4032a_x4032b/A71EV2A-x3694a,structures/x3694a_x3694b_x4032a_x4032b/A71EV2A-x3694a/A71EV2A-x3694a_complex_ref.pdb,True,380294,c586d4d0a1064f679e3275b8df38f5d89184f4a3c69fe1e568bf6e9d73e78d01,structures/x3694a_x3694b_x4032a_x4032b/A71EV2A-x3694a/A71EV2A-x3694a_prepared.pdb,True,168794,4b0440b207684e50bec641d54a165e17be55168cb9ed657a4953b5615313bfb2,structures/x3694a_x3694b_x4032a_x4032b/A71EV2A-x3694a/A71EV2A-x3694a_ligand_ref.sdf,True,1802,751e577613cd29c144ff91d11d5f43f1acc48d6cec7ea3b5b2dc12b68914eecf,structures/x3694a_x3694b_x4032a_x4032b/A71EV2A-x3694a/A71EV2A-x3694a_ligand_prepared.sdf,True,3462,f6b117919888b093f75456f7586bc5b0927a9263501cb52dce81ca0fc6bca17b,2218,2155,63,40,2082,2082,,,True,1,20,20,0,C:15;N:2;O:3,True,1,40,20,0,C:15;H:20;N:2;O:3
195,A71EV2A-x3694b,x3694a_x3694b_x4032a_x4032b,COc1ccccc1CC(=O)N1CC[C@@H](CC(N)=O)C1,5.0552,False,False,True,True,False,40.1392,96,38.5337,structures/x3694a_x3694b_x4032a_x4032b/A71EV2A-x3694b,structures/x3694a_x3694b_x4032a_x4032b/A71EV2A-x3694b/A71EV2A-x3694b_complex_ref.pdb,True,380375,38e744f44f151c76896fef6f7443ad6e3ee634b01cc7cc2654d704be31eea5e3,structures/x3694a_x3694b_x4032a_x4032b/A71EV2A-x3694b/A71EV2A-x3694b_prepared.pdb,True,170009,6e69fb1dd809e1cca7e458c686906b89d94ead031e1658032c53952a7711c553,structures/x3694a_x3694b_x4032a_x4032b/A71EV2A-x3694b/A71EV2A-x3694b_ligand_ref.sdf,True,1802,cf2dd8d06e75b15c0182bf0ef4e8bd67e2dfa86603adb6f07880effdc710ff54,structures/x3694a_x3694b_x4032a_x4032b/A71EV2A-x3694b/A71EV2A-x3694b_ligand_prepared.sdf,True,3462,6b2d7d2b65baa42784b46c6119cd2b98029013c8e4fe1207f91ead77991723de,2219,2155,64,40,2097,2097,,,True,1,20,20,0,C:15;N:2;O:3,True,1,40,20,0,C:15;H:20;N:2;O:3
196,A71EV2A-x3706a,x3706a_x3706b,Cc1cccc(CNC(=O)N2CCC[C@H](C(N)=O)C2)c1,4.9676,False,False,True,True,False,52.6698,91.3043,48.0898,structures/x3706a_x3706b/A71EV2A-x3706a,structures/x3706a_x3706b/A71EV2A-x3706a/A71EV2A-x3706a_complex_ref.pdb,True,380131,c0998cda30057baa0a9a14163389108b606f3243df70611bda4c09dfd657c7ee,structures/x3706a_x3706b/A71EV2A-x3706a/A71EV2A-x3706a_prepared.pdb,True,170009,20b0c02edf74531e285226ff4156800b9e04919c1784caa9f3440f9dde383efb,structures/x3706a_x3706b/A71EV2A-x3706a/A71EV2A-x3706a_ligand_ref.sdf,True,1802,4867524e92dc2f411a045b016d2696bdb7a8c2fc6e270432d3011888fbb8447a,structures/x3706a_x3706b/A71EV2A-x3706a/A71EV2A-x3706a_ligand_prepared.sdf,True,3545,ad01a3d25ef69f0673dd7b4b541151eaed195dbce9a02cc96993b212ae6246f8,2228,2164,64,40,2097,2097,,,True,1,20,20,0,C:15;N:3;O:2,True,1,41,20,0,C:15;H:21;N:3;O:2
197,A71EV2A-x3706b,x3706a_x3706b,Cc1cccc(CNC(=O)N2CCC[C@H](C(N)=O)C2)c1,4.9676,False,False,True,True,False,52.0636,95.4545,49.697,structures/x3706a_x3706b/A71EV2A-x3706b,structures/x3706a_x3706b/A71EV2A-x3706b/A71EV2A-x3706b_complex_ref.pdb,True,379645,5ea94552ddaff3d568b1112b86e0328acb9c489ba476cb5868eb87f35598f7d4,structures/x3706a_x3706b/A71EV2A-x3706b/A71EV2A-x3706b_prepared.pdb,True,170009,3efff2bec2f861f95ac328a27d900c3086d530a3b75825335256b6855100f838,structures/x3706a_x3706b/A71EV2A-x3706b/A71EV2A-x3706b_ligand_ref.sdf,True,1802,23c4873db6431106266cc4079e0e49978cc35c6402c7ff9a30c7e959f0e6e1b6,structures/x3706a_x3706b/A71EV2A-x3706b/A71EV2A-x3706b_ligand_prepared.sdf,True,3545,87a7f37d6ae30e7ad3f8e091a310a6ce07442189b382bc4e10e29c2a9ed651b8,2222,2164,58,40,2097,2097,,,True,1,20,20,0,C:15;N:3;O:2,True,1,41,20,0,C:15;H:21;N:3;O:2
198,A71EV2A-x3521a,x3521a,N#C[C@H]1C[C@@H](NC(=O)C2(c3ccc(Cl)cc3Cl)CCOCC2)C1,4.7265,False,False,True,True,False,47.7995,90,43.0196,structures/x3521a/A71EV2A-x3521a,structures/x3521a/A71EV2A-x3521a/A71EV2A-x3521a_complex_ref.pdb,True,199905,913539d5ef25cf9dec4f9fa54beb4d3f79977fbaeb767772210b2ffbc530aa49,structures/x3521a/A71EV2A-x3521a/A71EV2A-x3521a_prepared.pdb,True,171791,2bbc83653bf70f8d9764f3a1916afbe55db3448b2d5038fc02b0cad3b6c78193,structures/x3521a/A71EV2A-x3521a/A71EV2A-x3521a_ligand_ref.sdf,True,2064,94e02b6da93327b209b352c58aa0c425b79c49c0c33a5d93bc18ccdd0ed501c6,structures/x3521a/A71EV2A-x3521a/A71EV2A-x3521a_ligand_prepared.sdf,True,3558,e32db9771a02dcd9b2f282b3a9313162ec69066e55a8684cdce4535c63c69f65,1144,1100,44,23,2119,2119,,,True,1,23,23,0,C:17;Cl:2;N:2;O:2,True,1,41,23,0,C:17;Cl:2;H:18;N:2;O:2
199,A71EV2A-x3521b,x3521b,N#C[C@H]1C[C@H](NC(=O)C2(c3ccc(Cl)cc3Cl)CCOCC2)C1,4.7265,False,False,True,True,True,38.9491,64.2857,25.0387,structures/x3521b/A71EV2A-x3521b,structures/x3521b/A71EV2A-x3521b/A71EV2A-x3521b_complex_ref.pdb,True,199419,a3c61367002a8fa74bf776984e1cb9765ba4fce931fc8048e60a506e5f0d2e3c,structures/x3521b/A71EV2A-x3521b/A71EV2A-x3521b_prepared.pdb,True,171791,55e5ff1b5552e7390dffe58f0b93dd8f3916c324e7498ff7e35fe7479ee82c33,structures/x3521b/A71EV2A-x3521b/A71EV2A-x3521b_ligand_ref.sdf,True,2064,87d31b32673956828654c9edf8235ef00b58a1df450c95753214f049786f7f63,structures/x3521b/A71EV2A-x3521b/A71EV2A-x3521b_ligand_prepared.sdf,True,3558,32cf9cb68969bc0405b0b07916fa782ae48dd202ad016c4efdc15b245aded956,1138,1100,38,23,2119,2119,,,True,1,23,23,0,C:17;Cl:2;N:2;O:2,True,1,41,23,0,C:17;Cl:2;H:18;N:2;O:2
200,A71EV2A-x3522a,x3522a_x3522b,COCC(=O)Nc1c(Cl)cc(C)cc1OCc1ncccn1,4.8584,False,False,True,True,False,35.3865,89.4737,31.6616,structures/x3522a_x3522b/A71EV2A-x3522a,structures/x3522a_x3522b/A71EV2A-x3522a/A71EV2A-x3522a_complex_ref.pdb,True,383697,aa8d8570d1c0e9d1707fbcd6566dfb8cf6c28b09c22193b110a4ab69b6eb2227,structures/x3522a_x3522b/A71EV2A-x3522a/A71EV2A-x3522a_prepared.pdb,True,171224,18b52297167c16720c2fd0d8228279d2212462a433969a8e140101995fd13b05,structures/x3522a_x3522b/A71EV2A-x3522a/A71EV2A-x3522a_ligand_ref.sdf,True,1968,26abe516b04f5adb87bd1907f9b782f05cfe5d06367e0f3470c60a6b29665965,structures/x3522a_x3522b/A71EV2A-x3522a/A71EV2A-x3522a_ligand_prepared.sdf,True,3296,e789401407a829fe9b8dd7df38d1e32a6b3ef489ed34b8e3b9889a4b7269501b,2231,2180,51,22,2112,2112,,,True,1,22,22,0,C:15;Cl:1;N:3;O:3,True,1,38,22,0,C:15;Cl:1;H:16;N:3;O:3
201,A71EV2A-x3522b,x3522a_x3522b,COCC(=O)Nc1c(Cl)cc(C)cc1OCc1ncccn1,4.8584,False,False,True,True,False,35.7385,89.4737,31.9765,structures/x3522a_x3522b/A71EV2A-x3522b,structures/x3522a_x3522b/A71EV2A-x3522b/A71EV2A-x3522b_complex_ref.pdb,True,383697,03da669f506e0e016b4981534723b3071de2d660315a9f730ad43bd176fe2ef8,structures/x3522a_x3522b/A71EV2A-x3522b/A71EV2A-x3522b_prepared.pdb,True,171224,50f35d3c4cbfb1648064d962bd0f97076c0ea68a9a4954f8ca549f9fc8da858e,structures/x3522a_x3522b/A71EV2A-x3522b/A71EV2A-x3522b_ligand_ref.sdf,True,1968,ac4d1e729ed650615538cc8651b098d00d4220bcc2242089cc0b28cd091ed705,structures/x3522a_x3522b/A71EV2A-x3522b/A71EV2A-x3522b_ligand_prepared.sdf,True,3296,0f250195984424b89af064e26696ee469baee4aae10add432fc8435aed188418,2231,2180,51,22,2112,2112,,,True,1,22,22,0,C:15;Cl:1;N:3;O:3,True,1,38,22,0,C:15;Cl:1;H:16;N:3;O:3
202,A71EV2A-x3546a,x3546a,COc1ccc(F)cc1CC(=O)N1CCC[C@H](C(N)=O)C1,4.2094,False,False,True,True,False,36.8717,92.3077,34.0354,structures/x3546a/A71EV2A-x3546a,structures/x3546a/A71EV2A-x3546a/A71EV2A-x3546a_complex_ref.pdb,True,198689,f219c1e6bf2ef7da497f024008d5302f7d9aa416fca17eb4d5fbd0c3e7c01b91,structures/x3546a/A71EV2A-x3546a/A71EV2A-x3546a_prepared.pdb,True,170009,79ecf05453b8e84cba3ce7147a981fe8c6f22bfcec79b080286ed5f751b03d1e,structures/x3546a/A71EV2A-x3546a/A71EV2A-x3546a_ligand_ref.sdf,True,1885,025eabc5590f3f7cfa42089d8a15b9d357fb9eef76bc1cf2e558f130d0ec2d8e,structures/x3546a/A71EV2A-x3546a/A71EV2A-x3546a_ligand_prepared.sdf,True,3462,cc00f383112e893a1e91267ffaf96b76f138530fd2a1a5552fe3d92cf4b5e454,1113,1077,36,21,2097,2097,,,True,1,21,21,0,C:15;F:1;N:2;O:3,True,1,40,21,0,C:15;F:1;H:19;N:2;O:3
203,A71EV2A-x3548a,x3229a_x3548a,COc1ccncc1CC(=O)N1CCC[C@H](C(N)=O)C1,4.7517,False,False,True,True,False,42.8876,96,41.1721,structures/x3229a_x3548a/A71EV2A-x3548a,structures/x3229a_x3548a/A71EV2A-x3548a/A71EV2A-x3548a_complex_ref.pdb,True,197876,b40b6a2b4110fa87f2d70175c84fd1b017a4eef87cef53d9a1cd08195701b2b9,structures/x3229a_x3548a/A71EV2A-x3548a/A71EV2A-x3548a_prepared.pdb,True,170009,2147c4b3b009e1017b8a03603fbc7491c9ca75b5d050cd794e653d363029522a,structures/x3229a_x3548a/A71EV2A-x3548a/A71EV2A-x3548a_ligand_ref.sdf,True,1802,90639e25f57744f8dea9f561b774e8016993dd84886740f58d3978bd79a7055f,structures/x3229a_x3548a/A71EV2A-x3548a/A71EV2A-x3548a_ligand_prepared.sdf,True,3379,0ce450807cb043bb1568193146bd6fdae9b6192265f51e99d94f760c137e861a,1107,1074,33,20,2097,2097,,,True,1,20,20,0,C:14;N:3;O:3,True,1,39,20,0,C:14;H:19;N:3;O:3
204,A71EV2A-x3550b,x3550a_x3550b,COc1ccccc1CC(=O)N1C[C@@H](C(N)=O)CC[C@@H]1C,4.4113,False,False,True,True,True,48.2045,14.2857,6.8864,structures/x3550a_x3550b/A71EV2A-x3550b,structures/x3550a_x3550b/A71EV2A-x3550b/A71EV2A-x3550b_complex_ref.pdb,True,201928,67ad1671ac42610b2f6ef724e65fdc00741ca41c297c2b025a1032bc3a08bd67,structures/x3550a_x3550b/A71EV2A-x3550b/A71EV2A-x3550b_prepared.pdb,True,171224,f0447c4f23081bc3c045de659414fdb162c62f73290859f3b9e19adfcaebe49b,structures/x3550a_x3550b/A71EV2A-x3550b/A71EV2A-x3550b_ligand_ref.sdf,True,1885,7c5b5fdf440df91e1829e5b17bc712c7e169726efb2aca6fd49fdd3fe05ec65a,structures/x3550a_x3550b/A71EV2A-x3550b/A71EV2A-x3550b_ligand_prepared.sdf,True,3711,e10b753f9bf825010de6bb393d867089c878300996e90a02ad218388be411766,1142,1100,42,21,2112,2112,,,True,1,21,21,0,C:16;N:2;O:3,True,1,43,21,0,C:16;H:22;N:2;O:3
205,A71EV2A-x3550a,x3550a_x3550b,COc1ccccc1CC(=O)N1C[C@@H](C(N)=O)CC[C@@H]1C,4.4113,False,False,True,True,False,41.9845,92.3077,38.755,structures/x3550a_x3550b/A71EV2A-x3550a,structures/x3550a_x3550b/A71EV2A-x3550a/A71EV2A-x3550a_complex_ref.pdb,True,201847,ebb30c406dcca881bcf0dee52fcaf22615485fcc2d0db7d26bfeecf6ea578fbd,structures/x3550a_x3550b/A71EV2A-x3550a/A71EV2A-x3550a_prepared.pdb,True,171224,c3e5d79f1b6a0c7fb66d605874502f15bac0b7a89e86fb67845179717d1a5f2b,structures/x3550a_x3550b/A71EV2A-x3550a/A71EV2A-x3550a_ligand_ref.sdf,True,1885,94165ae939154969a4a2db09c5f0c9eab875fb8c233aacc53ed1ad03ec1054e6,structures/x3550a_x3550b/A71EV2A-x3550a/A71EV2A-x3550a_ligand_prepared.sdf,True,3711,74a56198f56b9af0161b3e7430d66849d831f11e386a4e47de1ce6b0a10c2fd5,1141,1100,41,21,2112,2112,,,True,1,21,21,0,C:16;N:2;O:3,True,1,43,21,0,C:16;H:22;N:2;O:3
206,A71EV2A-x3556a,x3556a,Cn1cc2c(CC(=O)N3CC[C@H](C(N)=O)C3)cccc2n1,4.4101,False,False,True,True,False,44.7373,96.1538,43.0167,structures/x3556a/A71EV2A-x3556a,structures/x3556a/A71EV2A-x3556a/A71EV2A-x3556a_complex_ref.pdb,True,200713,e1e914ea66b85d902d81a8a3f0466a022d3e7f1b61a35fdfc490107dad82cb19,structures/x3556a/A71EV2A-x3556a/A71EV2A-x3556a_prepared.pdb,True,171224,3872b154579334004186c73054b25a3309ce5afc97fc4f73628e7b718e49251a,structures/x3556a/A71EV2A-x3556a/A71EV2A-x3556a_ligand_ref.sdf,True,1898,f807148d622b5a61f3d7e62cdd8645e1259bd478eb359a73e868f340383340cf,structures/x3556a/A71EV2A-x3556a/A71EV2A-x3556a_ligand_prepared.sdf,True,3392,37507e429dfc8e5d008f32370df895044f7c251dacb42c8eede8435e652e57d8,1138,1097,41,21,2112,2112,,,True,1,21,21,0,C:15;N:4;O:2,True,1,39,21,0,C:15;H:18;N:4;O:2
207,A71EV2A-x3557a,x3557a_x3557b,COc1ccc(CC(=O)N2CCC[C@H](C(N)=O)C2)c(OC)c1,4.6352,False,False,True,True,False,40.9983,88.4615,36.2678,structures/x3557a_x3557b/A71EV2A-x3557a,structures/x3557a_x3557b/A71EV2A-x3557a/A71EV2A-x3557a_complex_ref.pdb,True,378510,7163098cb5bae463aa45e3dbb1b1e9bb471d87399353d9cdbf128c227b884055,structures/x3557a_x3557b/A71EV2A-x3557a/A71EV2A-x3557a_prepared.pdb,True,170009,ecc084ad37e722ecbe7bc2d5abc9ea0c5281d32904dfe653a47c22a916d43c2c,structures/x3557a_x3557b/A71EV2A-x3557a/A71EV2A-x3557a_ligand_ref.sdf,True,1968,bbf0fead06ea65ce65e0ca932f32859ee1d79ade89c6d25071ec874eb2488a14,structures/x3557a_x3557b/A71EV2A-x3557a/A71EV2A-x3557a_ligand_prepared.sdf,True,3794,3cd12a0ea02e73b8ea6692265f3794f26826d196d6ef917b889a6ea5ce051150,2214,2154,60,44,2097,2097,,,True,1,22,22,0,C:16;N:2;O:4,True,1,44,22,0,C:16;H:22;N:2;O:4
208,A71EV2A-x3557b,x3557a_x3557b,COc1ccc(CC(=O)N2CCC[C@H](C(N)=O)C2)c(OC)c1,4.6352,False,False,True,True,False,40.8063,92,37.5418,structures/x3557a_x3557b/A71EV2A-x3557b,structures/x3557a_x3557b/A71EV2A-x3557b/A71EV2A-x3557b_complex_ref.pdb,True,378429,a063fcd927da2b81d5f6de93b8745d89d5a595953ff044fcf23d6ffcc1852967,structures/x3557a_x3557b/A71EV2A-x3557b/A71EV2A-x3557b_prepared.pdb,True,170009,2b12446068b6ecd58c3330cc3dd85fd92ec19053ac139d7f5e4b2cb483c1b623,structures/x3557a_x3557b/A71EV2A-x3557b/A71EV2A-x3557b_ligand_ref.sdf,True,1968,2068b4598e77100807ad3dc4dfcbc138ca6f7e778ac9bc91f5dcfbf2a008f529,structures/x3557a_x3557b/A71EV2A-x3557b/A71EV2A-x3557b_ligand_prepared.sdf,True,3794,97a48d75d705012005efe8e453269460d1979b7d45ab35168b0d3e7a61893415,2213,2154,59,44,2097,2097,,,True,1,22,22,0,C:16;N:2;O:4,True,1,44,22,0,C:16;H:22;N:2;O:4
209,A71EV2A-x3564a,x3564a,Cc1ccccc1NC(=O)c1cncc(C(N)=O)c1,4.6326,False,False,True,True,False,52.8709,78.9474,41.7402,structures/x3564a/A71EV2A-x3564a,structures/x3564a/A71EV2A-x3564a/A71EV2A-x3564a_complex_ref.pdb,True,199418,f67df35d54f32d78d23aada6046a24500dd0c7b439549a84d60094a7349ea931,structures/x3564a/A71EV2A-x3564a/A71EV2A-x3564a_prepared.pdb,True,170009,4d5c27420a8a595ed227dcdedfbc4051ddae5e0cabef6653b9f8a3ab3d035ff9,structures/x3564a/A71EV2A-x3564a/A71EV2A-x3564a_ligand_ref.sdf,True,1719,615fda8c6df796719f09695de9c8f3b78e2569225d5b4f45f68a33b648c03bea,structures/x3564a/A71EV2A-x3564a/A71EV2A-x3564a_ligand_prepared.sdf,True,2798,1daa0693c07ece6452df1a0843250c59de836dc42e4f9ad4a55eafe89fc465a9,1121,1080,41,19,2097,2097,,,True,1,19,19,0,C:14;N:3;O:2,True,1,32,19,0,C:14;H:13;N:3;O:2
210,A71EV2A-x3568a,x3568a,Cc1ccc2c(C(=O)NCCc3cocn3)c[nH]c2c1,5.1081,False,False,True,True,False,48.8204,88,42.962,structures/x3568a/A71EV2A-x3568a,structures/x3568a/A71EV2A-x3568a/A71EV2A-x3568a_complex_ref.pdb,True,382887,c6e843f38423d6868c163a8a552349b42e919871c9c63460925809c4e53af9a5,structures/x3568a/A71EV2A-x3568a/A71EV2A-x3568a_prepared.pdb,True,171224,40bdb5cf8698fbb2c19052c3363c8033471d0acf0ed2a5733af3fcb036b18239,structures/x3568a/A71EV2A-x3568a/A71EV2A-x3568a_ligand_ref.sdf,True,1815,2acd99cd2f10e28f3a8bb0e567c50fa424ac8af3f16303243102dc4e44c39856,structures/x3568a/A71EV2A-x3568a/A71EV2A-x3568a_ligand_prepared.sdf,True,3060,f5a1fe02f78e09e238667634ac347adb341bcec54a9d6dfcb13134a2313537fd,2220,2183,37,20,2112,2112,,,True,1,20,20,0,C:15;N:3;O:2,True,1,35,20,0,C:15;H:15;N:3;O:2
211,A71EV2A-x3571a,x3571a_x3571b,COc1ccccc1CC(=O)N1CCCC[C@H](C(N)=O)C1,4.9522,False,False,True,True,False,43.0648,92.3077,39.7521,structures/x3571a_x3571b/A71EV2A-x3571a,structures/x3571a_x3571b/A71EV2A-x3571a/A71EV2A-x3571a_complex_ref.pdb,True,379888,9533a70467da5491574e844689889880d7d9f285c0ccce42f44c2e799db98c4f,structures/x3571a_x3571b/A71EV2A-x3571a/A71EV2A-x3571a_prepared.pdb,True,170009,917c8f95ddad02c24c97fa92d122e0783ad14381c724b0cb0bfb262298ee79e6,structures/x3571a_x3571b/A71EV2A-x3571a/A71EV2A-x3571a_ligand_ref.sdf,True,1885,b8564136c109fd4323e8886e2b7c221e91a0ddc250f0ed667787c0896979f976,structures/x3571a_x3571b/A71EV2A-x3571a/A71EV2A-x3571a_ligand_prepared.sdf,True,3711,8008ed0efa59d7a6251c67e23969f9d1a1e457f814994bb4cf8f15c4d49317c4,2226,2161,65,42,2097,2097,,,True,1,21,21,0,C:16;N:2;O:3,True,1,43,21,0,C:16;H:22;N:2;O:3
212,A71EV2A-x3571b,x3571a_x3571b,COc1ccccc1CC(=O)N1CCCC[C@H](C(N)=O)C1,4.9522,False,False,True,True,False,42.2315,96.1538,40.6072,structures/x3571a_x3571b/A71EV2A-x3571b,structures/x3571a_x3571b/A71EV2A-x3571b/A71EV2A-x3571b_complex_ref.pdb,True,379807,3d4a8f12bb27da6421cef2419bfd48c9b3d40a2f671666f607b36a81a20555a7,structures/x3571a_x3571b/A71EV2A-x3571b/A71EV2A-x3571b_prepared.pdb,True,170009,2b08201ebbecef8e9afa67452a9bc4f4709c448c57d4514474253d1e7b06d0db,structures/x3571a_x3571b/A71EV2A-x3571b/A71EV2A-x3571b_ligand_ref.sdf,True,1885,a6f068a2acc5bace8f91b6f3d38c9c12956b7b5b6dd33908a38764504ea51147,structures/x3571a_x3571b/A71EV2A-x3571b/A71EV2A-x3571b_ligand_prepared.sdf,True,3711,32853a5549fb4ed094e9fcbd058131059d1215e4c4c0e6e42f9d043794d781e0,2225,2161,64,42,2097,2097,,,True,1,21,21,0,C:16;N:2;O:3,True,1,43,21,0,C:16;H:22;N:2;O:3
213,A71EV2A-x3575a,x3575a,COc1c(C#N)cccc1CC(=O)N1CCC[C@H](C(N)=O)C1,,False,False,True,True,False,45.0355,91.3043,41.1194,structures/x3575a/A71EV2A-x3575a,structures/x3575a/A71EV2A-x3575a/A71EV2A-x3575a_complex_ref.pdb,True,200310,ab16dfa925f58f9e17f75e304226c1157eff58a3e868c0f17bd8aa80c6416d91,structures/x3575a/A71EV2A-x3575a/A71EV2A-x3575a_prepared.pdb,True,170009,91fa540aecb322d9a71cf9d3f8fd259c956e8f61d6a1cdeaa2b4b3be7d7b63bc,structures/x3575a/A71EV2A-x3575a/A71EV2A-x3575a_ligand_ref.sdf,True,1968,77973d9c0ea6511c8f62174a36b4a74ebbf191e6167a311f03f988de02cd0fb0,structures/x3575a/A71EV2A-x3575a/A71EV2A-x3575a_ligand_prepared.sdf,True,3545,bdd7c333c9e3a32e6f012a8c1b1d8f0d393701ca4f9820539a3c9cb45f644f3c,1115,1077,38,22,2097,2097,,,True,1,22,22,0,C:16;N:3;O:3,True,1,41,22,0,C:16;H:19;N:3;O:3
214,A71EV2A-x3849a,x3849a_x3869a,COc1ncccc1CC(=O)N1CCC[C@@H](C(N)=O)C1,4.9397,False,False,True,True,False,41.7987,95.8333,40.057,structures/x3849a_x3869a/A71EV2A-x3849a,structures/x3849a_x3869a/A71EV2A-x3849a/A71EV2A-x3849a_complex_ref.pdb,True,200469,4b5abe178dc257b3c0d90f66ca8d4ae891c9dcc3366e6f579fe49bc436dec63e,structures/x3849a_x3869a/A71EV2A-x3849a/A71EV2A-x3849a_prepared.pdb,True,170009,4c95ffbf3c2c98ca578433a8e4ea0f0420847dfe554c9f974b9bc84b082f1abd,structures/x3849a_x3869a/A71EV2A-x3849a/A71EV2A-x3849a_ligand_ref.sdf,True,1802,694f8b217a9211e97fbb15d9d8bb5e798fd1a74cfd5f1dc669bab1f021e383f2,structures/x3849a_x3869a/A71EV2A-x3849a/A71EV2A-x3849a_ligand_prepared.sdf,True,3379,334881da1ebe4ebeb1090ffc914ca41567a8ec204d2fb1ff69b833ae9e800cd7,1116,1077,39,20,2097,2097,,,True,1,20,20,0,C:14;N:3;O:3,True,1,39,20,0,C:14;H:19;N:3;O:3
215,A71EV2A-x3858a,x3858a_x3858b,COc1cccc(Cl)c1CC(=O)N1CCC[C@@H](C(N)=O)C1,4.6205,False,False,True,True,False,40.9906,91.6667,37.5747,structures/x3858a_x3858b/A71EV2A-x3858a,structures/x3858a_x3858b/A71EV2A-x3858a/A71EV2A-x3858a_complex_ref.pdb,True,380131,ed27c26af7a87afd987488fbffdc8aca380288726522d050df4c48720037c413,structures/x3858a_x3858b/A71EV2A-x3858a/A71EV2A-x3858a_prepared.pdb,True,170009,560397d3e5e0907e2d7b9cdd54ece6f5f182a345dd4f9a9856237ec1e853e4d4,structures/x3858a_x3858b/A71EV2A-x3858a/A71EV2A-x3858a_ligand_ref.sdf,True,1885,b07f24a67d2aa2d092fe655c918d420f8947f8269f98628ed942344f904d6972,structures/x3858a_x3858b/A71EV2A-x3858a/A71EV2A-x3858a_ligand_prepared.sdf,True,3462,00fcf55fd6d8c3b7386b83c379be392158556c1c601579501462503f15b368bb,2226,2164,62,42,2097,2097,,,True,1,21,21,0,C:15;Cl:1;N:2;O:3,True,1,40,21,0,C:15;Cl:1;H:19;N:2;O:3
216,A71EV2A-x3858b,x3858a_x3858b,COc1cccc(Cl)c1CC(=O)N1CCC[C@@H](C(N)=O)C1,4.6205,False,False,True,True,False,40.7133,95.8333,39.0169,structures/x3858a_x3858b/A71EV2A-x3858b,structures/x3858a_x3858b/A71EV2A-x3858b/A71EV2A-x3858b_complex_ref.pdb,True,380050,60362350ddc0a3dd43ff7b0f468243120bfa8d9763f23ee96717071049b22f97,structures/x3858a_x3858b/A71EV2A-x3858b/A71EV2A-x3858b_prepared.pdb,True,170009,2b36f2b33130b19bb7c69832b80d025e553f2894ca22d89471221079f0ea1270,structures/x3858a_x3858b/A71EV2A-x3858b/A71EV2A-x3858b_ligand_ref.sdf,True,1885,5a6ce4f808a1b168b52e4526a3a20fb9b8fc0b743fd34534c29a5f6217023206,structures/x3858a_x3858b/A71EV2A-x3858b/A71EV2A-x3858b_ligand_prepared.sdf,True,3462,0d7588053d87382a0f5ad21cae1bf151c56e18cd70f5caa87137e7caab3bdb5f,2225,2164,61,42,2097,2097,,,True,1,21,21,0,C:15;Cl:1;N:2;O:3,True,1,40,21,0,C:15;Cl:1;H:19;N:2;O:3
217,A71EV2A-x3862a,x3862a,COc1ccccc1[C@@H](OC)C(=O)N1CCC[C@H](C(N)=O)C1,5.5237,False,False,True,True,False,41.1492,91.3043,37.571,structures/x3862a/A71EV2A-x3862a,structures/x3862a/A71EV2A-x3862a/A71EV2A-x3862a_complex_ref.pdb,True,370817,0557ca21aa6ea22a261e405401d42204578ae2281d8bc7573a299ce63ba97e48,structures/x3862a/A71EV2A-x3862a/A71EV2A-x3862a_prepared.pdb,True,170009,82f31fc6558643b41b4f6fcc5a04d0c013ba89ab6d78a40a525c6090ff844e83,structures/x3862a/A71EV2A-x3862a/A71EV2A-x3862a_ligand_ref.sdf,True,1968,d13aabeaa2ec602fc8c3f7b84a63bc928383eeb5d07acf76d5c48be9e91775f9,structures/x3862a/A71EV2A-x3862a/A71EV2A-x3862a_ligand_prepared.sdf,True,3794,d97862b68d341cb061e17c17db04802943efaca28cb67a4263c843f316ba5594,2200,2154,46,22,2097,2097,,,True,1,22,22,0,C:16;N:2;O:4,True,1,44,22,0,C:16;H:22;N:2;O:4
218,A71EV2A-x3867a,x3867a,Cc1ccccc1NC(=O)c1ccc(C)c(C(N)=O)c1,4.8041,False,False,True,True,False,52.5066,77.2727,40.5733,structures/x3867a/A71EV2A-x3867a,structures/x3867a/A71EV2A-x3867a/A71EV2A-x3867a_complex_ref.pdb,True,203468,dbfa84e4252bca8e519cb7719cc330a1a83cf97cf7dca0f81e095e1157b3bf75,structures/x3867a/A71EV2A-x3867a/A71EV2A-x3867a_prepared.pdb,True,170009,603cc57cda17618933f4a1c351f683ecdfef1055a7e4450ac236b44c4bb192ad,structures/x3867a/A71EV2A-x3867a/A71EV2A-x3867a_ligand_ref.sdf,True,1802,d6dc327450ccbcccd45656d4600551a6aa3ff4804b700ce64572a3deef871c85,structures/x3867a/A71EV2A-x3867a/A71EV2A-x3867a_ligand_prepared.sdf,True,3130,af6999741cec57b87b3e5e624e68f84e83b264410662f32929e006130ada5c2e,1123,1086,37,20,2097,2097,,,True,1,20,20,0,C:16;N:2;O:2,True,1,36,20,0,C:16;H:16;N:2;O:2
219,A71EV2A-x3868a,x3868a,COc1ccccc1N(C)C(=O)N1CCC[C@H](C(N)=O)C1,,False,False,True,True,False,38.9194,83.3333,32.4328,structures/x3868a/A71EV2A-x3868a,structures/x3868a/A71EV2A-x3868a/A71EV2A-x3868a_complex_ref.pdb,True,196500,d8a9f58622111017d771a3fd23bd1e635d3cf6f5fb7da3712200e57bde6b3fee,structures/x3868a/A71EV2A-x3868a/A71EV2A-x3868a_prepared.pdb,True,170009,7f82312746bac7a88387b72928d3e2fc86d059ad6fec1c5f4fec6415c5a43545,structures/x3868a/A71EV2A-x3868a/A71EV2A-x3868a_ligand_ref.sdf,True,1885,e347af6238c081d20af1e8fbd4c2f8ba1586e91a27bdcd924bb94dff888765c1,structures/x3868a/A71EV2A-x3868a/A71EV2A-x3868a_ligand_prepared.sdf,True,3628,5bb36bf1108df4ef5aac592674579f18e0c6da8596d3db022b836104fde55a2d,1106,1077,29,21,2097,2097,,,True,1,21,21,0,C:15;N:3;O:3,True,1,42,21,0,C:15;H:21;N:3;O:3
220,A71EV2A-x3869a,x3849a_x3869a,COc1ncccc1CC(=O)N1CCC[C@@H](C(N)=O)C1,4.9397,False,False,True,True,False,42.1417,95.6522,40.3094,structures/x3849a_x3869a/A71EV2A-x3869a,structures/x3849a_x3869a/A71EV2A-x3869a/A71EV2A-x3869a_complex_ref.pdb,True,198690,917cd896f34ac7a0b530800dd64121815c8adf53b95b07e31dedc28bf050c9a1,structures/x3849a_x3869a/A71EV2A-x3869a/A71EV2A-x3869a_prepared.pdb,True,170009,ab05119c89e552eca6aeec0a1a54d3426faf9e37863283c6571014a35076fde2,structures/x3849a_x3869a/A71EV2A-x3869a/A71EV2A-x3869a_ligand_ref.sdf,True,1802,35bcf7e2731e6cf7731a577c51db6dad85a53acdde35f168d3471b1c0f830d52,structures/x3849a_x3869a/A71EV2A-x3869a/A71EV2A-x3869a_ligand_prepared.sdf,True,3379,ff491204446a68c9b4a99dbd420812a9a332d35ea4ed2694083efa73f5bec84c,1114,1077,37,20,2097,2097,,,True,1,20,20,0,C:14;N:3;O:3,True,1,39,20,0,C:14;H:19;N:3;O:3
221,A71EV2A-x3883a,x3883a,COc1ccccc1[C@H](OC)C(=O)N1CCC[C@H](C(N)=O)C1,5.5237,False,False,True,True,False,44.1653,92.3077,40.768,structures/x3883a/A71EV2A-x3883a,structures/x3883a/A71EV2A-x3883a/A71EV2A-x3883a_complex_ref.pdb,True,382238,7c12fad95b76a62abfadf81c7881387042423a925e06901e6d4cb26243cef95b,structures/x3883a/A71EV2A-x3883a/A71EV2A-x3883a_prepared.pdb,True,171224,1c2d8350f981c9c53c9c9bdfb200871aef04f13c653f54b8561cf6d9dd6d549b,structures/x3883a/A71EV2A-x3883a/A71EV2A-x3883a_ligand_ref.sdf,True,1968,9b045e36f374f867b1c2d29ad24b28f27ebef8ad186c6a0d73beadd6eacfaba4,structures/x3883a/A71EV2A-x3883a/A71EV2A-x3883a_ligand_prepared.sdf,True,3794,ef90e929fd5a1f6694dcd53eae4fba4966bc531c73b948af66463c8c58a588ab,2240,2196,44,22,2112,2112,,,True,1,22,22,0,C:16;N:2;O:4,True,1,44,22,0,C:16;H:22;N:2;O:4
222,A71EV2A-x3884a,x3884a_x3884b,COc1ccccc1[C@H](NC(=O)OC(C)(C)C)C(=O)N1CCC[C@H](C(N)=O)C1,4.9308,False,False,True,True,False,37.1894,91.6667,34.0903,structures/x3884a_x3884b/A71EV2A-x3884a,structures/x3884a_x3884b/A71EV2A-x3884a/A71EV2A-x3884a_complex_ref.pdb,True,381184,c7d5b27042e2123c81b4c91d9ee28a456ec86cbde312f5bfd9a2669bf792da85,structures/x3884a_x3884b/A71EV2A-x3884a/A71EV2A-x3884a_prepared.pdb,True,170009,9fdb5be2954c1f8dd75af38544573a6c5bbec4b3d4e5f89e7b9ef59e53565412,structures/x3884a_x3884b/A71EV2A-x3884a/A71EV2A-x3884a_ligand_ref.sdf,True,2466,06e1638aaa429ccc5138c276a9f16776b06df8f0515c996af238b437e6da5666,structures/x3884a_x3884b/A71EV2A-x3884a/A71EV2A-x3884a_ligand_prepared.sdf,True,4873,b33fb42bf18d440441f4b150abc97f08148068363015539860fcc2d25668581d,2234,2154,80,56,2097,2097,,,True,1,28,28,0,C:20;N:3;O:5,True,1,57,28,0,C:20;H:29;N:3;O:5
223,A71EV2A-x3884b,x3884a_x3884b,COc1ccccc1[C@H](NC(=O)OC(C)(C)C)C(=O)N1CCC[C@H](C(N)=O)C1,4.9308,False,False,True,True,False,37.3067,92,34.3221,structures/x3884a_x3884b/A71EV2A-x3884b,structures/x3884a_x3884b/A71EV2A-x3884b/A71EV2A-x3884b_complex_ref.pdb,True,380941,187e8cd3f860c4d367250d5267831e607a541030397f67e529d66b4cd1bdf2f1,structures/x3884a_x3884b/A71EV2A-x3884b/A71EV2A-x3884b_prepared.pdb,True,170009,a3534149e13b5ff449c0c6bfbc326adb8047f5ae270fb3edf9dbf6cc4090ea78,structures/x3884a_x3884b/A71EV2A-x3884b/A71EV2A-x3884b_ligand_ref.sdf,True,2466,e563c8675c48a29ee528abd8b04af8e38ebae98d0401e4cba19d399130287187,structures/x3884a_x3884b/A71EV2A-x3884b/A71EV2A-x3884b_ligand_prepared.sdf,True,4873,c33022d9c620b03df384713385397d6108cd9a6e3f6cf026ac61c13a619a74b7,2231,2154,77,56,2097,2097,,,True,1,28,28,0,C:20;N:3;O:5,True,1,57,28,0,C:20;H:29;N:3;O:5
224,A71EV2A-x3890a,x3890a,COc1ccccc1[C@H](N)C(=O)N1CCC[C@H](C(N)=O)C1,5.35,False,False,True,True,False,45.0182,92,41.4168,structures/x3890a/A71EV2A-x3890a,structures/x3890a/A71EV2A-x3890a/A71EV2A-x3890a_complex_ref.pdb,True,379076,1a7458114f710fdb03899c29356ad48e7632b0a00d43f591642a93ff2d57e540,structures/x3890a/A71EV2A-x3890a/A71EV2A-x3890a_prepared.pdb,True,170009,602c692e04c1fa44cbeb2b95cbbfcfbdec23d7d77ba4230eeecb5c964eb497dd,structures/x3890a/A71EV2A-x3890a/A71EV2A-x3890a_ligand_ref.sdf,True,1885,b388bfdca453c87258c74f18bda18a376099e17aa30524e551eda99afba5d7fc,structures/x3890a/A71EV2A-x3890a/A71EV2A-x3890a_ligand_prepared.sdf,True,3729,0ed25880847567205a207eedc33b0372813687943322d75ac17c34c1188a9d64,2214,2170,44,21,2097,2097,,,True,1,21,21,0,C:15;N:3;O:3,True,1,43,21,1,C:15;H:22;N:3;O:3
225,A71EV2A-x3895a,x3895a,COc1ccccc1CN1C[C@@H](C(N)=O)CC1=O,4.6271,False,False,True,True,False,41.0173,95.4545,39.1529,structures/x3895a/A71EV2A-x3895a,structures/x3895a/A71EV2A-x3895a/A71EV2A-x3895a_complex_ref.pdb,True,197960,95337f1b5dd8f7ad6ec45258a00610f39ece20d9544649773094b951896b462b,structures/x3895a/A71EV2A-x3895a/A71EV2A-x3895a_prepared.pdb,True,170009,ad05d78b3e27d2ab494302a3fe592b97146cc48d4330dc42eb1f5078ad25a34d,structures/x3895a/A71EV2A-x3895a/A71EV2A-x3895a_ligand_ref.sdf,True,1636,d8483d55014f74e0de0196870120dddbfcb95cb7c7754d0be23b68570e79b385,structures/x3895a/A71EV2A-x3895a/A71EV2A-x3895a_ligand_prepared.sdf,True,2964,5c5739fdff570a1acbe166dca94ad4ef45523b1c923bba4691632b91f1cfce40,1111,1077,34,18,2097,2097,,,True,1,18,18,0,C:13;N:2;O:3,True,1,34,18,0,C:13;H:16;N:2;O:3
226,A71EV2A-x3897a,x3897a,COc1ccncc1CC(=O)N1CCC[C@@H](C(N)=O)C1,,False,False,True,True,False,38.6246,92,35.5346,structures/x3897a/A71EV2A-x3897a,structures/x3897a/A71EV2A-x3897a/A71EV2A-x3897a_complex_ref.pdb,True,198852,efdfd06dd4f98cddec3b7452d0c2a778cd751f162676920446e678fd58245881,structures/x3897a/A71EV2A-x3897a/A71EV2A-x3897a_prepared.pdb,True,170009,a59a60ca76068ac066ed1429d9264031b851921457d96245357ddc9f7b55998b,structures/x3897a/A71EV2A-x3897a/A71EV2A-x3897a_ligand_ref.sdf,True,1802,840f3a2a175deda82f957ec5eb69a2169ff7b686992d3513e9557477da0ac9e7,structures/x3897a/A71EV2A-x3897a/A71EV2A-x3897a_ligand_prepared.sdf,True,3379,e993539745c1eced65f324d980c7720d327b73cb1ccefcd5a31fe37c84407d48,1119,1077,42,20,2097,2097,,,True,1,20,20,0,C:14;N:3;O:3,True,1,39,20,0,C:14;H:19;N:3;O:3
227,A71EV2A-x3901a,x3901a,COc1ccccc1CC(=O)N1CCN[C@H](C(N)=O)C1,5.6227,False,False,True,True,False,44.8684,92.3077,41.417,structures/x3901a/A71EV2A-x3901a,structures/x3901a/A71EV2A-x3901a/A71EV2A-x3901a_complex_ref.pdb,True,379727,03ca5c30508f21f945d0005d176ec25f573c2ca8dfad8d1b8e32690068ec2fe6,structures/x3901a/A71EV2A-x3901a/A71EV2A-x3901a_prepared.pdb,True,171224,252c25d0bf1aae52711e3b67ba8a52d40dc8e90d412b41eb3d6c2160ad6338b5,structures/x3901a/A71EV2A-x3901a/A71EV2A-x3901a_ligand_ref.sdf,True,1802,266a21e4774dd7bd5ebbd0257f1d3ef67e0c796466cadb7a474231d88f51d097,structures/x3901a/A71EV2A-x3901a/A71EV2A-x3901a_ligand_prepared.sdf,True,3480,48039076fe309b5682542469b6548858eef4b98b3806336edd289a29429e940c,2223,2185,38,20,2112,2112,,,True,1,20,20,0,C:14;N:3;O:3,True,1,40,20,1,C:14;H:20;N:3;O:3
228,A71EV2A-x3908a,x3908a,Cc1cccc(N(CC(=O)N2CCCCC2)C(=O)N2CCC[C@H](C(N)=O)C2)c1,4.6271,False,False,True,True,False,40.8935,95.8333,39.1896,structures/x3908a/A71EV2A-x3908a,structures/x3908a/A71EV2A-x3908a/A71EV2A-x3908a_complex_ref.pdb,True,380781,a5592362fc547da85f08fe250c1b271d338cd5a8ccbdfa28fc0d33a49f5799fd,structures/x3908a/A71EV2A-x3908a/A71EV2A-x3908a_prepared.pdb,True,171224,4c78125276196aaae178b993c349425e4d66b729f5be248bd3400b03fec45cec,structures/x3908a/A71EV2A-x3908a/A71EV2A-x3908a_ligand_ref.sdf,True,2479,f773504c3ba1d1dcd48d18d5ddb5d9ad8b91ada2ab4c0a3deab328117f23a895,structures/x3908a/A71EV2A-x3908a/A71EV2A-x3908a_ligand_prepared.sdf,True,4969,85cd68f83b4534dba20c96463e7467ca31d52e0717e7425a6003d1d9be274e4c,2229,2180,49,28,2112,2112,,,True,1,28,28,0,C:21;N:4;O:3,True,1,58,28,0,C:21;H:30;N:4;O:3
229,A71EV2A-x3914a,x3188a_x3189a_x3914a,Cn1cc2c(CC(=O)N3CCC[C@H](C(N)=O)C3)cccc2n1,4.4056,False,False,True,True,False,43.2274,96,41.4983,structures/x3188a_x3189a_x3914a/A71EV2A-x3914a,structures/x3188a_x3189a_x3914a/A71EV2A-x3914a/A71EV2A-x3914a_complex_ref.pdb,True,198284,ec7b4d34bd1220c7a0fd8c0510ae02b0d7aab794395dfbabe6231e91d649f383,structures/x3188a_x3189a_x3914a/A71EV2A-x3914a/A71EV2A-x3914a_prepared.pdb,True,170009,287ff8da50f987d852e3e77e2db2d85a1620b5ede0d598b7ac1310104a61700a,structures/x3188a_x3189a_x3914a/A71EV2A-x3914a/A71EV2A-x3914a_ligand_ref.sdf,True,1981,70078d2afe66cd1cafb3e66cad9eb51533ee3576e548c03717a8b132eac8bf35,structures/x3188a_x3189a_x3914a/A71EV2A-x3914a/A71EV2A-x3914a_ligand_prepared.sdf,True,3641,d83ded0678bc09e38006f848533ab11c8db7d539696db163afc6e8007de4e341,1110,1074,36,22,2097,2097,,,True,1,22,22,0,C:16;N:4;O:2,True,1,42,22,0,C:16;H:20;N:4;O:2
230,A71EV2A-x3920a,x3201a_x3920a_x4347a,COc1ncccc1CC(=O)N1CCC[C@H](C(N)=O)C1,,False,False,True,True,False,43.9212,95.8333,42.0911,structures/x3201a_x3920a_x4347a/A71EV2A-x3920a,structures/x3201a_x3920a_x4347a/A71EV2A-x3920a/A71EV2A-x3920a_complex_ref.pdb,True,198201,b164ebabd976196bd97574b1440b3209bd7c13a8b0dae9c4797bbcc72e257f14,structures/x3201a_x3920a_x4347a/A71EV2A-x3920a/A71EV2A-x3920a_prepared.pdb,True,170009,dda4f6a06cdbcab6f9892672e9e7b81c42fa73b4752af289329ead117221f4d0,structures/x3201a_x3920a_x4347a/A71EV2A-x3920a/A71EV2A-x3920a_ligand_ref.sdf,True,1802,53e5304d5e434ebf58a221d7d57d52f8d28d5067807033ac0a08691c7e8b1af9,structures/x3201a_x3920a_x4347a/A71EV2A-x3920a/A71EV2A-x3920a_ligand_prepared.sdf,True,3379,bb945f36a0dd36eebf13e585ac72749c8b8c628651764c3e1e1b4a04b0e51eff,1108,1077,31,20,2097,2097,,,True,1,20,20,0,C:14;N:3;O:3,True,1,39,20,0,C:14;H:19;N:3;O:3
231,A71EV2A-x3936a,x3936a,COC[C@]1(C(=O)N2CCC[C@H](C(N)=O)C2)CCCCO1,6,False,False,True,True,False,45.8461,95.4545,43.7622,structures/x3936a/A71EV2A-x3936a,structures/x3936a/A71EV2A-x3936a/A71EV2A-x3936a_complex_ref.pdb,True,380536,fde49fa5fc0a2f9e87b9c537b49ca7d09017e754cdbea7c2b522b88f6e51b16d,structures/x3936a/A71EV2A-x3936a/A71EV2A-x3936a_prepared.pdb,True,171224,e3d764429150b41975c5b74ac00a23b2eb5aef6d128e3b1cd63ca54dd49330de,structures/x3936a/A71EV2A-x3936a/A71EV2A-x3936a_ligand_ref.sdf,True,1802,a975609bcf29583289289e50c0fc7a0e9a75b4d6b94041438eccbbab4f0b7c2c,structures/x3936a/A71EV2A-x3936a/A71EV2A-x3936a_ligand_prepared.sdf,True,3794,67dcce65460290f82d12c614aae6cc3dd9aed2f85ec68f72183f2bcac09129d0,2228,2189,39,20,2112,2112,,,True,1,20,20,0,C:14;N:2;O:4,True,1,44,20,0,C:14;H:24;N:2;O:4
232,A71EV2A-x3937a,x3937a,CO[C@@H](C(=O)N1CCC[C@H](C(N)=O)C1)c1cccnc1,4.227,False,False,True,True,False,47.3349,72,34.0811,structures/x3937a/A71EV2A-x3937a,structures/x3937a/A71EV2A-x3937a/A71EV2A-x3937a_complex_ref.pdb,True,380699,9eef88f38f9e175cbea6171edc7645717b6232969cc4b57878500d7cfeef76fc,structures/x3937a/A71EV2A-x3937a/A71EV2A-x3937a_prepared.pdb,True,170009,b2a856f5ce807b546e4b409d32b520f588e776f0525869107ced57cd955897bf,structures/x3937a/A71EV2A-x3937a/A71EV2A-x3937a_ligand_ref.sdf,True,1802,abc7db96a7053667dd0f15ec467d765ae1106d54f60ac61209aec7a4d46685a1,structures/x3937a/A71EV2A-x3937a/A71EV2A-x3937a_ligand_prepared.sdf,True,3379,ee609be091671623669a6b65a92b09e3c229b0cbe00eab47735fab23a96cba83,2234,2188,46,20,2097,2097,,,True,1,20,20,0,C:14;N:3;O:3,True,1,39,20,0,C:14;H:19;N:3;O:3
233,A71EV2A-x3938a,x3938a,C[C@]1(C(=O)N2CCC[C@H](C(N)=O)C2)CCCCO1,,False,False,True,True,False,42.7604,91.6667,39.1971,structures/x3938a/A71EV2A-x3938a,structures/x3938a/A71EV2A-x3938a/A71EV2A-x3938a_complex_ref.pdb,True,379404,674b9d33844ff16902876235a8ae2daddbad260b829bff7f54f974b546dc79cb,structures/x3938a/A71EV2A-x3938a/A71EV2A-x3938a_prepared.pdb,True,171224,4a69c069e37065b8c09a5b1c11f639c7099afc43ac52699499f01ae99f0347c9,structures/x3938a/A71EV2A-x3938a/A71EV2A-x3938a_ligand_ref.sdf,True,1636,430566633867ce4d643890ca8c80f585c8e5af9923b76d26ce129a1e1e9c543e,structures/x3938a/A71EV2A-x3938a/A71EV2A-x3938a_ligand_prepared.sdf,True,3462,0287b55f64212fa412a46b824ac9ee53ff361d9eb78d624e5da1f2a34ab97e2e,2222,2183,39,18,2112,2112,,,True,1,18,18,0,C:13;N:2;O:3,True,1,40,18,0,C:13;H:22;N:2;O:3
234,A71EV2A-x3939a,x3939a,CO[C@@H](C(=O)N1CCC[C@H](C(N)=O)C1)c1ccccc1C,4.9281,False,False,True,True,False,39.6701,92.3077,36.6185,structures/x3939a/A71EV2A-x3939a,structures/x3939a/A71EV2A-x3939a/A71EV2A-x3939a_complex_ref.pdb,True,380698,3da30ec279d7e840f18a4746432aff4a10b98458cff1821893bbb4886f748b2f,structures/x3939a/A71EV2A-x3939a/A71EV2A-x3939a_prepared.pdb,True,171224,b74ec4e47c6164208065fc16d271a214dac1966dee2e809b931a4baba192347e,structures/x3939a/A71EV2A-x3939a/A71EV2A-x3939a_ligand_ref.sdf,True,1885,dc6c0ca6fff0a0bdd2bf7dbd778b6996739b44065a11eb59579f9e61425892f5,structures/x3939a/A71EV2A-x3939a/A71EV2A-x3939a_ligand_prepared.sdf,True,3711,629e526dfa29c70fe3a899e4e303bcde1c73146fe1157daac9a1db9f4b58ff26,2233,2189,44,21,2112,2112,,,True,1,21,21,0,C:16;N:2;O:3,True,1,43,21,0,C:16;H:22;N:2;O:3
235,A71EV2A-x3940a,x3940a,COc1ccc(Cl)cc1CC(=O)N1CCC[C@H](C(N)=O)C1,4.7272,False,False,True,True,False,41.1474,91.3043,37.5693,structures/x3940a/A71EV2A-x3940a,structures/x3940a/A71EV2A-x3940a/A71EV2A-x3940a_complex_ref.pdb,True,196581,2560e430caaf07a5a48cd14d46dc474a7cddc73aebd8aca8bbe978639c53574b,structures/x3940a/A71EV2A-x3940a/A71EV2A-x3940a_prepared.pdb,True,170009,2ead59e8e1700d640f4281b9a4a81e8d64fac63b080d289ceebc94adf94990d2,structures/x3940a/A71EV2A-x3940a/A71EV2A-x3940a_ligand_ref.sdf,True,1885,a56e63d18636a9679692e2b745d0d4cbea9576e51559489f32e85195cd7886f9,structures/x3940a/A71EV2A-x3940a/A71EV2A-x3940a_ligand_prepared.sdf,True,3462,025259d5c50f3c9874e8b2c1c38e5ad9bc6f28cabeadf55388024d47bec6e4c9,1098,1074,24,21,2097,2097,,,True,1,21,21,0,C:15;Cl:1;N:2;O:3,True,1,40,21,0,C:15;Cl:1;H:19;N:2;O:3
236,A71EV2A-x3942a,x3942a_x4209a,COc1cccc(Cl)c1CC(=O)N1CCC[C@H](C(N)=O)C1,4.7856,False,False,True,True,False,42.5349,92,39.1321,structures/x3942a_x4209a/A71EV2A-x3942a,structures/x3942a_x4209a/A71EV2A-x3942a/A71EV2A-x3942a_complex_ref.pdb,True,197229,02a22c79ffeea478abd6e7375e0f35154163d4dffc0afdb854b26165b0eaf518,structures/x3942a_x4209a/A71EV2A-x3942a/A71EV2A-x3942a_prepared.pdb,True,170009,392bc1449c8891ca24fef1ec3adc1e32916f7d59addc78301b653f9e29a04e17,structures/x3942a_x4209a/A71EV2A-x3942a/A71EV2A-x3942a_ligand_ref.sdf,True,1885,4c6af2b386f0aedb12646bc4f6cb86bd50138b471f50ca019dbaa5a09b054002,structures/x3942a_x4209a/A71EV2A-x3942a/A71EV2A-x3942a_ligand_prepared.sdf,True,3462,8bb947ade466a2a5bef55f19de100eda275e171c47be3a92b604fa8771c7dc2a,1114,1077,37,21,2097,2097,,,True,1,21,21,0,C:15;Cl:1;N:2;O:3,True,1,40,21,0,C:15;Cl:1;H:19;N:2;O:3
237,A71EV2A-x3944a,x3944a,CCN(CC1CC1)C(=O)c1cccc(CC(=O)N2CCC[C@H](C(N)=O)C2)c1,4.9083,False,False,True,True,False,34.3683,90,30.9315,structures/x3944a/A71EV2A-x3944a,structures/x3944a/A71EV2A-x3944a/A71EV2A-x3944a_complex_ref.pdb,True,197959,f908430eb30e1cacdc4cf4d7ee1c37d547e619802e7f90e469ddec939d8acb68,structures/x3944a/A71EV2A-x3944a/A71EV2A-x3944a_prepared.pdb,True,170009,59ca1b9631e774fca7e45c1a564b3884b37641647b1d1426612d7b62cd7beee9,structures/x3944a/A71EV2A-x3944a/A71EV2A-x3944a_ligand_ref.sdf,True,2396,562655cc87aef08d16b99ef833a6402925f22448d79f4775bc10314554557e68,structures/x3944a/A71EV2A-x3944a/A71EV2A-x3944a_ligand_prepared.sdf,True,4803,f842625b312cb380babc78d9e9ddc9ad00391952893692d94b05480e7ac562f5,1118,1077,41,27,2097,2097,,,True,1,27,27,0,C:21;N:3;O:3,True,1,56,27,0,C:21;H:29;N:3;O:3
238,A71EV2A-x3954a,x3954a,COc1ccc2c(n1)[C@@H](C(=O)N1CCC[C@H](C(N)=O)C1)CC2,4.4524,False,False,True,True,False,43.0581,95.6522,41.186,structures/x3954a/A71EV2A-x3954a,structures/x3954a/A71EV2A-x3954a/A71EV2A-x3954a_complex_ref.pdb,True,199578,1872946943d45d772d2b81569fa834390f409b8a15851290d284ed1da80557fa,structures/x3954a/A71EV2A-x3954a/A71EV2A-x3954a_prepared.pdb,True,170009,13e4ac285e01f3a58fe14efaf483fcbb1c3551466ccc006bb2370d4d202fcb7b,structures/x3954a/A71EV2A-x3954a/A71EV2A-x3954a_ligand_ref.sdf,True,1981,168af8c9aecd9b5118d411f2d7c2c9f538b4a715273db2c8506883faed212e86,structures/x3954a/A71EV2A-x3954a/A71EV2A-x3954a_ligand_prepared.sdf,True,3724,20465784fcee38ff41291ddacb0c7ec27fb26d06020e3db3f2d32fc30ba84203,1107,1077,30,22,2097,2097,,,True,1,22,22,0,C:16;N:3;O:3,True,1,43,22,0,C:16;H:21;N:3;O:3
239,A71EV2A-x3956a,x3956a,COc1ccccc1CCN1C[C@@H](C(N)=O)CC1=O,5.045,False,False,True,True,False,61.5267,76.9231,47.3282,structures/x3956a/A71EV2A-x3956a,structures/x3956a/A71EV2A-x3956a/A71EV2A-x3956a_complex_ref.pdb,True,377944,7ae5ec7159938ee147d0f3bcf93dcda5d2b757c220c47dcb891d1041679d7f49,structures/x3956a/A71EV2A-x3956a/A71EV2A-x3956a_prepared.pdb,True,170009,3dce6c9f0bb5f73eb96e8bea27a6ad7e87604ce504f8d3241a391b4dbf9b92ee,structures/x3956a/A71EV2A-x3956a/A71EV2A-x3956a_ligand_ref.sdf,True,1719,8a0e7847be0a1b6614826577228a0bf8188a53d71fb9872e23648c63abe78bf2,structures/x3956a/A71EV2A-x3956a/A71EV2A-x3956a_ligand_prepared.sdf,True,3213,1be0a74cc1f297a6a8f7f9445101c58b91c30be716e4ad9adc39071efcd62ad8,2213,2173,40,19,2097,2097,,,True,1,19,19,0,C:14;N:2;O:3,True,1,37,19,0,C:14;H:18;N:2;O:3
240,A71EV2A-x3963a,x3963a_x3963b_x4489a_x4489b,NC(=O)[C@H]1CCCN(C(=O)Cc2cccnc2N)C1,,False,False,True,True,False,41.6758,91.6667,38.2028,structures/x3963a_x3963b_x4489a_x4489b/A71EV2A-x3963a,structures/x3963a_x3963b_x4489a_x4489b/A71EV2A-x3963a/A71EV2A-x3963a_complex_ref.pdb,True,377781,6a318414b9661b0e6dc5c69310de96f7422519d6e47394ef4ac440834cdb0288,structures/x3963a_x3963b_x4489a_x4489b/A71EV2A-x3963a/A71EV2A-x3963a_prepared.pdb,True,170009,5b5e0737357afb5977bc66c53ae559a657ae81d4896e247c4c6f0ac54868ef13,structures/x3963a_x3963b_x4489a_x4489b/A71EV2A-x3963a/A71EV2A-x3963a_ligand_ref.sdf,True,1719,b71cf4ac87ac92c2f19f5204e900d72efc4498c35a99717a5b364884734d62fa,structures/x3963a_x3963b_x4489a_x4489b/A71EV2A-x3963a/A71EV2A-x3963a_ligand_prepared.sdf,True,3213,692e3f231869c14932e410177953329c73feb9b04b2f8dbebbc393dea1d62aa2,2210,2154,56,38,2097,2097,,,True,1,19,19,0,C:13;N:4;O:2,True,1,37,19,0,C:13;H:18;N:4;O:2
241,A71EV2A-x3963b,x3963a_x3963b_x4489a_x4489b,NC(=O)[C@H]1CCCN(C(=O)Cc2cccnc2N)C1,,False,False,True,True,False,43.1507,95.6522,41.2746,structures/x3963a_x3963b_x4489a_x4489b/A71EV2A-x3963b,structures/x3963a_x3963b_x4489a_x4489b/A71EV2A-x3963b/A71EV2A-x3963b_complex_ref.pdb,True,377862,a0ef7603898582b0a0b1ac2ccc9bdcba8100bb03fdc3406d0f3c99393c4e9c43,structures/x3963a_x3963b_x4489a_x4489b/A71EV2A-x3963b/A71EV2A-x3963b_prepared.pdb,True,170009,ef9fa81382f80febc22e2275075e091e9b2302258457b3fb0a0468bd50a7d108,structures/x3963a_x3963b_x4489a_x4489b/A71EV2A-x3963b/A71EV2A-x3963b_ligand_ref.sdf,True,1719,c1d019408c989d6922b1aa7179e0c936702825e6c8dafe754e4dab09f2117708,structures/x3963a_x3963b_x4489a_x4489b/A71EV2A-x3963b/A71EV2A-x3963b_ligand_prepared.sdf,True,3213,e24641e9c84bf2086398eeeb7be9b914982ed0e036b6c2d7fe8c99228b19b6dc,2211,2154,57,38,2097,2097,,,True,1,19,19,0,C:13;N:4;O:2,True,1,37,19,0,C:13;H:18;N:4;O:2
242,A71EV2A-x3968a,x3968a,NC(=O)[C@H]1CCCN(C(=O)[C@H](OCC2CCCC2)c2ccccc2)C1,5.567,False,False,True,True,False,43.6461,95.4545,41.6621,structures/x3968a/A71EV2A-x3968a,structures/x3968a/A71EV2A-x3968a/A71EV2A-x3968a_complex_ref.pdb,True,199260,f10632894b370b89bffe5b145f8650762d3a5a38eb63047d0e370ad12ec0184c,structures/x3968a/A71EV2A-x3968a/A71EV2A-x3968a_prepared.pdb,True,170009,421956e320f994a4b13b2c9b24e4eafe8a4a2e346989afdf646df9e420d4b03e,structures/x3968a/A71EV2A-x3968a/A71EV2A-x3968a_ligand_ref.sdf,True,2230,8c3a43830952f188beb4f2857bdd949dd3c281c1f30f6736362c3f8e5fe1351b,structures/x3968a/A71EV2A-x3968a/A71EV2A-x3968a_ligand_prepared.sdf,True,4554,c705697ec1b285296cad8240f96df1864291787b446f50164c6e3f30532e959b,1114,1077,37,25,2097,2097,,,True,1,25,25,0,C:20;N:2;O:3,True,1,53,25,0,C:20;H:28;N:2;O:3
243,A71EV2A-x3975a,x3975a,NC(=O)[C@H]1CCCN(C(=O)[C@@H](CN2CCCC2)c2ccccc2)C1,5.0246,False,False,True,True,False,47.3459,83.3333,39.4549,structures/x3975a/A71EV2A-x3975a,structures/x3975a/A71EV2A-x3975a/A71EV2A-x3975a_complex_ref.pdb,True,198122,e9f0b65ee46ef9b95bd343cfe97f4fcc00015ac4a18b3c1e8c2ed1c841f31fb9,structures/x3975a/A71EV2A-x3975a/A71EV2A-x3975a_prepared.pdb,True,170009,049acb161a15d4dc143a127e8f1b9a9231691fb869b96bfdfcb72fa70227f41a,structures/x3975a/A71EV2A-x3975a/A71EV2A-x3975a_ligand_ref.sdf,True,2147,cd9785752eb409c487a1ba18c556501fe418ea194ee6a7db415492f7c91d32a6,structures/x3975a/A71EV2A-x3975a/A71EV2A-x3975a_ligand_prepared.sdf,True,4489,255f77ba9102f79e02327943a34f766664bfff57d401d7ffea28b4568c5c616a,1115,1077,38,24,2097,2097,,,True,1,24,24,0,C:19;N:3;O:2,True,1,52,24,1,C:19;H:28;N:3;O:2
244,A71EV2A-x3977a,x3977a_x3977b,COc1ccccc1CC(=O)N(C)CCC(N)=O,4.9355,False,False,True,True,False,48.9285,92.3077,45.1648,structures/x3977a_x3977b/A71EV2A-x3977a,structures/x3977a_x3977b/A71EV2A-x3977a/A71EV2A-x3977a_complex_ref.pdb,True,200633,7278ca126027425b2924d4c0138bb837b5ca133029398f3903e3e992ae0b2a49,structures/x3977a_x3977b/A71EV2A-x3977a/A71EV2A-x3977a_prepared.pdb,True,171224,a990b98716073f9bb4dad108edebaf7b852ef8c27e76b53387156aa1f8ee7c4a,structures/x3977a_x3977b/A71EV2A-x3977a/A71EV2A-x3977a_ligand_ref.sdf,True,1623,c5ec2763a7e47e3c455246d3911d1c5689cf467a7fd9492b0f20d482d90afbed,structures/x3977a_x3977b/A71EV2A-x3977a/A71EV2A-x3977a_ligand_prepared.sdf,True,3117,420b59f6d1a11dcde38779e2279efaaeee0742b6fc2291619ffdd4faea0d5460,1129,1086,43,18,2112,2112,,,True,1,18,18,0,C:13;N:2;O:3,True,1,36,18,0,C:13;H:18;N:2;O:3
245,A71EV2A-x3977b,x3977a_x3977b,COc1ccccc1CC(=O)N(C)CCC(N)=O,4.9355,False,False,True,True,True,41.2853,12.5,5.1607,structures/x3977a_x3977b/A71EV2A-x3977b,structures/x3977a_x3977b/A71EV2A-x3977b/A71EV2A-x3977b_complex_ref.pdb,True,200390,4285c90158f2517080d4dd53c8b21c977c0d010271bf054531b4d6b0590b3038,structures/x3977a_x3977b/A71EV2A-x3977b/A71EV2A-x3977b_prepared.pdb,True,171224,c9dc554eb0d6cd8619e036944ca965ba5d816920d568b34861d852a58df81c1c,structures/x3977a_x3977b/A71EV2A-x3977b/A71EV2A-x3977b_ligand_ref.sdf,True,1623,26cf2d0f19751207b7cb9f72f9419008ab801913f22e290001325e46ff46aeeb,structures/x3977a_x3977b/A71EV2A-x3977b/A71EV2A-x3977b_ligand_prepared.sdf,True,3117,9c7990b1f89089fada255fadaff566685c453cb661a373529c967cdf4423cfc8,1126,1086,40,18,2112,2112,,,True,1,18,18,0,C:13;N:2;O:3,True,1,36,18,0,C:13;H:18;N:2;O:3
246,A71EV2A-x3981a,x3981a,NC(=O)[C@H]1CCCN(C(=O)[C@@H](CCc2ccccc2)c2ccccc2)C1,,False,False,True,True,False,46.1417,92.3077,42.5924,structures/x3981a/A71EV2A-x3981a,structures/x3981a/A71EV2A-x3981a/A71EV2A-x3981a_complex_ref.pdb,True,210111,f5ce3e91f32131d2e9749d8f125d0b373c3e945a5b383bbf5b22d58a625239cb,structures/x3981a/A71EV2A-x3981a/A71EV2A-x3981a_prepared.pdb,True,171224,62340b89db3af683f92d3c89a0f1383dda5c65ad0261d84fccb89f07b410d6c4,structures/x3981a/A71EV2A-x3981a/A71EV2A-x3981a_ligand_ref.sdf,True,2313,adb39e671efa2ccf65ba1547783588239b7a34a9c237d6da5bd295fa24d35149,structures/x3981a/A71EV2A-x3981a/A71EV2A-x3981a_ligand_prepared.sdf,True,4471,f50dab0e61ca5dc04a280e433c48c4b1fb6e7b796cc2714d83c9abf45a07d871,1159,1100,59,26,2112,2112,,,True,1,26,26,0,C:22;N:2;O:2,True,1,52,26,0,C:22;H:26;N:2;O:2
247,A71EV2A-x3982a,x3982a,NC(=O)[C@H]1CCCN(C(=O)C(c2ccccc2)c2ccccc2)C1,5.1799,False,False,True,True,False,41.7185,95.4545,39.8222,structures/x3982a/A71EV2A-x3982a,structures/x3982a/A71EV2A-x3982a/A71EV2A-x3982a_complex_ref.pdb,True,199094,486e7965bda40f88ca89cbb8de6249270c3a4f9538b34efe8da193049279d8bf,structures/x3982a/A71EV2A-x3982a/A71EV2A-x3982a_prepared.pdb,True,170009,7bcc6ed1a8b37f56785d2b0070813447974b89bbd0c048cc5847a1f8cb87738c,structures/x3982a/A71EV2A-x3982a/A71EV2A-x3982a_ligand_ref.sdf,True,2147,667c88eba509930a55c842ef3121963781099fb97f9ddbd42f87bc7dd7fc8225,structures/x3982a/A71EV2A-x3982a/A71EV2A-x3982a_ligand_prepared.sdf,True,3973,4206ccb0188231ccb7b42022f5db5b5dcec8f25d331db24b036044c43ddfdc91,1115,1077,38,24,2097,2097,,,True,1,24,24,0,C:20;N:2;O:2,True,1,46,24,0,C:20;H:22;N:2;O:2
248,A71EV2A-x3986a,x3986a_x3986b,NC(=O)[C@H]1CCCN(C(=O)[C@@H](Sc2ccccc2)c2ccccc2)C1,5.1355,False,False,True,True,False,40.2854,91.6667,36.9283,structures/x3986a_x3986b/A71EV2A-x3986a,structures/x3986a_x3986b/A71EV2A-x3986a/A71EV2A-x3986a_complex_ref.pdb,True,379725,9f5a9407aac03ef86edd2e98f5de59bb3583364997165e9a318abee30ba2fb51,structures/x3986a_x3986b/A71EV2A-x3986a/A71EV2A-x3986a_prepared.pdb,True,170009,316109889f18c088068788d4731f0f4a33299183018ceb9cc8dabc6bedf57b66,structures/x3986a_x3986b/A71EV2A-x3986a/A71EV2A-x3986a_ligand_ref.sdf,True,2230,8d996ae38317d4197b779f5a65961ce5d9a65b5a73e77f730121496af7a201ad,structures/x3986a_x3986b/A71EV2A-x3986a/A71EV2A-x3986a_ligand_prepared.sdf,True,4056,4079ad09880abb0569172c83e4fc1a21984d38995e8d6065801dc3ed260cf850,2223,2154,69,50,2097,2097,,,True,1,25,25,0,C:20;N:2;O:2;S:1,True,1,47,25,0,C:20;H:22;N:2;O:2;S:1
249,A71EV2A-x3986b,x3986a_x3986b,NC(=O)[C@H]1CCCN(C(=O)[C@@H](Sc2ccccc2)c2ccccc2)C1,5.1355,False,False,True,True,False,39.5421,91.6667,36.247,structures/x3986a_x3986b/A71EV2A-x3986b,structures/x3986a_x3986b/A71EV2A-x3986b/A71EV2A-x3986b_complex_ref.pdb,True,379077,9c4b04829f70b69507d2f574b30416c2dc9a35b2799c19c6c86954edde8e6055,structures/x3986a_x3986b/A71EV2A-x3986b/A71EV2A-x3986b_prepared.pdb,True,170009,b28d9a9bded67436ef4da265ebcca1afc04d13e0b437703e1eaa4769648be3ef,structures/x3986a_x3986b/A71EV2A-x3986b/A71EV2A-x3986b_ligand_ref.sdf,True,2230,2701bddd705abccd4f712c9d48869c89957f1276f7bf57234206accb582f67b2,structures/x3986a_x3986b/A71EV2A-x3986b/A71EV2A-x3986b_ligand_prepared.sdf,True,4056,63f273f08805e2d9aa3297b876d9e11a02147c224b93f3974d2180e6008c641f,2215,2154,61,50,2097,2097,,,True,1,25,25,0,C:20;N:2;O:2;S:1,True,1,47,25,0,C:20;H:22;N:2;O:2;S:1
250,A71EV2A-x3989a,x3989a_x4838a,NC(=O)[C@H]1CCN(C(=O)Cc2cc(C(F)(F)F)ccc2Cl)C1,5.049,False,False,True,True,False,43.2342,90.9091,39.3038,structures/x3989a_x4838a/A71EV2A-x3989a,structures/x3989a_x4838a/A71EV2A-x3989a/A71EV2A-x3989a_complex_ref.pdb,True,197554,cda1860c2a4236c7ce7821434e62d168737dec49fc0e46388169b8e4afb0043b,structures/x3989a_x4838a/A71EV2A-x3989a/A71EV2A-x3989a_prepared.pdb,True,170009,cce89bc9004aeca658d7cac21a3646904bfbe5422b747c03a57e3772f1d8fa9c,structures/x3989a_x4838a/A71EV2A-x3989a/A71EV2A-x3989a_ligand_ref.sdf,True,1968,944b0962daef94c55a225b54b95d25a9da332e0c062039c30db8f0b0e2588d0c,structures/x3989a_x4838a/A71EV2A-x3989a/A71EV2A-x3989a_ligand_prepared.sdf,True,3130,bfcbfb474521db384e145586bbe6677c11754e17730930997da256d170183e64,1117,1077,40,22,2097,2097,,,True,1,22,22,0,C:14;Cl:1;F:3;N:2;O:2,True,1,36,22,0,C:14;Cl:1;F:3;H:14;N:2;O:2
251,A71EV2A-x3990a,x3990a,COc1ccccc1CC(=O)N1C[C@H](C(N)=O)[C@@H](C(F)(F)F)C1,5.1107,False,False,True,True,False,53.0251,69.2308,36.7097,structures/x3990a/A71EV2A-x3990a,structures/x3990a/A71EV2A-x3990a/A71EV2A-x3990a_complex_ref.pdb,True,199010,a0f0ec6804393b761c04f2b2d6664faa7571ea8a71a24caef6e9588d70b410eb,structures/x3990a/A71EV2A-x3990a/A71EV2A-x3990a_prepared.pdb,True,170009,d3810dd8697ee7d40188aec17b5f8bcf8ed2e5a6f7dce619e98e3214a2909962,structures/x3990a/A71EV2A-x3990a/A71EV2A-x3990a_ligand_ref.sdf,True,2051,7b35b409fb7ef156acbad52a1799ef9083a0b010af0fb172154e07b2ba2e31d7,structures/x3990a/A71EV2A-x3990a/A71EV2A-x3990a_ligand_prepared.sdf,True,3462,d74c8480d62bfa95ffaa10f5245375b34a86900e0d8214cda81e02861d578050,1115,1077,38,23,2097,2097,,,True,1,23,23,0,C:15;F:3;N:2;O:3,True,1,40,23,0,C:15;F:3;H:17;N:2;O:3
252,A71EV2A-x3992a,x3992a_x3992b,COc1cccc(Cl)c1NC(=O)N1CC[C@H](C(N)=O)C1,4.6121,False,False,True,True,False,44.3859,92.3077,40.9716,structures/x3992a_x3992b/A71EV2A-x3992a,structures/x3992a_x3992b/A71EV2A-x3992a/A71EV2A-x3992a_complex_ref.pdb,True,376567,2fb51d1b8160a9ffbea52d838534f5c6b582c569cbc3153b54bbea4675f71c17,structures/x3992a_x3992b/A71EV2A-x3992a/A71EV2A-x3992a_prepared.pdb,True,170009,a5b5673f553df9eb5b37d9c93cf3690fcba499a94532a3ef8c0019b5742552e4,structures/x3992a_x3992b/A71EV2A-x3992a/A71EV2A-x3992a_ligand_ref.sdf,True,1802,45bcf901daf4a559e088030a27a51c434a0509fabaaeb4e18974eaf5a03c1b7a,structures/x3992a_x3992b/A71EV2A-x3992a/A71EV2A-x3992a_ligand_prepared.sdf,True,3130,3e7b946115bc00906b1f0023b4410b7092460517a962a2d914d47d0d6b255cdf,2214,2154,60,40,2097,2097,,,True,1,20,20,0,C:13;Cl:1;N:3;O:3,True,1,36,20,0,C:13;Cl:1;H:16;N:3;O:3
253,A71EV2A-x3992b,x3992a_x3992b,COc1cccc(Cl)c1NC(=O)N1CC[C@H](C(N)=O)C1,4.6121,False,False,True,True,False,44.4098,95.8333,42.5594,structures/x3992a_x3992b/A71EV2A-x3992b,structures/x3992a_x3992b/A71EV2A-x3992b/A71EV2A-x3992b_complex_ref.pdb,True,376324,79cf0fa07974a8f54acdacae32b08b46a2ff91d39d52bf6d4b7fa2901cd331d2,structures/x3992a_x3992b/A71EV2A-x3992b/A71EV2A-x3992b_prepared.pdb,True,170009,d6993d7a36243ef0196555932048f500bcea0674eae34ff0b93e78691f6cdc8d,structures/x3992a_x3992b/A71EV2A-x3992b/A71EV2A-x3992b_ligand_ref.sdf,True,1802,020659efdce7aaaf95ec57222debedd3912248280c5ea0be375758d172c6e069,structures/x3992a_x3992b/A71EV2A-x3992b/A71EV2A-x3992b_ligand_prepared.sdf,True,3130,55b3a033457df6d0911fc636c409c8c0a2bd834ab93a1f649483922d0d60f9fd,2211,2154,57,40,2097,2097,,,True,1,20,20,0,C:13;Cl:1;N:3;O:3,True,1,36,20,0,C:13;Cl:1;H:16;N:3;O:3
254,A71EV2A-x3993a,x3993a_x3993b,COc1cccc(Cl)c1CC(=O)N1C[C@H](C(N)=O)C[C@H](C(=O)NC2CC2)C1,4.8993,False,False,True,True,False,45.4133,77.7778,35.3215,structures/x3993a_x3993b/A71EV2A-x3993a,structures/x3993a_x3993b/A71EV2A-x3993a/A71EV2A-x3993a_complex_ref.pdb,True,379319,747ce7622c093fb371782e1c79085a3979fdd416e0834f932468288881f20bc9,structures/x3993a_x3993b/A71EV2A-x3993a/A71EV2A-x3993a_prepared.pdb,True,170009,1dd18c2ffa9cbace5ddf5607b84a7bc9b72f255e613b8228ef724990c4490c45,structures/x3993a_x3993b/A71EV2A-x3993a/A71EV2A-x3993a_ligand_ref.sdf,True,2396,903acdbcba6d5121aa8713034c77a26b4013605f1374ad6b010faaa16fa79f33,structures/x3993a_x3993b/A71EV2A-x3993a/A71EV2A-x3993a_ligand_prepared.sdf,True,4388,58f72ad8213244335c8ab9990945d3d7e8c23faac5036766885de31af690f238,2233,2154,79,54,2097,2097,,,True,1,27,27,0,C:19;Cl:1;N:3;O:4,True,1,51,27,0,C:19;Cl:1;H:24;N:3;O:4
255,A71EV2A-x3993b,x3993a_x3993b,COc1cccc(Cl)c1CC(=O)N1C[C@H](C(N)=O)C[C@H](C(=O)NC2CC2)C1,4.8993,False,False,True,True,False,38.3189,96.1538,36.8451,structures/x3993a_x3993b/A71EV2A-x3993b,structures/x3993a_x3993b/A71EV2A-x3993b/A71EV2A-x3993b_complex_ref.pdb,True,379643,059eb9eab163e99c7ddd71190ed46d00d81099decaa2d30a601001cb585f3238,structures/x3993a_x3993b/A71EV2A-x3993b/A71EV2A-x3993b_prepared.pdb,True,170009,9499c556557555d59d1253d8c6ed2ea2c41f58f1092125ec31e2f4c758eba97c,structures/x3993a_x3993b/A71EV2A-x3993b/A71EV2A-x3993b_ligand_ref.sdf,True,2396,5421249475aad1aa700042b1a2b1016a9e7aaaf0a5f4cda9f8c6268450389bc5,structures/x3993a_x3993b/A71EV2A-x3993b/A71EV2A-x3993b_ligand_prepared.sdf,True,4388,ba08aee5a8aafa9d6c74d64783d6a3f34305045921a18b2edf8c5318adc65b79,2237,2154,83,54,2097,2097,,,True,1,27,27,0,C:19;Cl:1;N:3;O:4,True,1,51,27,0,C:19;Cl:1;H:24;N:3;O:4
256,A71EV2A-x4012a,x4012a_x4012b,COc1ccccc1NC(=O)N1CCC[C@H](C(N)=O)C1,,False,False,True,True,False,46.4501,92.3077,42.877,structures/x4012a_x4012b/A71EV2A-x4012a,structures/x4012a_x4012b/A71EV2A-x4012a/A71EV2A-x4012a_complex_ref.pdb,True,376648,1ebf4fb3387f5dc4e3ef9fa0df52cfefd243cb5af12f0645d9ce4e93b3565d19,structures/x4012a_x4012b/A71EV2A-x4012a/A71EV2A-x4012a_prepared.pdb,True,168794,d66351827ba36d2fc4912761dbcc69a85289af7a70e7f005d416cd80503476dc,structures/x4012a_x4012b/A71EV2A-x4012a/A71EV2A-x4012a_ligand_ref.sdf,True,1802,0397fcb890a0c06ad820440bbcb5a1230bdd6315b562c449c6e158203004396f,structures/x4012a_x4012b/A71EV2A-x4012a/A71EV2A-x4012a_ligand_prepared.sdf,True,3379,abeb95cd8fc8871e4fbadccbd7dec59402168595f4f81a1bf42f532774dc900c,2216,2153,63,40,2082,2082,,,True,1,20,20,0,C:14;N:3;O:3,True,1,39,20,0,C:14;H:19;N:3;O:3
257,A71EV2A-x4012b,x4012a_x4012b,COc1ccccc1NC(=O)N1CCC[C@H](C(N)=O)C1,,False,False,True,True,False,45.8518,95.6522,43.8583,structures/x4012a_x4012b/A71EV2A-x4012b,structures/x4012a_x4012b/A71EV2A-x4012b/A71EV2A-x4012b_complex_ref.pdb,True,376324,7e82277ae8951cdc438aa37365f4824bd87df996e30259cc16a580668101d506,structures/x4012a_x4012b/A71EV2A-x4012b/A71EV2A-x4012b_prepared.pdb,True,170009,33e62bbc20fb213ce3e1074ce1cf9977e0c275e815b1107d23c51e45a43427b8,structures/x4012a_x4012b/A71EV2A-x4012b/A71EV2A-x4012b_ligand_ref.sdf,True,1802,91f64b055f20501b34fceb0aa8cdaacb924fe3c568573aade03b2ee7054f88e4,structures/x4012a_x4012b/A71EV2A-x4012b/A71EV2A-x4012b_ligand_prepared.sdf,True,3379,06ac8ebac6f1116afc19f0b4fd22b6ffe2693831a6fadc8fd5d3686d7b1b5791,2212,2153,59,40,2097,2097,,,True,1,20,20,0,C:14;N:3;O:3,True,1,39,20,0,C:14;H:19;N:3;O:3
258,A71EV2A-x4017a,x4017a_x4017b,Cn1ncc2c(NC(=O)N3CCC[C@H](C(N)=O)C3)cccc21,,False,False,True,True,False,43.7624,92,40.2614,structures/x4017a_x4017b/A71EV2A-x4017a,structures/x4017a_x4017b/A71EV2A-x4017a/A71EV2A-x4017a_complex_ref.pdb,True,379078,aa6185712171b579122d80fc8ca1b3b495f16f20c52d6012a4b4e47f2400918f,structures/x4017a_x4017b/A71EV2A-x4017a/A71EV2A-x4017a_prepared.pdb,True,170009,1fa37cdf97894500b15304f2eb2f86a23914e9320153f1308f1ad607ca499641,structures/x4017a_x4017b/A71EV2A-x4017a/A71EV2A-x4017a_ligand_ref.sdf,True,1981,b9729e7a2890feb4ab529de64002200f42caa96fdd749397c726180bdd0a3b24,structures/x4017a_x4017b/A71EV2A-x4017a/A71EV2A-x4017a_ligand_prepared.sdf,True,3558,71568d9916db8566e161c090a4e599750ef11e234c90bc3a5bf0829669451910,2218,2157,61,44,2097,2097,,,True,1,22,22,0,C:15;N:5;O:2,True,1,41,22,0,C:15;H:19;N:5;O:2
259,A71EV2A-x4017b,x4017a_x4017b,Cn1ncc2c(NC(=O)N3CCC[C@H](C(N)=O)C3)cccc21,,False,False,True,True,False,38.071,91.6667,34.8984,structures/x4017a_x4017b/A71EV2A-x4017b,structures/x4017a_x4017b/A71EV2A-x4017b/A71EV2A-x4017b_complex_ref.pdb,True,379159,fd48eb1cc8f3be1ad6147da1d26ed98c2abf9163d3ddffc6f8c8a4096e1b9d6c,structures/x4017a_x4017b/A71EV2A-x4017b/A71EV2A-x4017b_prepared.pdb,True,170009,6285c2ad756da05a12ace5bc16e101e1699b3114370ee3f82aa62eb3084023da,structures/x4017a_x4017b/A71EV2A-x4017b/A71EV2A-x4017b_ligand_ref.sdf,True,1981,9cd4cee3d658fd0fee00727c9ae0d84dae4cb93c854f9a655c5f8575646001f8,structures/x4017a_x4017b/A71EV2A-x4017b/A71EV2A-x4017b_ligand_prepared.sdf,True,3558,7ccf87fd64c04784a1fd8f5c7bd4fd87c8553e17f892278ad2c96a09cdf3e156,2219,2157,62,44,2097,2097,,,True,1,22,22,0,C:15;N:5;O:2,True,1,41,22,0,C:15;H:19;N:5;O:2
260,A71EV2A-x4018a,x4018a_x4018b,COc1ccccc1CC(=O)N1CCC[C@H](C(N)=O)CC1,4.9522,False,False,True,True,False,50.8017,72,36.5772,structures/x4018a_x4018b/A71EV2A-x4018a,structures/x4018a_x4018b/A71EV2A-x4018a/A71EV2A-x4018a_complex_ref.pdb,True,377540,ff5c544a4a918cb9d9fb90178f5ade04deff04c8736c22c27175b2911b5be910,structures/x4018a_x4018b/A71EV2A-x4018a/A71EV2A-x4018a_prepared.pdb,True,170009,361c0a85eeee9187a11eae041b234ba84385a3a956653c74fa49880d1f809855,structures/x4018a_x4018b/A71EV2A-x4018a/A71EV2A-x4018a_ligand_ref.sdf,True,1885,16fd9652255044dcd72a79ad8b57203daa7479e081c1e3e53263e2f5664de250,structures/x4018a_x4018b/A71EV2A-x4018a/A71EV2A-x4018a_ligand_prepared.sdf,True,3711,2074ab5d4f5eb742153e32daaa86ebf9bec4c52ba24f98fb004ec22bc502b74a,2220,2157,63,42,2097,2097,,,True,1,21,21,0,C:16;N:2;O:3,True,1,43,21,0,C:16;H:22;N:2;O:3
261,A71EV2A-x4018b,x4018a_x4018b,COc1ccccc1CC(=O)N1CCC[C@H](C(N)=O)CC1,4.9522,False,False,True,True,False,45.0522,95.4545,43.0043,structures/x4018a_x4018b/A71EV2A-x4018b,structures/x4018a_x4018b/A71EV2A-x4018b/A71EV2A-x4018b_complex_ref.pdb,True,377135,25c2bb70dd4d93c90064d1ae50d3474721bdd7eb325d2d7c865e1d79f51ca64d,structures/x4018a_x4018b/A71EV2A-x4018b/A71EV2A-x4018b_prepared.pdb,True,170009,2a90598d24efc52a9218e92ec5384f9a94748a5f4d6050a325fececde07d75ad,structures/x4018a_x4018b/A71EV2A-x4018b/A71EV2A-x4018b_ligand_ref.sdf,True,1885,0c16b04781b237ec0ce1bcf1dd8946a18286f127d720168694abeeaa1c8462a1,structures/x4018a_x4018b/A71EV2A-x4018b/A71EV2A-x4018b_ligand_prepared.sdf,True,3711,d1e5686d60b14d8f6298d59a2828fc85573839c762ac3b73d59d7c23b4257a84,2215,2157,58,42,2097,2097,,,True,1,21,21,0,C:16;N:2;O:3,True,1,43,21,0,C:16;H:22;N:2;O:3
262,A71EV2A-x4020a,x4020a_x4020b,Cc1cccc(CC(=O)N2CCC[C@H](C(N)=O)C2)c1,4.2901,False,False,True,True,False,47.0171,95.8333,45.0581,structures/x4020a_x4020b/A71EV2A-x4020a,structures/x4020a_x4020b/A71EV2A-x4020a/A71EV2A-x4020a_complex_ref.pdb,True,378512,065b0d86b76ddc3cd713c2531c4d1896d552cdaa63733dd0886edc7cfdcd50b2,structures/x4020a_x4020b/A71EV2A-x4020a/A71EV2A-x4020a_prepared.pdb,True,170009,2f82556ffcedd3dd1f0a7a179fe8524ad9797fc96dd8914ad49b6a895ca44178,structures/x4020a_x4020b/A71EV2A-x4020a/A71EV2A-x4020a_ligand_ref.sdf,True,1719,c30467170d8490c4f87cc3ff52a930888303bbd0621d51ca2a1977a16f17e67d,structures/x4020a_x4020b/A71EV2A-x4020a/A71EV2A-x4020a_ligand_prepared.sdf,True,3379,de0f9b8a1aa5a120979c11071b82a9e30dfbab840e995420a0b5647e6a191d7c,2225,2168,57,38,2097,2097,,,True,1,19,19,0,C:15;N:2;O:2,True,1,39,19,0,C:15;H:20;N:2;O:2
263,A71EV2A-x4020b,x4020a_x4020b,Cc1cccc(CC(=O)N2CCC[C@H](C(N)=O)C2)c1,4.2901,False,False,True,True,False,46.5103,95.6522,44.4882,structures/x4020a_x4020b/A71EV2A-x4020b,structures/x4020a_x4020b/A71EV2A-x4020b/A71EV2A-x4020b_complex_ref.pdb,True,378512,1d10e94e8149d05942bfcae7c0d48810690745ff8b38e29adf4d6ca6cc02c973,structures/x4020a_x4020b/A71EV2A-x4020b/A71EV2A-x4020b_prepared.pdb,True,170009,fe052235a48a042ac293eb03c36604582564d6601db9581f425c22bbe344e8d3,structures/x4020a_x4020b/A71EV2A-x4020b/A71EV2A-x4020b_ligand_ref.sdf,True,1719,c5a99591b2dfd306d08ad45628aaae905e219e876111529d137ea7d9478f9ad6,structures/x4020a_x4020b/A71EV2A-x4020b/A71EV2A-x4020b_ligand_prepared.sdf,True,3379,1b3ef53d0881a915c41ec6a84e3cc11e2176cf226c81c0685a8de7667ff1f949,2225,2168,57,38,2097,2097,,,True,1,19,19,0,C:15;N:2;O:2,True,1,39,19,0,C:15;H:20;N:2;O:2
264,A71EV2A-x4028a,x4028a,COc1ccc(C(F)(F)F)cc1CC(=O)N1CCC[C@H](C(N)=O)C1,4.45,False,False,True,True,False,37.822,92.5926,35.0204,structures/x4028a/A71EV2A-x4028a,structures/x4028a/A71EV2A-x4028a/A71EV2A-x4028a_complex_ref.pdb,True,201123,3aae696134be5ecd723a199dc8f3628c2bff1c5741cef0757325ebf65a50ebbe,structures/x4028a/A71EV2A-x4028a/A71EV2A-x4028a_prepared.pdb,True,170009,592da051c5eb4a545bcf16f4eb2e011ab23263a4f6d0711cc60ec2fa0610180f,structures/x4028a/A71EV2A-x4028a/A71EV2A-x4028a_ligand_ref.sdf,True,2134,c8f5a309c95f896542c80c25072d8c203d831093980a94b36352e7281bc64f70,structures/x4028a/A71EV2A-x4028a/A71EV2A-x4028a_ligand_prepared.sdf,True,3711,fb471cd683feda4ebee9a8403ce89776dc86f380e6eec73ab76f98d94e52a563,1118,1077,41,24,2097,2097,,,True,1,24,24,0,C:16;F:3;N:2;O:3,True,1,43,24,0,C:16;F:3;H:19;N:2;O:3
265,A71EV2A-x4029a,x3579a_x4029a,COc1ccccc1CN1C[C@@H](C(N)=O)CCC1=O,4.9569,False,False,True,True,False,49.4479,95.4545,47.2003,structures/x3579a_x4029a/A71EV2A-x4029a,structures/x3579a_x4029a/A71EV2A-x4029a/A71EV2A-x4029a_complex_ref.pdb,True,198283,fa77c9e16b724f11c6a6eb536989825d44873cd6ecbcb79a8f7a438fbf8ef271,structures/x3579a_x4029a/A71EV2A-x4029a/A71EV2A-x4029a_prepared.pdb,True,170009,ba5c8928baa70aa835e2abcd1edb166e52966f04659c7170a6072a8a33e3e25c,structures/x3579a_x4029a/A71EV2A-x4029a/A71EV2A-x4029a_ligand_ref.sdf,True,1719,aaa1205d9dfceb70aed2a58db68d1751a8b9a9d84b0a6e03a251cbccae051134,structures/x3579a_x4029a/A71EV2A-x4029a/A71EV2A-x4029a_ligand_prepared.sdf,True,3213,f18adde624b045c0d564f1b7e81dc8171a3d80292e903f967607084be495748c,1110,1077,33,19,2097,2097,,,True,1,19,19,0,C:14;N:2;O:3,True,1,37,19,0,C:14;H:18;N:2;O:3
266,A71EV2A-x4031a,x4031a_x4031b,COc1ncccc1NC(=O)N1CCC[C@H](C(N)=O)C1,4.4873,False,False,True,True,False,46.5904,92.3077,43.0066,structures/x4031a_x4031b/A71EV2A-x4031a,structures/x4031a_x4031b/A71EV2A-x4031a/A71EV2A-x4031a_complex_ref.pdb,True,378106,07cb5c32e6fb67a418ed6017b67dd5d9ab805ecc18d7314b424265cee92fdd95,structures/x4031a_x4031b/A71EV2A-x4031a/A71EV2A-x4031a_prepared.pdb,True,170009,420a9610e5e60def38c22d3d88fe65af8af7158b15a6a38221c86cd427f20626,structures/x4031a_x4031b/A71EV2A-x4031a/A71EV2A-x4031a_ligand_ref.sdf,True,1802,642cab3df7eec1b3d25a54fcf413197beb3f3a47d8b26ba74418a88fa0648cf4,structures/x4031a_x4031b/A71EV2A-x4031a/A71EV2A-x4031a_ligand_prepared.sdf,True,3296,405ec9dce00d18349d40b4d4de2139b7560e62c3fcef8f27f686a2af4acaa793,2226,2160,66,40,2097,2097,,,True,1,20,20,0,C:13;N:4;O:3,True,1,38,20,0,C:13;H:18;N:4;O:3
267,A71EV2A-x4031b,x4031a_x4031b,COc1ncccc1NC(=O)N1CCC[C@H](C(N)=O)C1,4.4873,False,False,True,True,False,46.074,95.8333,44.1542,structures/x4031a_x4031b/A71EV2A-x4031b,structures/x4031a_x4031b/A71EV2A-x4031b/A71EV2A-x4031b_complex_ref.pdb,True,378025,14c7fe968bc6ad9393522c05881bf3509ec09b2ccbccb67971b6c5560c859421,structures/x4031a_x4031b/A71EV2A-x4031b/A71EV2A-x4031b_prepared.pdb,True,170009,beb9c2fd93d5e230cf37e925012e31fb56ab86785483634e4cffe96cafb32db4,structures/x4031a_x4031b/A71EV2A-x4031b/A71EV2A-x4031b_ligand_ref.sdf,True,1802,68b10fc2a4f376c7dc418910df67abaefc80d938ae17957cae7b1dd0f1781fe4,structures/x4031a_x4031b/A71EV2A-x4031b/A71EV2A-x4031b_ligand_prepared.sdf,True,3296,fdf895a909da9f392ef7ac12a4c9a479c565e90d0b3315db82e2f1d0b7650326,2225,2160,65,40,2097,2097,,,True,1,20,20,0,C:13;N:4;O:3,True,1,38,20,0,C:13;H:18;N:4;O:3
268,A71EV2A-x4032a,x3694a_x3694b_x4032a_x4032b,COc1ccccc1CC(=O)N1CC[C@@H](CC(N)=O)C1,5.0552,False,False,True,True,False,41.381,92.3077,38.1979,structures/x3694a_x3694b_x4032a_x4032b/A71EV2A-x4032a,structures/x3694a_x3694b_x4032a_x4032b/A71EV2A-x4032a/A71EV2A-x4032a_complex_ref.pdb,True,379401,ea69bcb603b5a9ba2008666aa2eb44eb22eded0f4bc55750407a9f5dd8252eaf,structures/x3694a_x3694b_x4032a_x4032b/A71EV2A-x4032a/A71EV2A-x4032a_prepared.pdb,True,170009,e6c38648dcd90dc23bbf0748294c74b5c0fb5068441e0fbb951cc448458a94fc,structures/x3694a_x3694b_x4032a_x4032b/A71EV2A-x4032a/A71EV2A-x4032a_ligand_ref.sdf,True,1802,c0e9a24d2d9119e40e83ffe7aba081d18dba91c0a003b146dead3fc092c97dd1,structures/x3694a_x3694b_x4032a_x4032b/A71EV2A-x4032a/A71EV2A-x4032a_ligand_prepared.sdf,True,3462,3f4f381e5def57d4003b252f2fa70de014f8aefdf3cb51b84977c3622200c141,2236,2164,72,40,2097,2097,,,True,1,20,20,0,C:15;N:2;O:3,True,1,40,20,0,C:15;H:20;N:2;O:3
269,A71EV2A-x4032b,x3694a_x3694b_x4032a_x4032b,COc1ccccc1CC(=O)N1CC[C@@H](CC(N)=O)C1,5.0552,False,False,True,True,False,39.9883,95.8333,38.3222,structures/x3694a_x3694b_x4032a_x4032b/A71EV2A-x4032b,structures/x3694a_x3694b_x4032a_x4032b/A71EV2A-x4032b/A71EV2A-x4032b_complex_ref.pdb,True,379239,694a335db32e5a2732c441e6969a8969c4727c6a348c0a6ec873070be44c3dcb,structures/x3694a_x3694b_x4032a_x4032b/A71EV2A-x4032b/A71EV2A-x4032b_prepared.pdb,True,170009,294c420975b2ebe0c4bff8f27f8e5c91fd71d1ad23288b3ddd79b415d5c72e2c,structures/x3694a_x3694b_x4032a_x4032b/A71EV2A-x4032b/A71EV2A-x4032b_ligand_ref.sdf,True,1802,37269eabfe4bdb6db49d05c9c62f1b2e950b674f47cde83b856bfa01c03e108f,structures/x3694a_x3694b_x4032a_x4032b/A71EV2A-x4032b/A71EV2A-x4032b_ligand_prepared.sdf,True,3462,d71bd8333ef2dddff7b936f6ba30e4692bad2a648e1aebbaf006714f1d82635c,2234,2164,70,40,2097,2097,,,True,1,20,20,0,C:15;N:2;O:3,True,1,40,20,0,C:15;H:20;N:2;O:3
270,A71EV2A-x4035a,x4035a_x4035b,COc1cccc(Cl)c1NC(=O)N1CCC[C@H](C(N)=O)C1,4.4659,False,False,True,True,False,44.9977,91.6667,41.2479,structures/x4035a_x4035b/A71EV2A-x4035a,structures/x4035a_x4035b/A71EV2A-x4035a/A71EV2A-x4035a_complex_ref.pdb,True,375350,10270d4a05419aceadc33ce74eaa2e1d3b96aa22c16461cb0481d3f9ef471168,structures/x4035a_x4035b/A71EV2A-x4035a/A71EV2A-x4035a_prepared.pdb,True,170009,dd7213568da41d463f79805a04f1f44558f7a9c505728f16543340309e226c98,structures/x4035a_x4035b/A71EV2A-x4035a/A71EV2A-x4035a_ligand_ref.sdf,True,1885,8ee9cba8561dd79178da94137b9e372d837b48d3435c8c7448e274551978c4ce,structures/x4035a_x4035b/A71EV2A-x4035a/A71EV2A-x4035a_ligand_prepared.sdf,True,3379,b81e3f85a0116aa24fec5cc4f47e03f093c993282dda7abe3793660f9316de9a,2217,2154,63,42,2097,2097,,,True,1,21,21,0,C:14;Cl:1;N:3;O:3,True,1,39,21,0,C:14;Cl:1;H:18;N:3;O:3
271,A71EV2A-x4035b,x4035a_x4035b,COc1cccc(Cl)c1NC(=O)N1CCC[C@H](C(N)=O)C1,4.4659,False,False,True,True,False,44.953,95.6522,42.9985,structures/x4035a_x4035b/A71EV2A-x4035b,structures/x4035a_x4035b/A71EV2A-x4035b/A71EV2A-x4035b_complex_ref.pdb,True,374945,3895815ed934a22cd66bca0c29d0c04c18445884d53bd207baf873aebb39e109,structures/x4035a_x4035b/A71EV2A-x4035b/A71EV2A-x4035b_prepared.pdb,True,170009,bbebda2cfbfcfdb134553aac74c8b2f59d88a619dd5f095c2b0bf7a1d4f67048,structures/x4035a_x4035b/A71EV2A-x4035b/A71EV2A-x4035b_ligand_ref.sdf,True,1885,091239daeec8594b0b95a6120fb5096a0be82e90f830c89854d8f8ea6360cf89,structures/x4035a_x4035b/A71EV2A-x4035b/A71EV2A-x4035b_ligand_prepared.sdf,True,3379,d8bd04c3befa38efb18c29d2f0a65c6db87a20fa6430ac8b3f9d53fad78042c6,2212,2154,58,42,2097,2097,,,True,1,21,21,0,C:14;Cl:1;N:3;O:3,True,1,39,21,0,C:14;Cl:1;H:18;N:3;O:3
272,A71EV2A-x4202a,x4202a_x4202b,NC(=O)[C@H]1CCCN(C(=O)[C@H]2CCc3cccc(Br)c32)C1,4.4794,False,False,True,True,False,46.253,91.3043,42.231,structures/x4202a_x4202b/A71EV2A-x4202a,structures/x4202a_x4202b/A71EV2A-x4202a/A71EV2A-x4202a_complex_ref.pdb,True,379726,862c930cf2d522397773c690ba05bc3e4d8d2d6dafdfc5adf54cdc071f03d19a,structures/x4202a_x4202b/A71EV2A-x4202a/A71EV2A-x4202a_prepared.pdb,True,170009,ab2206a5f84aa8408819e470f2212967d2b80aa41e50155b83e9ae8feb26f4e8,structures/x4202a_x4202b/A71EV2A-x4202a/A71EV2A-x4202a_ligand_ref.sdf,True,1898,f01f250d7c03af3735d0464f1fd714d6815e144e29bfe437dc9005a8d76e2190,structures/x4202a_x4202b/A71EV2A-x4202a/A71EV2A-x4202a_ligand_prepared.sdf,True,3475,d3f1d5c1dd6ab71bf083a11247329bb8a96b7268311ecb4337e3c1d97f306a26,2228,2154,74,42,2097,2097,,,True,1,21,21,0,Br:1;C:16;N:2;O:2,True,1,40,21,0,Br:1;C:16;H:19;N:2;O:2
273,A71EV2A-x4202b,x4202a_x4202b,NC(=O)[C@H]1CCCN(C(=O)[C@H]2CCc3cccc(Br)c32)C1,4.4794,False,False,True,True,False,42.5093,95.6522,40.661,structures/x4202a_x4202b/A71EV2A-x4202b,structures/x4202a_x4202b/A71EV2A-x4202b/A71EV2A-x4202b_complex_ref.pdb,True,379807,163b1243d49a335f76fcb6c5122993a3faa0e1ffeac5902058b92b3def6236d2,structures/x4202a_x4202b/A71EV2A-x4202b/A71EV2A-x4202b_prepared.pdb,True,170009,f0a1decbe71bef5bbd611cf153629e1c80df3c0661d0476efcb5445da3ee0a1b,structures/x4202a_x4202b/A71EV2A-x4202b/A71EV2A-x4202b_ligand_ref.sdf,True,1898,6db6bd3e38d082cdec16a520243cc580064ea3a31e0b49ab8aeace294f166ebc,structures/x4202a_x4202b/A71EV2A-x4202b/A71EV2A-x4202b_ligand_prepared.sdf,True,3475,79ba70b45120b61c200879d3e5cb78f01ad427452d3a67faec7782c8d4550f7b,2229,2154,75,42,2097,2097,,,True,1,21,21,0,Br:1;C:16;N:2;O:2,True,1,40,21,0,Br:1;C:16;H:19;N:2;O:2
274,A71EV2A-x4290a,x4290a,CSc1c(Br)cccc1CC(=O)N1CCC[C@H](C(N)=O)C1,4.4725,False,False,True,True,False,44.0676,91.3043,40.2356,structures/x4290a/A71EV2A-x4290a,structures/x4290a/A71EV2A-x4290a/A71EV2A-x4290a_complex_ref.pdb,True,199010,91899e9f94c3221a35b492cd932f59144416afd7cb665a3d68543ca22895dbbb,structures/x4290a/A71EV2A-x4290a/A71EV2A-x4290a_prepared.pdb,True,170009,5ca47ec2d9eee17bca77c37c608a71d9cc27268fdf52a0c4d7f78e627633315b,structures/x4290a/A71EV2A-x4290a/A71EV2A-x4290a_ligand_ref.sdf,True,1885,d279862951666b2105f0fe98a72ab92ba1ad5b1dd5b4320412efc875a3df1c0b,structures/x4290a/A71EV2A-x4290a/A71EV2A-x4290a_ligand_prepared.sdf,True,3462,e2576d838a248d603348c63542729861da57173ff2b5032468883823a54161b3,1114,1080,34,21,2097,2097,,,True,1,21,21,0,Br:1;C:15;N:2;O:2;S:1,True,1,40,21,0,Br:1;C:15;H:19;N:2;O:2;S:1
275,A71EV2A-x4291a,x4291a,Cc1cc(C)c(CC(=O)N2CCC[C@H](C(N)=O)C2)c(=O)[nH]1,4.3063,False,False,True,True,False,39.9795,91.6667,36.6478,structures/x4291a/A71EV2A-x4291a,structures/x4291a/A71EV2A-x4291a/A71EV2A-x4291a_complex_ref.pdb,True,376244,58131fa59c5badbb637d7f894be66f5d29c934164adcf26351f8f612faf20191,structures/x4291a/A71EV2A-x4291a/A71EV2A-x4291a_prepared.pdb,True,170009,b481a5047889a06acc0006f93ad19a9eb3e485cb7c4d8f53d9afcc9019b7ca9c,structures/x4291a/A71EV2A-x4291a/A71EV2A-x4291a_ligand_ref.sdf,True,1885,bc0af119fcc51888e37223e979ef6b666e28737ae5ee0a21c9ef3d27c2035ff9,structures/x4291a/A71EV2A-x4291a/A71EV2A-x4291a_ligand_prepared.sdf,True,3628,e76374a242e48d049700f83811e132cb2e0ad22a14a2834d572eca308bd75de3,2211,2173,38,21,2097,2097,,,True,1,21,21,0,C:15;N:3;O:3,True,1,42,21,0,C:15;H:21;N:3;O:3
276,A71EV2A-x4292a,x4292a,NC(=O)[C@H]1CCCN(C(=O)Cc2cnccc2C(F)(F)F)C1,,False,False,True,True,False,41.1369,91.6667,37.7088,structures/x4292a/A71EV2A-x4292a,structures/x4292a/A71EV2A-x4292a/A71EV2A-x4292a_complex_ref.pdb,True,200148,eed1c18d20d2e8b1282a0ff0477085224fde5ada7cbbb072faade9890aeeab27,structures/x4292a/A71EV2A-x4292a/A71EV2A-x4292a_prepared.pdb,True,171224,842cd2fa6ec543712da607c3953fd699be0330fde31bab6cba83ea62806f7cd0,structures/x4292a/A71EV2A-x4292a/A71EV2A-x4292a_ligand_ref.sdf,True,1968,f1e192ad65ab465322b8e99d39d877f2d2c9735b3ffe16b614d42ba5e3d92686,structures/x4292a/A71EV2A-x4292a/A71EV2A-x4292a_ligand_prepared.sdf,True,3296,55f2c169ea3f8f3715df0412df881d9b54e39e72e9528e67e1bcb1b026e74575,1131,1092,39,22,2112,2112,,,True,1,22,22,0,C:14;F:3;N:3;O:2,True,1,38,22,0,C:14;F:3;H:16;N:3;O:2
277,A71EV2A-x4295a,x4295a,COc1ccccc1[C@@H](O)CN1C[C@@H](C(N)=O)CC1=O,5.2769,False,False,True,True,False,45.6917,92,42.0364,structures/x4295a/A71EV2A-x4295a,structures/x4295a/A71EV2A-x4295a/A71EV2A-x4295a_complex_ref.pdb,True,379159,c12ccd5dd18b56c0f3d11acb93b84d2b56601b123b1e110fd4fce849b66723e0,structures/x4295a/A71EV2A-x4295a/A71EV2A-x4295a_prepared.pdb,True,171224,42ef35d88abcdcd34beb9f7b5d93ad02c85425632de00bf22d966b0dac1bf70f,structures/x4295a/A71EV2A-x4295a/A71EV2A-x4295a_ligand_ref.sdf,True,1802,1948681cec51fdbbf6415253b04d1599a96e30acb6d2edf0f557dc786b5963cd,structures/x4295a/A71EV2A-x4295a/A71EV2A-x4295a_ligand_prepared.sdf,True,3296,f252c114b59af71986839a64033786dd620de8bf59d8b9bc6712325c945356c8,2232,2189,43,20,2112,2112,,,True,1,20,20,0,C:14;N:2;O:4,True,1,38,20,0,C:14;H:18;N:2;O:4
278,A71EV2A-x4298a,x4298a,COc1cccc(NC(=O)N2CCC[C@H](C(N)=O)C2)n1,5.0724,False,False,True,True,False,49.8836,92,45.8929,structures/x4298a/A71EV2A-x4298a,structures/x4298a/A71EV2A-x4298a/A71EV2A-x4298a_complex_ref.pdb,True,379159,fbdc182ce75f80e6d552ecb2f45db2623bde57b0c9b354e9aaa462a88dc28391,structures/x4298a/A71EV2A-x4298a/A71EV2A-x4298a_prepared.pdb,True,170009,434f0801d3c9298a98f83ab0a13c74a39b3e4b93768aa7b0280174eeed7440ea,structures/x4298a/A71EV2A-x4298a/A71EV2A-x4298a_ligand_ref.sdf,True,1802,faeb06b2d1f9f90d99b1ec9bb6fc89087428f363c3a162ad29476797658dc5f5,structures/x4298a/A71EV2A-x4298a/A71EV2A-x4298a_ligand_prepared.sdf,True,3296,5dddbf7a43234230ad9a54669acefdaf6fcb6a5b964a6714b81c9bd47997d612,2230,2191,39,20,2097,2097,,,True,1,20,20,0,C:13;N:4;O:3,True,1,38,20,0,C:13;H:18;N:4;O:3
279,A71EV2A-x4303a,x4303a_x4303b,COc1ccc(S(C)(=O)=O)cc1NC(=O)N1CCC[C@H](C(N)=O)C1,,False,False,True,True,False,43.4887,76,33.0514,structures/x4303a_x4303b/A71EV2A-x4303a,structures/x4303a_x4303b/A71EV2A-x4303a/A71EV2A-x4303a_complex_ref.pdb,True,380615,1e3f5941b49e8da56a49ca8d9b30c9958ad4f0f147292d00b78ee1a10dc237be,structures/x4303a_x4303b/A71EV2A-x4303a/A71EV2A-x4303a_prepared.pdb,True,170009,409c0bdc7bf92ea3c3de55823a6340f0bc6a505aac1360e1d2fa2d51934c403f,structures/x4303a_x4303b/A71EV2A-x4303a/A71EV2A-x4303a_ligand_ref.sdf,True,2134,d1f0cce73305dcc2cea006c8634ff22725d1300ae6b0b093d16c2c6e27f77e69,structures/x4303a_x4303b/A71EV2A-x4303a/A71EV2A-x4303a_ligand_prepared.sdf,True,3877,71ca80018b2930dcba7d2f2fef8134275b930e78498b0fea4b9eac1c6faf205b,2244,2164,80,48,2097,2097,,,True,1,24,24,0,C:15;N:3;O:5;S:1,True,1,45,24,0,C:15;H:21;N:3;O:5;S:1
280,A71EV2A-x4303b,x4303a_x4303b,COc1ccc(S(C)(=O)=O)cc1NC(=O)N1CCC[C@H](C(N)=O)C1,,False,False,True,True,False,37.5602,92,34.5554,structures/x4303a_x4303b/A71EV2A-x4303b,structures/x4303a_x4303b/A71EV2A-x4303b/A71EV2A-x4303b_complex_ref.pdb,True,380453,d85ee3341f9fccc3802c2737b36d01831eee55df4f4cc42313b5ddd6fe4f686a,structures/x4303a_x4303b/A71EV2A-x4303b/A71EV2A-x4303b_prepared.pdb,True,170009,b978daff29460a4648cc38d1c2d70b31b81020e8bd72f8f9a563fdb58b408f8e,structures/x4303a_x4303b/A71EV2A-x4303b/A71EV2A-x4303b_ligand_ref.sdf,True,2134,20a8097db6e679d4bdc32e01375e794f2748d8892a3d177d622eeba1e5b1b3af,structures/x4303a_x4303b/A71EV2A-x4303b/A71EV2A-x4303b_ligand_prepared.sdf,True,3877,2c957d80e1596d828dc07db55ae919146fbb04ee14881ceca9ae12c6f048a25f,2242,2164,78,48,2097,2097,,,True,1,24,24,0,C:15;N:3;O:5;S:1,True,1,45,24,0,C:15;H:21;N:3;O:5;S:1
281,A71EV2A-x4304a,x4304a,COc1ccc(NS(C)(=O)=O)cc1NC(=O)N1CCC[C@H](C(N)=O)C1,,False,False,True,True,False,36.5952,91.3043,33.413,structures/x4304a/A71EV2A-x4304a,structures/x4304a/A71EV2A-x4304a/A71EV2A-x4304a_complex_ref.pdb,True,199584,55f2f1164305dbae47379370f665b1b60af18219b254ff48f9de2cc3b42906ab,structures/x4304a/A71EV2A-x4304a/A71EV2A-x4304a_prepared.pdb,True,170009,005b85833efa367283891e976405c76fb243e8b59ae223def5addb0d4ef0bf35,structures/x4304a/A71EV2A-x4304a/A71EV2A-x4304a_ligand_ref.sdf,True,2217,9c0c85e629d7b007c57c1fde4fd540979db832a569706952fae8457431007180,structures/x4304a/A71EV2A-x4304a/A71EV2A-x4304a_ligand_prepared.sdf,True,4043,ed642a03b084e3cac079c0a88573512d55eef670f75f7bb8c02fdd9d17c7591b,1106,1077,29,25,2097,2097,,,True,1,25,25,0,C:15;N:4;O:5;S:1,True,1,47,25,0,C:15;H:22;N:4;O:5;S:1
282,A71EV2A-x4305a,x4305a,CC(C)Oc1ccccc1NC(=O)N1CCC[C@H](C(N)=O)C1,4.8778,False,False,True,True,False,40.7948,92.3077,37.6568,structures/x4305a/A71EV2A-x4305a,structures/x4305a/A71EV2A-x4305a/A71EV2A-x4305a_complex_ref.pdb,True,375269,8989c036c96a963d8f607587d28acacd7031cd48d1144a813cc4ca361026e994,structures/x4305a/A71EV2A-x4305a/A71EV2A-x4305a_prepared.pdb,True,171224,94906d4a8345793045aa99d8df536af7d1c470bb3fb5c07ddd9c74bb99f7ce71,structures/x4305a/A71EV2A-x4305a/A71EV2A-x4305a_ligand_ref.sdf,True,1968,54c95d24a752b0e29bbf03f8d6f097a2c43b0bb3818014f056478193a74bc016,structures/x4305a/A71EV2A-x4305a/A71EV2A-x4305a_ligand_prepared.sdf,True,3877,8df6828ebc2e05b83e7ac69bfb250713f5f13b66de8502d3e684f9af2b49a828,2215,2176,39,22,2112,2112,,,True,1,22,22,0,C:16;N:3;O:3,True,1,45,22,0,C:16;H:23;N:3;O:3
283,A71EV2A-x4306a,x4306a,NC(=O)[C@H]1CCCN(C(=O)Nc2ccccc2OCC(F)(F)F)C1,5.1566,False,False,True,True,False,40.6661,92.3077,37.5379,structures/x4306a/A71EV2A-x4306a,structures/x4306a/A71EV2A-x4306a/A71EV2A-x4306a_complex_ref.pdb,True,201204,aa424606b7141109b9095200f6facce697825a318725b2ba7ada75ae2a0091ae,structures/x4306a/A71EV2A-x4306a/A71EV2A-x4306a_prepared.pdb,True,171224,cb5caf44edc4825a1a626fa72e6ee7506b1234cb679496a015bde17e77903e21,structures/x4306a/A71EV2A-x4306a/A71EV2A-x4306a_ligand_ref.sdf,True,2134,a223d5302381fa5af4984048f8d8f7a0439cd296d05b69bf24585d54a7fca3cb,structures/x4306a/A71EV2A-x4306a/A71EV2A-x4306a_ligand_prepared.sdf,True,3628,5615f4b6dfd99c1bfc568916311314ec926580a0395bbf36920e4050cf7d7ad3,1132,1092,40,24,2112,2112,,,True,1,24,24,0,C:15;F:3;N:3;O:3,True,1,42,24,0,C:15;F:3;H:18;N:3;O:3
284,A71EV2A-x4308a,x4308a,NC(=O)[C@H]1CCCN(C(=O)Nc2cc3c(cc2Cl)OCO3)C1,4.6271,False,False,True,True,False,45.873,81.8182,37.5324,structures/x4308a/A71EV2A-x4308a,structures/x4308a/A71EV2A-x4308a/A71EV2A-x4308a_complex_ref.pdb,True,195122,57fc0da4d3a7e8c33fd1c70e4e439a352292b30feddc82bb2ce29cfc605238cc,structures/x4308a/A71EV2A-x4308a/A71EV2A-x4308a_prepared.pdb,True,170009,3560fb77c4d6a7fcd4fe98f1de3a73bbeea4f2fbebeda32f315510589fc9e74f,structures/x4308a/A71EV2A-x4308a/A71EV2A-x4308a_ligand_ref.sdf,True,1981,18485b9796d9bab0383aff51aac1319f14dc09238a174df28db9d59ea38f84ce,structures/x4308a/A71EV2A-x4308a/A71EV2A-x4308a_ligand_prepared.sdf,True,3309,bfb811cf1c2ad8c88b87ec7466bd02518c46c174988b23ceba8e8136dfd72fc2,1113,1080,33,22,2097,2097,,,True,1,22,22,0,C:14;Cl:1;N:3;O:4,True,1,38,22,0,C:14;Cl:1;H:16;N:3;O:4
285,A71EV2A-x4309a,x4309a_x4309b,CCS(=O)(=O)c1ccc(OC)c(NC(=O)N2CCC[C@H](C(N)=O)C2)c1,4.0937,False,False,True,True,False,45.5245,76,34.5986,structures/x4309a_x4309b/A71EV2A-x4309a,structures/x4309a_x4309b/A71EV2A-x4309a/A71EV2A-x4309a_complex_ref.pdb,True,379237,35726605ade13b9f9747dfbd06fc4cfc7294cfe2705b74530f7abd2ee10a1076,structures/x4309a_x4309b/A71EV2A-x4309a/A71EV2A-x4309a_prepared.pdb,True,170009,613fac8bac7cd66439a112fdbddf6bc60801b1df6d562b7123faca50ad772084,structures/x4309a_x4309b/A71EV2A-x4309a/A71EV2A-x4309a_ligand_ref.sdf,True,2217,4a35b1268c1d6236997e283d85fc204b35a8d7a5129ec059fbb6fedd1e1e5a15,structures/x4309a_x4309b/A71EV2A-x4309a/A71EV2A-x4309a_ligand_prepared.sdf,True,4126,3b9f1045701c0e8a9e78cbab64c5bef78a6eb68de1519b599031fe66de00605a,2234,2157,77,50,2097,2097,,,True,1,25,25,0,C:16;N:3;O:5;S:1,True,1,48,25,0,C:16;H:23;N:3;O:5;S:1
286,A71EV2A-x4309b,x4309a_x4309b,CCS(=O)(=O)c1ccc(OC)c(NC(=O)N2CCC[C@H](C(N)=O)C2)c1,4.0937,False,False,True,True,False,45.3898,76,34.4962,structures/x4309a_x4309b/A71EV2A-x4309b,structures/x4309a_x4309b/A71EV2A-x4309b/A71EV2A-x4309b_complex_ref.pdb,True,378913,62a28d072015ae905c5719260cf81030d0551c75cffbd40a795725208b03439b,structures/x4309a_x4309b/A71EV2A-x4309b/A71EV2A-x4309b_prepared.pdb,True,170009,d6c9688aeed8ed3d546e85adb2decdbcbe14aa0299513f456e0f69c5807d1a84,structures/x4309a_x4309b/A71EV2A-x4309b/A71EV2A-x4309b_ligand_ref.sdf,True,2217,f089f01830f3e46800f103bed790fb10c93744a449a3e2d5961b5cba75e46af2,structures/x4309a_x4309b/A71EV2A-x4309b/A71EV2A-x4309b_ligand_prepared.sdf,True,4126,285fb20ee9b17d69f4c1cb1fbfe591be38f3aeca1b193a19c63a8a196e46f49e,2230,2157,73,50,2097,2097,,,True,1,25,25,0,C:16;N:3;O:5;S:1,True,1,48,25,0,C:16;H:23;N:3;O:5;S:1
287,A71EV2A-x4310a,x4310a_x4310b,COc1c(NC(=O)N2CCC[C@H](C(N)=O)C2)cccc1C(F)(F)F,5.0325,False,False,True,True,False,41.1468,90.4762,37.2281,structures/x4310a_x4310b/A71EV2A-x4310a,structures/x4310a_x4310b/A71EV2A-x4310a/A71EV2A-x4310a_complex_ref.pdb,True,383778,c730a5a0729a91cda928c6eb2c7f46de4408c479262760da05f4577819c1caac,structures/x4310a_x4310b/A71EV2A-x4310a/A71EV2A-x4310a_prepared.pdb,True,170009,500f510b629b663f48bac804d24ee20b0b0257a6a0e3c3ccabe4156bb21941c3,structures/x4310a_x4310b/A71EV2A-x4310a/A71EV2A-x4310a_ligand_ref.sdf,True,2134,9ff7f8aefa4e873c8340123893867c2986270fb877740cca628bfb492b29be9c,structures/x4310a_x4310b/A71EV2A-x4310a/A71EV2A-x4310a_ligand_prepared.sdf,True,3628,9f0714e4f3d128f7083d3d692bd576f86dee50173084242af4766cb9cf2505bf,2244,2161,83,48,2097,2097,,,True,1,24,24,0,C:15;F:3;N:3;O:3,True,1,42,24,0,C:15;F:3;H:18;N:3;O:3
288,A71EV2A-x4310b,x4310a_x4310b,COc1c(NC(=O)N2CCC[C@H](C(N)=O)C2)cccc1C(F)(F)F,5.0325,False,False,True,True,False,48.2756,80,38.6204,structures/x4310a_x4310b/A71EV2A-x4310b,structures/x4310a_x4310b/A71EV2A-x4310b/A71EV2A-x4310b_complex_ref.pdb,True,383130,5b7b821bd28e73e6639f9923778c673ceaa1b295a36e0df83342cdea05c50880,structures/x4310a_x4310b/A71EV2A-x4310b/A71EV2A-x4310b_prepared.pdb,True,170009,875cdf5c837c85c5c66cdb6dbd1ccab265e03f2aae9718e3e744cc0f61b19a4d,structures/x4310a_x4310b/A71EV2A-x4310b/A71EV2A-x4310b_ligand_ref.sdf,True,2134,d809fd67f8665b9ffa8d7d82c0b8dc31adf1b17746a95b2cfe1eec9f18341a36,structures/x4310a_x4310b/A71EV2A-x4310b/A71EV2A-x4310b_ligand_prepared.sdf,True,3628,a516a7c8abda396ae75e0aae2c78ccd37edd8121c3720a03a67b486f9168b6f6,2236,2161,75,48,2097,2097,,,True,1,24,24,0,C:15;F:3;N:3;O:3,True,1,42,24,0,C:15;F:3;H:18;N:3;O:3
289,A71EV2A-x4311a,x4311a,CC(C)(C)c1ccccc1NC(=O)N1CCC[C@H](C(N)=O)C1,4.917,False,False,True,True,False,44.2343,95.6522,42.3111,structures/x4311a/A71EV2A-x4311a,structures/x4311a/A71EV2A-x4311a/A71EV2A-x4311a_complex_ref.pdb,True,383777,9cdf92251dfbacc1719f5f1eaa719f6e0577fcd6725ecd89b41bd7f6b075f812,structures/x4311a/A71EV2A-x4311a/A71EV2A-x4311a_prepared.pdb,True,171224,018f2e21daf8b494b9636f3d1fda3c4445af9e142268dab03d551ae95366540e,structures/x4311a/A71EV2A-x4311a/A71EV2A-x4311a_ligand_ref.sdf,True,1968,dcc15cdd078496802d463272a055f8a53235c07b1be525da58914600b2c969c6,structures/x4311a/A71EV2A-x4311a/A71EV2A-x4311a_ligand_prepared.sdf,True,4043,943bc8e723b17806c8a4c0f6cb5957cfb14fb53d6dd3ccff612c8836d40cbaca,2249,2206,43,22,2112,2112,,,True,1,22,22,0,C:17;N:3;O:2,True,1,47,22,0,C:17;H:25;N:3;O:2
290,A71EV2A-x4312a,x4312a,NC(=O)[C@H]1CC(=O)N(Cc2cccc3c2OCC3)C1,5.0762,False,False,True,True,False,44.634,95.6522,42.6934,structures/x4312a/A71EV2A-x4312a,structures/x4312a/A71EV2A-x4312a/A71EV2A-x4312a_complex_ref.pdb,True,381101,43ef929f2f70262791d1792aae84aa8f1b851c769042cc5233c1590207688000,structures/x4312a/A71EV2A-x4312a/A71EV2A-x4312a_prepared.pdb,True,171224,9374b5852fc6394e84c8243826f692949dd6cc2827e1dd59791de912ee14a9ae,structures/x4312a/A71EV2A-x4312a/A71EV2A-x4312a_ligand_ref.sdf,True,1732,917b1f20b9710711c8f59f466831ccd54d75135338d8c50d1144f3bd8d48788f,structures/x4312a/A71EV2A-x4312a/A71EV2A-x4312a_ligand_prepared.sdf,True,3060,dbd2065a04bf61e24616b76f32cf6c556c4a33599ff857c4a3168c4e2e09d38f,2233,2192,41,19,2112,2112,,,True,1,19,19,0,C:14;N:2;O:3,True,1,35,19,0,C:14;H:16;N:2;O:3
291,A71EV2A-x4313a,x4313a,COc1ccccc1[C@H](C)CN1C[C@@H](C(N)=O)CC1=O,4.9174,False,False,True,True,False,37.9109,92.3077,34.9947,structures/x4313a/A71EV2A-x4313a,structures/x4313a/A71EV2A-x4313a/A71EV2A-x4313a_complex_ref.pdb,True,375109,efef83f57e0be822f4318591e2236879a355f21f4c7d5e19dd428ebbe874f226,structures/x4313a/A71EV2A-x4313a/A71EV2A-x4313a_prepared.pdb,True,171224,7e93195d30cfa6474e502bba76e95370995534e2ccf7d5b64140136a2ad14f67,structures/x4313a/A71EV2A-x4313a/A71EV2A-x4313a_ligand_ref.sdf,True,1802,49140821ae1e02844c8a1e22e07e6f90dcae53110f05647d77e4939d4bbce15b,structures/x4313a/A71EV2A-x4313a/A71EV2A-x4313a_ligand_prepared.sdf,True,3462,8cdb43f00a60d8737827606a5aab9fe5c727b5d8ce0c81996fb6108bd365d67c,2214,2176,38,20,2112,2112,,,True,1,20,20,0,C:15;N:2;O:3,True,1,40,20,0,C:15;H:20;N:2;O:3
292,A71EV2A-x4315a,x4315a,NC(=O)[C@H]1CCC(=O)N(Cc2cccc3c2OCO3)C1,,False,False,True,True,False,44.129,95.6522,42.2103,structures/x4315a/A71EV2A-x4315a,structures/x4315a/A71EV2A-x4315a/A71EV2A-x4315a_complex_ref.pdb,True,203226,8539ccc9d10b5473ed3c2ce2f7428f44d8f4348b9111b6a23dd3b4cd45fe0237,structures/x4315a/A71EV2A-x4315a/A71EV2A-x4315a_prepared.pdb,True,171224,5cfa7c332b5c5ac149a65cbc2ed41e4bfd323756c0300bcdddc8343cecf99586,structures/x4315a/A71EV2A-x4315a/A71EV2A-x4315a_ligand_ref.sdf,True,1815,5a681a2b7e1ff75ea0ad1e145e0957460b4f5e4b5fe8bbaf3a7e42df18aa7740,structures/x4315a/A71EV2A-x4315a/A71EV2A-x4315a_ligand_prepared.sdf,True,3143,76ea8914578808df46783ae46a038b5861eb6deb57ed500b0146fc846886c4d9,1145,1100,45,20,2112,2112,,,True,1,20,20,0,C:14;N:2;O:4,True,1,36,20,0,C:14;H:16;N:2;O:4
293,A71EV2A-x4316a,x4316a,COc1cccc2c1CC[C@H]2N1C[C@@H](C(N)=O)CCC1=O,4.7896,False,False,True,True,False,39.0342,90.9091,35.4856,structures/x4316a/A71EV2A-x4316a,structures/x4316a/A71EV2A-x4316a/A71EV2A-x4316a_complex_ref.pdb,True,381672,83d53b84a186ee2fe8173f98478ff68d7547ba7638b33a1d8b8312f098d7b1b1,structures/x4316a/A71EV2A-x4316a/A71EV2A-x4316a_prepared.pdb,True,171224,e5afdf0772ade967b9d3a53ca8355dd30668c53877fd1c0c1f38fe4e2d81481c,structures/x4316a/A71EV2A-x4316a/A71EV2A-x4316a_ligand_ref.sdf,True,1898,013c6e4464aa8215a4ae8fe728e19034de80c59049797b5ba62273226572211d,structures/x4316a/A71EV2A-x4316a/A71EV2A-x4316a_ligand_prepared.sdf,True,3558,c344b1ef06f6fb9440cfa2061f39f51b36b52444b9fa3307ae67833f9e5351e8,2225,2183,42,21,2112,2112,,,True,1,21,21,0,C:16;N:2;O:3,True,1,41,21,0,C:16;H:20;N:2;O:3
294,A71EV2A-x4317a,x4317a,COc1ccccc1CC(=O)N1C[C@@H](C(N)=O)CC12CC2,,False,False,True,True,False,41.1618,92.3077,37.9955,structures/x4317a/A71EV2A-x4317a,structures/x4317a/A71EV2A-x4317a/A71EV2A-x4317a_complex_ref.pdb,True,377458,0a9f996667f76a2c198ea82a43ee4da8db0af6cc5553db192a78b8bdbcaa6e26,structures/x4317a/A71EV2A-x4317a/A71EV2A-x4317a_prepared.pdb,True,170009,9660aa64d39841f9f5f13f9438360b04fd135c9072d8b16c2615e543ecbc7b44,structures/x4317a/A71EV2A-x4317a/A71EV2A-x4317a_ligand_ref.sdf,True,1898,c3ad95a9aa64c17bb13591401ad68afdb8182d97d2de3df306e9d5af9e27a7c5,structures/x4317a/A71EV2A-x4317a/A71EV2A-x4317a_ligand_prepared.sdf,True,3558,c56de1ea08b070344bb153d22e06b05bf3723f311696a0ef7dfe57677629d358,2222,2176,46,21,2097,2097,,,True,1,21,21,0,C:16;N:2;O:3,True,1,41,21,0,C:16;H:20;N:2;O:3
295,A71EV2A-x4319a,x4319a,NC(=O)[C@H]1CCCN(C(=O)Cc2ccccc2OC(F)F)C1,4.2297,False,False,True,True,False,46.1642,92.3077,42.6131,structures/x4319a/A71EV2A-x4319a,structures/x4319a/A71EV2A-x4319a/A71EV2A-x4319a_complex_ref.pdb,True,199665,c813ad286cf03e8af3816960f8180aad3d6a25771eae4bbdf1ad691b6aca186e,structures/x4319a/A71EV2A-x4319a/A71EV2A-x4319a_prepared.pdb,True,170009,55ea3cea2d163cea390bef6e975a6cff3a239e07c050efe825bc9a1e87292ecb,structures/x4319a/A71EV2A-x4319a/A71EV2A-x4319a_ligand_ref.sdf,True,1968,aaf8a0fb3f3fd1d058c9c0a06ee16e857e438b8c8c0d4ea71071cee8fd73da13,structures/x4319a/A71EV2A-x4319a/A71EV2A-x4319a_ligand_prepared.sdf,True,3462,335181e476f485182506a537932f3e651e9484ccfcd612cb19e9f2c2a3f766e2,1118,1080,38,22,2097,2097,,,True,1,22,22,0,C:15;F:2;N:2;O:3,True,1,40,22,0,C:15;F:2;H:18;N:2;O:3
296,A71EV2A-x4320a,x4320a,NC(=O)[C@H]1CCCN(C(=O)Cc2ccc3c(c2)CCC(=O)N3)C1,4.3497,False,False,True,True,False,40.5043,86.9565,35.2211,structures/x4320a/A71EV2A-x4320a,structures/x4320a/A71EV2A-x4320a/A71EV2A-x4320a_complex_ref.pdb,True,385155,61fbf3c4c3256d3ec6ffa64ba0da8e41905a6fc76c27b47aec078a342673eb20,structures/x4320a/A71EV2A-x4320a/A71EV2A-x4320a_prepared.pdb,True,171224,463361356349f241d24880a4243f0371ced320485aea95c17ffed9d725f0f41a,structures/x4320a/A71EV2A-x4320a/A71EV2A-x4320a_ligand_ref.sdf,True,2064,e144090df13301febe02ef33ddb3f1473136e71e5e31ced87780b6d63ee2c17f,structures/x4320a/A71EV2A-x4320a/A71EV2A-x4320a_ligand_prepared.sdf,True,3807,33b2e0c80e6d1af60d5601cd7040c644ad20e37b910689cfde518460d3f8e5be,2228,2180,48,23,2112,2112,,,True,1,23,23,0,C:17;N:3;O:3,True,1,44,23,0,C:17;H:21;N:3;O:3
297,A71EV2A-x4321a,x4321a_x4321b,N#CCc1ccccc1CC(=O)N1CCC[C@H](C(N)=O)C1,5.1018,False,False,True,True,False,43.7871,91.6667,40.1381,structures/x4321a_x4321b/A71EV2A-x4321a,structures/x4321a_x4321b/A71EV2A-x4321a/A71EV2A-x4321a_complex_ref.pdb,True,377861,f80cf87eb3e663a12abb72357e67b614e052341425ee22037be404b827fb3a78,structures/x4321a_x4321b/A71EV2A-x4321a/A71EV2A-x4321a_prepared.pdb,True,170009,fd67d064bb7e1f6b5986ea2c16c39f954ff306f45f512d5b2c0163ce02b34a5a,structures/x4321a_x4321b/A71EV2A-x4321a/A71EV2A-x4321a_ligand_ref.sdf,True,1885,5b92435a9a50684997f25c8badf10b69f093ced494b4da4f2ed562396fbaa083,structures/x4321a_x4321b/A71EV2A-x4321a/A71EV2A-x4321a_ligand_prepared.sdf,True,3462,69c8a8707ecaa648c456a4d6107afa9e86c2fe88de8e7e3e75d55d0c04d9b50d,2228,2154,74,42,2097,2097,,,True,1,21,21,0,C:16;N:3;O:2,True,1,40,21,0,C:16;H:19;N:3;O:2
298,A71EV2A-x4321b,x4321a_x4321b,N#CCc1ccccc1CC(=O)N1CCC[C@H](C(N)=O)C1,5.1018,False,False,True,True,False,41.9367,95.6522,40.1134,structures/x4321a_x4321b/A71EV2A-x4321b,structures/x4321a_x4321b/A71EV2A-x4321b/A71EV2A-x4321b_complex_ref.pdb,True,377699,a2ae013a257694845372aedccf1c0ffcb08dd1ce94b723bcafe321aec79e18e5,structures/x4321a_x4321b/A71EV2A-x4321b/A71EV2A-x4321b_prepared.pdb,True,170009,c51cfab0012db7ce013263988fb4c409f8219c2d4d2dbc471666457958e99857,structures/x4321a_x4321b/A71EV2A-x4321b/A71EV2A-x4321b_ligand_ref.sdf,True,1885,9ca23347f9d4a3f0347250ad41e003ed0a4b863496b0bf3e900ed1050f3801b7,structures/x4321a_x4321b/A71EV2A-x4321b/A71EV2A-x4321b_ligand_prepared.sdf,True,3462,d07049e8071d349d5ad9ac54b074e3cc3407de7057a288999f06210cb9c9f213,2226,2154,72,42,2097,2097,,,True,1,21,21,0,C:16;N:3;O:2,True,1,40,21,0,C:16;H:19;N:3;O:2
299,A71EV2A-x4322a,x4322a,CC(=O)Nc1ccccc1CC(=O)N1CCC[C@H](C(N)=O)C1,4.2652,False,False,True,True,False,40.113,88.8889,35.656,structures/x4322a/A71EV2A-x4322a,structures/x4322a/A71EV2A-x4322a/A71EV2A-x4322a_complex_ref.pdb,True,376324,756a20fa7fed182597e8e7cebf6685c9a6307db0ed541068c24473b0c38a59ba,structures/x4322a/A71EV2A-x4322a/A71EV2A-x4322a_prepared.pdb,True,171224,a05d25e2ee10aa3515b9f835d4be928e132ccee47977100014f52ac40cc74ecf,structures/x4322a/A71EV2A-x4322a/A71EV2A-x4322a_ligand_ref.sdf,True,1968,47dad72decf7457fd35f1dd4a284814dba619df8222aa112024db13f90ba826c,structures/x4322a/A71EV2A-x4322a/A71EV2A-x4322a_ligand_prepared.sdf,True,3711,b8ae43996616e94f6293fbafb7363a3160ef3656c01d87c49a1ccc15f0ddff14,2222,2180,42,22,2112,2112,,,True,1,22,22,0,C:16;N:3;O:3,True,1,43,22,0,C:16;H:21;N:3;O:3
300,A71EV2A-x4324a,x4324a,NC(=O)[C@H]1CCC(=O)N(Cc2cccc3c2OCC3)C1,,False,False,True,True,False,46.4008,95.6522,44.3834,structures/x4324a/A71EV2A-x4324a,structures/x4324a/A71EV2A-x4324a/A71EV2A-x4324a_complex_ref.pdb,True,199742,251f60a0d38929315f8bcd1b4e5b27f06d35f99876348aa59f756d3791e23677,structures/x4324a/A71EV2A-x4324a/A71EV2A-x4324a_prepared.pdb,True,171224,086a09a9a6cdfc65982d2353222a1c5d34679704987809bd8c0a1b1bb5074e4a,structures/x4324a/A71EV2A-x4324a/A71EV2A-x4324a_ligand_ref.sdf,True,1815,6ceab6a3d873c39422384125ada1da3654b2e4a2ce0424aba79129997ad14fea,structures/x4324a/A71EV2A-x4324a/A71EV2A-x4324a_ligand_prepared.sdf,True,3309,fb6ac9cdfe7e808ca7e586ec5725d101ebfa308a1a140864d4943ed179bbc766,1143,1100,43,20,2112,2112,,,True,1,20,20,0,C:15;N:2;O:3,True,1,38,20,0,C:15;H:18;N:2;O:3
301,A71EV2A-x4331a,x4331a_x4331b,CCc1ccccc1CC(=O)N1CCC[C@H](C(N)=O)C1,,False,False,True,True,False,48.4781,91.6667,44.4383,structures/x4331a_x4331b/A71EV2A-x4331a,structures/x4331a_x4331b/A71EV2A-x4331a/A71EV2A-x4331a_complex_ref.pdb,True,373973,f4bc275b19854c00568a60175981e3486f887f86f6a61fb9ed3d8b7a9d130fb6,structures/x4331a_x4331b/A71EV2A-x4331a/A71EV2A-x4331a_prepared.pdb,True,170009,50c326c1631aef41e3351ffe68a692d4d89e9d3fbd58ee90cf004bab976c91e4,structures/x4331a_x4331b/A71EV2A-x4331a/A71EV2A-x4331a_ligand_ref.sdf,True,1802,ce43b71a5e33b0bd5eb863937bad7f133401e805821b5e30f7e08cfd2769b545,structures/x4331a_x4331b/A71EV2A-x4331a/A71EV2A-x4331a_ligand_prepared.sdf,True,3628,766ec779bec2a227b391829f38d4a733bf163a8d6a99c198b244f7a23b8cddd2,2210,2154,56,40,2097,2097,,,True,1,20,20,0,C:16;N:2;O:2,True,1,42,20,0,C:16;H:22;N:2;O:2
302,A71EV2A-x4331b,x4331a_x4331b,CCc1ccccc1CC(=O)N1CCC[C@H](C(N)=O)C1,,False,False,True,True,False,49.1195,92,45.19,structures/x4331a_x4331b/A71EV2A-x4331b,structures/x4331a_x4331b/A71EV2A-x4331b/A71EV2A-x4331b_complex_ref.pdb,True,373811,9ac3db53fd4d9c31b3614a16aa9d58a159216082e7db764152fb12adffec9688,structures/x4331a_x4331b/A71EV2A-x4331b/A71EV2A-x4331b_prepared.pdb,True,170009,1b59dc700765403b6db49da45aae6838dce5e4570222099b5dcf60cc17c56f0f,structures/x4331a_x4331b/A71EV2A-x4331b/A71EV2A-x4331b_ligand_ref.sdf,True,1802,0330bb105cba9c44147da947bf2e7a23319bcc15bbcdfa6796e75db83455a3dc,structures/x4331a_x4331b/A71EV2A-x4331b/A71EV2A-x4331b_ligand_prepared.sdf,True,3628,fbfa2c98f43cb435bd2521c7309ce0f2a9d48d9c2e41c611bb4b02f244fc5482,2208,2154,54,40,2097,2097,,,True,1,20,20,0,C:16;N:2;O:2,True,1,42,20,0,C:16;H:22;N:2;O:2
303,A71EV2A-x4333a,x4333a,Cc1ncccc1CC(=O)N1CCC[C@H](C(N)=O)C1,,False,False,True,True,False,44.1955,95.4545,42.1866,structures/x4333a/A71EV2A-x4333a,structures/x4333a/A71EV2A-x4333a/A71EV2A-x4333a_complex_ref.pdb,True,194477,2b8361ed160d153ed2ad9655d746046d764a9493feef8c5fd4f7e9aa3f528770,structures/x4333a/A71EV2A-x4333a/A71EV2A-x4333a_prepared.pdb,True,170009,534bbc1d9fd22cad9dc6655d9569d5fff26dc123e6f6896bc3a6a18666e0905d,structures/x4333a/A71EV2A-x4333a/A71EV2A-x4333a_ligand_ref.sdf,True,1719,36ceaa2b6d04a3856a55dd666e233d4bc41020c213d2a0e66ef7bc099eed418f,structures/x4333a/A71EV2A-x4333a/A71EV2A-x4333a_ligand_prepared.sdf,True,3296,aa3e13b44df3dbf35b162f5ecda125c3c2797e34090b96fc02bdba76a7a3fff3,1111,1077,34,19,2097,2097,,,True,1,19,19,0,C:14;N:3;O:2,True,1,38,19,0,C:14;H:19;N:3;O:2
304,A71EV2A-x4334a,x4334a_x4334b,CSc1cccc(CC(=O)N2CCC[C@H](C(N)=O)C2)c1,4.165,False,False,True,True,False,43.1616,90.9091,39.2378,structures/x4334a_x4334b/A71EV2A-x4334a,structures/x4334a_x4334b/A71EV2A-x4334a/A71EV2A-x4334a_complex_ref.pdb,True,374867,2ef6e211949839cef44291903fa2825c031dd40cbca431d55d1f8560b6e89d39,structures/x4334a_x4334b/A71EV2A-x4334a/A71EV2A-x4334a_prepared.pdb,True,170009,3d29dca7ae9cc424ddc1bc1296378ca59ddf6a0931c3aa2ee83ba40d781ff7d8,structures/x4334a_x4334b/A71EV2A-x4334a/A71EV2A-x4334a_ligand_ref.sdf,True,1802,818e1814d01902ef35f12f136a046ad979b47a787577b652860f8a1960870bfd,structures/x4334a_x4334b/A71EV2A-x4334a/A71EV2A-x4334a_ligand_prepared.sdf,True,3462,b4221003f48856df5f840ab8062bdd5fc4606bc9eb2651021dfc4afdd89889c1,2213,2154,59,40,2097,2097,,,True,1,20,20,0,C:15;N:2;O:2;S:1,True,1,40,20,0,C:15;H:20;N:2;O:2;S:1
305,A71EV2A-x4334b,x4334a_x4334b,CSc1cccc(CC(=O)N2CCC[C@H](C(N)=O)C2)c1,4.165,False,False,True,True,False,42.7998,91.6667,39.2331,structures/x4334a_x4334b/A71EV2A-x4334b,structures/x4334a_x4334b/A71EV2A-x4334b/A71EV2A-x4334b_complex_ref.pdb,True,374543,399dd68dd8378907460c0b2d488b57e5d627e8b449cd91f32e11d831aaa72df8,structures/x4334a_x4334b/A71EV2A-x4334b/A71EV2A-x4334b_prepared.pdb,True,170009,c029ac39250dc41cd173fa8ba4e745240fe2aa68f31e51f142bc8bdb6926aa69,structures/x4334a_x4334b/A71EV2A-x4334b/A71EV2A-x4334b_ligand_ref.sdf,True,1802,5581b5e4642d0cac624c5a6ada199f0a529d9f0817b4a75c3874253c04f52c26,structures/x4334a_x4334b/A71EV2A-x4334b/A71EV2A-x4334b_ligand_prepared.sdf,True,3462,2a3f2fb3181991560d931ce8ef1ab643ccf53b254542ef18fb460e294b6660c3,2209,2154,55,40,2097,2097,,,True,1,20,20,0,C:15;N:2;O:2;S:1,True,1,40,20,0,C:15;H:20;N:2;O:2;S:1
306,A71EV2A-x4336a,x4336a,NC(=O)[C@H]1CCCN(C(=O)Cc2cccc(Cl)c2Cl)C1,4.065,False,False,True,True,False,45.0124,95.6522,43.0553,structures/x4336a/A71EV2A-x4336a,structures/x4336a/A71EV2A-x4336a/A71EV2A-x4336a_complex_ref.pdb,True,196581,e8b47689b5cb3387489131736266d80f8e45927634e6547a6c2abdd5d0934a0c,structures/x4336a/A71EV2A-x4336a/A71EV2A-x4336a_prepared.pdb,True,170009,47e1f7a90890c2fb92007b445162e5e9951c3c4b00d6de0fe8e9a5cca302531d,structures/x4336a/A71EV2A-x4336a/A71EV2A-x4336a_ligand_ref.sdf,True,1802,4cd469a1254e64aa49b7272ff4d64ac36335f52b0710063d19e3a692a12623f6,structures/x4336a/A71EV2A-x4336a/A71EV2A-x4336a_ligand_prepared.sdf,True,3130,bf80db649b8688bbfe27970ab4d76f5180fbc7c655fdc07b23626e259a2caf63,1108,1077,31,20,2097,2097,,,True,1,20,20,0,C:14;Cl:2;N:2;O:2,True,1,36,20,0,C:14;Cl:2;H:16;N:2;O:2
307,A71EV2A-x4341a,x4341a,NC(=O)[C@H]1CCCN(C(=O)Cc2cccc3sccc23)C1,3.9388,False,False,True,True,False,42.9743,92.3077,39.6686,structures/x4341a/A71EV2A-x4341a,structures/x4341a/A71EV2A-x4341a/A71EV2A-x4341a_complex_ref.pdb,True,195691,de1304ba823b3d8a8989fa33f637ac168633ef6aaabb2f15319e5bf804196928,structures/x4341a/A71EV2A-x4341a/A71EV2A-x4341a_prepared.pdb,True,170009,be823b0c64b2de63deccc4276876e3e046d8e29a1e660318df3a3cd10aa708a7,structures/x4341a/A71EV2A-x4341a/A71EV2A-x4341a_ligand_ref.sdf,True,1898,dc720c2730ab0d4039864c242071472ffdfd01b23bd944bf40399b7ca93892c3,structures/x4341a/A71EV2A-x4341a/A71EV2A-x4341a_ligand_prepared.sdf,True,3392,6f1d51bdb297aa01d15d1b2aff32204d3c60ca75c8df1a6d4c117c82e0cc9fe4,1115,1077,38,21,2097,2097,,,True,1,21,21,0,C:16;N:2;O:2;S:1,True,1,39,21,0,C:16;H:18;N:2;O:2;S:1
308,A71EV2A-x4342a,x4342a,NC(=O)[C@H]1CCCN(C(=O)Cc2cccnc2C(F)(F)F)C1,,False,False,True,True,False,49.265,88.8889,43.7911,structures/x4342a/A71EV2A-x4342a,structures/x4342a/A71EV2A-x4342a/A71EV2A-x4342a_complex_ref.pdb,True,195366,88f0f84727dd5c9fca6c5db92548fafad53864aa6374bcc12a2948d137d16ae5,structures/x4342a/A71EV2A-x4342a/A71EV2A-x4342a_prepared.pdb,True,170009,2729a495fc28a79d1159474d7d6bd3f2519ab71f55048bee1652bc09e9e16deb,structures/x4342a/A71EV2A-x4342a/A71EV2A-x4342a_ligand_ref.sdf,True,1968,40dccc10e7e687872d6f4e41ef3076ae8e95a3642253cadff7316485b9900dca,structures/x4342a/A71EV2A-x4342a/A71EV2A-x4342a_ligand_prepared.sdf,True,3296,586ca6e669568295be923464680032defd49a6e0a524f6751ea756dde1b8b40c,1111,1077,34,22,2097,2097,,,True,1,22,22,0,C:14;F:3;N:3;O:2,True,1,38,22,0,C:14;F:3;H:16;N:3;O:2
309,A71EV2A-x4343a,x4343a_x4343b,NC(=O)[C@H]1CCCN(C(=O)Cc2ccnc(O)c2Br)C1,,False,False,True,True,False,46.9286,91.6667,43.0179,structures/x4343a_x4343b/A71EV2A-x4343a,structures/x4343a_x4343b/A71EV2A-x4343a/A71EV2A-x4343a_complex_ref.pdb,True,374297,6865121b3d3c85a79f037f21698a0d88133554209fad04700e3f59a7ff5a6c23,structures/x4343a_x4343b/A71EV2A-x4343a/A71EV2A-x4343a_prepared.pdb,True,170009,91ab17712d5221cbb8bd4f243cc2017a9421cd85012a935edbf29c4dcbd70b5f,structures/x4343a_x4343b/A71EV2A-x4343a/A71EV2A-x4343a_ligand_ref.sdf,True,1802,b3246f6faa7b355c6afc93db16e44c1081e7dcb7faab020d0746b58b608c384b,structures/x4343a_x4343b/A71EV2A-x4343a/A71EV2A-x4343a_ligand_prepared.sdf,True,3130,ba3ae51bdb0a2feb62afc7da5e9877dd7e369d1436b6166a5fc9fc101cc4155d,2223,2154,69,40,2097,2097,,,True,1,20,20,0,Br:1;C:13;N:3;O:3,True,1,36,20,0,Br:1;C:13;H:16;N:3;O:3
310,A71EV2A-x4343b,x4343a_x4343b,NC(=O)[C@H]1CCCN(C(=O)Cc2ccnc(O)c2Br)C1,,False,False,True,True,False,40.6062,91.6667,37.2224,structures/x4343a_x4343b/A71EV2A-x4343b,structures/x4343a_x4343b/A71EV2A-x4343b/A71EV2A-x4343b_complex_ref.pdb,True,374135,5a7978515ac9a63b70c6e063eae29b8e902331c190ef561f99a97fd0af0f9a4d,structures/x4343a_x4343b/A71EV2A-x4343b/A71EV2A-x4343b_prepared.pdb,True,170009,87cd093e5898e25cd5b887c7a4fc5b811f1a4d7630ad931f02ac621468126e56,structures/x4343a_x4343b/A71EV2A-x4343b/A71EV2A-x4343b_ligand_ref.sdf,True,1802,f1db9b19d15f200f13dfcb12e6aca154cceb65aed4f7edb2909758d580814e47,structures/x4343a_x4343b/A71EV2A-x4343b/A71EV2A-x4343b_ligand_prepared.sdf,True,3130,5b830288a074018771f9ebb9603649b124e7af69368721eadf5960806ccba683,2221,2154,67,40,2097,2097,,,True,1,20,20,0,Br:1;C:13;N:3;O:3,True,1,36,20,0,Br:1;C:13;H:16;N:3;O:3
311,A71EV2A-x4344a,x4344a,NC(=O)[C@H]1CCCN(C(=O)Cc2cccc3c2CCC3)C1,3.9502,False,False,True,True,False,43.7212,92,40.2235,structures/x4344a/A71EV2A-x4344a,structures/x4344a/A71EV2A-x4344a/A71EV2A-x4344a_complex_ref.pdb,True,197147,22f7a53abe48530b7f2a8e63b71dac4e4d3d0bf6153adc3fb3c70fa0cc90e606,structures/x4344a/A71EV2A-x4344a/A71EV2A-x4344a_prepared.pdb,True,170009,b93ace38f66b661c1f03303f2e0738692f6b824835096bf4fb563d9b20fa8943,structures/x4344a/A71EV2A-x4344a/A71EV2A-x4344a_ligand_ref.sdf,True,1898,367d90a2a011844c73a67681c0f9b933108ed5e1b8d6dff24f035a2a3ea48b05,structures/x4344a/A71EV2A-x4344a/A71EV2A-x4344a_ligand_prepared.sdf,True,3724,e314106d265b6e73e59ad0894c56f85682c47f048853708ca9e82b7a5f6ddd48,1113,1077,36,21,2097,2097,,,True,1,21,21,0,C:17;N:2;O:2,True,1,43,21,0,C:17;H:22;N:2;O:2
312,A71EV2A-x4346a,x4346a,NC(=O)[C@H]1CCCN(C(=O)Cc2cccc3nonc23)C1,,False,False,True,True,False,42.2296,95.8333,40.4701,structures/x4346a/A71EV2A-x4346a,structures/x4346a/A71EV2A-x4346a/A71EV2A-x4346a_complex_ref.pdb,True,194883,ca7052f0d64b223ad5d5ea4a0eb06aaa61dbc08738cafc204b814f158988668c,structures/x4346a/A71EV2A-x4346a/A71EV2A-x4346a_prepared.pdb,True,170009,f6bab7a43cb1ed2c2dd9e3b3e7590f5fb02f25a4ebbd7edf421ea5a492c10c85,structures/x4346a/A71EV2A-x4346a/A71EV2A-x4346a_ligand_ref.sdf,True,1898,cc044d0fdd011b94b05a87e4ad0f8fa218e9b6ab1932f71eda43f5e858d14ff5,structures/x4346a/A71EV2A-x4346a/A71EV2A-x4346a_ligand_prepared.sdf,True,3226,61adf9920b925869b31caa2d7736de281436012b41979c3cdd9f862e9689efec,1106,1077,29,21,2097,2097,,,True,1,21,21,0,C:14;N:4;O:3,True,1,37,21,0,C:14;H:16;N:4;O:3
313,A71EV2A-x4347a,x3201a_x3920a_x4347a,COc1ncccc1CC(=O)N1CCC[C@H](C(N)=O)C1,4.2865,False,False,True,True,False,43.9873,95.8333,42.1545,structures/x3201a_x3920a_x4347a/A71EV2A-x4347a,structures/x3201a_x3920a_x4347a/A71EV2A-x4347a/A71EV2A-x4347a_complex_ref.pdb,True,198126,59afd48955f31943306f503a6cdb846917dc1d14c868c0fb40840574e1303758,structures/x3201a_x3920a_x4347a/A71EV2A-x4347a/A71EV2A-x4347a_prepared.pdb,True,170009,e9f26bead122740de76d885263de4bb5d10ec0c97db8a09d0a929a28ce0069dc,structures/x3201a_x3920a_x4347a/A71EV2A-x4347a/A71EV2A-x4347a_ligand_ref.sdf,True,1802,a1958dd48c938e8e2c836f066a1adf4910b60fd32385676e1d147ac6950523e4,structures/x3201a_x3920a_x4347a/A71EV2A-x4347a/A71EV2A-x4347a_ligand_prepared.sdf,True,3379,6ffad11edb5e4e762c464c8e7d9aafa69a7f0d73db8b0d6e2643e2d5cfd081ca,1113,1077,36,20,2097,2097,,,True,1,20,20,0,C:14;N:3;O:3,True,1,39,20,0,C:14;H:19;N:3;O:3
314,A71EV2A-x4350a,x4350a,Cc1cnccc1CC(=O)N1CCC[C@H](C(N)=O)C1,,False,False,True,True,False,40.6201,95.6522,38.854,structures/x4350a/A71EV2A-x4350a,structures/x4350a/A71EV2A-x4350a/A71EV2A-x4350a_complex_ref.pdb,True,196824,e3b480a0d7102fd5cd7bb960e71f9589127208b03843285aee4c969b5f1989a8,structures/x4350a/A71EV2A-x4350a/A71EV2A-x4350a_prepared.pdb,True,170009,8423f5d681c3d954785eb1aa5186dd00fea305472acd8035c96d15cf44390e3e,structures/x4350a/A71EV2A-x4350a/A71EV2A-x4350a_ligand_ref.sdf,True,1719,8d0f8ce821080ee95a3c89e8b258fba2116e0c2509d6d684c5c243209f656bfe,structures/x4350a/A71EV2A-x4350a/A71EV2A-x4350a_ligand_prepared.sdf,True,3296,73cf632d400de07916b88db465eaa2b8a410ebae66bba75e882103b35a0f75e6,1108,1077,31,19,2097,2097,,,True,1,19,19,0,C:14;N:3;O:2,True,1,38,19,0,C:14;H:19;N:3;O:2
315,A71EV2A-x4351a,x4351a,NC(=O)C[C@H]1CCCN(c2ncnc3ccccc23)C1,4.9593,False,False,True,True,False,46.729,91.6667,42.8349,structures/x4351a/A71EV2A-x4351a,structures/x4351a/A71EV2A-x4351a/A71EV2A-x4351a_complex_ref.pdb,True,376891,f4c5e1721200425cc0f15799ed5835086ee6721fd213b0963f2d44f8b003a9cd,structures/x4351a/A71EV2A-x4351a/A71EV2A-x4351a_prepared.pdb,True,171224,87ec07b173000b32f0c658cbb6810a526c03e497320cb0eda0ac6b7ec64986dc,structures/x4351a/A71EV2A-x4351a/A71EV2A-x4351a_ligand_ref.sdf,True,1815,30bd95f68168db964b5463ffb0b3f7e65facd56e0002a1419fe05962b17e1c5a,structures/x4351a/A71EV2A-x4351a/A71EV2A-x4351a_ligand_prepared.sdf,True,3309,c4a2502b797b6afe8aacd88120d5bd9ca5fb03593d5be452f0b30a9ac325f9cd,2226,2186,40,20,2112,2112,,,True,1,20,20,0,C:15;N:4;O:1,True,1,38,20,0,C:15;H:18;N:4;O:1
316,A71EV2A-x4365a,x4365a_x4365b,NC(=O)[C@H]1CCCN(C(=O)Cc2cccc3c2OCCO3)C1,,False,False,True,True,False,45.5662,77.2727,35.2102,structures/x4365a_x4365b/A71EV2A-x4365a,structures/x4365a_x4365b/A71EV2A-x4365a/A71EV2A-x4365a_complex_ref.pdb,True,378186,23af6de6f49466671dae361eb70293d48cdcbe2ed8c6dc5005b52b85a7558bcc,structures/x4365a_x4365b/A71EV2A-x4365a/A71EV2A-x4365a_prepared.pdb,True,170009,0c6e8d354b3a851286fb7d8eeec79dff5e76a9c9c30c3d41d5e9edcae7523521,structures/x4365a_x4365b/A71EV2A-x4365a/A71EV2A-x4365a_ligand_ref.sdf,True,1981,980c846be52e6d1c7fb5f957a957ad84d72f01da286cd01d60bbe237cb9545ad,structures/x4365a_x4365b/A71EV2A-x4365a/A71EV2A-x4365a_ligand_prepared.sdf,True,3641,da09702bfb725b680433e39dda1726a8ef5478325b5b171a55f5b57915d94005,2222,2162,60,44,2097,2097,,,True,1,22,22,0,C:16;N:2;O:4,True,1,42,22,0,C:16;H:20;N:2;O:4
317,A71EV2A-x4365b,x4365a_x4365b,NC(=O)[C@H]1CCCN(C(=O)Cc2cccc3c2OCCO3)C1,,False,False,True,True,False,37.9158,91.3043,34.6188,structures/x4365a_x4365b/A71EV2A-x4365b,structures/x4365a_x4365b/A71EV2A-x4365b/A71EV2A-x4365b_complex_ref.pdb,True,378024,608c3500a431a2bb824c53cdc8b0ed0686960b020cc4517544fa710b9c33c23a,structures/x4365a_x4365b/A71EV2A-x4365b/A71EV2A-x4365b_prepared.pdb,True,170009,1df3e9d1a25c09d8321a859e4ce5f419e7edf5b2947a052bdb96c9304b845e3d,structures/x4365a_x4365b/A71EV2A-x4365b/A71EV2A-x4365b_ligand_ref.sdf,True,1981,febd81c768213d261e431589c26acde17541b05b2d5630c64097b65a1fa37914,structures/x4365a_x4365b/A71EV2A-x4365b/A71EV2A-x4365b_ligand_prepared.sdf,True,3641,39350924d8a0f41faa3b4d81f2e1f03bb1b3081aae5fd32d725abaa457a562ef,2220,2162,58,44,2097,2097,,,True,1,22,22,0,C:16;N:2;O:4,True,1,42,22,0,C:16;H:20;N:2;O:4
318,A71EV2A-x4368a,x4368a,COCc1ccccc1CC(=O)N1CCC[C@H](C(N)=O)C1,4.5768,False,False,True,True,False,42.7327,91.6667,39.1716,structures/x4368a/A71EV2A-x4368a,structures/x4368a/A71EV2A-x4368a/A71EV2A-x4368a_complex_ref.pdb,True,201847,16a4ee2bdfbbe8c1d8de0695703af47fcb9c2122faea97fc7dd603b8a932f2f9,structures/x4368a/A71EV2A-x4368a/A71EV2A-x4368a_prepared.pdb,True,171224,3b1b2cfdde67a800ba27fd290a4a06be29d3b6c652f8f16cfe7f80ce497499c7,structures/x4368a/A71EV2A-x4368a/A71EV2A-x4368a_ligand_ref.sdf,True,1885,5770613ccb636ec782e8f9f354be07ca522101b81f8152e8a79293f7908e9417,structures/x4368a/A71EV2A-x4368a/A71EV2A-x4368a_ligand_prepared.sdf,True,3711,bdb93f6047f8a8c03b4f01942b49278d811d079cb3dba82b39d3a9e9f91be80c,1136,1092,44,21,2112,2112,,,True,1,21,21,0,C:16;N:2;O:3,True,1,43,21,0,C:16;H:22;N:2;O:3
319,A71EV2A-x4372a,x4372a,NC(=O)[C@H]1CCCN(C(=O)Cc2cccnc2O)C1,5.1538,False,False,True,True,False,41.7768,90,37.5991,structures/x4372a/A71EV2A-x4372a,structures/x4372a/A71EV2A-x4372a/A71EV2A-x4372a_complex_ref.pdb,True,195770,2d12cfca919a8b79f28a83a49a2a1e3456169b3021cc5ac43e63c99dd3baa20e,structures/x4372a/A71EV2A-x4372a/A71EV2A-x4372a_prepared.pdb,True,170009,f15698ba81fb6f6bcf1085f6835116b3fba89748b626174a9e533b6efe3cad3f,structures/x4372a/A71EV2A-x4372a/A71EV2A-x4372a_ligand_ref.sdf,True,1719,afbce225e671ffac1343ceb47abaa60e3b0a516adb9e495f7533630dc777d086,structures/x4372a/A71EV2A-x4372a/A71EV2A-x4372a_ligand_prepared.sdf,True,3130,2eb4b36094ee15c5788ce2a94f3aeeb209315915bf08991d009d9b3ea3b9b2bf,1115,1080,35,19,2097,2097,,,True,1,19,19,0,C:13;N:3;O:3,True,1,36,19,0,C:13;H:17;N:3;O:3
320,A71EV2A-x4373a,x4373a,NC(=O)[C@H]1CCCN(C(=O)Cc2cccc3c2OCO3)C1,,False,False,True,True,False,42.7076,96,40.9993,structures/x4373a/A71EV2A-x4373a,structures/x4373a/A71EV2A-x4373a/A71EV2A-x4373a_complex_ref.pdb,True,199179,deeb7e99187b1e421c3f31348ce1347b2585f8331b47c689b29224abe410640d,structures/x4373a/A71EV2A-x4373a/A71EV2A-x4373a_prepared.pdb,True,170009,d737dd3915befa1d1cc9d8cd5b36ac8f094a3aa47f3f245388c2a4f14606b2d9,structures/x4373a/A71EV2A-x4373a/A71EV2A-x4373a_ligand_ref.sdf,True,1898,da764b6dc175cc3c2fdb9b38bfae99b0b2dc9a3d9891f6a839dcfbb7408dc3e6,structures/x4373a/A71EV2A-x4373a/A71EV2A-x4373a_ligand_prepared.sdf,True,3392,fb1b47ef469c6c5bbb007598d0c1544295f6679da6e7fcfb232cf344066aa06d,1116,1077,39,21,2097,2097,,,True,1,21,21,0,C:15;N:2;O:4,True,1,39,21,0,C:15;H:18;N:2;O:4
321,A71EV2A-x4374a,x4374a_x4374b,NC(=O)[C@H]1CCCN(C(=O)Cc2ccccc2CO)C1,4.3458,False,False,True,True,False,44.0492,91.3043,40.2188,structures/x4374a_x4374b/A71EV2A-x4374a,structures/x4374a_x4374b/A71EV2A-x4374a/A71EV2A-x4374a_complex_ref.pdb,True,375189,d586e816b70c3dabf1875418267e6406a5c2268deb427f5bf16395086cb4b4cf,structures/x4374a_x4374b/A71EV2A-x4374a/A71EV2A-x4374a_prepared.pdb,True,170009,c0158ba67a3651a7e161d06e23ef34adfd19f8a721eeff67c6cdbaa9fd48bf6e,structures/x4374a_x4374b/A71EV2A-x4374a/A71EV2A-x4374a_ligand_ref.sdf,True,1802,312d03946ca79e4a479efc87e5c187cd51bcdc9695b22478a759a45112257a27,structures/x4374a_x4374b/A71EV2A-x4374a/A71EV2A-x4374a_ligand_prepared.sdf,True,3462,d30118c689f8a9d95348eb5ceaad1ea6d61b19259aa4f97c0d67776224d550e6,2216,2154,62,40,2097,2097,,,True,1,20,20,0,C:15;N:2;O:3,True,1,40,20,0,C:15;H:20;N:2;O:3
322,A71EV2A-x4374b,x4374a_x4374b,NC(=O)[C@H]1CCCN(C(=O)Cc2ccccc2CO)C1,4.3458,False,False,True,True,False,44.2272,95.4545,42.2169,structures/x4374a_x4374b/A71EV2A-x4374b,structures/x4374a_x4374b/A71EV2A-x4374b/A71EV2A-x4374b_complex_ref.pdb,True,374946,741f8ee88eb256cceada5faf053d258d429e36cd381b6eafcf59fbc9dc1cf2ad,structures/x4374a_x4374b/A71EV2A-x4374b/A71EV2A-x4374b_prepared.pdb,True,170009,92c96fee9e920a90d40210f27a56a4f0bf2f9e97a8b72f62aa5eb73e8a3f1012,structures/x4374a_x4374b/A71EV2A-x4374b/A71EV2A-x4374b_ligand_ref.sdf,True,1802,704671d86b5e252aa7724541bd52af83dd57391364b0ef7a070b50b9a358b70e,structures/x4374a_x4374b/A71EV2A-x4374b/A71EV2A-x4374b_ligand_prepared.sdf,True,3462,17ef2ba7cb915edbd245360f2c576aafaa9f4b34b8882f9a468ae02260c8b571,2213,2154,59,40,2097,2097,,,True,1,20,20,0,C:15;N:2;O:3,True,1,40,20,0,C:15;H:20;N:2;O:3
323,A71EV2A-x4380a,x4380a,NC(=O)[C@H]1CCCN(C(=O)Cc2cc(F)ccc2Cl)C1,,False,False,True,True,False,44.8736,91.3043,40.9715,structures/x4380a/A71EV2A-x4380a,structures/x4380a/A71EV2A-x4380a/A71EV2A-x4380a_complex_ref.pdb,True,194232,c726611914a5113b2b8cc33494a32128eb3a00d4ba67af0e6a3b69f427e99d4d,structures/x4380a/A71EV2A-x4380a/A71EV2A-x4380a_prepared.pdb,True,170009,f738cb0a9099dfd107f31e7524320e54208fbd3c1b53b9a66332ca8c08554cd7,structures/x4380a/A71EV2A-x4380a/A71EV2A-x4380a_ligand_ref.sdf,True,1802,f4952de72dbb87bc7038380d5ab6879886a9994c29e59c1f855180b719d929b4,structures/x4380a/A71EV2A-x4380a/A71EV2A-x4380a_ligand_prepared.sdf,True,3130,513ab70161e7d0a465abf5129d46f350ce26668e6252ebf12210aeaa2f7722cf,1107,1077,30,20,2097,2097,,,True,1,20,20,0,C:14;Cl:1;F:1;N:2;O:2,True,1,36,20,0,C:14;Cl:1;F:1;H:16;N:2;O:2
324,A71EV2A-x4381a,x4381a,NC(=O)[C@H]1CCCN(C(=O)Cc2cc(C(F)(F)F)ccc2C(F)(F)F)C1,3.8068,False,False,True,True,False,41.3537,92,38.0454,structures/x4381a/A71EV2A-x4381a,structures/x4381a/A71EV2A-x4381a/A71EV2A-x4381a_complex_ref.pdb,True,198450,dd517ce92558eb6646d587d4a67f75fe5ad249357a0db52cf929571c3af4204d,structures/x4381a/A71EV2A-x4381a/A71EV2A-x4381a_prepared.pdb,True,170009,4e7984c5d245d469ad5a1449e331825040c29c452b9a6bc2ded9e865f6147846,structures/x4381a/A71EV2A-x4381a/A71EV2A-x4381a_ligand_ref.sdf,True,2300,3644b08397cbcf05fb0d4a54ab096793613b427d1be6c8eda1567f4a558ec14d,structures/x4381a/A71EV2A-x4381a/A71EV2A-x4381a_ligand_prepared.sdf,True,3628,5ee8d7d3fba70d13138c1c68bbb734f83a1f668ebd657cd14de2d94e7a487617,1111,1077,34,26,2097,2097,,,True,1,26,26,0,C:16;F:6;N:2;O:2,True,1,42,26,0,C:16;F:6;H:16;N:2;O:2
325,A71EV2A-x4203a,x4203a,COc1cc(Cl)ccc1CC(=O)N1CCC[C@H](C(N)=O)C1,4.0186,False,False,True,True,False,40.8542,91.6667,37.4497,structures/x4203a/A71EV2A-x4203a,structures/x4203a/A71EV2A-x4203a/A71EV2A-x4203a_complex_ref.pdb,True,196906,fdc48bd6288c9c39741865d0070d8e149160f2e87ccbb366edb20b26d50dba97,structures/x4203a/A71EV2A-x4203a/A71EV2A-x4203a_prepared.pdb,True,170009,6fdfddeebe667d0400aaaed26cbbf1d3c44909ac549b58f5748f374dd409f97e,structures/x4203a/A71EV2A-x4203a/A71EV2A-x4203a_ligand_ref.sdf,True,1885,ce614d256cba83858f7994221104c589793d12e9dff20c86de18c6b0eacad530,structures/x4203a/A71EV2A-x4203a/A71EV2A-x4203a_ligand_prepared.sdf,True,3462,318752043482b504edfefc046e56b991f59f16c5f26a996444a942d7eaf23fd8,1113,1074,39,21,2097,2097,,,True,1,21,21,0,C:15;Cl:1;N:2;O:3,True,1,40,21,0,C:15;Cl:1;H:19;N:2;O:3
326,A71EV2A-x4207a,x4207a_x4207b,COc1ccccc1[C@@H](NC(C)=O)C(=O)N1CCC[C@H](C(N)=O)C1,5.2384,False,False,True,True,False,38.4143,92.3077,35.4593,structures/x4207a_x4207b/A71EV2A-x4207a,structures/x4207a_x4207b/A71EV2A-x4207a/A71EV2A-x4207a_complex_ref.pdb,True,380777,8532fd655428e7300abb1daa0328aab7245b8ff224e8f63a86bdd1cf5a7026c9,structures/x4207a_x4207b/A71EV2A-x4207a/A71EV2A-x4207a_prepared.pdb,True,168794,144f8499e1338a9f784f85371db85ea45335018f4aaf24821191d0c19de6efa5,structures/x4207a_x4207b/A71EV2A-x4207a/A71EV2A-x4207a_ligand_ref.sdf,True,2134,03f20a6f0eeaf7d1e0d082f2e800918f568ec4783a665d95b1889f5c77bed59d,structures/x4207a_x4207b/A71EV2A-x4207a/A71EV2A-x4207a_ligand_prepared.sdf,True,4043,a4dfe13740563875d3e6021298161d8a53c9a6d46f860cb66f1195439f7094bf,2224,2145,79,48,2082,2082,,,True,1,24,24,0,C:17;N:3;O:4,True,1,47,24,0,C:17;H:23;N:3;O:4
327,A71EV2A-x4207b,x4207a_x4207b,COc1ccccc1[C@@H](NC(C)=O)C(=O)N1CCC[C@H](C(N)=O)C1,5.2384,False,False,True,True,False,39.2891,96,37.7175,structures/x4207a_x4207b/A71EV2A-x4207b,structures/x4207a_x4207b/A71EV2A-x4207b/A71EV2A-x4207b_complex_ref.pdb,True,380534,8e472e908a32ddc4b941686e6bcd6269e7b16df7c6a196f931eb6f4c182f9881,structures/x4207a_x4207b/A71EV2A-x4207b/A71EV2A-x4207b_prepared.pdb,True,170009,6b618171b8f08efa15a0554116de566982ac8cfd902b6cc9dc0d888f5a302f79,structures/x4207a_x4207b/A71EV2A-x4207b/A71EV2A-x4207b_ligand_ref.sdf,True,2134,1a28d61a12701f3c0cffd7d9be7da53bbe9fb4e1182bc2029dba12e7b7d96f0e,structures/x4207a_x4207b/A71EV2A-x4207b/A71EV2A-x4207b_ligand_prepared.sdf,True,4043,c7bcb1e220d0bb4089de3a68f935dde01f7b12971f234f69527857c17735d536,2221,2145,76,48,2097,2097,,,True,1,24,24,0,C:17;N:3;O:4,True,1,47,24,0,C:17;H:23;N:3;O:4
328,A71EV2A-x4209a,x3942a_x4209a,COc1cccc(Cl)c1CC(=O)N1CCC[C@H](C(N)=O)C1,4.3783,False,False,True,True,False,53.742,76,40.8439,structures/x3942a_x4209a/A71EV2A-x4209a,structures/x3942a_x4209a/A71EV2A-x4209a/A71EV2A-x4209a_complex_ref.pdb,True,196904,fec5dc998c93182d35e5ee413bb096bf49d341f5ddc910bb7e824b7a13a162c7,structures/x3942a_x4209a/A71EV2A-x4209a/A71EV2A-x4209a_prepared.pdb,True,170009,4e95325a5ce398cad3462c72da93435c8b2747582f933206cce428b78f23c83f,structures/x3942a_x4209a/A71EV2A-x4209a/A71EV2A-x4209a_ligand_ref.sdf,True,1885,038140b6772ddf8d84a97c19065f1b8db5858dfc5c38a165ae539c6f433221fa,structures/x3942a_x4209a/A71EV2A-x4209a/A71EV2A-x4209a_ligand_prepared.sdf,True,3462,c5adb4de101360ea3c3aed71787f601333e693a9e408bf07e62ac68fe2ff5330,1111,1077,34,21,2097,2097,,,True,1,21,21,0,C:15;Cl:1;N:2;O:3,True,1,40,21,0,C:15;Cl:1;H:19;N:2;O:3
329,A71EV2A-x4214a,x4214a_x4214b,COc1ccccc1S(=O)(=O)N1CCC[C@H](C(N)=O)C1,5.1618,False,False,True,True,False,40.2906,91.6667,36.933,structures/x4214a_x4214b/A71EV2A-x4214a,structures/x4214a_x4214b/A71EV2A-x4214a/A71EV2A-x4214a_complex_ref.pdb,True,374377,4a9d17ec0201e3a20364cf5f114e4e43dd0dd7838c83e950f2023f2592db015f,structures/x4214a_x4214b/A71EV2A-x4214a/A71EV2A-x4214a_prepared.pdb,True,170009,0f65b214af648fe054638a9e3ebedd1698fd951ee50d957bceef1d24bd8e2caa,structures/x4214a_x4214b/A71EV2A-x4214a/A71EV2A-x4214a_ligand_ref.sdf,True,1802,4fa9e88d0d2d3f456b1603ec8e37e51bbfa9a67d5f4cb500f9655f0ea7d56564,structures/x4214a_x4214b/A71EV2A-x4214a/A71EV2A-x4214a_ligand_prepared.sdf,True,3296,e9cc7af39a07e360e9309cad00b2b043e8e4fbc8dcc6df97b2e0122ac9285ba7,2224,2154,70,40,2097,2097,,,True,1,20,20,0,C:13;N:2;O:4;S:1,True,1,38,20,0,C:13;H:18;N:2;O:4;S:1
330,A71EV2A-x4214b,x4214a_x4214b,COc1ccccc1S(=O)(=O)N1CCC[C@H](C(N)=O)C1,5.1618,False,False,True,True,False,40.0688,95.6522,38.3266,structures/x4214a_x4214b/A71EV2A-x4214b,structures/x4214a_x4214b/A71EV2A-x4214b/A71EV2A-x4214b_complex_ref.pdb,True,373972,7f9ddd0337851b270031440ba35edef7d51205f607a98737eeddde5a8c21948a,structures/x4214a_x4214b/A71EV2A-x4214b/A71EV2A-x4214b_prepared.pdb,True,170009,876d7e156a19bcd98b761aaa2f4ee3d0dd0af15cdcdcee74c8f5004f65685659,structures/x4214a_x4214b/A71EV2A-x4214b/A71EV2A-x4214b_ligand_ref.sdf,True,1802,b835d339e813b935c3ba6f0f289d91ff446ec3d6fb3846da4dd1562aacca6361,structures/x4214a_x4214b/A71EV2A-x4214b/A71EV2A-x4214b_ligand_prepared.sdf,True,3296,7d46f51efcdac8e9f63353b8fdfddc2fb7502af80ff78d55dff6a83b4bdf5584,2219,2154,65,40,2097,2097,,,True,1,20,20,0,C:13;N:2;O:4;S:1,True,1,38,20,0,C:13;H:18;N:2;O:4;S:1
331,A71EV2A-x4237a,x4237a_x4237b_x4237c_x4237d,NC(=O)[C@H]1CCCN(C(=O)[C@@H](Cc2ccc(F)cc2)c2ccccc2)C1,5.4786,False,False,True,True,False,41.2454,95.8333,39.5268,structures/x4237a_x4237b_x4237c_x4237d/A71EV2A-x4237a,structures/x4237a_x4237b_x4237c_x4237d/A71EV2A-x4237a/A71EV2A-x4237a_complex_ref.pdb,True,386529,6d4509425d5d5fa868a13610582f1be070861dcdd43584af2e96b7895045a8f6,structures/x4237a_x4237b_x4237c_x4237d/A71EV2A-x4237a/A71EV2A-x4237a_prepared.pdb,True,170009,ee30ece3c09eb172ff0a4b6f932a93bde55b995f99fcd7b25bfdd652180dd443,structures/x4237a_x4237b_x4237c_x4237d/A71EV2A-x4237a/A71EV2A-x4237a_ligand_ref.sdf,True,2313,dc068fc31529cba039be87dab35e75aff9f3e7c94e5137018d1f8d8ebb10b252,structures/x4237a_x4237b_x4237c_x4237d/A71EV2A-x4237a/A71EV2A-x4237a_ligand_prepared.sdf,True,4222,3991bed12a3ad150a9bbea847e15e05fa53575cc30e0ae4c20109365730e5ac9,2258,2154,104,78,2097,2097,,,True,1,26,26,0,C:21;F:1;N:2;O:2,True,1,49,26,0,C:21;F:1;H:23;N:2;O:2
332,A71EV2A-x4237b,x4237a_x4237b_x4237c_x4237d,NC(=O)[C@H]1CCCN(C(=O)[C@@H](Cc2ccc(F)cc2)c2ccccc2)C1,5.4786,False,False,True,True,False,37.92,86.3636,32.7491,structures/x4237a_x4237b_x4237c_x4237d/A71EV2A-x4237b,structures/x4237a_x4237b_x4237c_x4237d/A71EV2A-x4237b/A71EV2A-x4237b_complex_ref.pdb,True,386529,39d410c67de17d4966b1a79ed6a46ab0c8e6438cabb1cb2020adeb6a1162f13f,structures/x4237a_x4237b_x4237c_x4237d/A71EV2A-x4237b/A71EV2A-x4237b_prepared.pdb,True,170009,c5af257b954a8c501e9ca5feb9a74b080a5cafae7e0c7f4d03ed94eb4823c648,structures/x4237a_x4237b_x4237c_x4237d/A71EV2A-x4237b/A71EV2A-x4237b_ligand_ref.sdf,True,2313,1ec3df633e2984eb5d75821782d0c361de634103d1033de02b4ea6fd7487dab5,structures/x4237a_x4237b_x4237c_x4237d/A71EV2A-x4237b/A71EV2A-x4237b_ligand_prepared.sdf,True,4222,187385512636121256eba1bb9f0ea953ed5c07241e5b55030d87b56173919618,2258,2154,104,78,2097,2097,,,True,1,26,26,0,C:21;F:1;N:2;O:2,True,1,49,26,0,C:21;F:1;H:23;N:2;O:2
333,A71EV2A-x4237c,x4237a_x4237b_x4237c_x4237d,NC(=O)[C@H]1CCCN(C(=O)[C@@H](Cc2ccc(F)cc2)c2ccccc2)C1,5.4786,False,False,True,True,False,36.2896,95.6522,34.7118,structures/x4237a_x4237b_x4237c_x4237d/A71EV2A-x4237c,structures/x4237a_x4237b_x4237c_x4237d/A71EV2A-x4237c/A71EV2A-x4237c_complex_ref.pdb,True,386205,172c1def6adf6bb941f4fc5cbb2622461499cb35815e50c52136a278089de1d9,structures/x4237a_x4237b_x4237c_x4237d/A71EV2A-x4237c/A71EV2A-x4237c_prepared.pdb,True,170009,a44f472db5938969a19f93f378c7cb9c77b908304dc16475333f344a561932a6,structures/x4237a_x4237b_x4237c_x4237d/A71EV2A-x4237c/A71EV2A-x4237c_ligand_ref.sdf,True,2313,40bf88f65b7f8caa82eafa0a7ff38e52318fd52496f146b00f31fa1805e95963,structures/x4237a_x4237b_x4237c_x4237d/A71EV2A-x4237c/A71EV2A-x4237c_ligand_prepared.sdf,True,4222,ef8235a1c63ea2bca1bdb5adec4ce1286cca544fbe09ee646b0911c50d3690b5,2254,2154,100,78,2097,2097,,,True,1,26,26,0,C:21;F:1;N:2;O:2,True,1,49,26,0,C:21;F:1;H:23;N:2;O:2
334,A71EV2A-x4237d,x4237a_x4237b_x4237c_x4237d,NC(=O)[C@H]1CCCN(C(=O)[C@@H](Cc2ccc(F)cc2)c2ccccc2)C1,5.4786,False,False,True,True,False,36.0026,95,34.2025,structures/x4237a_x4237b_x4237c_x4237d/A71EV2A-x4237d,structures/x4237a_x4237b_x4237c_x4237d/A71EV2A-x4237d/A71EV2A-x4237d_complex_ref.pdb,True,386205,b7f8a5f1d0e55543004faae8ae9068ef1138a46dfeefbb30edf5d0f7a1ff89c5,structures/x4237a_x4237b_x4237c_x4237d/A71EV2A-x4237d/A71EV2A-x4237d_prepared.pdb,True,170009,e140dc537f75f72c64953ed16c432c2069872adf6c8d78bd68d448f82d8e0747,structures/x4237a_x4237b_x4237c_x4237d/A71EV2A-x4237d/A71EV2A-x4237d_ligand_ref.sdf,True,2313,722b1891e8051a9a641bce61511823855e6e5ef6c74e7da8f39793cb06efb7d7,structures/x4237a_x4237b_x4237c_x4237d/A71EV2A-x4237d/A71EV2A-x4237d_ligand_prepared.sdf,True,4222,72cb248d68bbd6cd2b0d863eab56460ca5a3578d148763760905e3c52b5df5b5,2254,2154,100,78,2097,2097,,,True,1,26,26,0,C:21;F:1;N:2;O:2,True,1,49,26,0,C:21;F:1;H:23;N:2;O:2
335,A71EV2A-x4239a,x4239a,COc1cccc(Cl)c1CC(=O)N1C[C@H](C(N)=O)[C@H]2CCC[C@H]21,4.8196,False,False,True,True,False,45.7653,76,34.7816,structures/x4239a/A71EV2A-x4239a,structures/x4239a/A71EV2A-x4239a/A71EV2A-x4239a_complex_ref.pdb,True,196826,6b59d860dc07fc60f6fa9acfaf6ff2f7acfcc359776dccfb418ad8740e9ae185,structures/x4239a/A71EV2A-x4239a/A71EV2A-x4239a_prepared.pdb,True,170009,c343d232dd506fc3ef42b0e809225bdb239580d43c4ed939ce8ef7a926c71abf,structures/x4239a/A71EV2A-x4239a/A71EV2A-x4239a_ligand_ref.sdf,True,2064,4483d677b4c289bbbe32e82f97fed3e7eb0712a2a9bf288de9ce3301b474b6a0,structures/x4239a/A71EV2A-x4239a/A71EV2A-x4239a_ligand_prepared.sdf,True,3807,74f658347b8ca0bbfe9dd4cd4dfc4931dab2f9b2c673c6497b2e896b2967b162,1124,1080,44,23,2097,2097,,,True,1,23,23,0,C:17;Cl:1;N:2;O:3,True,1,44,23,0,C:17;Cl:1;H:21;N:2;O:3
336,A71EV2A-x4254a,x4254a,NC(=O)[C@H]1CCCN(C(=O)[C@H]2Cc3cccc(Cl)c32)C1,,False,False,True,True,False,46.3504,91.3043,42.3199,structures/x4254a/A71EV2A-x4254a,structures/x4254a/A71EV2A-x4254a/A71EV2A-x4254a_complex_ref.pdb,True,197472,85521cccf386b5ce72cdba607d7135a18b46da4239d9fdfae98073e82065ea42,structures/x4254a/A71EV2A-x4254a/A71EV2A-x4254a_prepared.pdb,True,170009,09aeb4bdf36168947ca0a197d7487e8c44b47b74ac2fdef6cb97c1a40b0ba79f,structures/x4254a/A71EV2A-x4254a/A71EV2A-x4254a_ligand_ref.sdf,True,1815,ea81570bbbe975373c2ec82cb57ebf85346694afe238da4cf65bd3411b583991,structures/x4254a/A71EV2A-x4254a/A71EV2A-x4254a_ligand_prepared.sdf,True,3226,09f863b6561aa44d8b7fe90934990ecd16b9ed7ac90fa4b0fd34474eb5726db7,1116,1080,36,20,2097,2097,,,True,1,20,20,0,C:15;Cl:1;N:2;O:2,True,1,37,20,0,C:15;Cl:1;H:17;N:2;O:2
337,A71EV2A-x4260a,x4260a,NC(=O)[C@H]1CCCN(C(=O)[C@H]2CCOc3ccc(Cl)cc32)C1,5.2855,False,False,True,True,False,49.115,95.8333,47.0685,structures/x4260a/A71EV2A-x4260a,structures/x4260a/A71EV2A-x4260a/A71EV2A-x4260a_complex_ref.pdb,True,199172,f2f0d3b411e26fa8ae0d9f94bef5036330dc06935ff764338016976ebff4533d,structures/x4260a/A71EV2A-x4260a/A71EV2A-x4260a_prepared.pdb,True,170009,fc68700643f7cd71f9425f9c4fc9220fa60017c046809c116caed744f4838865,structures/x4260a/A71EV2A-x4260a/A71EV2A-x4260a_ligand_ref.sdf,True,1981,d12d24db5481f7ac2873d4dd734579020257e98430c45a08f47d7bd93e95d127,structures/x4260a/A71EV2A-x4260a/A71EV2A-x4260a_ligand_prepared.sdf,True,3558,76da5f8563d96e5295377bdbc2bcd67469f7fe969a6c8b879d486468220bbf73,1117,1077,40,22,2097,2097,,,True,1,22,22,0,C:16;Cl:1;N:2;O:3,True,1,41,22,0,C:16;Cl:1;H:19;N:2;O:3
338,A71EV2A-x4274a,x4274a_x4274b,COc1cccnc1CN1CCC[C@H](C(N)=O)C1,5.5767,False,False,True,True,False,48.1032,95.8333,46.0989,structures/x4274a_x4274b/A71EV2A-x4274a,structures/x4274a_x4274b/A71EV2A-x4274a/A71EV2A-x4274a_complex_ref.pdb,True,381590,9d034e1fb5e554367b916733bb7f95a44f1044f432169ae349d140130d207198,structures/x4274a_x4274b/A71EV2A-x4274a/A71EV2A-x4274a_prepared.pdb,True,170009,f47a0ee1c217aa25ddeb4137a4b7c505769441ae53314a73d8f2e7df163110ce,structures/x4274a_x4274b/A71EV2A-x4274a/A71EV2A-x4274a_ligand_ref.sdf,True,1636,9939209012387c65fedabd35917584dc06cd7b92b56dbdaad63700ec5781f088,structures/x4274a_x4274b/A71EV2A-x4274a/A71EV2A-x4274a_ligand_prepared.sdf,True,3314,9b10d9a210883c9f79f35cacb5e6c723f9951b6b0428c8886d2d62f4fc32ed18,2228,2163,65,36,2097,2097,,,True,1,18,18,0,C:13;N:3;O:2,True,1,38,18,1,C:13;H:20;N:3;O:2
339,A71EV2A-x4274b,x4274a_x4274b,COc1cccnc1CN1CCC[C@H](C(N)=O)C1,5.5767,False,False,True,True,False,48.0619,95.6522,45.9722,structures/x4274a_x4274b/A71EV2A-x4274b,structures/x4274a_x4274b/A71EV2A-x4274b/A71EV2A-x4274b_complex_ref.pdb,True,381428,aae41195a03482f7b770cb101d56ccf57689fd3b79a9264da6d8f290f07bba2f,structures/x4274a_x4274b/A71EV2A-x4274b/A71EV2A-x4274b_prepared.pdb,True,170009,b562ac7554e17e632fab0558281051113080229063be18ee8141b1c310cb2a75,structures/x4274a_x4274b/A71EV2A-x4274b/A71EV2A-x4274b_ligand_ref.sdf,True,1636,d6098fb75ce24507ac61fdb7e8b4f706ba3ce78350bc7a7d66de83a4fca001e2,structures/x4274a_x4274b/A71EV2A-x4274b/A71EV2A-x4274b_ligand_prepared.sdf,True,3314,94148a86d82ce802f6d9a0f20320fde8f6eae87e53fec7d09781cf22aa0555d1,2226,2163,63,36,2097,2097,,,True,1,18,18,0,C:13;N:3;O:2,True,1,38,18,1,C:13;H:20;N:3;O:2
340,A71EV2A-x4283a,x4283a_x4283b,COc1cccnc1CC(=O)N1CCC[C@H](C(N)=O)C1,4.6482,False,False,True,True,False,44.8865,92,41.2956,structures/x4283a_x4283b/A71EV2A-x4283a,structures/x4283a_x4283b/A71EV2A-x4283a/A71EV2A-x4283a_complex_ref.pdb,True,378347,44c9ff4c7552333678559a82fc5e43439430b535b9f6bbdf5b57e9c420f9223f,structures/x4283a_x4283b/A71EV2A-x4283a/A71EV2A-x4283a_prepared.pdb,True,170009,73e50a829730681c439455f0d5c9c8ffe7a1de99db070a841b0a29b2edef47a2,structures/x4283a_x4283b/A71EV2A-x4283a/A71EV2A-x4283a_ligand_ref.sdf,True,1802,9b014bde40bf7183cc4ce06f97a803c0640535307cdfcbe320fb697913831c0f,structures/x4283a_x4283b/A71EV2A-x4283a/A71EV2A-x4283a_ligand_prepared.sdf,True,3379,7107a10ab1d54bbdec7cfad629745610aeadb705b6e55709fa160f8e223df158,2228,2160,68,40,2097,2097,,,True,1,20,20,0,C:14;N:3;O:3,True,1,39,20,0,C:14;H:19;N:3;O:3
341,A71EV2A-x4283b,x4283a_x4283b,COc1cccnc1CC(=O)N1CCC[C@H](C(N)=O)C1,4.6482,False,False,True,True,False,44.6634,96,42.8769,structures/x4283a_x4283b/A71EV2A-x4283b,structures/x4283a_x4283b/A71EV2A-x4283b/A71EV2A-x4283b_complex_ref.pdb,True,378104,57ebd0766286c438fbe9bc5b50776c1483d34757ef9c2c34ab559733c44c597d,structures/x4283a_x4283b/A71EV2A-x4283b/A71EV2A-x4283b_prepared.pdb,True,170009,2129dcd85ecae45a1ce0bc2d7469ee9127ac08b863589329b48f11639bd70fbf,structures/x4283a_x4283b/A71EV2A-x4283b/A71EV2A-x4283b_ligand_ref.sdf,True,1802,498ef6f7509d978b34214e27872f8a78af42caa6c4b46e881fa1f619528d2567,structures/x4283a_x4283b/A71EV2A-x4283b/A71EV2A-x4283b_ligand_prepared.sdf,True,3379,a183019c1bd19788dc08b2e86242cc0da87eba7af50351705a70ab5b29a834e3,2225,2160,65,40,2097,2097,,,True,1,20,20,0,C:14;N:3;O:3,True,1,39,20,0,C:14;H:19;N:3;O:3
342,A71EV2A-x4386a,x4386a,CSc1ccccc1CC(=O)N1CCC[C@H](C(N)=O)C1,5.3931,False,False,True,True,False,46.7211,92,42.9834,structures/x4386a/A71EV2A-x4386a,structures/x4386a/A71EV2A-x4386a/A71EV2A-x4386a_complex_ref.pdb,True,196904,28dc3a1e1f0cc4bd1a0bda21a6ab93a6653794ab5271ab350eaa69928a4efe0d,structures/x4386a/A71EV2A-x4386a/A71EV2A-x4386a_prepared.pdb,True,170009,9fcf05771751ca616e8d15f3d95e17fc6c56ef70059c36a9c75160530403945b,structures/x4386a/A71EV2A-x4386a/A71EV2A-x4386a_ligand_ref.sdf,True,1802,7b2e0398f4a248bc90248261434ff612cadfe2fc7da262315f82f3f99b29dd4b,structures/x4386a/A71EV2A-x4386a/A71EV2A-x4386a_ligand_prepared.sdf,True,3462,27e45384bd386ca3c1a7aa8293615b994550ce9215c321a224919f6ce2fea046,1112,1077,35,20,2097,2097,,,True,1,20,20,0,C:15;N:2;O:2;S:1,True,1,40,20,0,C:15;H:20;N:2;O:2;S:1
343,A71EV2A-x4388a,x4388a,COc1ncc(Br)cc1CC(=O)N1CCC[C@H](C(N)=O)C1,4.8321,False,False,True,True,False,40.1403,92,36.929,structures/x4388a/A71EV2A-x4388a,structures/x4388a/A71EV2A-x4388a/A71EV2A-x4388a_complex_ref.pdb,True,195609,29222980451721074b8f6a12122a7becaf2d23995d49ed888a3e08360745d8f3,structures/x4388a/A71EV2A-x4388a/A71EV2A-x4388a_prepared.pdb,True,170009,2c5216fdd5969fd8127a7f6ba2602e075f013759527a57538486c0f930107dd9,structures/x4388a/A71EV2A-x4388a/A71EV2A-x4388a_ligand_ref.sdf,True,1885,f0a64f457cd13928ac0748d47666d9f1631b238296e42e6d10e126feac6cf387,structures/x4388a/A71EV2A-x4388a/A71EV2A-x4388a_ligand_prepared.sdf,True,3379,004889008b9e743f1ccadd8ea50d24776e1c4dc6ab77be302e453db16f344e37,1114,1077,37,21,2097,2097,,,True,1,21,21,0,Br:1;C:14;N:3;O:3,True,1,39,21,0,Br:1;C:14;H:18;N:3;O:3
344,A71EV2A-x4390a,x4390a,COc1ccccc1CCN1C[C@H](C(N)=O)CCC1=O,,False,False,True,True,False,59.0974,76.9231,45.4596,structures/x4390a/A71EV2A-x4390a,structures/x4390a/A71EV2A-x4390a/A71EV2A-x4390a_complex_ref.pdb,True,376325,836b7e3d8c7b147975138e9603000f4f3bc8a230e619677e7a9fea0cc18e5ea6,structures/x4390a/A71EV2A-x4390a/A71EV2A-x4390a_prepared.pdb,True,171224,d6a1ba74adfd1bbab110fb6329bdbc90f13a6defa7b50f86d5b59222f2a7c807,structures/x4390a/A71EV2A-x4390a/A71EV2A-x4390a_ligand_ref.sdf,True,1802,96b2f3caa9fff1e3c4dfbd43bfd0eecf4b02d0f448ff4f913edcba85c881fa7a,structures/x4390a/A71EV2A-x4390a/A71EV2A-x4390a_ligand_prepared.sdf,True,3462,4951ee69a3afd6b6318e9870cb1455ba55a2ef06a37af75d9bba8f28ec02004f,2223,2183,40,20,2112,2112,,,True,1,20,20,0,C:15;N:2;O:3,True,1,40,20,0,C:15;H:20;N:2;O:3
345,A71EV2A-x4402a,x4402a,Cc1cccc(N2CCCN(CCC(N)=O)C2=O)c1,4.9115,False,False,True,True,False,44.6848,96,42.8974,structures/x4402a/A71EV2A-x4402a,structures/x4402a/A71EV2A-x4402a/A71EV2A-x4402a_complex_ref.pdb,True,376001,d22f21ab10918d0b20784dd387e2240d067f53178bd40eac3c8132ecd8b38f91,structures/x4402a/A71EV2A-x4402a/A71EV2A-x4402a_prepared.pdb,True,171224,5cbd358fe2f174ab7df70c43761261c277339d85da7ddc6f470ee3a895909f86,structures/x4402a/A71EV2A-x4402a/A71EV2A-x4402a_ligand_ref.sdf,True,1719,2e4ebcf321ca3a959c3ddaa5ecd6441956d9d882fc0544115248b8673749378d,structures/x4402a/A71EV2A-x4402a/A71EV2A-x4402a_ligand_prepared.sdf,True,3296,8113335c2da58514f4d7f2eee9456aab536268c3995f641e67810803d79368d4,2221,2180,41,19,2112,2112,,,True,1,19,19,0,C:14;N:3;O:2,True,1,38,19,0,C:14;H:19;N:3;O:2
346,A71EV2A-x4403a,x4403a,NC(=O)[C@H]1CCCN(C(=O)Cc2ccccc2CS(N)(=O)=O)C1,4.1354,False,False,True,True,False,34.5728,90,31.1155,structures/x4403a/A71EV2A-x4403a,structures/x4403a/A71EV2A-x4403a/A71EV2A-x4403a_complex_ref.pdb,True,201038,04d2abe2e28036e4cc146b0fca508d8ce9963f395ecd95a01b5bb8162012c051,structures/x4403a/A71EV2A-x4403a/A71EV2A-x4403a_prepared.pdb,True,171224,690c8eed547df8a74abf59836c4d3ca1bca6af800283f59780ba0893494216e1,structures/x4403a/A71EV2A-x4403a/A71EV2A-x4403a_ligand_ref.sdf,True,2051,9ed29142c6889abe0cf30827b103daf4e0c526f7dd95d7f6201c76ed6b135ad9,structures/x4403a/A71EV2A-x4403a/A71EV2A-x4403a_ligand_prepared.sdf,True,3794,d89d4e7dde23982d35880274e286c78509255146948416a7c65e4432aee16f50,1137,1100,37,23,2112,2112,,,True,1,23,23,0,C:15;N:3;O:4;S:1,True,1,44,23,0,C:15;H:21;N:3;O:4;S:1
347,A71EV2A-x4406a,x4406a,COc1ccccc1[C@H](O)CN1C[C@@H](C(N)=O)CCC1=O,5.2121,False,False,True,True,False,43.393,88.4615,38.3862,structures/x4406a/A71EV2A-x4406a,structures/x4406a/A71EV2A-x4406a/A71EV2A-x4406a_complex_ref.pdb,True,384993,426b1d15bee8a28a882fe87d3ee62d64fc0cd260098a9fd5c928b8018ff93a5c,structures/x4406a/A71EV2A-x4406a/A71EV2A-x4406a_prepared.pdb,True,171224,574a31aaf3cd1ed1ac59525a6c58191eaf9f2729e8189a8f6b6bd61e03ffe7b4,structures/x4406a/A71EV2A-x4406a/A71EV2A-x4406a_ligand_ref.sdf,True,1885,254d1c17315295ae495ca96d71be2c946926a21e7db7565fc51f12ea2db83ca3,structures/x4406a/A71EV2A-x4406a/A71EV2A-x4406a_ligand_prepared.sdf,True,3545,6d5fc28d54bde6a9e4f93c3c76052f492eceb5302c14cc26250a12ebf77981e9,2228,2180,48,21,2112,2112,,,True,1,21,21,0,C:15;N:2;O:4,True,1,41,21,0,C:15;H:20;N:2;O:4
348,A71EV2A-x4409a,x4409a,NC(=O)[C@H]1CCC(=O)N(C[C@H]2CCOc3ccccc32)C1,4.6204,False,False,True,True,False,53.1766,88.4615,47.0409,structures/x4409a/A71EV2A-x4409a,structures/x4409a/A71EV2A-x4409a/A71EV2A-x4409a_complex_ref.pdb,True,376486,5a87ab991382be0a31e770b41027ec9a60377d23e3c287290f7922a42ae86ce9,structures/x4409a/A71EV2A-x4409a/A71EV2A-x4409a_prepared.pdb,True,171224,7987afacf9bd5cf992c8abef199d87ad602a34ea711b48bd95713f2305f003ae,structures/x4409a/A71EV2A-x4409a/A71EV2A-x4409a_ligand_ref.sdf,True,1898,ecc99bbf8be99fcdbe1dbabfbf3e64b2a9cae8d292d4fb47bc3603a81c54ca58,structures/x4409a/A71EV2A-x4409a/A71EV2A-x4409a_ligand_prepared.sdf,True,3558,762a3e17130918ee77b242d920a2ebb66dd8618b79ad73c361c084a5f792c467,2225,2180,45,21,2112,2112,,,True,1,21,21,0,C:16;N:2;O:3,True,1,41,21,0,C:16;H:20;N:2;O:3
349,A71EV2A-x4415a,x4415a,COc1ccc(C#N)cc1NC(=O)N1CCC[C@H](C(N)=O)C1,,False,False,True,True,False,45.6532,79.1667,36.1421,structures/x4415a/A71EV2A-x4415a,structures/x4415a/A71EV2A-x4415a/A71EV2A-x4415a_complex_ref.pdb,True,197391,2209a09a9f025c35fad614d42eab966c2e32a856f4d7ae346c1c6e988f636a30,structures/x4415a/A71EV2A-x4415a/A71EV2A-x4415a_prepared.pdb,True,170009,c3241ad7c8d48ce709bf5d0d2b438a4add843392c43823eea0b1ba60f22fd65b,structures/x4415a/A71EV2A-x4415a/A71EV2A-x4415a_ligand_ref.sdf,True,1968,e76efaf308b6cb9bf5e7b971fefe6c875f385bacc64b804b77ad3ff298295acc,structures/x4415a/A71EV2A-x4415a/A71EV2A-x4415a_ligand_prepared.sdf,True,3462,6b9b18317aeee28897ca9674a914e27bff6e00c73658989b6240b4ba89290678,1119,1077,42,22,2097,2097,,,True,1,22,22,0,C:15;N:4;O:3,True,1,40,22,0,C:15;H:18;N:4;O:3
350,A71EV2A-x4416a,x4416a,NC(=O)[C@H]1CCCN(C(=O)[C@]2(Cc3ccc(F)cc3)CCCCO2)C1,4.6091,False,False,True,True,False,39.7819,96.1538,38.2518,structures/x4416a/A71EV2A-x4416a,structures/x4416a/A71EV2A-x4416a/A71EV2A-x4416a_complex_ref.pdb,True,377540,c7cae39df5dae1df50206cfbb995010aa53fa545581299fe3b2d658f75474c87,structures/x4416a/A71EV2A-x4416a/A71EV2A-x4416a_prepared.pdb,True,171224,b8f5430cb6e3426698c869c1c849b87d7661ec20ecb005246148c59b4f7530ee,structures/x4416a/A71EV2A-x4416a/A71EV2A-x4416a_ligand_ref.sdf,True,2230,482e6f6ab1e871e6268c626fe74b558c02e575cd554bd59c8eed10b73a8ebeeb,structures/x4416a/A71EV2A-x4416a/A71EV2A-x4416a_ligand_prepared.sdf,True,4305,77b6ee4adaeb56631f76d02a19270e2dd7a74bfbc6dc7a80c54ceba6c2181a6c,2231,2183,48,25,2112,2112,,,True,1,25,25,0,C:19;F:1;N:2;O:3,True,1,50,25,0,C:19;F:1;H:25;N:2;O:3
351,A71EV2A-x4418a,x4418a,COc1ncccc1NC(=O)N1CC[C@H](C(N)=O)C1,4.618,False,False,True,True,False,44.1536,92,40.6213,structures/x4418a/A71EV2A-x4418a,structures/x4418a/A71EV2A-x4418a/A71EV2A-x4418a_complex_ref.pdb,True,375352,a8645eb45bb9b4f1dbe63acb510ebaa5419103e4b395a479887f3af6c1704d7a,structures/x4418a/A71EV2A-x4418a/A71EV2A-x4418a_prepared.pdb,True,171224,b672ad6104faa3d7a69a65f28af4f16b85f71b7d4effe7df9df09b9af4e6bd4a,structures/x4418a/A71EV2A-x4418a/A71EV2A-x4418a_ligand_ref.sdf,True,1719,a809ef87aea9a71d5dcd83f19408b4784f1cb3aee050fbfa6466b2e511902412,structures/x4418a/A71EV2A-x4418a/A71EV2A-x4418a_ligand_prepared.sdf,True,3047,5b106ac5e28dc7c962527a4aa4c1f5288fdf426e9ed7b2d6197649b4e98252be,2220,2183,37,19,2112,2112,,,True,1,19,19,0,C:12;N:4;O:3,True,1,35,19,0,C:12;H:16;N:4;O:3
352,A71EV2A-x4420a,x4420a,NC(=O)[C@H]1CCC(=O)N(Cc2cc(Cl)c3c[nH]nc3c2)C1,,False,False,True,True,False,43.551,92,40.0669,structures/x4420a/A71EV2A-x4420a,structures/x4420a/A71EV2A-x4420a/A71EV2A-x4420a_complex_ref.pdb,True,202905,1d5da9cb74121f4f1c6a4cd1870ebfb62039bfa5ca8518c75cd90ba65d2ab78c,structures/x4420a/A71EV2A-x4420a/A71EV2A-x4420a_prepared.pdb,True,171224,20bab21f167506b316f638189fafb517455aa051a68f168351f9f17679174310,structures/x4420a/A71EV2A-x4420a/A71EV2A-x4420a_ligand_ref.sdf,True,1898,8e8ff7ba9201de8818ef511ae9ae35d1f8975a34436d1fff525a52a19623848b,structures/x4420a/A71EV2A-x4420a/A71EV2A-x4420a_ligand_prepared.sdf,True,3143,f9b2b4f0a37ed5659b354f775bcb249ac994f74609a492194d63e9f3bbe91966,1139,1100,39,21,2112,2112,,,True,1,21,21,0,C:14;Cl:1;N:4;O:2,True,1,36,21,0,C:14;Cl:1;H:15;N:4;O:2
353,A71EV2A-x4421a,x4421a,COc1ccncc1CC(=O)N1CC[C@H](C(N)=O)C1,,False,False,True,True,False,45.3787,92.3077,41.888,structures/x4421a/A71EV2A-x4421a,structures/x4421a/A71EV2A-x4421a/A71EV2A-x4421a_complex_ref.pdb,True,201933,9929f98a6d6b6b779061472270af8170f0285ad462918b854329dafa9cddd7fe,structures/x4421a/A71EV2A-x4421a/A71EV2A-x4421a_prepared.pdb,True,170009,b4300576c28b9baf35ebb346b56027090f86328ccc41666f1e4bfc412a509b74,structures/x4421a/A71EV2A-x4421a/A71EV2A-x4421a_ligand_ref.sdf,True,1719,752533fbcce2d344e95ab63f38612dc342943045832cf1b6db6e1317927b7fc3,structures/x4421a/A71EV2A-x4421a/A71EV2A-x4421a_ligand_prepared.sdf,True,3130,55e1d6935a98e24fd0b2e79d2cad8f1a8a88850a6de5c51c3ab2059af41f6835,1125,1085,40,19,2097,2097,,,True,1,19,19,0,C:13;N:3;O:3,True,1,36,19,0,C:13;H:17;N:3;O:3
354,A71EV2A-x4423a,x4423a,COc1ccncc1CC(=O)N1CCC[C@H](CCO)C1,,False,False,True,True,False,42.1718,85.7143,36.1472,structures/x4423a/A71EV2A-x4423a,structures/x4423a/A71EV2A-x4423a/A71EV2A-x4423a_complex_ref.pdb,True,200309,d8ede2db9aa5e45ce16163f171673b3cbce365f7bb7a0092c734f82b3cfc1143,structures/x4423a/A71EV2A-x4423a/A71EV2A-x4423a_prepared.pdb,True,170009,6a417885d4b1f1c17c2adbe0330b1c2eb2e44935a3fbe34b025cc24ef0320029,structures/x4423a/A71EV2A-x4423a/A71EV2A-x4423a_ligand_ref.sdf,True,1802,a2ceb6a686cf8e790ff25c2da3ad6c1db572e3fad926f97a7b8cdee51b9ba774,structures/x4423a/A71EV2A-x4423a/A71EV2A-x4423a_ligand_prepared.sdf,True,3628,7e47fbb1c70f5be24a2eb30df1c6d378ac96fbf2dc26fb7a4812d7cd6d944538,1125,1085,40,20,2097,2097,,,True,1,20,20,0,C:15;N:2;O:3,True,1,42,20,0,C:15;H:22;N:2;O:3
355,A71EV2A-x4426a,x4426a,C#C[C@H](NCCc1cocn1)c1nn(C)c2ccccc12,4.7168,False,False,True,True,False,47.4132,92.5926,43.9011,structures/x4426a/A71EV2A-x4426a,structures/x4426a/A71EV2A-x4426a/A71EV2A-x4426a_complex_ref.pdb,True,201366,562297882691aa92e19a6e1a8b5e304379933a40c14f211a7650124355cd46db,structures/x4426a/A71EV2A-x4426a/A71EV2A-x4426a_prepared.pdb,True,170009,adb249904588d78cf03af5c3c6c361b149ed45f94beda1814502728f548ea264,structures/x4426a/A71EV2A-x4426a/A71EV2A-x4426a_ligand_ref.sdf,True,1898,36baca444e8124a9afe8a576ab8d189afe2f7c3cfa515cc8242ec19af8a86662,structures/x4426a/A71EV2A-x4426a/A71EV2A-x4426a_ligand_prepared.sdf,True,3327,ffc86edbe559400407a5e268a7b8d8fbfdad5fc7bc9e80f5c7d4080b3b4f6ee0,1120,1083,37,21,2097,2097,,,True,1,21,21,0,C:16;N:4;O:1,True,1,38,21,1,C:16;H:17;N:4;O:1
356,A71EV2A-x4429a,x4429a,COc1ccc(C(F)(F)F)cc1NC(=O)N1CCC[C@H](C(N)=O)C1,4.0692,False,False,True,True,False,38.8515,91.6667,35.6139,structures/x4429a/A71EV2A-x4429a,structures/x4429a/A71EV2A-x4429a/A71EV2A-x4429a_complex_ref.pdb,True,196989,618176d6f10d657abbbf70b8cf0c76bbc1dc39312ab5849afa454e6a475761e3,structures/x4429a/A71EV2A-x4429a/A71EV2A-x4429a_prepared.pdb,True,170009,bccdf58b8c1b4657358cd2225eb5831710dc50962fac0f6f24c1f85fccb740b1,structures/x4429a/A71EV2A-x4429a/A71EV2A-x4429a_ligand_ref.sdf,True,2134,beeaa50f3f5a09be40df21ced9ff547a015da514a661622aa0a5be5a4c5eeab3,structures/x4429a/A71EV2A-x4429a/A71EV2A-x4429a_ligand_prepared.sdf,True,3628,dc052f6d402ee678867886867c4e0d363d68a5d4e49a1b31515409543c312702,1117,1077,40,24,2097,2097,,,True,1,24,24,0,C:15;F:3;N:3;O:3,True,1,42,24,0,C:15;F:3;H:18;N:3;O:3
357,A71EV2A-x4431a,x4431a,CSc1ccc(Br)cc1CC(=O)N1CCC[C@H](C(N)=O)C1,6.5048,False,False,True,True,False,43.9071,92,40.3946,structures/x4431a/A71EV2A-x4431a,structures/x4431a/A71EV2A-x4431a/A71EV2A-x4431a_complex_ref.pdb,True,202095,cb8d2cf73c950d48984f998ea91a9a18f5e9b5e50b144520790438fac1a6f952,structures/x4431a/A71EV2A-x4431a/A71EV2A-x4431a_prepared.pdb,True,170009,655b2c5bbf2964e00a56fe55ac0b24a1ea2b06085290250f34353f6dec20a388,structures/x4431a/A71EV2A-x4431a/A71EV2A-x4431a_ligand_ref.sdf,True,1885,cc13d0a8acb4afba383ce394d7f466531e36ce5ec7f2dfabbb4a68d6d85e9c7d,structures/x4431a/A71EV2A-x4431a/A71EV2A-x4431a_ligand_prepared.sdf,True,3462,4cc2d823547dab6216de78958a11bcd9c1eac8cbc4754b109258e6b93dedd763,1111,1077,34,21,2097,2097,,,True,1,21,21,0,Br:1;C:15;N:2;O:2;S:1,True,1,40,21,0,Br:1;C:15;H:19;N:2;O:2;S:1
358,A71EV2A-x4445a,x4445a_x4445b,COc1ccccc1[C@H](C)C(=O)N1CCC[C@H](C(N)=O)C1,5.4159,False,False,True,True,False,40.1462,90,36.1316,structures/x4445a_x4445b/A71EV2A-x4445a,structures/x4445a_x4445b/A71EV2A-x4445a/A71EV2A-x4445a_complex_ref.pdb,True,377053,1962b7bf0cfff0252deb8047c3f81d72218ccfd4fbe3a774b39247c8c2a1dfb3,structures/x4445a_x4445b/A71EV2A-x4445a/A71EV2A-x4445a_prepared.pdb,True,170009,ea9ce8f169278815424112ac259d38906d3e6a15728ec1ca3f0e9f7186020ad8,structures/x4445a_x4445b/A71EV2A-x4445a/A71EV2A-x4445a_ligand_ref.sdf,True,1885,69975301a9bb1c5a318899fd5aa86389b36c8a53e0a26937a2d7b51615f336a9,structures/x4445a_x4445b/A71EV2A-x4445a/A71EV2A-x4445a_ligand_prepared.sdf,True,3711,0a6361d532cd1804320286aa750db25a6b9c0ceff75b1fb53cd2e4874e991289,2217,2154,63,42,2097,2097,,,True,1,21,21,0,C:16;N:2;O:3,True,1,43,21,0,C:16;H:22;N:2;O:3
359,A71EV2A-x4445b,x4445a_x4445b,COc1ccccc1[C@H](C)C(=O)N1CCC[C@H](C(N)=O)C1,5.4159,False,False,True,True,False,39.5511,94.7368,37.4695,structures/x4445a_x4445b/A71EV2A-x4445b,structures/x4445a_x4445b/A71EV2A-x4445b/A71EV2A-x4445b_complex_ref.pdb,True,376972,abb8e53ede6705a6696cde609df6ec6cef871ef79cf509021e31d3f3b6b8912c,structures/x4445a_x4445b/A71EV2A-x4445b/A71EV2A-x4445b_prepared.pdb,True,170009,dc36b72f7a083494c2e8aac32e26a61049adf1609a47c4c0f27e721d3bb81a88,structures/x4445a_x4445b/A71EV2A-x4445b/A71EV2A-x4445b_ligand_ref.sdf,True,1885,5ade3ee3e7344260855ba84f521a1f6bc744a6cdd55fe7e09665d69f3b87d88f,structures/x4445a_x4445b/A71EV2A-x4445b/A71EV2A-x4445b_ligand_prepared.sdf,True,3711,1c0449154592cd9e80b37ceecbd6f560497275c14647c52d5c751854c2f39c5f,2216,2154,62,42,2097,2097,,,True,1,21,21,0,C:16;N:2;O:3,True,1,43,21,0,C:16;H:22;N:2;O:3
360,A71EV2A-x4447a,x4447a_x4447b,Cn1cnc2c(NC(=O)N3CCC[C@H](C(N)=O)C3)cccc21,5.3986,False,False,True,True,False,49.6763,78.2609,38.8771,structures/x4447a_x4447b/A71EV2A-x4447a,structures/x4447a_x4447b/A71EV2A-x4447a/A71EV2A-x4447a_complex_ref.pdb,True,376647,5a519fe464f0dc92d7f79ad2bff6254b01d522881de8cec231ebdaf15cb1dd81,structures/x4447a_x4447b/A71EV2A-x4447a/A71EV2A-x4447a_prepared.pdb,True,170009,df98c338f5fe42124b06f696c65d08be12adeef7fa895350a0ba34a67b21dffd,structures/x4447a_x4447b/A71EV2A-x4447a/A71EV2A-x4447a_ligand_ref.sdf,True,1981,024b82e913f94deb99a2273ddf957de92f53f1921d8b6e75e211181f19af94ec,structures/x4447a_x4447b/A71EV2A-x4447a/A71EV2A-x4447a_ligand_prepared.sdf,True,3558,8adf0e74231640fac5cd253da5cf273ebfc7ed0ec3d43ddba9ab5b2b2f08b222,2228,2154,74,44,2097,2097,,,True,1,22,22,0,C:15;N:5;O:2,True,1,41,22,0,C:15;H:19;N:5;O:2
361,A71EV2A-x4447b,x4447a_x4447b,Cn1cnc2c(NC(=O)N3CCC[C@H](C(N)=O)C3)cccc21,5.3986,False,False,True,True,False,49.0049,78.2609,38.3517,structures/x4447a_x4447b/A71EV2A-x4447b,structures/x4447a_x4447b/A71EV2A-x4447b/A71EV2A-x4447b_complex_ref.pdb,True,376485,9bbb175dbb4a947eab1a3a9526ea6d301b47c632cf4432addfa1cc15d2fd9684,structures/x4447a_x4447b/A71EV2A-x4447b/A71EV2A-x4447b_prepared.pdb,True,170009,975e7dcf99d875b642304c53e966ddda30e71902bfcf0cc44ff6b8892301ab79,structures/x4447a_x4447b/A71EV2A-x4447b/A71EV2A-x4447b_ligand_ref.sdf,True,1981,184bc06cf699fc9abe83c0d5acab9d66d3cc9cf368987345db4c2c13d3604f41,structures/x4447a_x4447b/A71EV2A-x4447b/A71EV2A-x4447b_ligand_prepared.sdf,True,3558,76054ebe56fd65e3f387a39b6b1a81a0dcf18ff1ee01692a1ebb7f5efc8bd3f6,2226,2154,72,44,2097,2097,,,True,1,22,22,0,C:15;N:5;O:2,True,1,41,22,0,C:15;H:19;N:5;O:2
362,A71EV2A-x4449a,x4449a_x4449b,COc1ccccc1[C@H](NC(C)=O)C(=O)N1CCC[C@H](C(N)=O)C1,5.2384,False,False,True,True,False,41.0073,91.6667,37.59,structures/x4449a_x4449b/A71EV2A-x4449a,structures/x4449a_x4449b/A71EV2A-x4449a/A71EV2A-x4449a_complex_ref.pdb,True,378672,2acd863c4b7f7ec469f46c0d3ae0d26de176423908354ecf5865a6fd7e0178ed,structures/x4449a_x4449b/A71EV2A-x4449a/A71EV2A-x4449a_prepared.pdb,True,170009,6d4989eb61c4a9118566dbfbb08ef22e5539e83632d3852041d6c2c4b0381fe9,structures/x4449a_x4449b/A71EV2A-x4449a/A71EV2A-x4449a_ligand_ref.sdf,True,2134,7defb6f45f37437a5e3cabf448ad6598945ffb0818b638d70c98407ab26c2176,structures/x4449a_x4449b/A71EV2A-x4449a/A71EV2A-x4449a_ligand_prepared.sdf,True,4043,0c9173887a4789a6aeeaaabeabde34789cd6f03c9081452b9c64f8300a3eaa81,2230,2154,76,48,2097,2097,,,True,1,24,24,0,C:17;N:3;O:4,True,1,47,24,0,C:17;H:23;N:3;O:4
363,A71EV2A-x4449b,x4449a_x4449b,COc1ccccc1[C@H](NC(C)=O)C(=O)N1CCC[C@H](C(N)=O)C1,5.2384,False,False,True,True,False,40.6673,95.4545,38.8188,structures/x4449a_x4449b/A71EV2A-x4449b,structures/x4449a_x4449b/A71EV2A-x4449b/A71EV2A-x4449b_complex_ref.pdb,True,378267,eb6f2d5c1659070cd73a8c75f5439a9ca80a4f0606a040a9828ad0e8d1ab0aba,structures/x4449a_x4449b/A71EV2A-x4449b/A71EV2A-x4449b_prepared.pdb,True,170009,14cde2a8cdfe05f0d8aca496de60e2017493072a637b2960ff315141d8488739,structures/x4449a_x4449b/A71EV2A-x4449b/A71EV2A-x4449b_ligand_ref.sdf,True,2134,9f18391ac9a3617c528840445fb74ff93484dbe04f5792d1ffae9b50394af762,structures/x4449a_x4449b/A71EV2A-x4449b/A71EV2A-x4449b_ligand_prepared.sdf,True,4043,df1cbae6ae83e11d5ac33e4544a82f0c3c6f2c36df2d5748aba74114a3b4b57b,2225,2154,71,48,2097,2097,,,True,1,24,24,0,C:17;N:3;O:4,True,1,47,24,0,C:17;H:23;N:3;O:4
364,A71EV2A-x4451a,x4451a_x4451b,NC(=O)[C@H]1CCCN(C(=O)[C@H](c2ccccc2)n2cccn2)C1,4.8697,False,False,True,True,False,42.1305,95.6522,40.2987,structures/x4451a_x4451b/A71EV2A-x4451a,structures/x4451a_x4451b/A71EV2A-x4451a/A71EV2A-x4451a_complex_ref.pdb,True,380130,fa63eb7b5423223c6f8a5a574a488f5c9dab75df7acb800813a5c41f170f0276,structures/x4451a_x4451b/A71EV2A-x4451a/A71EV2A-x4451a_prepared.pdb,True,170009,fe3815e02bce8d495b14b6284030e586c9c643f59bce56cf4c10669b4138e150,structures/x4451a_x4451b/A71EV2A-x4451a/A71EV2A-x4451a_ligand_ref.sdf,True,2064,9666d48d33265bf190bf664c336769f3ab86b17bd7ba228debd945b26ac1ef48,structures/x4451a_x4451b/A71EV2A-x4451a/A71EV2A-x4451a_ligand_prepared.sdf,True,3724,b2002f43910b59dce3e762ca06f9f6299903669c39e90e1ff88392c4cf4e3d7c,2229,2154,75,46,2097,2097,,,True,1,23,23,0,C:17;N:4;O:2,True,1,43,23,0,C:17;H:20;N:4;O:2
365,A71EV2A-x4451b,x4451a_x4451b,NC(=O)[C@H]1CCCN(C(=O)[C@H](c2ccccc2)n2cccn2)C1,4.8697,False,False,True,True,False,45.6286,90.4762,41.283,structures/x4451a_x4451b/A71EV2A-x4451b,structures/x4451a_x4451b/A71EV2A-x4451b/A71EV2A-x4451b_complex_ref.pdb,True,379887,06eefcb696c7ec402b201a861094628b8dde610228a8e0a002a9c44bc49e37c8,structures/x4451a_x4451b/A71EV2A-x4451b/A71EV2A-x4451b_prepared.pdb,True,170009,c17c395f98926b4572c0a08d6a8b656336f42d1c4ffa30af2546eab3803fc4f8,structures/x4451a_x4451b/A71EV2A-x4451b/A71EV2A-x4451b_ligand_ref.sdf,True,2064,2563e71d792d0be903ee6ad70856ff99a5ea0e35093bce7dad4cf8f72b58577e,structures/x4451a_x4451b/A71EV2A-x4451b/A71EV2A-x4451b_ligand_prepared.sdf,True,3724,d52bd37793177da1c78356c104d0c94ce3776250afbeaed2d1145c82743dd22d,2226,2154,72,46,2097,2097,,,True,1,23,23,0,C:17;N:4;O:2,True,1,43,23,0,C:17;H:20;N:4;O:2
366,A71EV2A-x4456a,x4456a_x4456b,NC(=O)[C@H]1CCCN(C(=O)[C@@H]2CCc3cccc(O)c32)C1,5.1483,False,False,True,True,False,44.2383,91.3043,40.3915,structures/x4456a_x4456b/A71EV2A-x4456a,structures/x4456a_x4456b/A71EV2A-x4456a/A71EV2A-x4456a_complex_ref.pdb,True,379159,749048c4651a44a79642eb3fc341ae61ae50389caca75b7caf4a82c68d25ddff,structures/x4456a_x4456b/A71EV2A-x4456a/A71EV2A-x4456a_prepared.pdb,True,170009,6a918961f449720ef3a9c0ff5664d94f30ab2865355f2a385af4cb01d896317b,structures/x4456a_x4456b/A71EV2A-x4456a/A71EV2A-x4456a_ligand_ref.sdf,True,1898,92e766053dbc77d70f90cbcedbe856a36396721463ed098a6a5153cfad98a240,structures/x4456a_x4456b/A71EV2A-x4456a/A71EV2A-x4456a_ligand_prepared.sdf,True,3558,1ff5a535a177e73ec1e2dd32bc7e5c21e647d71991140e8d46b3029af66b4ba3,2222,2154,68,42,2097,2097,,,True,1,21,21,0,C:16;N:2;O:3,True,1,41,21,0,C:16;H:20;N:2;O:3
367,A71EV2A-x4456b,x4456a_x4456b,NC(=O)[C@H]1CCCN(C(=O)[C@@H]2CCc3cccc(O)c32)C1,5.1483,False,False,True,True,False,44.5346,95.4545,42.5103,structures/x4456a_x4456b/A71EV2A-x4456b,structures/x4456a_x4456b/A71EV2A-x4456b/A71EV2A-x4456b_complex_ref.pdb,True,378997,0b2d873b5e904bd0765b0ba3f933486bdadb1c4001d9241e0c4c3d73f93c59f7,structures/x4456a_x4456b/A71EV2A-x4456b/A71EV2A-x4456b_prepared.pdb,True,170009,64a6b8a2d49a94b981f48e672d0ae60484d0ede9bf487524048b410664f4e09f,structures/x4456a_x4456b/A71EV2A-x4456b/A71EV2A-x4456b_ligand_ref.sdf,True,1898,9e3fd4baafceda313332b7d1fd37d0aaf750edc9ab4404cab166b287270311ab,structures/x4456a_x4456b/A71EV2A-x4456b/A71EV2A-x4456b_ligand_prepared.sdf,True,3558,27a9feee8b229c5f8170071a7198a3aaee849cb535258ea11dd144a03b0e1ddb,2220,2154,66,42,2097,2097,,,True,1,21,21,0,C:16;N:2;O:3,True,1,41,21,0,C:16;H:20;N:2;O:3
368,A71EV2A-x4461a,x4461a,NC(=O)[C@H]1CCCN(C(=O)Cc2ccncc2Cl)C1,5.1852,False,False,True,True,False,46.9972,95.2381,44.7592,structures/x4461a/A71EV2A-x4461a,structures/x4461a/A71EV2A-x4461a/A71EV2A-x4461a_complex_ref.pdb,True,193504,8ec92bb9c0f2ece50b0f25a5cf3a470a992d4c3a611ee820b72b7873ae87cca7,structures/x4461a/A71EV2A-x4461a/A71EV2A-x4461a_prepared.pdb,True,170009,0d703badb6d08a97dcb46faebfa8512636555e049af9d6f655b939bfbe97e949,structures/x4461a/A71EV2A-x4461a/A71EV2A-x4461a_ligand_ref.sdf,True,1719,36560b06e64ae861aee9d5432ce27a2466f4fea415b35e5a165b7f6464e27bf8,structures/x4461a/A71EV2A-x4461a/A71EV2A-x4461a_ligand_prepared.sdf,True,3047,f7c30848491c420885f632bba7b8f098b1f160bb0668211874c441bc60d4f8c7,1110,1077,33,19,2097,2097,,,True,1,19,19,0,C:13;Cl:1;N:3;O:2,True,1,35,19,0,C:13;Cl:1;H:16;N:3;O:2
369,A71EV2A-x4463a,x4463a,NC(=O)[C@H]1CCCN(C(=O)Cc2cccc3nsnc23)C1,4.4924,False,False,True,True,False,41.9725,95.8333,40.2237,structures/x4463a/A71EV2A-x4463a,structures/x4463a/A71EV2A-x4463a/A71EV2A-x4463a_complex_ref.pdb,True,193827,0b89bce13ff0ba6667d751af81678558a00758e4910c2b49c728ed6a9ebc31e7,structures/x4463a/A71EV2A-x4463a/A71EV2A-x4463a_prepared.pdb,True,170009,0721a0ea5b962182d86dba1dbacc74de53378e5c1745c321c61f58a1590669a8,structures/x4463a/A71EV2A-x4463a/A71EV2A-x4463a_ligand_ref.sdf,True,1898,44c155bac25b921a14c3b1ede0544b280cf8f9ad7ff7ef6c5a028b25bec57e3d,structures/x4463a/A71EV2A-x4463a/A71EV2A-x4463a_ligand_prepared.sdf,True,3226,5778a56ec313657bd6c668a62fbe81e8ec6b0a7427fd8664a359beae2f3f9c72,1112,1077,35,21,2097,2097,,,True,1,21,21,0,C:14;N:4;O:2;S:1,True,1,37,21,0,C:14;H:16;N:4;O:2;S:1
370,A71EV2A-x4464a,x4464a,Cc1ncnc(C)c1CC(=O)N1CCC[C@H](C(N)=O)C1,3.6541,False,False,True,True,False,43.421,95.2381,41.3534,structures/x4464a/A71EV2A-x4464a,structures/x4464a/A71EV2A-x4464a/A71EV2A-x4464a_complex_ref.pdb,True,193585,5f40b530c65741a2f52bdee6f2f1992519142f8c1623021c17acb64b8882ced4,structures/x4464a/A71EV2A-x4464a/A71EV2A-x4464a_prepared.pdb,True,170009,db8be96ef35e4fc5be3dd1e031b8e1dc1ac2f125371e665b16bad0c6fcfee6e0,structures/x4464a/A71EV2A-x4464a/A71EV2A-x4464a_ligand_ref.sdf,True,1802,08d1184c358ae1ab6de32018d9e77ef7db16c6efbb72db6b343deec9326d90f1,structures/x4464a/A71EV2A-x4464a/A71EV2A-x4464a_ligand_prepared.sdf,True,3462,6dcb2090eb3d8b0654759cad8388ae2d3dcbd2713b36a58c8a887bdf4182a9cb,1110,1077,33,20,2097,2097,,,True,1,20,20,0,C:14;N:4;O:2,True,1,40,20,0,C:14;H:20;N:4;O:2
371,A71EV2A-x4467a,x4467a,NC(=O)[C@H]1CCCN(C(=O)C2(n3cccn3)CCCC2)C1,,False,False,True,True,False,39.4808,90.4762,35.7208,structures/x4467a/A71EV2A-x4467a,structures/x4467a/A71EV2A-x4467a/A71EV2A-x4467a_complex_ref.pdb,True,382401,a40af613b5ec00b68fc4b5c553ddc1b86f0f246507442276321dad35bfc7bc74,structures/x4467a/A71EV2A-x4467a/A71EV2A-x4467a_prepared.pdb,True,171224,ff1bfa385bd97a863768f914bf6f8cabd5432270aebc93b0b397d88c8613c7bc,structures/x4467a/A71EV2A-x4467a/A71EV2A-x4467a_ligand_ref.sdf,True,1898,15075e2fbb336b4f92b4fd17546a6d52db21cb216f96ce727e409546a39fa91a,structures/x4467a/A71EV2A-x4467a/A71EV2A-x4467a_ligand_prepared.sdf,True,3724,e68b3928dc8a95c4622ff7f3ba26fcad53d7cd2564f9d7b16c2e4002df5e46d8,2228,2189,39,21,2112,2112,,,True,1,21,21,0,C:15;N:4;O:2,True,1,43,21,0,C:15;H:22;N:4;O:2
372,A71EV2A-x4472a,x4472a,NC(=O)[C@H]1CCCN(C(=O)[C@H]2CCc3snnc32)C1,4.6676,False,False,True,True,False,42.3231,90.4762,38.2924,structures/x4472a/A71EV2A-x4472a,structures/x4472a/A71EV2A-x4472a/A71EV2A-x4472a_complex_ref.pdb,True,377460,3a8bf7519f3d05e1306ff6d4069423565d690edd1ac51314926a60621f02e4b0,structures/x4472a/A71EV2A-x4472a/A71EV2A-x4472a_prepared.pdb,True,170009,024e6fa34d583db203e79ff21ede0415b999b5f3ee7b77d1aeb561497aaeb217,structures/x4472a/A71EV2A-x4472a/A71EV2A-x4472a_ligand_ref.sdf,True,1732,d0b629ed04b4ca2d7b1b756f9ca23e2cbf1c4754d0ec26d7970cd73ba189fa28,structures/x4472a/A71EV2A-x4472a/A71EV2A-x4472a_ligand_prepared.sdf,True,3060,805847bad5da73e211535865a75711dd96bd16b5f6bc8b09b7d0eaf9f7cc8077,2196,2164,32,19,2097,2097,,,True,1,19,19,0,C:12;N:4;O:2;S:1,True,1,35,19,0,C:12;H:16;N:4;O:2;S:1
373,A71EV2A-x4476a,x4476a,COc1ccccc1CC(=O)N1C[C@]2(C(N)=O)CC[C@H]1C2,4.6217,False,False,True,True,False,39.5418,88.4615,34.9793,structures/x4476a/A71EV2A-x4476a,structures/x4476a/A71EV2A-x4476a/A71EV2A-x4476a_complex_ref.pdb,True,374624,01b0577c506e7b2d0198bd2987d3f6e7fc69a07124f34a825e3ad32954ad583a,structures/x4476a/A71EV2A-x4476a/A71EV2A-x4476a_prepared.pdb,True,171224,82bbd4e8f8fce9b4c460ba29e7d9fd8f654034550dfbb31ffd2abd1a51c8fb23,structures/x4476a/A71EV2A-x4476a/A71EV2A-x4476a_ligand_ref.sdf,True,1898,2a8dcc0549241bfdeef0028e5e61be9ae6aaf3635bedb0dd64554be35940ebb8,structures/x4476a/A71EV2A-x4476a/A71EV2A-x4476a_ligand_prepared.sdf,True,3558,29ffe8ee49b11e4da05503e772a8b0fb13896c0ed8dbf42af3d40ec509f1c2bf,2222,2180,42,21,2112,2112,,,True,1,21,21,0,C:16;N:2;O:3,True,1,41,21,0,C:16;H:20;N:2;O:3
374,A71EV2A-x4489a,x3963a_x3963b_x4489a_x4489b,NC(=O)[C@H]1CCCN(C(=O)Cc2cccnc2N)C1,,False,False,True,True,False,43.6168,91.6667,39.9821,structures/x3963a_x3963b_x4489a_x4489b/A71EV2A-x4489a,structures/x3963a_x3963b_x4489a_x4489b/A71EV2A-x4489a/A71EV2A-x4489a_complex_ref.pdb,True,373814,ff2d366bd5fdf2e2405f785031d015cd169b331e47c72b00e9262a8113a3b810,structures/x3963a_x3963b_x4489a_x4489b/A71EV2A-x4489a/A71EV2A-x4489a_prepared.pdb,True,170009,9437df0495a877cb904402238c41702bc32ffc650899f9221fb2c6a88a923f37,structures/x3963a_x3963b_x4489a_x4489b/A71EV2A-x4489a/A71EV2A-x4489a_ligand_ref.sdf,True,1719,2f662da15b324d6fda381431c4d758485e689bcbc65ea43792e8d30b0248ef13,structures/x3963a_x3963b_x4489a_x4489b/A71EV2A-x4489a/A71EV2A-x4489a_ligand_prepared.sdf,True,3213,ef7df296a8b20b085c691afb9874357e135412315c094d850dc3b388de161397,2219,2154,65,38,2097,2097,,,True,1,19,19,0,C:13;N:4;O:2,True,1,37,19,0,C:13;H:18;N:4;O:2
375,A71EV2A-x4489b,x3963a_x3963b_x4489a_x4489b,NC(=O)[C@H]1CCCN(C(=O)Cc2cccnc2N)C1,,False,False,True,True,False,43.206,95.6522,41.3274,structures/x3963a_x3963b_x4489a_x4489b/A71EV2A-x4489b,structures/x3963a_x3963b_x4489a_x4489b/A71EV2A-x4489b/A71EV2A-x4489b_complex_ref.pdb,True,373733,163c4fafae7c44ee0c3a4470ab1b7a93b553e52255400e8de8351eb27655257c,structures/x3963a_x3963b_x4489a_x4489b/A71EV2A-x4489b/A71EV2A-x4489b_prepared.pdb,True,170009,a68b74317698a7e012e1f3860a0a030d0b4cf5cf0753b6d580880f37b5a25fe0,structures/x3963a_x3963b_x4489a_x4489b/A71EV2A-x4489b/A71EV2A-x4489b_ligand_ref.sdf,True,1719,d13ddd8c82f4d408181cee4faede8b5571a4aa5a5e67a9425c938f558c9e517d,structures/x3963a_x3963b_x4489a_x4489b/A71EV2A-x4489b/A71EV2A-x4489b_ligand_prepared.sdf,True,3213,9d9dbb74b794d80384672ac82591780ccb4383364715b4d276c1b4177483f229,2218,2154,64,38,2097,2097,,,True,1,19,19,0,C:13;N:4;O:2,True,1,37,19,0,C:13;H:18;N:4;O:2
376,A71EV2A-x4490a,x4490a_x4546a,NC(=O)[C@H]1CCC(=O)N(Cc2cccc3cc[nH]c23)C1,,False,False,True,True,False,47.1219,95.4545,44.98,structures/x4490a_x4546a/A71EV2A-x4490a,structures/x4490a_x4546a/A71EV2A-x4490a/A71EV2A-x4490a_complex_ref.pdb,True,193830,82c39270d218ece2976e3c70bea207fc9fcb151e148a5f8f3afc493b615740a2,structures/x4490a_x4546a/A71EV2A-x4490a/A71EV2A-x4490a_prepared.pdb,True,170009,85fe61dd7303d9c21f042398a64fb74070bc43007cf4e427b82538c2da3b5ce5,structures/x4490a_x4546a/A71EV2A-x4490a/A71EV2A-x4490a_ligand_ref.sdf,True,1815,97abc8cd01b31063fab55e69a6597abc4667b2adc345c7812bf0686306676a3a,structures/x4490a_x4546a/A71EV2A-x4490a/A71EV2A-x4490a_ligand_prepared.sdf,True,3226,cf3d4b05457ab9c41b26f1f61bbba29789ecff068e2e9ead9473d84126131d61,1113,1077,36,20,2097,2097,,,True,1,20,20,0,C:15;N:3;O:2,True,1,37,20,0,C:15;H:17;N:3;O:2
377,A71EV2A-x4494a,x4494a,C[C@@H](C(=O)N1CCC[C@H](C(N)=O)C1)c1noc2ccccc12,,False,False,True,True,False,42.3604,91.3043,38.6769,structures/x4494a/A71EV2A-x4494a,structures/x4494a/A71EV2A-x4494a/A71EV2A-x4494a_complex_ref.pdb,True,197397,eb69acd3f0fad184dc413dc0ef401920ff50a916dde5f4970efbe322f661719f,structures/x4494a/A71EV2A-x4494a/A71EV2A-x4494a_prepared.pdb,True,170009,d9ee52834eff1b8319db8091b056328f996bed59a4b09e8e6860efebb6f1ef88,structures/x4494a/A71EV2A-x4494a/A71EV2A-x4494a_ligand_ref.sdf,True,1981,aec420b4977852556591f6fd02022019e50c61f590500bc9698aefd6dae10728,structures/x4494a/A71EV2A-x4494a/A71EV2A-x4494a_ligand_prepared.sdf,True,3558,4a0e360a826731d5c494630d0dd43c2c7d7abae4412fe9543bfc9b0ed5d32dd4,1113,1077,36,22,2097,2097,,,True,1,22,22,0,C:16;N:3;O:3,True,1,41,22,0,C:16;H:19;N:3;O:3
378,A71EV2A-x4496a,x4496a,NC(=O)[C@H]1CCCN(C(=O)C2(c3ccnn3C(F)(F)F)CC2)C1,,False,False,True,True,False,36.6024,95.6522,35.011,structures/x4496a/A71EV2A-x4496a,structures/x4496a/A71EV2A-x4496a/A71EV2A-x4496a_complex_ref.pdb,True,380376,8427b70e05688b5e783a21bbe71d8d2591656c5ea2c57d4845f70cf67cf2a900,structures/x4496a/A71EV2A-x4496a/A71EV2A-x4496a_prepared.pdb,True,170009,18b50f7bca0c31bd8648f639725f0549ec2e60e50bcbda9154cf4bc45d49b9ee,structures/x4496a/A71EV2A-x4496a/A71EV2A-x4496a_ligand_ref.sdf,True,2064,b35f104693a9e9479b64fefa739f0756d76811445634b1f79076fbcbf16b4c91,structures/x4496a/A71EV2A-x4496a/A71EV2A-x4496a_ligand_prepared.sdf,True,3475,3ec55b6e0cf0d5cffe8c333cdf2d1d4a43757c01f369052776f5838f0ffdf2f0,2217,2174,43,23,2097,2097,,,True,1,23,23,0,C:14;F:3;N:4;O:2,True,1,40,23,0,C:14;F:3;H:17;N:4;O:2
379,A71EV2A-x4509a,x4509a_x4570a,C[C@H](C(=O)N1CCC[C@H](C(N)=O)C1)c1cncc(F)c1,,False,False,True,True,False,44.7127,86.3636,38.6155,structures/x4509a_x4570a/A71EV2A-x4509a,structures/x4509a_x4570a/A71EV2A-x4509a/A71EV2A-x4509a_complex_ref.pdb,True,193665,b39838c6616cdf8f60af37bf66c26ae54277d68f3c2ba4c35bb9e50c922b62a1,structures/x4509a_x4570a/A71EV2A-x4509a/A71EV2A-x4509a_prepared.pdb,True,170009,90472e6d2888b4ecbf9a02d9a272483a670c6cbf9858bd4f958b7ce8f89cef56,structures/x4509a_x4570a/A71EV2A-x4509a/A71EV2A-x4509a_ligand_ref.sdf,True,1802,ad5a9e66ff663e694f60617996fe94d79c45e4ec0ef1e8e1b8129e0ae37a0779,structures/x4509a_x4570a/A71EV2A-x4509a/A71EV2A-x4509a_ligand_prepared.sdf,True,3296,635a5a8047c077bbf7928531cfc3c42211ee18404557e5872f019ae0b8ed6405,1111,1077,34,20,2097,2097,,,True,1,20,20,0,C:14;F:1;N:3;O:2,True,1,38,20,0,C:14;F:1;H:18;N:3;O:2
380,A71EV2A-x4510a,x4510a_x4571a,C[C@H](C(=O)N1CCC[C@H](C(N)=O)C1)c1cn(C)nc1C(F)(F)F,4.4628,False,False,True,True,False,39.5849,92.3077,36.5399,structures/x4510a_x4571a/A71EV2A-x4510a,structures/x4510a_x4571a/A71EV2A-x4510a/A71EV2A-x4510a_complex_ref.pdb,True,380214,8857e344b12d988fd7dc116ed1148529769217bbae667b428806756c05d35491,structures/x4510a_x4571a/A71EV2A-x4510a/A71EV2A-x4510a_prepared.pdb,True,171224,f9d816ec9b7812a18412c0146d6c9b5994c8c6082e58b3a0c37c690654cc56f7,structures/x4510a_x4571a/A71EV2A-x4510a/A71EV2A-x4510a_ligand_ref.sdf,True,2051,d9368ac222716b5c68bcce0df8fb0dc152642261279488c8951cba19727d42eb,structures/x4510a_x4571a/A71EV2A-x4510a/A71EV2A-x4510a_ligand_prepared.sdf,True,3628,95a60b3608731472aea763b71c62981c5a377a70adab5022deeed14a9e7f9445,2227,2180,47,23,2112,2112,,,True,1,23,23,0,C:14;F:3;N:4;O:2,True,1,42,23,0,C:14;F:3;H:19;N:4;O:2
381,A71EV2A-x4514a,x4514a_x4575a,NC(=O)[C@H]1CCCN(C(=O)C2(c3ccoc3)CCC2)C1,4.6189,False,False,True,True,False,40.1553,95.4545,38.3301,structures/x4514a_x4575a/A71EV2A-x4514a,structures/x4514a_x4575a/A71EV2A-x4514a/A71EV2A-x4514a_complex_ref.pdb,True,198689,f33aaec33a8b5df59e9988e8616bc4a08eaefff6e1e63185f6a7cff7e7ea9b20,structures/x4514a_x4575a/A71EV2A-x4514a/A71EV2A-x4514a_prepared.pdb,True,171224,78b869672c58d5f36ab314f9cf11e36e577a5146812d11a19cd8fbc975a2ec9c,structures/x4514a_x4575a/A71EV2A-x4514a/A71EV2A-x4514a_ligand_ref.sdf,True,1815,9712195bc502ab3e22935b549c08f4cd924e9f483266950e0364f2d2ff835c64,structures/x4514a_x4575a/A71EV2A-x4514a/A71EV2A-x4514a_ligand_prepared.sdf,True,3475,848ef7e5d3d751525caac9e9b6e6d017809001ad6779fc60c1a71ea852dfcee0,1148,1100,48,20,2112,2112,,,True,1,20,20,0,C:15;N:2;O:3,True,1,40,20,0,C:15;H:20;N:2;O:3
382,A71EV2A-x4516a,x4516a_x4541a_x4541b,NC(=O)[C@H]1CCCN(C(=O)C(F)(F)c2cnsc2Cl)C1,,False,False,True,True,False,42.8102,95.2381,40.7716,structures/x4516a_x4541a_x4541b/A71EV2A-x4516a,structures/x4516a_x4541a_x4541b/A71EV2A-x4516a/A71EV2A-x4516a_complex_ref.pdb,True,195285,ad03a076807add402e50199099679e47d547497819c479e899e32fcd017ab44b,structures/x4516a_x4541a_x4541b/A71EV2A-x4516a/A71EV2A-x4516a_prepared.pdb,True,170009,2bfda61e31d0007a04e00a260176114821491187455f265312392c5b80e968d9,structures/x4516a_x4541a_x4541b/A71EV2A-x4516a/A71EV2A-x4516a_ligand_ref.sdf,True,1802,f323942976963daf3309ff95a82501117c4dce9592b81ae9019f035a343cc18c,structures/x4516a_x4541a_x4541b/A71EV2A-x4516a/A71EV2A-x4516a_ligand_prepared.sdf,True,2798,ce0773fb902080a615b5f0e7a2637c34f0fefba412fcb3ecc55ddd4b7ef92f1f,1103,1074,29,20,2097,2097,,,True,1,20,20,0,C:11;Cl:1;F:2;N:3;O:2;S:1,True,1,32,20,0,C:11;Cl:1;F:2;H:12;N:3;O:2;S:1
383,A71EV2A-x4519a,x4519a_x4519b_x4580a_x4580b,NC(=O)[C@H]1CCCN(C(=O)Cc2ncc3ccc(Br)cn23)C1,4.4242,False,False,True,True,False,47.985,92,44.1462,structures/x4519a_x4519b_x4580a_x4580b/A71EV2A-x4519a,structures/x4519a_x4519b_x4580a_x4580b/A71EV2A-x4519a/A71EV2A-x4519a_complex_ref.pdb,True,374946,55f86fa38f31f89fb578882dc4e35c0e5fbda93a36828b2368d81ab6b3ed6981,structures/x4519a_x4519b_x4580a_x4580b/A71EV2A-x4519a/A71EV2A-x4519a_prepared.pdb,True,170009,07373ca01cad9de5599c0c15f60f0752d6c4b5983e7aa8fbe8ea969a2f5c91b1,structures/x4519a_x4519b_x4580a_x4580b/A71EV2A-x4519a/A71EV2A-x4519a_ligand_ref.sdf,True,1981,5aeddef549c77f5a87b131b4c13d23b92955bced569084696681d11002730f02,structures/x4519a_x4519b_x4580a_x4580b/A71EV2A-x4519a/A71EV2A-x4519a_ligand_prepared.sdf,True,3392,071af021e4eef4cedcb7c8dc7d8e33d8e3b4460348f7611d94b6dc936deb9281,2227,2154,73,44,2097,2097,,,True,1,22,22,0,Br:1;C:15;N:4;O:2,True,1,39,22,0,Br:1;C:15;H:17;N:4;O:2
384,A71EV2A-x4519b,x4519a_x4519b_x4580a_x4580b,NC(=O)[C@H]1CCCN(C(=O)Cc2ncc3ccc(Br)cn23)C1,4.4242,False,False,True,True,False,38.419,95.8333,36.8182,structures/x4519a_x4519b_x4580a_x4580b/A71EV2A-x4519b,structures/x4519a_x4519b_x4580a_x4580b/A71EV2A-x4519b/A71EV2A-x4519b_complex_ref.pdb,True,374703,72abf14e158ce46af8c4c1f2b34cbc37305d3cdbe47b236dd9be8c4d81de359f,structures/x4519a_x4519b_x4580a_x4580b/A71EV2A-x4519b/A71EV2A-x4519b_prepared.pdb,True,170009,682b859664dd9e8e7e4e58a0b8a012f7222c6e0c68f4371bfea05b956a60ed74,structures/x4519a_x4519b_x4580a_x4580b/A71EV2A-x4519b/A71EV2A-x4519b_ligand_ref.sdf,True,1981,67ead286bd2ee352de6baec75f6688d145d10a942c155fc7ef0b21cf9893db8e,structures/x4519a_x4519b_x4580a_x4580b/A71EV2A-x4519b/A71EV2A-x4519b_ligand_prepared.sdf,True,3392,136b8ca6dcd6b9d8f3da4a945d20ad78172c6fcf2ef308d848e077fcb80c5c07,2224,2154,70,44,2097,2097,,,True,1,22,22,0,Br:1;C:15;N:4;O:2,True,1,39,22,0,Br:1;C:15;H:17;N:4;O:2
385,A71EV2A-x4524a,x4524a_x4873a_x4873b,COc1cccc(NC(=O)N2CCC[C@H](C(N)=O)C2)c1Cl,4.6127,False,False,True,True,False,48.0704,81.8182,39.3303,structures/x4524a_x4873a_x4873b/A71EV2A-x4524a,structures/x4524a_x4873a_x4873b/A71EV2A-x4524a/A71EV2A-x4524a_complex_ref.pdb,True,374458,8ed781063d82681a7095ac9dd5ae919e687a4f3e1390f5bb7e9326cb5804038f,structures/x4524a_x4873a_x4873b/A71EV2A-x4524a/A71EV2A-x4524a_prepared.pdb,True,171224,7c8490321b3e010d37ad9a2a3d3f5368884d8899e14799bb71f4c8bd34fd8474,structures/x4524a_x4873a_x4873b/A71EV2A-x4524a/A71EV2A-x4524a_ligand_ref.sdf,True,1885,9b2eae0b8b6da678dfc96219487113f98645be38877f2a807ae5f37d0412f9a1,structures/x4524a_x4873a_x4873b/A71EV2A-x4524a/A71EV2A-x4524a_ligand_prepared.sdf,True,3379,473ff8d2f5cdd50a198f850d5ec264bc533697b626ac3544ec2dfdb14af22698,2220,2180,40,21,2112,2112,,,True,1,21,21,0,C:14;Cl:1;N:3;O:3,True,1,39,21,0,C:14;Cl:1;H:18;N:3;O:3
386,A71EV2A-x4526a,x4526a,C[C@H](C(=O)N1CCC[C@H](C(N)=O)C1)c1cccs1,,False,False,True,True,False,41.1385,95,39.0815,structures/x4526a/A71EV2A-x4526a,structures/x4526a/A71EV2A-x4526a/A71EV2A-x4526a_complex_ref.pdb,True,193340,7edc82fe72cfa6aac0aae57aa6726b0d8b1c3e91d36c322c03c0fbafecc1a0d9,structures/x4526a/A71EV2A-x4526a/A71EV2A-x4526a_prepared.pdb,True,170009,5fb229c479718599990a0928a0c32e698fee8d6b9851ec59d5ffd2728a092991,structures/x4526a/A71EV2A-x4526a/A71EV2A-x4526a_ligand_ref.sdf,True,1636,fbb4ef8b324304e15a4088e9273c1b6b9d2efd984cae59fbf79e7e2145b21455,structures/x4526a/A71EV2A-x4526a/A71EV2A-x4526a_ligand_prepared.sdf,True,3130,376fc93531df08128c8d8c9211cf245c6f535da31bfe93cf3a33afbfcb5cb4d6,1109,1077,32,18,2097,2097,,,True,1,18,18,0,C:13;N:2;O:2;S:1,True,1,36,18,0,C:13;H:18;N:2;O:2;S:1
387,A71EV2A-x4528a,x4528a_x4872a,NC(=O)[C@H]1CCCN(C(=O)CN2CCOc3ccc(Cl)cc32)C1,,False,False,True,True,False,43.3727,90.4762,39.242,structures/x4528a_x4872a/A71EV2A-x4528a,structures/x4528a_x4872a/A71EV2A-x4528a/A71EV2A-x4528a_complex_ref.pdb,True,197552,dbe63bd40caaef6a4cf468560539921d86676c7e99ce6c643b54fc50a57581f9,structures/x4528a_x4872a/A71EV2A-x4528a/A71EV2A-x4528a_prepared.pdb,True,170009,5109cf0817804550c02fd62f6f3fef70cfb39fb896a2d4dae725942fd6140d08,structures/x4528a_x4872a/A71EV2A-x4528a/A71EV2A-x4528a_ligand_ref.sdf,True,2064,041011bfa6fdd1041583d1bb3ab6fcf7ebab091f9b4a5ae42424f0cabd99535e,structures/x4528a_x4872a/A71EV2A-x4528a/A71EV2A-x4528a_ligand_prepared.sdf,True,3724,2afcc401914d190f437c90d3c8b269c8fb0ed1110e769ad0d090b15760302748,1116,1077,39,23,2097,2097,,,True,1,23,23,0,C:16;Cl:1;N:3;O:3,True,1,43,23,0,C:16;Cl:1;H:20;N:3;O:3
388,A71EV2A-x4537a,x4537a,NC(=O)[C@H]1CCC(=O)N(Cc2csc3ccccc23)C1,,False,False,True,True,False,57.9686,75,43.4765,structures/x4537a/A71EV2A-x4537a,structures/x4537a/A71EV2A-x4537a/A71EV2A-x4537a_complex_ref.pdb,True,194072,f93a8bbd51e0cc3390d6e1add4136241c7580f7f2a5e69217a0cd331dda5ddda,structures/x4537a/A71EV2A-x4537a/A71EV2A-x4537a_prepared.pdb,True,170009,f84078722fedeb504992b73a7c80d0b18e1289acacae840c13fa0bc8099104a6,structures/x4537a/A71EV2A-x4537a/A71EV2A-x4537a_ligand_ref.sdf,True,1815,c934e952a543d3d6372cc3ff76ee94d3322fffa676cc86469f2f0860c0054646,structures/x4537a/A71EV2A-x4537a/A71EV2A-x4537a_ligand_prepared.sdf,True,3143,dc2627124e2b450d606da4661a534ff0f5048ee9ea74dcc541b689971be64ed5,1116,1077,39,20,2097,2097,,,True,1,20,20,0,C:15;N:2;O:2;S:1,True,1,36,20,0,C:15;H:16;N:2;O:2;S:1
389,A71EV2A-x4538a,x4538a,NC(=O)[C@H]1CCCN(C(=O)C(F)(F)c2cccc(F)c2Br)C1,,False,False,True,True,False,55.4089,75,41.5567,structures/x4538a/A71EV2A-x4538a,structures/x4538a/A71EV2A-x4538a/A71EV2A-x4538a_complex_ref.pdb,True,193989,ea56b56c1e0a0a5dbe8b6564b1928a7c6daed22f0001355844c73c3e34263ec0,structures/x4538a/A71EV2A-x4538a/A71EV2A-x4538a_prepared.pdb,True,170009,9b7afd102d9ffd66e89f878930c23220a05e9ce9ad045120c3d68c4bb5a951cc,structures/x4538a/A71EV2A-x4538a/A71EV2A-x4538a_ligand_ref.sdf,True,1968,62cb5d04bc023ee371f7256cfcd770228de968edbbd1fd439961f1a1815cb4f0,structures/x4538a/A71EV2A-x4538a/A71EV2A-x4538a_ligand_prepared.sdf,True,3130,c94a9d9863076df00bc851f3d73fe96bd20900e0fbe94fafd8d504329a48b062,1113,1077,36,22,2097,2097,,,True,1,22,22,0,Br:1;C:14;F:3;N:2;O:2,True,1,36,22,0,Br:1;C:14;F:3;H:14;N:2;O:2
390,A71EV2A-x4540a,x4540a,NC(=O)[C@H]1CCCN(C(=O)Cn2cc(Br)cc(Cl)c2=O)C1,3.7254,False,False,True,True,False,39.5456,92.3077,36.5037,structures/x4540a/A71EV2A-x4540a,structures/x4540a/A71EV2A-x4540a/A71EV2A-x4540a_complex_ref.pdb,True,196830,1f9ef23415d6b4d53ad602c3983152b6b879bfa8b55803ecc537b9daae2dfa63,structures/x4540a/A71EV2A-x4540a/A71EV2A-x4540a_prepared.pdb,True,170009,c7514d9025c73d923212087a4883588690cb9993aab59c61be32c2c16825c8eb,structures/x4540a/A71EV2A-x4540a/A71EV2A-x4540a_ligand_ref.sdf,True,1885,5bde5c43c335623c3321d565fa53e77306f9d75b608bdf06dc2e0a4f39ba351f,structures/x4540a/A71EV2A-x4540a/A71EV2A-x4540a_ligand_prepared.sdf,True,3130,c2f2b733f34f2eddb5b3a67026d162062d0fc10695a1516dd80596d920d721d4,1108,1077,31,21,2097,2097,,,True,1,21,21,0,Br:1;C:13;Cl:1;N:3;O:3,True,1,36,21,0,Br:1;C:13;Cl:1;H:15;N:3;O:3
391,A71EV2A-x4541a,x4516a_x4541a_x4541b,NC(=O)[C@H]1CCCN(C(=O)C(F)(F)c2cnsc2Cl)C1,,False,False,True,True,False,44.4023,91.3043,40.5412,structures/x4516a_x4541a_x4541b/A71EV2A-x4541a,structures/x4516a_x4541a_x4541b/A71EV2A-x4541a/A71EV2A-x4541a_complex_ref.pdb,True,373893,e5a256be3b8c97340289db4b64365b79769714ad9144e10a6428b23c39243fee,structures/x4516a_x4541a_x4541b/A71EV2A-x4541a/A71EV2A-x4541a_prepared.pdb,True,170009,81422a7c3b9163441b172cd341cd5dd41f9d3a28e71cc503ad49076097090dfd,structures/x4516a_x4541a_x4541b/A71EV2A-x4541a/A71EV2A-x4541a_ligand_ref.sdf,True,1802,ff1e10e9f187d367090c584086196214ccbd6f5e51b70ab6c189b1d2377068d4,structures/x4516a_x4541a_x4541b/A71EV2A-x4541a/A71EV2A-x4541a_ligand_prepared.sdf,True,2798,4fc16b0987ff25541a2c7c896d41f8f67c9cf0b0cfaaf98593e3068a0560112a,2219,2154,65,40,2097,2097,,,True,1,20,20,0,C:11;Cl:1;F:2;N:3;O:2;S:1,True,1,32,20,0,C:11;Cl:1;F:2;H:12;N:3;O:2;S:1
392,A71EV2A-x4541b,x4516a_x4541a_x4541b,NC(=O)[C@H]1CCCN(C(=O)C(F)(F)c2cnsc2Cl)C1,,False,False,True,True,False,41.9037,95.6522,40.0818,structures/x4516a_x4541a_x4541b/A71EV2A-x4541b,structures/x4516a_x4541a_x4541b/A71EV2A-x4541b/A71EV2A-x4541b_complex_ref.pdb,True,373731,581bc8dd9c8d390ac66e7e25f3494c17f98a721526919c93fbd08e2b6a932720,structures/x4516a_x4541a_x4541b/A71EV2A-x4541b/A71EV2A-x4541b_prepared.pdb,True,170009,025076529d9c8cec75be9555abf3b7eb9763571864fe4684056a81dcdbbf9c6a,structures/x4516a_x4541a_x4541b/A71EV2A-x4541b/A71EV2A-x4541b_ligand_ref.sdf,True,1802,04470504bddb1807b80ecfa3c0fb9a1cf348ef6da84f2e1ef7673ae2d7cf4bc5,structures/x4516a_x4541a_x4541b/A71EV2A-x4541b/A71EV2A-x4541b_ligand_prepared.sdf,True,2798,56ac7ec895259d3d0f45bd071c70cc49df42bb8d47cebd34bdaf4754b49dd957,2217,2154,63,40,2097,2097,,,True,1,20,20,0,C:11;Cl:1;F:2;N:3;O:2;S:1,True,1,32,20,0,C:11;Cl:1;F:2;H:12;N:3;O:2;S:1
393,A71EV2A-x4544a,x4544a,CS(=O)(=O)c1ccc(Br)cc1CC(=O)N1CCC[C@H](C(N)=O)C1,,False,False,True,True,False,41.3217,92,38.016,structures/x4544a/A71EV2A-x4544a,structures/x4544a/A71EV2A-x4544a/A71EV2A-x4544a_complex_ref.pdb,True,197154,13418b7a1f0939d7473b397fc142d4d9dcc3053c28e0ed2ff64da0b609c8488d,structures/x4544a/A71EV2A-x4544a/A71EV2A-x4544a_prepared.pdb,True,170009,e57170c6eae01ec8eaea68cec6757f4ad8a45a5d65158a5dffc0896b70496cea,structures/x4544a/A71EV2A-x4544a/A71EV2A-x4544a_ligand_ref.sdf,True,2051,94606cd4603ecbc4d7e3fc672650607c4f25861694e9ec63e95db89d5a1eb9cb,structures/x4544a/A71EV2A-x4544a/A71EV2A-x4544a_ligand_prepared.sdf,True,3628,f2204c5d390dec401204e6870855d059ecb138d1d63cf6c32e65b0a128248258,1110,1077,33,23,2097,2097,,,True,1,23,23,0,Br:1;C:15;N:2;O:4;S:1,True,1,42,23,0,Br:1;C:15;H:19;N:2;O:4;S:1
394,A71EV2A-x4546a,x4490a_x4546a,NC(=O)[C@H]1CCC(=O)N(Cc2cccc3cc[nH]c23)C1,,False,False,True,True,False,45.4812,95.6522,43.5037,structures/x4490a_x4546a/A71EV2A-x4546a,structures/x4490a_x4546a/A71EV2A-x4546a/A71EV2A-x4546a_complex_ref.pdb,True,195365,709be0d852b3653c7173c2a69de26415839662567233c696d5b128199f8ac155,structures/x4490a_x4546a/A71EV2A-x4546a/A71EV2A-x4546a_prepared.pdb,True,170009,9e3ddaf0b5cd17b132b8d5104bc04623d26bac8ff229b65cac7e51d698d0dc0b,structures/x4490a_x4546a/A71EV2A-x4546a/A71EV2A-x4546a_ligand_ref.sdf,True,1815,f14b9094cc7a74220735eb6390805bba88e8c9ef759d44e149601149b0d5fd5e,structures/x4490a_x4546a/A71EV2A-x4546a/A71EV2A-x4546a_ligand_prepared.sdf,True,3226,6f941957795d698b51ff9b2f0aed0172e643c60a41c421d1a84f3beb398b63d0,1104,1074,30,20,2097,2097,,,True,1,20,20,0,C:15;N:3;O:2,True,1,37,20,0,C:15;H:17;N:3;O:2
395,A71EV2A-x4547a,x4547a,Cn1nc(CN2C[C@H](C(N)=O)CCC2=O)c2ccccc21,5.1169,False,False,True,True,False,57.4126,76.9231,44.1635,structures/x4547a/A71EV2A-x4547a,structures/x4547a/A71EV2A-x4547a/A71EV2A-x4547a_complex_ref.pdb,True,198365,849d278dbbf1834f1308056f4bc3b167a3e8017d6833bbf385232a22d0cce769,structures/x4547a/A71EV2A-x4547a/A71EV2A-x4547a_prepared.pdb,True,171224,c4b687bb10fe74f8feb90d17dabd4b1ed9466a54acef5a8333bff54eb7a89bc3,structures/x4547a/A71EV2A-x4547a/A71EV2A-x4547a_ligand_ref.sdf,True,1898,074fae3e14ba22db0f595f44fd1a4ce89ffb83a0b162a7f34c06c5255ef9a378,structures/x4547a/A71EV2A-x4547a/A71EV2A-x4547a_ligand_prepared.sdf,True,3392,17490199cfcaa9de6479da153df88d28f9ae6469e71ad3811e78c41587556888,1144,1100,44,21,2112,2112,,,True,1,21,21,0,C:15;N:4;O:2,True,1,39,21,0,C:15;H:18;N:4;O:2
396,A71EV2A-x4554a,x4554a,COc1cccc(SC)c1NC(=O)N1CCC[C@H](C(N)=O)C1,5.1612,False,False,True,True,False,42.3639,90.9091,38.5127,structures/x4554a/A71EV2A-x4554a,structures/x4554a/A71EV2A-x4554a/A71EV2A-x4554a_complex_ref.pdb,True,194394,74c0f982ec1042d4a97d87d2f01c5c73e88834dfdab043c951dfb9d89e981d83,structures/x4554a/A71EV2A-x4554a/A71EV2A-x4554a_prepared.pdb,True,170009,7e9dd356462dab9fb114cd2099293da43661b9550e4fc79adc454b4efb3c70f6,structures/x4554a/A71EV2A-x4554a/A71EV2A-x4554a_ligand_ref.sdf,True,1968,a788a908b5fea5d872524101e8f97feee5616f38ca6b0434d76254c995bf8736,structures/x4554a/A71EV2A-x4554a/A71EV2A-x4554a_ligand_prepared.sdf,True,3711,d736500b5b2518b7e67f0c873f648a909634b44c0805588773d7a71d211bfb21,1117,1077,40,22,2097,2097,,,True,1,22,22,0,C:15;N:3;O:3;S:1,True,1,43,22,0,C:15;H:21;N:3;O:3;S:1
397,A71EV2A-x4559a,x4559a_x4559b,Cc1ccc2c(ccn2CC(=O)N2CCC[C@H](C(N)=O)C2)c1,,False,False,True,True,False,48.0624,91.6667,44.0572,structures/x4559a_x4559b/A71EV2A-x4559a,structures/x4559a_x4559b/A71EV2A-x4559a/A71EV2A-x4559a_complex_ref.pdb,True,380619,cd4fe59aa27afe63139c4b1a03521f6987aac588d177effadecb5ba87a0654dc,structures/x4559a_x4559b/A71EV2A-x4559a/A71EV2A-x4559a_prepared.pdb,True,170009,2c9bef6eb00a8978be363624e2c0bdc375e4f4375e59375aa2bc9f297972abb3,structures/x4559a_x4559b/A71EV2A-x4559a/A71EV2A-x4559a_ligand_ref.sdf,True,1981,48ed717bc68be0da4601afbb20c2f4b479ec323166cf0f87d9ec72076d72a12f,structures/x4559a_x4559b/A71EV2A-x4559a/A71EV2A-x4559a_ligand_prepared.sdf,True,3724,e8aac77397757d9e6d7f5ffcad1c28dba6f158062eda3dec4192069c6c5d5dc2,2217,2154,63,44,2097,2097,,,True,1,22,22,0,C:17;N:3;O:2,True,1,43,22,0,C:17;H:21;N:3;O:2
398,A71EV2A-x4559b,x4559a_x4559b,Cc1ccc2c(ccn2CC(=O)N2CCC[C@H](C(N)=O)C2)c1,,False,False,True,True,False,47.6975,91.3043,43.5499,structures/x4559a_x4559b/A71EV2A-x4559b,structures/x4559a_x4559b/A71EV2A-x4559b/A71EV2A-x4559b_complex_ref.pdb,True,380538,0e7bd5297de7bcaae779aaf60e55908558ffc0883440d7fcf4f13920c0558205,structures/x4559a_x4559b/A71EV2A-x4559b/A71EV2A-x4559b_prepared.pdb,True,170009,444280568e798c182541a903712a7483bb43354230a9d73258e113604972bca0,structures/x4559a_x4559b/A71EV2A-x4559b/A71EV2A-x4559b_ligand_ref.sdf,True,1981,85ce1329a7cc866adc2882cfb26b7cd0082cc34c791c2b7769d1c6786dbfc19f,structures/x4559a_x4559b/A71EV2A-x4559b/A71EV2A-x4559b_ligand_prepared.sdf,True,3724,36a9b66f49d5f1c9737d3b9e2b6e7cf51d527238eb926d7d06a7a13dfd49f813,2216,2154,62,44,2097,2097,,,True,1,22,22,0,C:17;N:3;O:2,True,1,43,22,0,C:17;H:21;N:3;O:2
399,A71EV2A-x4563a,x4563a,NC(=O)[C@H]1CCC(=O)N(c2ccccc2)C1,,False,False,True,True,False,40.5724,95.2381,38.6403,structures/x4563a/A71EV2A-x4563a,structures/x4563a/A71EV2A-x4563a/A71EV2A-x4563a_complex_ref.pdb,True,196177,86ad946656a03a507aae828166acd6cd8da0d440179e6478a042f4321c090963,structures/x4563a/A71EV2A-x4563a/A71EV2A-x4563a_prepared.pdb,True,170009,be67f3b85b8e8417d2ba4efcc7ee8607b8ccb180ca522b3b97c935bb237e7050,structures/x4563a/A71EV2A-x4563a/A71EV2A-x4563a_ligand_ref.sdf,True,1470,f1cef58c8b0134b7ba3a3d4c20df4d84f12de8032dcdf1a3ccd8a180934799c1,structures/x4563a/A71EV2A-x4563a/A71EV2A-x4563a_ligand_prepared.sdf,True,2632,ff57987de4ef57605bc04c1fa786457256b9554cb4f8d20f6f3401e4864332cb,1107,1077,30,16,2097,2097,,,True,1,16,16,0,C:12;N:2;O:2,True,1,30,16,0,C:12;H:14;N:2;O:2
400,A71EV2A-x4570a,x4509a_x4570a,C[C@H](C(=O)N1CCC[C@H](C(N)=O)C1)c1cncc(F)c1,,False,False,True,True,False,40.6928,95.6522,38.9235,structures/x4509a_x4570a/A71EV2A-x4570a,structures/x4509a_x4570a/A71EV2A-x4570a/A71EV2A-x4570a_complex_ref.pdb,True,196743,045bd54e11d3408721051c824aa8d9300e7e760dbe5ee0f46b3e3cbc6ac1a809,structures/x4509a_x4570a/A71EV2A-x4570a/A71EV2A-x4570a_prepared.pdb,True,170009,d589a099982944c966f2be1f6602cdaacdfa7bf08d935489f7a00e2d595ecb19,structures/x4509a_x4570a/A71EV2A-x4570a/A71EV2A-x4570a_ligand_ref.sdf,True,1802,6601b1889c14fb8fefec7c032066c10a9bff4187d3c95ed8f7b335b63cfb7489,structures/x4509a_x4570a/A71EV2A-x4570a/A71EV2A-x4570a_ligand_prepared.sdf,True,3296,ccab771445519db8dffffc66fe92db9328c9de659c268977a468a236adabeda5,1110,1077,33,20,2097,2097,,,True,1,20,20,0,C:14;F:1;N:3;O:2,True,1,38,20,0,C:14;F:1;H:18;N:3;O:2
401,A71EV2A-x4571a,x4510a_x4571a,C[C@H](C(=O)N1CCC[C@H](C(N)=O)C1)c1cn(C)nc1C(F)(F)F,4.4628,False,False,True,True,False,39.5704,91.6667,36.2729,structures/x4510a_x4571a/A71EV2A-x4571a,structures/x4510a_x4571a/A71EV2A-x4571a/A71EV2A-x4571a_complex_ref.pdb,True,203712,05ef0955197a31fcc36cd9729b5c784f2720f89df6a0a4722e6ba06accf9f337,structures/x4510a_x4571a/A71EV2A-x4571a/A71EV2A-x4571a_prepared.pdb,True,171224,b4211f92fc004c2d91d15c0b2165fe7a4a5f93c1966cb7c0f69c3c9f13391a2b,structures/x4510a_x4571a/A71EV2A-x4571a/A71EV2A-x4571a_ligand_ref.sdf,True,2051,93a3820eff492e01c7af7487bc8ccbebfc58d14981cf97907bb11d2c4ffd3674,structures/x4510a_x4571a/A71EV2A-x4571a/A71EV2A-x4571a_ligand_prepared.sdf,True,3628,49de94e8b44650c982ebf089e869d0b8acd3b055df81844bffb5e631567289c5,1148,1100,48,23,2112,2112,,,True,1,23,23,0,C:14;F:3;N:4;O:2,True,1,42,23,0,C:14;F:3;H:19;N:4;O:2
402,A71EV2A-x4575a,x4514a_x4575a,NC(=O)[C@H]1CCCN(C(=O)C2(c3ccoc3)CCC2)C1,4.6189,False,False,True,True,False,39.5837,95,37.6045,structures/x4514a_x4575a/A71EV2A-x4575a,structures/x4514a_x4575a/A71EV2A-x4575a/A71EV2A-x4575a_complex_ref.pdb,True,204768,0d788b6156c970f80f59754cc717ef5d8adaecd7d8f2492a275d42bfa30778fa,structures/x4514a_x4575a/A71EV2A-x4575a/A71EV2A-x4575a_prepared.pdb,True,171224,7226899a1bdf22dc1e49bb4a1782e7a76078bc46e4a09e80c88520e37ba85c18,structures/x4514a_x4575a/A71EV2A-x4575a/A71EV2A-x4575a_ligand_ref.sdf,True,1815,cc146ebac91558fe53520e8327138559ec25d97fef13aeab131974d8469dba21,structures/x4514a_x4575a/A71EV2A-x4575a/A71EV2A-x4575a_ligand_prepared.sdf,True,3475,eec89b6ee8b39cfb8773ac94683eb86d4d4fa36504d5de5cb028b05992cf0b56,1147,1094,53,20,2112,2112,,,True,1,20,20,0,C:15;N:2;O:3,True,1,40,20,0,C:15;H:20;N:2;O:3
403,A71EV2A-x4580a,x4519a_x4519b_x4580a_x4580b,NC(=O)[C@H]1CCCN(C(=O)Cc2ncc3ccc(Br)cn23)C1,4.4242,False,False,True,True,False,38.1521,92,35.1,structures/x4519a_x4519b_x4580a_x4580b/A71EV2A-x4580a,structures/x4519a_x4519b_x4580a_x4580b/A71EV2A-x4580a/A71EV2A-x4580a_complex_ref.pdb,True,379402,41583c7478c623ec2e7489a9105376e15e1d278bb83d6678a57f8dc1d98d9363,structures/x4519a_x4519b_x4580a_x4580b/A71EV2A-x4580a/A71EV2A-x4580a_prepared.pdb,True,170009,2ea991b9dba0bb8b9a5295f4ff5619f84ae9f13e109a284e69fb27a81811dd97,structures/x4519a_x4519b_x4580a_x4580b/A71EV2A-x4580a/A71EV2A-x4580a_ligand_ref.sdf,True,1981,b8684bc37098f037795692b2bc22267f9ed8246d0c17bf67beead07181318466,structures/x4519a_x4519b_x4580a_x4580b/A71EV2A-x4580a/A71EV2A-x4580a_ligand_prepared.sdf,True,3392,548170e84c84e29c7379ea4ed4df25aae912034eb4ac47e6643cf2431c33dc98,2221,2157,64,44,2097,2097,,,True,1,22,22,0,Br:1;C:15;N:4;O:2,True,1,39,22,0,Br:1;C:15;H:17;N:4;O:2
404,A71EV2A-x4580b,x4519a_x4519b_x4580a_x4580b,NC(=O)[C@H]1CCCN(C(=O)Cc2ncc3ccc(Br)cn23)C1,4.4242,False,False,True,True,False,38.5037,95.6522,36.8296,structures/x4519a_x4519b_x4580a_x4580b/A71EV2A-x4580b,structures/x4519a_x4519b_x4580a_x4580b/A71EV2A-x4580b/A71EV2A-x4580b_complex_ref.pdb,True,379483,fd7206c4d4c0da35968ab525bf556b5ca76e5e382d7a073d3ad06d14bc96a09d,structures/x4519a_x4519b_x4580a_x4580b/A71EV2A-x4580b/A71EV2A-x4580b_prepared.pdb,True,170009,c50479f593f62a6ef852e380ab86fd20bdff9d6ed31715325c7627dd89a366bf,structures/x4519a_x4519b_x4580a_x4580b/A71EV2A-x4580b/A71EV2A-x4580b_ligand_ref.sdf,True,1981,6bb6f945a7f735c3efe5e11121cd303c43a00ff9bff4793667076470e25d955f,structures/x4519a_x4519b_x4580a_x4580b/A71EV2A-x4580b/A71EV2A-x4580b_ligand_prepared.sdf,True,3392,3057d6bba3609781ba5d94cd5acd8b04c28dba6004be0363f394357010403b5b,2222,2157,65,44,2097,2097,,,True,1,22,22,0,Br:1;C:15;N:4;O:2,True,1,39,22,0,Br:1;C:15;H:17;N:4;O:2
405,A71EV2A-x4583a,x4583a_x4583b,CN1c2ccccc2C[C@@H]1C(=O)N1CCC[C@H](C(N)=O)C1,4.5989,False,False,True,True,False,49.6022,77.2727,38.329,structures/x4583a_x4583b/A71EV2A-x4583a,structures/x4583a_x4583b/A71EV2A-x4583a/A71EV2A-x4583a_complex_ref.pdb,True,376567,447543a56438199267a647e2c6a307dc14a384b08fadac43d58e81aa5d99ac54,structures/x4583a_x4583b/A71EV2A-x4583a/A71EV2A-x4583a_prepared.pdb,True,170009,1c75514b38c13c2a054e2ec4f17fb113a8dcb0eb47a5b8d8c15ffd244dbf7f55,structures/x4583a_x4583b/A71EV2A-x4583a/A71EV2A-x4583a_ligand_ref.sdf,True,1898,b4e5ce3a08a4a3db2f3e1e6667e225d13b886106efca61fc80bb0b02239211d9,structures/x4583a_x4583b/A71EV2A-x4583a/A71EV2A-x4583a_ligand_prepared.sdf,True,3641,7c81a64aa184ab9a50ecde19b16988ef5f74ab4768fe8c42d6e064d60f395c67,2212,2154,58,42,2097,2097,,,True,1,21,21,0,C:16;N:3;O:2,True,1,42,21,0,C:16;H:21;N:3;O:2
406,A71EV2A-x4583b,x4583a_x4583b,CN1c2ccccc2C[C@@H]1C(=O)N1CCC[C@H](C(N)=O)C1,4.5989,False,False,True,True,False,49.9403,73.913,36.9124,structures/x4583a_x4583b/A71EV2A-x4583b,structures/x4583a_x4583b/A71EV2A-x4583b/A71EV2A-x4583b_complex_ref.pdb,True,376567,2e014fed0de8106ce5307012bc2b2b9d52db9cc1584e74127646c4ac5ff8b09c,structures/x4583a_x4583b/A71EV2A-x4583b/A71EV2A-x4583b_prepared.pdb,True,170009,f17543e17f1ed831670f3e21e463466518ed4945591b2ca85bf4f8d51a5e8807,structures/x4583a_x4583b/A71EV2A-x4583b/A71EV2A-x4583b_ligand_ref.sdf,True,1898,9180a8c47f95f7f6edf59030dd63753dc4ba6d32092afc86a4271be0bc8293bb,structures/x4583a_x4583b/A71EV2A-x4583b/A71EV2A-x4583b_ligand_prepared.sdf,True,3641,9471ab53c933af85fc56590e14f7f08b820ebef49963fb8951411d99d7691044,2212,2154,58,42,2097,2097,,,True,1,21,21,0,C:16;N:3;O:2,True,1,42,21,0,C:16;H:21;N:3;O:2
407,A71EV2A-x4586a,x4586a,C[C@@H](C(=O)N1CCC[C@H](C(N)=O)C1)c1cccs1,,False,False,True,True,False,41.1802,95.2381,39.2192,structures/x4586a/A71EV2A-x4586a,structures/x4586a/A71EV2A-x4586a/A71EV2A-x4586a_complex_ref.pdb,True,196824,507ce0e1e3f1ea2ecb7a524937b0912e2c75db8c80a4ac5c9eedae5aa5b688f4,structures/x4586a/A71EV2A-x4586a/A71EV2A-x4586a_prepared.pdb,True,170009,eea17a3b8b1d2291523e9602ef22bb3b3b77d11984e5190175c1372bc7a1e41f,structures/x4586a/A71EV2A-x4586a/A71EV2A-x4586a_ligand_ref.sdf,True,1636,642579d16cb67736a8010f70f9c83fbbac919e1062c3cdb110f3e340502dc727,structures/x4586a/A71EV2A-x4586a/A71EV2A-x4586a_ligand_prepared.sdf,True,3130,7dccaf56160d74c150934390d85421479923c9bb5103900ec5c1cf64399db6a6,1101,1077,24,18,2097,2097,,,True,1,18,18,0,C:13;N:2;O:2;S:1,True,1,36,18,0,C:13;H:18;N:2;O:2;S:1
408,A71EV2A-x4596a,x4596a_x4596b_x4596c,NC(=O)[C@H]1CCC(=O)N(Cc2ccc3cc[nH]c3c2)C1,4.6117,False,False,True,True,False,47.1044,91.6667,43.1791,structures/x4596a_x4596b_x4596c/A71EV2A-x4596a,structures/x4596a_x4596b_x4596c/A71EV2A-x4596a/A71EV2A-x4596a_complex_ref.pdb,True,380700,b07875cc05343bd628879013b5e14f89bb62e2fa10c09430606bfe3f4d25b27b,structures/x4596a_x4596b_x4596c/A71EV2A-x4596a/A71EV2A-x4596a_prepared.pdb,True,170009,d2e3a4bac86a2587d28622e183e0dcde6b8c5e9f8bf8247f5ac6a9c7bbdd0939,structures/x4596a_x4596b_x4596c/A71EV2A-x4596a/A71EV2A-x4596a_ligand_ref.sdf,True,1815,803fd688e05e995f4859d10f1cfb13838b64464dd71cfb82e83aa99c88df4355,structures/x4596a_x4596b_x4596c/A71EV2A-x4596a/A71EV2A-x4596a_ligand_prepared.sdf,True,3226,eecce5b9aa1607a40cd5d880eaa9ec12c6c52cd0cbab97282add13dfa768f0fa,2221,2154,67,40,2097,2097,,,True,1,20,20,0,C:15;N:3;O:2,True,1,37,20,0,C:15;H:17;N:3;O:2
409,A71EV2A-x4596c,x4596a_x4596b_x4596c,NC(=O)[C@H]1CCC(=O)N(Cc2ccc3cc[nH]c3c2)C1,4.6117,False,False,True,True,True,50.5372,20,10.1074,structures/x4596a_x4596b_x4596c/A71EV2A-x4596c,structures/x4596a_x4596b_x4596c/A71EV2A-x4596c/A71EV2A-x4596c_complex_ref.pdb,True,380619,5b01ea863da22fe1eae055756fd770580eaab08512000dfde29fbcb75518d4de,structures/x4596a_x4596b_x4596c/A71EV2A-x4596c/A71EV2A-x4596c_prepared.pdb,True,170009,d8fd07c38a92698f6176fadd16d767062a29e0e9d3932c874b0aa0daf4ad042a,structures/x4596a_x4596b_x4596c/A71EV2A-x4596c/A71EV2A-x4596c_ligand_ref.sdf,True,1815,22b3c154717f27713b931ebdbc42022cb37d0bec56ef0d2288decc9fbc8a4d2e,structures/x4596a_x4596b_x4596c/A71EV2A-x4596c/A71EV2A-x4596c_ligand_prepared.sdf,True,3226,e74c5537042f7a1670a2279f73d7d79bca3deb8616507d8c44dc573aeeb7dd2b,2220,2154,66,40,2097,2097,,,True,1,20,20,0,C:15;N:3;O:2,True,1,37,20,0,C:15;H:17;N:3;O:2
410,A71EV2A-x4596b,x4596a_x4596b_x4596c,NC(=O)[C@H]1CCC(=O)N(Cc2ccc3cc[nH]c3c2)C1,4.6117,False,False,True,True,False,46.9769,95.4545,44.8416,structures/x4596a_x4596b_x4596c/A71EV2A-x4596b,structures/x4596a_x4596b_x4596c/A71EV2A-x4596b/A71EV2A-x4596b_complex_ref.pdb,True,383697,0da4ba9e477dfa19bbf34c48139123c8cd75a44c0eb892b2fca9c7d57f68a7f8,structures/x4596a_x4596b_x4596c/A71EV2A-x4596b/A71EV2A-x4596b_prepared.pdb,True,170009,182d4ff16136183fd9f73c850cf3e483a76de46240fae29981c22d57e78ed971,structures/x4596a_x4596b_x4596c/A71EV2A-x4596b/A71EV2A-x4596b_ligand_ref.sdf,True,1815,01a7026c1928f6950d18af91be3ec3e0cde2e8de27e84068d9c8d928dc4539df,structures/x4596a_x4596b_x4596c/A71EV2A-x4596b/A71EV2A-x4596b_ligand_prepared.sdf,True,3226,e58568aa8f357f3196c12548a20f3efd3b23b8f03b86eb01a4a59797ff948582,2237,2154,83,60,2097,2097,,,True,1,20,20,0,C:15;N:3;O:2,True,1,37,20,0,C:15;H:17;N:3;O:2
411,A71EV2A-x4606a,x4606a_x4606b,NC(=O)[C@H]1CCCN(C(=O)[C@@H]2SCc3cccnc32)C1,4.6038,False,False,True,True,False,45.5261,91.3043,41.5673,structures/x4606a_x4606b/A71EV2A-x4606a,structures/x4606a_x4606b/A71EV2A-x4606a/A71EV2A-x4606a_complex_ref.pdb,True,378916,629a8d1ef182265272167eb5650fdad856f4c29b83d51b71afa5838b06b937b6,structures/x4606a_x4606b/A71EV2A-x4606a/A71EV2A-x4606a_prepared.pdb,True,170009,8a0812c7599b40ea8a8ad14e93bc8f20e1080cbd56e9eafeffcd10f368b6b712,structures/x4606a_x4606b/A71EV2A-x4606a/A71EV2A-x4606a_ligand_ref.sdf,True,1815,7cbb4d633a1cd73d422848e04c3232e6e4f0bb13c2f3d52c595378ad8b62d4e7,structures/x4606a_x4606b/A71EV2A-x4606a/A71EV2A-x4606a_ligand_prepared.sdf,True,3226,742ffc376ff8b37100bb52e2bfe294a3a3e0ca9a837ca574c4180836e0c49d8b,2221,2154,67,40,2097,2097,,,True,1,20,20,0,C:14;N:3;O:2;S:1,True,1,37,20,0,C:14;H:17;N:3;O:2;S:1
412,A71EV2A-x4606b,x4606a_x4606b,NC(=O)[C@H]1CCCN(C(=O)[C@@H]2SCc3cccnc32)C1,4.6038,False,False,True,True,False,45.694,95.4545,43.617,structures/x4606a_x4606b/A71EV2A-x4606b,structures/x4606a_x4606b/A71EV2A-x4606b/A71EV2A-x4606b_complex_ref.pdb,True,378754,4239d274859179e7d3a96e1a816c2686c5d7c16948b59dc7481d299c31917586,structures/x4606a_x4606b/A71EV2A-x4606b/A71EV2A-x4606b_prepared.pdb,True,170009,c01a31bd5c270e3bd06975887b2ecbb82c1e5c81ef23a4adf5a88c3679a05c27,structures/x4606a_x4606b/A71EV2A-x4606b/A71EV2A-x4606b_ligand_ref.sdf,True,1815,37cae5184d0d2ce4c3ab03f86ec9c7d9c22a5687fb004396e111eb97ee1f1883,structures/x4606a_x4606b/A71EV2A-x4606b/A71EV2A-x4606b_ligand_prepared.sdf,True,3226,7e34dbb32f1aa39ee81d8ca592317e77a15d044baa7b452751740d5b0ca6e949,2219,2154,65,40,2097,2097,,,True,1,20,20,0,C:14;N:3;O:2;S:1,True,1,37,20,0,C:14;H:17;N:3;O:2;S:1
413,A71EV2A-x4608a,x4608a,Cn1cc2c(n1)CCC[C@@H]2C(=O)N1CCC[C@H](C(N)=O)C1,3.7496,False,False,True,True,False,45.0774,95.8333,43.1992,structures/x4608a/A71EV2A-x4608a,structures/x4608a/A71EV2A-x4608a/A71EV2A-x4608a_complex_ref.pdb,True,196824,b2e45a3e926bbf23fcd1c74e277438c4b7ad7607bfbb20a9bbe417f2aea37647,structures/x4608a/A71EV2A-x4608a/A71EV2A-x4608a_prepared.pdb,True,170009,1aadeba46584a67bafd141ad383d83a6975744dabcb7bbc94785bd6406bdd763,structures/x4608a/A71EV2A-x4608a/A71EV2A-x4608a_ligand_ref.sdf,True,1898,cdfdad59431a135d1e7bb4b972493c662eff3fffb23aba0d0be1a5ed1254f108,structures/x4608a/A71EV2A-x4608a/A71EV2A-x4608a_ligand_prepared.sdf,True,3724,8de21de047448da621d4b0e0cbd5aafdcd2e7e5f77b1c427b3800bdd5a75e789,1110,1077,33,21,2097,2097,,,True,1,21,21,0,C:15;N:4;O:2,True,1,43,21,0,C:15;H:22;N:4;O:2
414,A71EV2A-x4611a,x4611a_x4611b,NC(=O)[C@H]1CCC(=O)N(Cc2noc3ccccc23)C1,,False,False,True,True,False,46.3587,95.6522,44.3431,structures/x4611a_x4611b/A71EV2A-x4611a,structures/x4611a_x4611b/A71EV2A-x4611a/A71EV2A-x4611a_complex_ref.pdb,True,378671,2a41daaa15aa5051f0582dde6b1a5294e381eb6ba8976e1c07b2839298999453,structures/x4611a_x4611b/A71EV2A-x4611a/A71EV2A-x4611a_prepared.pdb,True,170009,0087c381c6caf8503fc42900862cbf7972129e47804d8ca6e6dec1e054f6f1c4,structures/x4611a_x4611b/A71EV2A-x4611a/A71EV2A-x4611a_ligand_ref.sdf,True,1815,51b318d0cc8506d8c83a92e30f4cb4df9300050354ad0b409971e795c8423970,structures/x4611a_x4611b/A71EV2A-x4611a/A71EV2A-x4611a_ligand_prepared.sdf,True,3060,22f2868478143a67da24f769d475a3543fad1774d82c5dcd40b5a801c91b93bb,2218,2154,64,40,2097,2097,,,True,1,20,20,0,C:14;N:3;O:3,True,1,35,20,0,C:14;H:15;N:3;O:3
415,A71EV2A-x4611b,x4611a_x4611b,NC(=O)[C@H]1CCC(=O)N(Cc2noc3ccccc23)C1,,False,False,True,True,False,42.978,95.4545,41.0245,structures/x4611a_x4611b/A71EV2A-x4611b,structures/x4611a_x4611b/A71EV2A-x4611b/A71EV2A-x4611b_complex_ref.pdb,True,378590,e407df2bafc3ec192420dc00238e593735ea5874aa1af7cacd42ceec3ad04882,structures/x4611a_x4611b/A71EV2A-x4611b/A71EV2A-x4611b_prepared.pdb,True,170009,e2dd30db9753e3c475ceda4585a12dc9ca06ca346660528ac22afb2403a37e58,structures/x4611a_x4611b/A71EV2A-x4611b/A71EV2A-x4611b_ligand_ref.sdf,True,1815,87cc210724aa302bc39e2ab8c7bab0e36adce15ea54bb4ec88a8ea5e8d7b0e47,structures/x4611a_x4611b/A71EV2A-x4611b/A71EV2A-x4611b_ligand_prepared.sdf,True,3060,2ac8502fd338822e22dd047434398778e698909473c999e615b281a9213ec430,2217,2154,63,40,2097,2097,,,True,1,20,20,0,C:14;N:3;O:3,True,1,35,20,0,C:14;H:15;N:3;O:3
416,A71EV2A-x4644a,x4644a_x4644b,NC(=O)[C@H]1CCCN(C(=O)Cc2ccc(F)c(F)c2Br)C1,,False,False,True,True,False,41.6069,91.6667,38.1396,structures/x4644a_x4644b/A71EV2A-x4644a,structures/x4644a_x4644b/A71EV2A-x4644a/A71EV2A-x4644a_complex_ref.pdb,True,377213,07e43c3a45e7d01cd09b7ec5b9d17469618d221711ed5d3d38c0f3735c3b0779,structures/x4644a_x4644b/A71EV2A-x4644a/A71EV2A-x4644a_prepared.pdb,True,170009,1cd7547efa00125ebc681f74c5e3e1783e834f03af0bb96c7c7a6c32b117871e,structures/x4644a_x4644b/A71EV2A-x4644a/A71EV2A-x4644a_ligand_ref.sdf,True,1885,948f6147226d89f8a570203a413655840a38aecc776599182e03bc69c9d4e407,structures/x4644a_x4644b/A71EV2A-x4644a/A71EV2A-x4644a_ligand_prepared.sdf,True,3130,6f3ccd8b43adb9ad73a7ebe299241d71010c6e6802c0bb3cd20a5af125942321,2219,2154,65,42,2097,2097,,,True,1,21,21,0,Br:1;C:14;F:2;N:2;O:2,True,1,36,21,0,Br:1;C:14;F:2;H:15;N:2;O:2
417,A71EV2A-x4644b,x4644a_x4644b,NC(=O)[C@H]1CCCN(C(=O)Cc2ccc(F)c(F)c2Br)C1,,False,False,True,True,False,41.4965,91.3043,37.8881,structures/x4644a_x4644b/A71EV2A-x4644b,structures/x4644a_x4644b/A71EV2A-x4644b/A71EV2A-x4644b_complex_ref.pdb,True,376889,0fc6776615e6ec9b4d8b88880c8e1757ea95d72fcf73d0ac7f8dc44a5edbcd22,structures/x4644a_x4644b/A71EV2A-x4644b/A71EV2A-x4644b_prepared.pdb,True,170009,4d9778b86da04e47fe70657ae82fe45a1a3057236fc20a1bee0b44f94e5674f9,structures/x4644a_x4644b/A71EV2A-x4644b/A71EV2A-x4644b_ligand_ref.sdf,True,1885,c948f89e86eae74a3285b0f0b3604a20a297133aad3cfd0e671752ec8dfff4fb,structures/x4644a_x4644b/A71EV2A-x4644b/A71EV2A-x4644b_ligand_prepared.sdf,True,3130,1b83f22f21ab9a38d6a63628275f9ef6c3c49fdee648053932f40021474f296e,2215,2154,61,42,2097,2097,,,True,1,21,21,0,Br:1;C:14;F:2;N:2;O:2,True,1,36,21,0,Br:1;C:14;F:2;H:15;N:2;O:2
418,A71EV2A-x4650a,x4650a,NC(=O)[C@H]1CCCN(C(=O)Cc2ccccc2C(F)(F)F)C1,,False,False,True,True,False,40.3052,92,37.0808,structures/x4650a/A71EV2A-x4650a,structures/x4650a/A71EV2A-x4650a/A71EV2A-x4650a_complex_ref.pdb,True,198612,2ee967788bea1007aba5fe72ee1b26936286c2ae19e7b225a72fce8d5329d654,structures/x4650a/A71EV2A-x4650a/A71EV2A-x4650a_prepared.pdb,True,170009,22e993c7f207f2551cfd601b4ec8d45dd17d06912c4471ffc588c7d370c382ef,structures/x4650a/A71EV2A-x4650a/A71EV2A-x4650a_ligand_ref.sdf,True,1968,e5943e1d2949bb615e6587afa71df2d6f3cf8ff0e2260b6fe0e271001a3901b7,structures/x4650a/A71EV2A-x4650a/A71EV2A-x4650a_ligand_prepared.sdf,True,3379,7ebc1935240a212baae235cbaca1d21e3f1bcff89a480dee4bd2f20d3b827f85,1109,1077,32,22,2097,2097,,,True,1,22,22,0,C:15;F:3;N:2;O:2,True,1,39,22,0,C:15;F:3;H:17;N:2;O:2
419,A71EV2A-x4654a,x4654a,NC(=O)[C@H]1CCCN(C(=O)Nc2cccc3c2S(=O)(=O)CCC3)C1,4.6162,False,False,True,True,False,39.8434,92,36.6559,structures/x4654a/A71EV2A-x4654a,structures/x4654a/A71EV2A-x4654a/A71EV2A-x4654a_complex_ref.pdb,True,199503,cff731ba8f97b5b2b4efbc1cfc0522bbacc563e0909eb19e1c654be254d4a38c,structures/x4654a/A71EV2A-x4654a/A71EV2A-x4654a_prepared.pdb,True,170009,9e512b9442cf67be81e9b4fc061762ab26dc7f68225984e958199094cc6bbf1e,structures/x4654a/A71EV2A-x4654a/A71EV2A-x4654a_ligand_ref.sdf,True,2147,fcc4046de2dcc211ee4dddc6c40691af072f0f8459beec2e4ed35425580a5644,structures/x4654a/A71EV2A-x4654a/A71EV2A-x4654a_ligand_prepared.sdf,True,3890,0b030182938053f93d8041a38756ef22f0879dc2835d37fadb6a2ae2a29cacfb,1117,1077,40,24,2097,2097,,,True,1,24,24,0,C:16;N:3;O:4;S:1,True,1,45,24,0,C:16;H:21;N:3;O:4;S:1
420,A71EV2A-x4656a,x4656a,NC(=O)[C@H]1CCCN(C(=O)Nc2ccccc2SC(F)F)C1,4.3251,False,False,True,True,False,40.9723,91.6667,37.5579,structures/x4656a/A71EV2A-x4656a,structures/x4656a/A71EV2A-x4656a/A71EV2A-x4656a_complex_ref.pdb,True,200308,86cd38df49af98d9047c7844c992868764628678a0169d511d98f55f1a5973cc,structures/x4656a/A71EV2A-x4656a/A71EV2A-x4656a_prepared.pdb,True,170009,1e3b9ca3f96501155b3bb5b1c6e0123ec37cb4e093d273b40413c387d76012bf,structures/x4656a/A71EV2A-x4656a/A71EV2A-x4656a_ligand_ref.sdf,True,1968,6499e662e7e77ef797ae90f5b30d216681b2dda2061dfdcf7379ea0f8e2dd006,structures/x4656a/A71EV2A-x4656a/A71EV2A-x4656a_ligand_prepared.sdf,True,3379,1fc5414106cc0de9590f4844658fcce9f280496a340b12a962791327b10bfc96,1111,1077,34,22,2097,2097,,,True,1,22,22,0,C:14;F:2;N:3;O:2;S:1,True,1,39,22,0,C:14;F:2;H:17;N:3;O:2;S:1
421,A71EV2A-x4661a,x4661a,COc1ccccc1[C@H](C)N1C[C@@H](C(N)=O)CCC1=O,5.566,False,False,True,True,False,44.9534,95.4545,42.9101,structures/x4661a/A71EV2A-x4661a,structures/x4661a/A71EV2A-x4661a/A71EV2A-x4661a_complex_ref.pdb,True,202092,be7bf087abee5a4efa9132691eec617a5c86e775ea1df51ecd644294548b13bf,structures/x4661a/A71EV2A-x4661a/A71EV2A-x4661a_prepared.pdb,True,170009,7611824190087ef7ddb99208a9c265a54603d53b7414f22ee4f13953d2bd7ad8,structures/x4661a/A71EV2A-x4661a/A71EV2A-x4661a_ligand_ref.sdf,True,1803,5422eaa5a3e3c422099f28837ec6ae8520f523e804544dca49c3833039e354ab,structures/x4661a/A71EV2A-x4661a/A71EV2A-x4661a_ligand_prepared.sdf,True,3463,79d4917082c711cfe3ca87ceb2f0c2e0187585847cb3236735950b7f8f29f5ac,1103,1077,26,20,2097,2097,,,True,1,20,20,0,C:15;N:2;O:3,True,1,40,20,0,C:15;H:20;N:2;O:3
422,A71EV2A-x4669a,x4669a_x4669b,NC(=O)[C@H]1CCCN(C(=O)Cc2cc3c(cc2Cl)OCCO3)C1,4.0372,False,False,True,True,False,39.1984,91.3043,35.7899,structures/x4669a_x4669b/A71EV2A-x4669a,structures/x4669a_x4669b/A71EV2A-x4669a/A71EV2A-x4669a_complex_ref.pdb,True,382884,c4ca9fd5b9bbeb49aa9193fe922a58696280d6bcbe1d89b19084d797f5327091,structures/x4669a_x4669b/A71EV2A-x4669a/A71EV2A-x4669a_prepared.pdb,True,170009,7377b68c2f5a70d7e21a2fe4ed5b3aa84e3c303cfb0ae35f02b81feb382a3b72,structures/x4669a_x4669b/A71EV2A-x4669a/A71EV2A-x4669a_ligand_ref.sdf,True,2064,87416f775b75249f954874c050a9d1609307d030a122e323fce22a4bd43e8979,structures/x4669a_x4669b/A71EV2A-x4669a/A71EV2A-x4669a_ligand_prepared.sdf,True,3641,7d7eda72a72d0f486e8acb05e3f5586d29a37834a412e66149a699fdc8271c46,2245,2157,88,46,2097,2097,,,True,1,23,23,0,C:16;Cl:1;N:2;O:4,True,1,42,23,0,C:16;Cl:1;H:19;N:2;O:4
423,A71EV2A-x4669b,x4669a_x4669b,NC(=O)[C@H]1CCCN(C(=O)Cc2cc3c(cc2Cl)OCCO3)C1,4.0372,False,False,True,True,False,38.7004,91.3043,35.3351,structures/x4669a_x4669b/A71EV2A-x4669b,structures/x4669a_x4669b/A71EV2A-x4669b/A71EV2A-x4669b_complex_ref.pdb,True,382317,7018732803fa6636cc49f0fa277e9b5f6dee98193c9e4295e0c2f647a129dbc4,structures/x4669a_x4669b/A71EV2A-x4669b/A71EV2A-x4669b_prepared.pdb,True,170009,6180249de57c71f2571d07ec433d50885d9f9de1ed1e13c8dc4b80b631495f4d,structures/x4669a_x4669b/A71EV2A-x4669b/A71EV2A-x4669b_ligand_ref.sdf,True,2064,e2c81a26e60afea2ccb83cedb45c160347b98c81e855c4fbcd7cdbe8e07a4dbd,structures/x4669a_x4669b/A71EV2A-x4669b/A71EV2A-x4669b_ligand_prepared.sdf,True,3641,1fa88c9665085f83943b5cc7468a8baf8757bd5ef81057a9dccde1805b7054e9,2238,2157,81,46,2097,2097,,,True,1,23,23,0,C:16;Cl:1;N:2;O:4,True,1,42,23,0,C:16;Cl:1;H:19;N:2;O:4
424,A71EV2A-x4670a,x4670a,CSc1cccc(Br)c1CC(=O)N1CCC[C@H](C(N)=O)C1,5.2396,False,False,True,True,False,45.0007,87.5,39.3756,structures/x4670a/A71EV2A-x4670a,structures/x4670a/A71EV2A-x4670a/A71EV2A-x4670a_complex_ref.pdb,True,199098,5de36c14a5e79118764c2dd9370133012453c539a2f740a5b5d2330bf89ea804,structures/x4670a/A71EV2A-x4670a/A71EV2A-x4670a_prepared.pdb,True,170009,f99d7764b232103369e8df9327a109be4d520cda4b9a1d5d63f894c183389d26,structures/x4670a/A71EV2A-x4670a/A71EV2A-x4670a_ligand_ref.sdf,True,1885,85e8140839c9dfd9f60f527d01a4282aa2846aac2e99af18c38292af1e2827a2,structures/x4670a/A71EV2A-x4670a/A71EV2A-x4670a_ligand_prepared.sdf,True,3462,8a9137f1edbaf70b2d1e5d623eb2f60854f4c87e30c447d351c0510717b092b0,1104,1077,27,21,2097,2097,,,True,1,21,21,0,Br:1;C:15;N:2;O:2;S:1,True,1,40,21,0,Br:1;C:15;H:19;N:2;O:2;S:1
425,A71EV2A-x4673a,x4673a_x4673b,NC(=O)[C@H]1CCCN(C(=O)Cc2cc3c(cc2Br)OCO3)C1,,False,False,True,True,False,44.6834,91.3043,40.7979,structures/x4673a_x4673b/A71EV2A-x4673a,structures/x4673a_x4673b/A71EV2A-x4673a/A71EV2A-x4673a_complex_ref.pdb,True,382317,d785ec29c91a595e845825dda266114648eaede8decdf7f54e4d724aec2f6370,structures/x4673a_x4673b/A71EV2A-x4673a/A71EV2A-x4673a_prepared.pdb,True,170009,245e194eb3d33c11c620f38307b12964d667b7def2a301584d0aad9ccfd81f45,structures/x4673a_x4673b/A71EV2A-x4673a/A71EV2A-x4673a_ligand_ref.sdf,True,1981,a79307e7118da5a1444b649df7e45e3a9c433d126dcb54087d9048650307702b,structures/x4673a_x4673b/A71EV2A-x4673a/A71EV2A-x4673a_ligand_prepared.sdf,True,3392,647a51edcabcbb6f99e4042fe0f9aae329df755678fd3457074ab8f4b309b27b,2239,2159,80,44,2097,2097,,,True,1,22,22,0,Br:1;C:15;N:2;O:4,True,1,39,22,0,Br:1;C:15;H:17;N:2;O:4
426,A71EV2A-x4673b,x4673a_x4673b,NC(=O)[C@H]1CCCN(C(=O)Cc2cc3c(cc2Br)OCO3)C1,,False,False,True,True,False,44.3782,91.3043,40.5192,structures/x4673a_x4673b/A71EV2A-x4673b,structures/x4673a_x4673b/A71EV2A-x4673b/A71EV2A-x4673b_complex_ref.pdb,True,381831,364f5d7e67f9aabc4fe731f422c01a72634ae9ae763a622cdc8d3ab1dde977d6,structures/x4673a_x4673b/A71EV2A-x4673b/A71EV2A-x4673b_prepared.pdb,True,170009,a4f7b935b5480ae5b575d03798d1a085e15e29a8569b8fee9003bfc2f897f0ff,structures/x4673a_x4673b/A71EV2A-x4673b/A71EV2A-x4673b_ligand_ref.sdf,True,1981,69d40239c1ffc8430813fbc84ed607937ddc8a81a74f4afc81079f66b2f4e41c,structures/x4673a_x4673b/A71EV2A-x4673b/A71EV2A-x4673b_ligand_prepared.sdf,True,3392,f24ec3810540127d1a2483b88eba200383647db26e7716ff4171d76bef30535f,2233,2159,74,44,2097,2097,,,True,1,22,22,0,Br:1;C:15;N:2;O:4,True,1,39,22,0,Br:1;C:15;H:17;N:2;O:4
427,A71EV2A-x4674a,x4674a_x4674b_x4674c,NC(=O)[C@H]1CCCN(C(=O)Nc2cccc3c2SCCC3)C1,4.5141,False,False,True,True,False,47.3249,91.6667,43.3811,structures/x4674a_x4674b_x4674c/A71EV2A-x4674a,structures/x4674a_x4674b_x4674c/A71EV2A-x4674a/A71EV2A-x4674a_complex_ref.pdb,True,379400,a77f475a2349bacedb53e40631de3fcf85f132b3419b076e5896654b99db7c27,structures/x4674a_x4674b_x4674c/A71EV2A-x4674a/A71EV2A-x4674a_prepared.pdb,True,170009,5c4cdeaac5c0503b79274be7f4027d0232f333b01c67980485b05dfb529f02f0,structures/x4674a_x4674b_x4674c/A71EV2A-x4674a/A71EV2A-x4674a_ligand_ref.sdf,True,1981,d571c7b8dad58705fe771fde2ceb2da36c534efa44dd0bbf6c9294595d76e00f,structures/x4674a_x4674b_x4674c/A71EV2A-x4674a/A71EV2A-x4674a_ligand_prepared.sdf,True,3724,72c6f41d81bcbb57cf06cb2f1a18861d7caba5b1594bcf7800f7bad6e3a776cd,2242,2154,88,66,2097,2097,,,True,1,22,22,0,C:16;N:3;O:2;S:1,True,1,43,22,0,C:16;H:21;N:3;O:2;S:1
428,A71EV2A-x4674b,x4674a_x4674b_x4674c,NC(=O)[C@H]1CCCN(C(=O)Nc2cccc3c2SCCC3)C1,4.5141,False,False,True,True,False,50.4164,95.8333,48.3157,structures/x4674a_x4674b_x4674c/A71EV2A-x4674b,structures/x4674a_x4674b_x4674c/A71EV2A-x4674b/A71EV2A-x4674b_complex_ref.pdb,True,375593,05adddfa21cf9ef29b276e16eda6f8fbdfd8660b31122b82f86a6c2cf9869acd,structures/x4674a_x4674b_x4674c/A71EV2A-x4674b/A71EV2A-x4674b_prepared.pdb,True,170009,2c0101a91725f47aa0a6fa9502af7242fcc39acbd868d5aa7e4059234b5b7b3b,structures/x4674a_x4674b_x4674c/A71EV2A-x4674b/A71EV2A-x4674b_ligand_ref.sdf,True,1981,5487fd1ca19e82c4d476c70970101003ae72945d98bbb47af9186cb82813fe1c,structures/x4674a_x4674b_x4674c/A71EV2A-x4674b/A71EV2A-x4674b_ligand_prepared.sdf,True,3724,debffaad4a8596f2e311bcf627ba340d5954095167dbc27b760273ab1b3082fc,2217,2154,63,44,2097,2097,,,True,1,22,22,0,C:16;N:3;O:2;S:1,True,1,43,22,0,C:16;H:21;N:3;O:2;S:1
429,A71EV2A-x4674c,x4674a_x4674b_x4674c,NC(=O)[C@H]1CCCN(C(=O)Nc2cccc3c2SCCC3)C1,4.5141,False,False,True,True,False,44.8289,91.3043,40.9308,structures/x4674a_x4674b_x4674c/A71EV2A-x4674c,structures/x4674a_x4674b_x4674c/A71EV2A-x4674c/A71EV2A-x4674c_complex_ref.pdb,True,375593,0fa8c71fbc91074157f278d27748e30943e0d00e83abf853f5bd8e31ae9c22cc,structures/x4674a_x4674b_x4674c/A71EV2A-x4674c/A71EV2A-x4674c_prepared.pdb,True,170009,8f08ae5bd56a8dbda90fb1cf1626252a895bdd559c44697d688391741df1fb1c,structures/x4674a_x4674b_x4674c/A71EV2A-x4674c/A71EV2A-x4674c_ligand_ref.sdf,True,1981,b914226d355e691cddd6842d0c18335e66783380c23df63a39939e4031a3111d,structures/x4674a_x4674b_x4674c/A71EV2A-x4674c/A71EV2A-x4674c_ligand_prepared.sdf,True,3724,1cb45d782f1de374c6e4ca880a97581b973441d6c5b39e79cdf1394f8c8780b3,2217,2154,63,44,2097,2097,,,True,1,22,22,0,C:16;N:3;O:2;S:1,True,1,43,22,0,C:16;H:21;N:3;O:2;S:1
430,A71EV2A-x4675a,x4675a,CS(=O)(=O)c1ccccc1CC(=O)N1CCC[C@H](C(N)=O)C1,4.0182,False,False,True,True,False,43.1866,91.6667,39.5878,structures/x4675a/A71EV2A-x4675a,structures/x4675a/A71EV2A-x4675a/A71EV2A-x4675a_complex_ref.pdb,True,198526,f287aa5c7ec2299f54edfd99c94509497df3b49ccab8d4517abcbdc7f336c209,structures/x4675a/A71EV2A-x4675a/A71EV2A-x4675a_prepared.pdb,True,170009,155294ca0d58d00c9ba09f4ef02f3b08770dd26dcb4af7cd39c434fc86990620,structures/x4675a/A71EV2A-x4675a/A71EV2A-x4675a_ligand_ref.sdf,True,1968,fd9a4a0a7092b5040d6499211dcf371b94daa558d3df46df604bea91af9bd30a,structures/x4675a/A71EV2A-x4675a/A71EV2A-x4675a_ligand_prepared.sdf,True,3628,fe25009bcde2f1b3370efc52ea6e5aed07f30e6fa5a9377c70ce96bd774c9603,1110,1077,33,22,2097,2097,,,True,1,22,22,0,C:15;N:2;O:4;S:1,True,1,42,22,0,C:15;H:20;N:2;O:4;S:1
431,A71EV2A-x4684a,x4684a,CSc1ccccc1N(C)C(=O)N1CC[C@H](C(N)=O)C1,4.6402,False,False,True,True,False,47.8652,92.3077,44.1833,structures/x4684a/A71EV2A-x4684a,structures/x4684a/A71EV2A-x4684a/A71EV2A-x4684a_complex_ref.pdb,True,200471,dada1769bf16250fabe540524673837e92e102cd10edfe9a15aeee2e6011734f,structures/x4684a/A71EV2A-x4684a/A71EV2A-x4684a_prepared.pdb,True,171224,76622b45bebb40d957bc35ee868f0dac971484cac2800dd3bc651ceec9b2e8c4,structures/x4684a/A71EV2A-x4684a/A71EV2A-x4684a_ligand_ref.sdf,True,1802,787a2d73a37d41cd47c819933133ae35b75297446d78d5e48ecd91926a3698df,structures/x4684a/A71EV2A-x4684a/A71EV2A-x4684a_ligand_prepared.sdf,True,3379,e91b4f6c868566e42e66a67845d2f3c508cc408ea9d0466124b95799890916c5,1127,1094,33,20,2112,2112,,,True,1,20,20,0,C:14;N:3;O:2;S:1,True,1,39,20,0,C:14;H:19;N:3;O:2;S:1
432,A71EV2A-x4689a,x4689a,CSc1cnccc1CC(=O)N1CCC[C@H](C(N)=O)C1,4.4079,False,False,True,True,False,42.5717,92,39.166,structures/x4689a/A71EV2A-x4689a,structures/x4689a/A71EV2A-x4689a/A71EV2A-x4689a_complex_ref.pdb,True,198119,8ae43dcc624cacf0b0ab46f51d398d955e016ddf45d425d4c5765ccab38b55fa,structures/x4689a/A71EV2A-x4689a/A71EV2A-x4689a_prepared.pdb,True,170009,03d4ac841108c5e4b4eb91f4782631230f4447aa219f74bff06c012992503229,structures/x4689a/A71EV2A-x4689a/A71EV2A-x4689a_ligand_ref.sdf,True,1802,e15fc2d52c87f9e8330080d4eb649cec896af2b44fb8bab7ec930cc69b55de50,structures/x4689a/A71EV2A-x4689a/A71EV2A-x4689a_ligand_prepared.sdf,True,3379,6062fedc1b84efc7a71efc33c6653fc1ed110aea4503cc3b58f8cc3d72cffd9f,1107,1077,30,20,2097,2097,,,True,1,20,20,0,C:14;N:3;O:2;S:1,True,1,39,20,0,C:14;H:19;N:3;O:2;S:1
433,A71EV2A-x4694a,x4694a,CSc1ccccc1CN1C[C@H](C(N)=O)CCC1=O,4.644,False,False,True,True,False,54.1159,95.4545,51.6561,structures/x4694a/A71EV2A-x4694a,structures/x4694a/A71EV2A-x4694a/A71EV2A-x4694a_complex_ref.pdb,True,201119,7a40bf7b47540d440e8bc2cca3ae194584c648466937867beb3e00806e42accf,structures/x4694a/A71EV2A-x4694a/A71EV2A-x4694a_prepared.pdb,True,171224,465b8cbdc85f2676a78020cf1641ff0866b72e50b6cdeab1475efbdb58375942,structures/x4694a/A71EV2A-x4694a/A71EV2A-x4694a_ligand_ref.sdf,True,1719,b7a94fd5edbc017d9e60e81a47f55a72d8c02636f32c9f6ee1dd02cf8d14d79c,structures/x4694a/A71EV2A-x4694a/A71EV2A-x4694a_ligand_prepared.sdf,True,3213,e97558b467b514d794f425da8e733b63caf4b371977365893fd7e3e85f91bc31,1141,1100,41,19,2112,2112,,,True,1,19,19,0,C:14;N:2;O:2;S:1,True,1,37,19,0,C:14;H:18;N:2;O:2;S:1
434,A71EV2A-x4695a,x4695a,CSc1ccccc1CN1C[C@@H](C(N)=O)CCC1=O,,False,False,True,True,False,51.6973,95.6522,49.4496,structures/x4695a/A71EV2A-x4695a,structures/x4695a/A71EV2A-x4695a/A71EV2A-x4695a_complex_ref.pdb,True,198282,1aa428bab524c94f6009698da6102998d324ca9a03a55957818461583bddf1f5,structures/x4695a/A71EV2A-x4695a/A71EV2A-x4695a_prepared.pdb,True,170009,4fa169a55d310b917fa4ad57f5af69e47fd3e042b474fef42aefd55f784270af,structures/x4695a/A71EV2A-x4695a/A71EV2A-x4695a_ligand_ref.sdf,True,1719,207f37c9b502435f0e54547afe0569244f20424d92cfa97dab66d9b4d6630fad,structures/x4695a/A71EV2A-x4695a/A71EV2A-x4695a_ligand_prepared.sdf,True,3213,c1caac353020247c6a8eb733cbd1092541d6aba2b9ed637366d1f5fb9b7f8cf1,1110,1077,33,19,2097,2097,,,True,1,19,19,0,C:14;N:2;O:2;S:1,True,1,37,19,0,C:14;H:18;N:2;O:2;S:1
435,A71EV2A-x4701a,x4701a,CSCC1(CC(=O)N2CCC[C@H](C(N)=O)C2)CC1,4.027,False,False,True,True,False,43.3811,92.3077,40.0441,structures/x4701a/A71EV2A-x4701a,structures/x4701a/A71EV2A-x4701a/A71EV2A-x4701a_complex_ref.pdb,True,380943,594a10e7673d99a5daf115ba5f0da595d384e9f7fcfe1e09bce310718e5de2d7,structures/x4701a/A71EV2A-x4701a/A71EV2A-x4701a_prepared.pdb,True,171224,fbd614418579d65e5fb8aa4af408d66365b29a07cd4f46d11d48f2a3dd3eb1a7,structures/x4701a/A71EV2A-x4701a/A71EV2A-x4701a_ligand_ref.sdf,True,1636,34243578f112a7e6f67b6c69679f046d59573a68db0f19758b5c77cb467d69a7,structures/x4701a/A71EV2A-x4701a/A71EV2A-x4701a_ligand_prepared.sdf,True,3462,75c1e756846a0e5ca0abaf417ee28a5c5296495eb24ab27ca93d4cd1c13cb124,2221,2180,41,18,2112,2112,,,True,1,18,18,0,C:13;N:2;O:2;S:1,True,1,40,18,0,C:13;H:22;N:2;O:2;S:1
436,A71EV2A-x4703a,x4703a,CSc1cn(C)nc1NC(=O)N1CCC[C@H](C(N)=O)C1,3.761,False,False,True,True,False,48.9641,91.3043,44.7064,structures/x4703a/A71EV2A-x4703a,structures/x4703a/A71EV2A-x4703a/A71EV2A-x4703a_complex_ref.pdb,True,196095,c4172546e104a31cf4d515dce41d6f72e47018534b0d80a3c0ef6953603f0bc5,structures/x4703a/A71EV2A-x4703a/A71EV2A-x4703a_prepared.pdb,True,170009,dbc829235c7956c0e830a6a18b969ffe59d9b14c736262069b83b545d33885a0,structures/x4703a/A71EV2A-x4703a/A71EV2A-x4703a_ligand_ref.sdf,True,1802,378ee11ebb0ed1acbc70a2b30040b28aac47f11c9591cce011d9bac871b0bcf6,structures/x4703a/A71EV2A-x4703a/A71EV2A-x4703a_ligand_prepared.sdf,True,3379,816e25ab232d9ceceba326cf8b834d07b501f5eb76fa9015ffbe51b90306239d,1120,1077,43,20,2097,2097,,,True,1,20,20,0,C:12;N:5;O:2;S:1,True,1,39,20,0,C:12;H:19;N:5;O:2;S:1
437,A71EV2A-x4706a,x4706a,NC(=O)[C@H]1CCCN(C(=O)C2CCSCC2)C1,4.6038,False,False,True,True,False,42.6906,90.4762,38.6248,structures/x4706a/A71EV2A-x4706a,structures/x4706a/A71EV2A-x4706a/A71EV2A-x4706a_complex_ref.pdb,True,378755,975f169720350242d12d51285eb9c6aceae5b6221c227e4a0bd266792a630334,structures/x4706a/A71EV2A-x4706a/A71EV2A-x4706a_prepared.pdb,True,171224,e85fac9a2612d51a068757f7f802d5768d42842ae2e91f03f5fb3d3edc3e88ac,structures/x4706a/A71EV2A-x4706a/A71EV2A-x4706a_ligand_ref.sdf,True,1553,c99d6aa8ee1e91670346546870845da42543765ab3c3dcd0d56d82c69b2c7acf,structures/x4706a/A71EV2A-x4706a/A71EV2A-x4706a_ligand_prepared.sdf,True,3213,74552cae6b429ddf8d78128c2eb48e638bced73981d806edec28dc2d7a74cc02,2229,2189,40,17,2112,2112,,,True,1,17,17,0,C:12;N:2;O:2;S:1,True,1,37,17,0,C:12;H:20;N:2;O:2;S:1
438,A71EV2A-x4707a,x4707a,NC(=O)[C@H]1CCCN(C(=O)CC2CSC2)C1,4.6073,False,False,True,True,False,45.3552,95,43.0875,structures/x4707a/A71EV2A-x4707a,structures/x4707a/A71EV2A-x4707a/A71EV2A-x4707a_complex_ref.pdb,True,376893,de0852f69f46581b657dfe675de5ecfe2c6c7861b7c1bcce6a28e9ed5ac2edb9,structures/x4707a/A71EV2A-x4707a/A71EV2A-x4707a_prepared.pdb,True,171224,a26a0eff0a05cc92b8103247ca7af101f4529b48a2f33249a587f6586a76f4fd,structures/x4707a/A71EV2A-x4707a/A71EV2A-x4707a_ligand_ref.sdf,True,1470,87572b76f8251b0f9729ecf3fe865755202adf17259f3f99802fc71d454d22fb,structures/x4707a/A71EV2A-x4707a/A71EV2A-x4707a_ligand_prepared.sdf,True,2964,f2d19c46b30a292753192c2e52bdd5a11f7bab89a08d61f29699804a577fe2f6,2214,2180,34,16,2112,2112,,,True,1,16,16,0,C:11;N:2;O:2;S:1,True,1,34,16,0,C:11;H:18;N:2;O:2;S:1
439,A71EV2A-x4708a,x4708a,NC(=O)[C@H]1CCCN(C(=O)C2(O)CCSCC2)C1,4.3883,False,False,True,True,False,41.4522,86.3636,35.7996,structures/x4708a/A71EV2A-x4708a,structures/x4708a/A71EV2A-x4708a/A71EV2A-x4708a_complex_ref.pdb,True,377377,64aa63c97e1c64dd8697bb77b10904693e439c63dd64a6f46c0ff95318a2e308,structures/x4708a/A71EV2A-x4708a/A71EV2A-x4708a_prepared.pdb,True,171224,1d0cca4f8e131d8b8909a1b0680f7029226fb5ec5852c71c2940ad9bb0beead5,structures/x4708a/A71EV2A-x4708a/A71EV2A-x4708a_ligand_ref.sdf,True,1636,7ad4f6d8ee3c6030404ff3fadf3f36a847423fc907c27cdf1dbf67b1dc8bab24,structures/x4708a/A71EV2A-x4708a/A71EV2A-x4708a_ligand_prepared.sdf,True,3296,171c8c4353ce04e7a84a189cb6bfd199aa5987db87833a5012614cf45230afc1,2220,2180,40,18,2112,2112,,,True,1,18,18,0,C:12;N:2;O:3;S:1,True,1,38,18,0,C:12;H:20;N:2;O:3;S:1
440,A71EV2A-x4710a,x4710a,CSc1cccc(CN2C[C@H](C(N)=O)CCC2=O)c1,4.6109,False,False,True,True,False,40.1718,92,36.9581,structures/x4710a/A71EV2A-x4710a,structures/x4710a/A71EV2A-x4710a/A71EV2A-x4710a_complex_ref.pdb,True,204606,3bd849b1a45522337667c170389eacee8f5175b82876190fbcde11058bd07df3,structures/x4710a/A71EV2A-x4710a/A71EV2A-x4710a_prepared.pdb,True,171224,4a0a95a7a519d8d548581e5b3aad27a276c8ebfbea183bb3835275ef3494e534,structures/x4710a/A71EV2A-x4710a/A71EV2A-x4710a_ligand_ref.sdf,True,1719,bc489c27186416e1593cc208f1c88a87715181535eb93110feba77185f7ea904,structures/x4710a/A71EV2A-x4710a/A71EV2A-x4710a_ligand_prepared.sdf,True,3213,64a1b5c6407ac84eb3d361eb55c5dffe8025411b19931d9fe177ab787e470332,1142,1100,42,19,2112,2112,,,True,1,19,19,0,C:14;N:2;O:2;S:1,True,1,37,19,0,C:14;H:18;N:2;O:2;S:1
441,A71EV2A-x4711a,x4711a,CSc1cccc(CN2C[C@@H](C(N)=O)CCC2=O)c1,,False,False,True,True,False,45.411,91.6667,41.6267,structures/x4711a/A71EV2A-x4711a,structures/x4711a/A71EV2A-x4711a/A71EV2A-x4711a_complex_ref.pdb,True,201609,996e113b52e06906d9375b668edb1cd1db4eea1dd5ab197db412e878e6525f68,structures/x4711a/A71EV2A-x4711a/A71EV2A-x4711a_prepared.pdb,True,170009,d1492524dbdb4ebc1ed565882ffdba0bad6fca384d5d5c5cb8a11f3c6bd4867f,structures/x4711a/A71EV2A-x4711a/A71EV2A-x4711a_ligand_ref.sdf,True,1719,a1f91b387a27b0b50637ffee3dc7fb988e7c8bf7796e30253b9263174612f716,structures/x4711a/A71EV2A-x4711a/A71EV2A-x4711a_ligand_prepared.sdf,True,3213,a39ad607818b43ee2079e8c248aa1146a17454a0bf5ada3e2a1fec18671e2f3d,1109,1077,32,19,2097,2097,,,True,1,19,19,0,C:14;N:2;O:2;S:1,True,1,37,19,0,C:14;H:18;N:2;O:2;S:1
442,A71EV2A-x4712a,x4712a,CSc1ccccc1N(C)C(=O)N1CCC[C@H](C(N)=O)C1,4.602,False,False,True,True,False,43.5094,91.6667,39.8836,structures/x4712a/A71EV2A-x4712a,structures/x4712a/A71EV2A-x4712a/A71EV2A-x4712a_complex_ref.pdb,True,198203,bafc4770001383c174c6b8d3b1173b698c5af5de56e53f8b45257fe6c81be992,structures/x4712a/A71EV2A-x4712a/A71EV2A-x4712a_prepared.pdb,True,170009,f64fdb025f8185b8bca53294ec3ca623945cd882504749416181f75c7b7ef6c0,structures/x4712a/A71EV2A-x4712a/A71EV2A-x4712a_ligand_ref.sdf,True,1885,cd71ffe29e68e66a8fa1fe6d2095449615b8782e57f1d884146ad019bb9405fe,structures/x4712a/A71EV2A-x4712a/A71EV2A-x4712a_ligand_prepared.sdf,True,3628,ceef0750abf4f808196e729e0b80a7b0c37228b10e78a163f73e15d476d2654a,1121,1083,38,21,2097,2097,,,True,1,21,21,0,C:15;N:3;O:2;S:1,True,1,42,21,0,C:15;H:21;N:3;O:2;S:1
443,A71EV2A-x4715a,x4715a_x4715b,CSc1ccccc1CC(=O)N1CC(O)C1,,False,False,True,True,False,52.7014,73.0769,38.5125,structures/x4715a_x4715b/A71EV2A-x4715a,structures/x4715a_x4715b/A71EV2A-x4715a/A71EV2A-x4715a_complex_ref.pdb,True,384264,8ac877c63fdf2da8ab1d59eb669101b8a9cb44874ba47fea2b11d489c3ad1e49,structures/x4715a_x4715b/A71EV2A-x4715a/A71EV2A-x4715a_prepared.pdb,True,171224,a915c358a092559fc6609cd70058a9248fd781bf5a39f72087cf80f28750270b,structures/x4715a_x4715b/A71EV2A-x4715a/A71EV2A-x4715a_ligand_ref.sdf,True,1470,c48a561440471768714849bb9c001557cacebb49542f8018dc9da96bb30a58ae,structures/x4715a_x4715b/A71EV2A-x4715a/A71EV2A-x4715a_ligand_prepared.sdf,True,2715,e2f511a972f6ebab9e740af9297c6de4fb29fc549df491d18c713335b7e9d983,2232,2192,40,16,2112,2112,,,True,1,16,16,0,C:12;N:1;O:2;S:1,True,1,31,16,0,C:12;H:15;N:1;O:2;S:1
444,A71EV2A-x4715b,x4715a_x4715b,CSc1ccccc1CC(=O)N1CC(O)C1,,False,False,True,True,False,47.1252,92.3077,43.5002,structures/x4715a_x4715b/A71EV2A-x4715b,structures/x4715a_x4715b/A71EV2A-x4715b/A71EV2A-x4715b_complex_ref.pdb,True,384264,6eeae67f2d838968109d4078c4e0d3e3b73042b13d04a7d4ae4026dbd244e454,structures/x4715a_x4715b/A71EV2A-x4715b/A71EV2A-x4715b_prepared.pdb,True,171224,3ad5059215e257337fb2a46412eae77c8ca6cc1eaeecbf64182523c0517f994d,structures/x4715a_x4715b/A71EV2A-x4715b/A71EV2A-x4715b_ligand_ref.sdf,True,1470,c7562b6151a1849fb1dac954e46c1309918c4b9a571e2a83ae44a4b25954099e,structures/x4715a_x4715b/A71EV2A-x4715b/A71EV2A-x4715b_ligand_prepared.sdf,True,2715,4f71046f0976805bb2dc6f43c40695af2e8db5c7e8a539c023012e9f86cf2c02,2232,2192,40,16,2112,2112,,,True,1,16,16,0,C:12;N:1;O:2;S:1,True,1,31,16,0,C:12;H:15;N:1;O:2;S:1
445,A71EV2A-x4721a,x4721a,CSc1ccccc1CC(=O)N1CCNC(=O)C1,4.0061,False,False,True,True,False,42.182,90,37.9638,structures/x4721a/A71EV2A-x4721a,structures/x4721a/A71EV2A-x4721a/A71EV2A-x4721a_complex_ref.pdb,True,377865,14125663ffa0932c143a60e7880ac1209684f21a7c11e90370bc6f5109c0b546,structures/x4721a/A71EV2A-x4721a/A71EV2A-x4721a_prepared.pdb,True,171224,7df58242f8cd793a0e746d50aa299e18ccbe66c9c91640230dc6c5290cb40583,structures/x4721a/A71EV2A-x4721a/A71EV2A-x4721a_ligand_ref.sdf,True,1636,bd6629a6aa06318b630eb35b21b81eba4ffd08e38b48f4ae6268c2dd8f9760b2,structures/x4721a/A71EV2A-x4721a/A71EV2A-x4721a_ligand_prepared.sdf,True,2964,6f09b0dbe54a343658d7d850d686eeb79beb3a6af7ac9473ba88044ef4dcef16,2223,2180,43,18,2112,2112,,,True,1,18,18,0,C:13;N:2;O:2;S:1,True,1,34,18,0,C:13;H:16;N:2;O:2;S:1
446,A71EV2A-x4724a,x4724a,CSc1ccccc1CC(=O)N1CCC(F)(F)[C@H](C(N)=O)C1,4.921,False,False,True,True,False,41.7908,92.3077,38.5761,structures/x4724a/A71EV2A-x4724a,structures/x4724a/A71EV2A-x4724a/A71EV2A-x4724a_complex_ref.pdb,True,196175,999d4d294547f151b78b4ef9de7c604fcb2ce557c284407d0949bc7c63321037,structures/x4724a/A71EV2A-x4724a/A71EV2A-x4724a_prepared.pdb,True,170009,0d4da0fe7e6d4dbea1a4c23d5cb595cb033f140e6e98dc5078def86ece781802,structures/x4724a/A71EV2A-x4724a/A71EV2A-x4724a_ligand_ref.sdf,True,1968,a83b1723cf8200b58a9a9187f9ad4d417f70b45bb4efcff421e082af3520b47a,structures/x4724a/A71EV2A-x4724a/A71EV2A-x4724a_ligand_prepared.sdf,True,3462,de15e32bcb552cc324f3476156693e6b2d7b2fb758c756eda63c84599217277c,1109,1077,32,22,2097,2097,,,True,1,22,22,0,C:15;F:2;N:2;O:2;S:1,True,1,40,22,0,C:15;F:2;H:18;N:2;O:2;S:1
447,A71EV2A-x4727a,x4727a,CSc1c(NC(=O)N2CCC[C@H](C(N)=O)C2)c(C)nn1C,4.6073,False,False,True,True,False,44.6782,91.3043,40.7931,structures/x4727a/A71EV2A-x4727a,structures/x4727a/A71EV2A-x4727a/A71EV2A-x4727a_complex_ref.pdb,True,199422,cefc14e9fba7dd98a6e757df6d7246fbaae61a227609e3856425d331b628c33a,structures/x4727a/A71EV2A-x4727a/A71EV2A-x4727a_prepared.pdb,True,170009,687937b1155bb7ffd01d982a4d8d04de013e507631ef32eb798de0bbeecdeb04,structures/x4727a/A71EV2A-x4727a/A71EV2A-x4727a_ligand_ref.sdf,True,1885,e2bd93d6d3a49d78f7e60754285874165ffa02982a351aee43ef553dd67f402b,structures/x4727a/A71EV2A-x4727a/A71EV2A-x4727a_ligand_prepared.sdf,True,3628,303837d2e9e18be217e40314c8d43619c2a7595061ba6e9e65d7e93d2d774bc5,1108,1077,31,21,2097,2097,,,True,1,21,21,0,C:13;N:5;O:2;S:1,True,1,42,21,0,C:13;H:21;N:5;O:2;S:1
448,A71EV2A-x4735a,x4735a,CSc1ccccc1CC(=O)N1CCC[C@@H]1c1cnc[nH]1,4.8539,False,False,True,True,False,48.0647,85.7143,41.1983,structures/x4735a/A71EV2A-x4735a,structures/x4735a/A71EV2A-x4735a/A71EV2A-x4735a_complex_ref.pdb,True,379647,74ddb10c30b9091f3a7be764436a865acbcc13c21e19ac16fdb5aa271e058895,structures/x4735a/A71EV2A-x4735a/A71EV2A-x4735a_prepared.pdb,True,171224,b0d63a46da0856e968decdf8bcff1f92ee1ee839716a3a3af24be1e8043b07b6,structures/x4735a/A71EV2A-x4735a/A71EV2A-x4735a_ligand_ref.sdf,True,1898,f62fbb415527f338bb52376a35283872e896f0fad8a228e3bdf23c9079a5fbde,structures/x4735a/A71EV2A-x4735a/A71EV2A-x4735a_ligand_prepared.sdf,True,3475,5e6ccdf85cdcc8bf7a81341eef118cc64a2fe55455bc310daa69667f70fc4f52,2222,2180,42,21,2112,2112,,,True,1,21,21,0,C:16;N:3;O:1;S:1,True,1,40,21,0,C:16;H:19;N:3;O:1;S:1
449,A71EV2A-x4736a,x4736a,CSC[C@@H]1C[C@@H]1C(=O)N1CCC[C@H](C(N)=O)C1,4.8087,False,False,True,True,False,44.8612,95.4545,42.822,structures/x4736a/A71EV2A-x4736a,structures/x4736a/A71EV2A-x4736a/A71EV2A-x4736a_complex_ref.pdb,True,200391,aa55c40a43760a821bb341fb8d8163614fa971c06fd50fd387e294dc07fb96f5,structures/x4736a/A71EV2A-x4736a/A71EV2A-x4736a_prepared.pdb,True,171224,6b138ad927c1f239762e2f8691318778cfd29797f2b86bfb757a97cbe9432635,structures/x4736a/A71EV2A-x4736a/A71EV2A-x4736a_ligand_ref.sdf,True,1553,786ede3b676a93bfb514b52cec2a221817d5c64fc5f7e8136c307e960af78b85,structures/x4736a/A71EV2A-x4736a/A71EV2A-x4736a_ligand_prepared.sdf,True,3213,179cfbd574f7c2222a1ff4c141d564527adbeff95bae8afcbe173fb17235b273,1134,1100,34,17,2112,2112,,,True,1,17,17,0,C:12;N:2;O:2;S:1,True,1,37,17,0,C:12;H:20;N:2;O:2;S:1
450,A71EV2A-x4739a,x4739a,CSc1ccccc1CC(=O)N1CC[C@@H]2[C@H](C1)[C@H]2C(N)=O,4.5582,False,False,True,True,False,42.7051,88.4615,37.7776,structures/x4739a/A71EV2A-x4739a,structures/x4739a/A71EV2A-x4739a/A71EV2A-x4739a_complex_ref.pdb,True,198855,eaff041e2e10836d02b0efad7286b5d0071a4de8f8c315bea4d238ea8b1ef1b0,structures/x4739a/A71EV2A-x4739a/A71EV2A-x4739a_prepared.pdb,True,170009,8b318165c0f873482c06252c9f3746d3ecce88dd8e8f57c1c26163043fd4feb6,structures/x4739a/A71EV2A-x4739a/A71EV2A-x4739a_ligand_ref.sdf,True,1898,32a61b48b949f04678313d98db07e8461971878b3a8d0b9d859638b5785626eb,structures/x4739a/A71EV2A-x4739a/A71EV2A-x4739a_ligand_prepared.sdf,True,3558,9dbbce6edaabaac8b5ef41f490050966899ccdabad242340f1dff18df67d10d8,1113,1077,36,21,2097,2097,,,True,1,21,21,0,C:16;N:2;O:2;S:1,True,1,41,21,0,C:16;H:20;N:2;O:2;S:1
451,A71EV2A-x4742a,x4742a_x4742b,NC(=O)[C@H]1CCCN(C(=O)[C@@H]2CCSc3ccccc32)C1,,False,False,True,True,False,48.9128,91.3043,44.6595,structures/x4742a_x4742b/A71EV2A-x4742a,structures/x4742a_x4742b/A71EV2A-x4742a/A71EV2A-x4742a_complex_ref.pdb,True,378184,4d49b73a6fe3b970e696f38964e68debe61bb197f70aeaefb4dc750487446bf5,structures/x4742a_x4742b/A71EV2A-x4742a/A71EV2A-x4742a_prepared.pdb,True,170009,3e6e26a6d549c04084d674da6096f5189acc6393e3174be6a788648b42669cd0,structures/x4742a_x4742b/A71EV2A-x4742a/A71EV2A-x4742a_ligand_ref.sdf,True,1898,c7f4556440726e158a98b8ac8b0cc14ba1246b9bc7d5643c2a649e92777ecca5,structures/x4742a_x4742b/A71EV2A-x4742a/A71EV2A-x4742a_ligand_prepared.sdf,True,3558,2ce878224432fde43aa8996fbce74d55f62b913d8d687eb37bd944429ff32cd3,2212,2154,58,42,2097,2097,,,True,1,21,21,0,C:16;N:2;O:2;S:1,True,1,41,21,0,C:16;H:20;N:2;O:2;S:1
452,A71EV2A-x4742b,x4742a_x4742b,NC(=O)[C@H]1CCCN(C(=O)[C@@H]2CCSc3ccccc32)C1,,False,False,True,True,False,45.5135,91.3043,41.5558,structures/x4742a_x4742b/A71EV2A-x4742b,structures/x4742a_x4742b/A71EV2A-x4742b/A71EV2A-x4742b_complex_ref.pdb,True,378346,ffbeb2a112679907e2860bde06aac5559d5b553d4c88279f8a70ba279e7154a3,structures/x4742a_x4742b/A71EV2A-x4742b/A71EV2A-x4742b_prepared.pdb,True,170009,f7c61cd11c201717ceb7b35a25c8078532ac5401c5527851d0c1b20dd3b723f0,structures/x4742a_x4742b/A71EV2A-x4742b/A71EV2A-x4742b_ligand_ref.sdf,True,1898,f3c0fec0c899e2a1798f06b108b9ed81d102a5b01146e97654254c8516aacdb6,structures/x4742a_x4742b/A71EV2A-x4742b/A71EV2A-x4742b_ligand_prepared.sdf,True,3558,38d87677835a588568ccd2030c09cb8483cd6fda20527430a8f731eba680a7fc,2214,2154,60,42,2097,2097,,,True,1,21,21,0,C:16;N:2;O:2;S:1,True,1,41,21,0,C:16;H:20;N:2;O:2;S:1
453,A71EV2A-x4745a,x4745a,CSc1ccccc1CC(=O)N1CCC[C@H](S(N)(=O)=O)C1,4.6038,False,False,True,True,False,42.1191,88.4615,37.2592,structures/x4745a/A71EV2A-x4745a,structures/x4745a/A71EV2A-x4745a/A71EV2A-x4745a_complex_ref.pdb,True,379404,987679bc28f099bb30274638e7dd6694d4a2841edba679ff78370dd86f471ecf,structures/x4745a/A71EV2A-x4745a/A71EV2A-x4745a_prepared.pdb,True,171224,7773c8ea35aca369d6f45528421c060892186eb0a991d55c953f198d29506dc7,structures/x4745a/A71EV2A-x4745a/A71EV2A-x4745a_ligand_ref.sdf,True,1885,44fb7a50bd5cd8a32c0c902feeb0f8df52f955170152edac6256106d9f5bb3ab,structures/x4745a/A71EV2A-x4745a/A71EV2A-x4745a_ligand_prepared.sdf,True,3545,8c9859b1d85b7b92ee7719304d0f8e2d91cf91cf46b97fa01af91feacb52d585,2220,2180,40,21,2112,2112,,,True,1,21,21,0,C:14;N:2;O:3;S:2,True,1,41,21,0,C:14;H:20;N:2;O:3;S:2
454,A71EV2A-x4746a,x4746a,CSc1ccccc1CC(=O)N1CCC[C@H](C(F)F)C1,3.8833,False,False,True,True,False,46.4683,88.4615,41.1066,structures/x4746a/A71EV2A-x4746a,structures/x4746a/A71EV2A-x4746a/A71EV2A-x4746a_complex_ref.pdb,True,379728,132f7875556f9e5e09dfc09f2ee6da25a2cf34e8d02e85330a7263602acf3bbe,structures/x4746a/A71EV2A-x4746a/A71EV2A-x4746a_prepared.pdb,True,171224,19e0573a0cfb82fd1c9d4e3cfd5e0599a80553cbbe21e52511a60879785d5b67,structures/x4746a/A71EV2A-x4746a/A71EV2A-x4746a_ligand_ref.sdf,True,1802,a0696dd0a48ca30584d260409c949466e53c8443aa57f2f50e5821ea5a328c0e,structures/x4746a/A71EV2A-x4746a/A71EV2A-x4746a_ligand_prepared.sdf,True,3379,558e3c417717b7d201c4496b677f26753c71bc9632641df6f9673b48475b06d1,2224,2180,44,20,2112,2112,,,True,1,20,20,0,C:15;F:2;N:1;O:1;S:1,True,1,39,20,0,C:15;F:2;H:19;N:1;O:1;S:1
455,A71EV2A-x4748a,x4748a,CSc1ccccc1CC(=O)N1CCO[C@H](C(N)=O)C1,,False,False,True,True,False,47.486,92.3077,43.8332,structures/x4748a/A71EV2A-x4748a,structures/x4748a/A71EV2A-x4748a/A71EV2A-x4748a_complex_ref.pdb,True,202338,4719502130fdbea9f1b7efcf6be0ffc3afdfb2bf7deeb725d81d3abfeaac37e9,structures/x4748a/A71EV2A-x4748a/A71EV2A-x4748a_prepared.pdb,True,171224,3cbae5a82552137b19c14c76d39bba2a6f35bcb894ada048e98ce9dbb38f0a2b,structures/x4748a/A71EV2A-x4748a/A71EV2A-x4748a_ligand_ref.sdf,True,1802,e30788b9d4d8f67e0be184eea66955b9fcfc6b15bf7602aa27740afb0dee113d,structures/x4748a/A71EV2A-x4748a/A71EV2A-x4748a_ligand_prepared.sdf,True,3296,b70780db2224402290738872ec0ffe21e9a0dee078d0b11aad46016ea703c5be,1127,1086,41,20,2112,2112,,,True,1,20,20,0,C:14;N:2;O:3;S:1,True,1,38,20,0,C:14;H:18;N:2;O:3;S:1
456,A71EV2A-x4751a,x4751a,CSc1ccccc1CC(=O)N1CCC[C@H](CF)C1,4.0152,False,False,True,True,False,45.3281,92,41.7018,structures/x4751a/A71EV2A-x4751a,structures/x4751a/A71EV2A-x4751a/A71EV2A-x4751a_complex_ref.pdb,True,378918,ae6252b4caecc191fa634e344ef4eb2db041ef51107f9a770df030c1041d4627,structures/x4751a/A71EV2A-x4751a/A71EV2A-x4751a_prepared.pdb,True,171224,a6e59b927f5034f395c0561614a920cc331acb573bf2c39108adfa26bc330aa7,structures/x4751a/A71EV2A-x4751a/A71EV2A-x4751a_ligand_ref.sdf,True,1719,dceade5abcb9875b2c0d54b15c76af8869f72cafe5e0514207d4ad9e4a47589a,structures/x4751a/A71EV2A-x4751a/A71EV2A-x4751a_ligand_prepared.sdf,True,3379,31bc0b164055d5dd2c6c91e267799f201b5bf2ad41d07e7f205f76b0957454db,2215,2180,35,19,2112,2112,,,True,1,19,19,0,C:15;F:1;N:1;O:1;S:1,True,1,39,19,0,C:15;F:1;H:20;N:1;O:1;S:1
457,A71EV2A-x4752a,x4752a,CSc1ccccc1CC(=O)N1CCc2nccc(O)c2C1,,False,False,True,True,False,38.1332,85,32.4132,structures/x4752a/A71EV2A-x4752a,structures/x4752a/A71EV2A-x4752a/A71EV2A-x4752a_complex_ref.pdb,True,379323,9b646f7dd60ef2efec4e787ae3d5eb82e33bcc578eca4642580382ce30c13b9d,structures/x4752a/A71EV2A-x4752a/A71EV2A-x4752a_prepared.pdb,True,171224,d36c58a511a6796d085a89afee739759bbd6baf3a7022e947a7657e5fbfd5a89,structures/x4752a/A71EV2A-x4752a/A71EV2A-x4752a_ligand_ref.sdf,True,1981,da11b4e76d76dd36c3a885ed563c76ca3903829784df18436e532d3ef559cfd3,structures/x4752a/A71EV2A-x4752a/A71EV2A-x4752a_ligand_prepared.sdf,True,3475,d6f0361da4f7a63522c29bfaa189a1e308952b9ab6a424c2bbf79a9ba4354e41,2217,2180,37,22,2112,2112,,,True,1,22,22,0,C:17;N:2;O:2;S:1,True,1,40,22,0,C:17;H:18;N:2;O:2;S:1
458,A71EV2A-x4753a,x4753a,CSc1ccccc1CC(=O)N1CCC[C@](F)(C(N)=O)C1,3.8398,False,False,True,True,False,50.7629,92.5926,47.0026,structures/x4753a/A71EV2A-x4753a,structures/x4753a/A71EV2A-x4753a/A71EV2A-x4753a_complex_ref.pdb,True,198774,721a70e2adc3b87c50b0b487cdb2ef475b4cb88323692193ba18f01ddeb81756,structures/x4753a/A71EV2A-x4753a/A71EV2A-x4753a_prepared.pdb,True,170009,3bb6d1a1ce554def974bca0096117acafc7778e22c52094ddf265f06803402a8,structures/x4753a/A71EV2A-x4753a/A71EV2A-x4753a_ligand_ref.sdf,True,1885,d2004ac4765bfa14d97ba3b5cd6cbc47747843814d1e45915a86587e489c3e17,structures/x4753a/A71EV2A-x4753a/A71EV2A-x4753a_ligand_prepared.sdf,True,3462,bee367c2cff6b26ec8a3d15a6222b195d05572d7411b6a7f88b31cac3bef2234,1112,1077,35,21,2097,2097,,,True,1,21,21,0,C:15;F:1;N:2;O:2;S:1,True,1,40,21,0,C:15;F:1;H:19;N:2;O:2;S:1
459,A71EV2A-x4771a,x4771a,CSc1ccccc1CC(=O)N1CCc2nc[nH]c(=O)c2C1,,False,False,True,True,False,52.1259,83.3333,43.4383,structures/x4771a/A71EV2A-x4771a,structures/x4771a/A71EV2A-x4771a/A71EV2A-x4771a_complex_ref.pdb,True,376567,778ba12863be63707e5000117013092a438d23393d364c9fdc1d0661c60b4e78,structures/x4771a/A71EV2A-x4771a/A71EV2A-x4771a_prepared.pdb,True,171224,2f8d7f424c991dd1373673acdcf87293732863b8b260620ea6cd6bee4c2fc19f,structures/x4771a/A71EV2A-x4771a/A71EV2A-x4771a_ligand_ref.sdf,True,1981,fccacca977437b5662d67536f788b0eaf6ba7a3b2dae8eac4aca5f9fff08b259,structures/x4771a/A71EV2A-x4771a/A71EV2A-x4771a_ligand_prepared.sdf,True,3392,341cf12b12b7e9be4218d78ccafbc6e3ace095b6d1e83ca1a5d49a5c257cdeb0,2225,2180,45,22,2112,2112,,,True,1,22,22,0,C:16;N:3;O:2;S:1,True,1,39,22,0,C:16;H:17;N:3;O:2;S:1
460,A71EV2A-x4774a,x4774a,CSc1nccnc1CC(=O)N1CCC[C@H](C(N)=O)C1,4.7812,False,False,True,True,False,44.0388,95.8333,42.2038,structures/x4774a/A71EV2A-x4774a,structures/x4774a/A71EV2A-x4774a/A71EV2A-x4774a_complex_ref.pdb,True,198364,7747f2628f87c6f2f0c589b01969d5785656affd2543c11491aeee081bf21c75,structures/x4774a/A71EV2A-x4774a/A71EV2A-x4774a_prepared.pdb,True,170009,d142f44e6e5ba4ad79e0c74e8e3e2083aa74041ae05cace764d85f41d698beec,structures/x4774a/A71EV2A-x4774a/A71EV2A-x4774a_ligand_ref.sdf,True,1802,75d7ee1642a821651a8e72ce7b6a8e8203ef6a0b4ac409595eca8beaed0fe230,structures/x4774a/A71EV2A-x4774a/A71EV2A-x4774a_ligand_prepared.sdf,True,3296,111da0eeb755506d915b5978196508c1b744e37d97fec668e7607b3f5c2795cb,1110,1077,33,20,2097,2097,,,True,1,20,20,0,C:13;N:4;O:2;S:1,True,1,38,20,0,C:13;H:18;N:4;O:2;S:1
461,A71EV2A-x4777a,x4777a,COc1ccc(C(F)(F)F)cc1CC(=O)N1CCS[C@@H](C(N)=O)C1,,False,False,True,True,False,41.8347,88,36.8145,structures/x4777a/A71EV2A-x4777a,structures/x4777a/A71EV2A-x4777a/A71EV2A-x4777a_complex_ref.pdb,True,379321,e45c365d4caac335cdcb37677c3e083048e582212e367b2bda44b51587e96b97,structures/x4777a/A71EV2A-x4777a/A71EV2A-x4777a_prepared.pdb,True,171224,1b4bc7c863acafbf3c770a9fcc667adf3bfb65e31daeacd72fb3a8157a0ce2db,structures/x4777a/A71EV2A-x4777a/A71EV2A-x4777a_ligand_ref.sdf,True,2134,3a1d859cc8195fc8f58808bf8152f7ac5fd43ce9c957e5d49ce3836ad86dedbe,structures/x4777a/A71EV2A-x4777a/A71EV2A-x4777a_ligand_prepared.sdf,True,3545,bb93b3ca5360ae6d33ced198d7d286720136911553514b1a4b7fe1b3cf09f712,2231,2188,43,24,2112,2112,,,True,1,24,24,0,C:15;F:3;N:2;O:3;S:1,True,1,41,24,0,C:15;F:3;H:17;N:2;O:3;S:1
462,A71EV2A-x4778a,x4778a,COc1ccc(C(F)(F)F)cc1CC(=O)N1CCS[C@H](C(N)=O)C1,4.8285,False,False,True,True,False,40.4315,92.5926,37.4366,structures/x4778a/A71EV2A-x4778a,structures/x4778a/A71EV2A-x4778a/A71EV2A-x4778a_complex_ref.pdb,True,200637,8bb3af031628b7b693be4fd8e96dcf2e499aff88139598bd4076d13fa0cb1430,structures/x4778a/A71EV2A-x4778a/A71EV2A-x4778a_prepared.pdb,True,170009,cb9ee357574cb5986e8656af34ae510ede439a13859882f89f57cd6e8a566444,structures/x4778a/A71EV2A-x4778a/A71EV2A-x4778a_ligand_ref.sdf,True,2134,9607d31d1b18d05d958ba2911d484a083858b3a957e8e77962fe3f8536f62dc9,structures/x4778a/A71EV2A-x4778a/A71EV2A-x4778a_ligand_prepared.sdf,True,3545,c324d211fb884120b62334f2273c1659d76f56c6c78bdbf95fd6b37fc5e1b33e,1129,1077,52,24,2097,2097,,,True,1,24,24,0,C:15;F:3;N:2;O:3;S:1,True,1,41,24,0,C:15;F:3;H:17;N:2;O:3;S:1
463,A71EV2A-x4784a,x4784a,NC(=O)[C@H]1CCCN(C(=O)C[C@@H]2CSCCS2)C1,4.618,False,False,False,False,False,42.0552,92,38.6908,structures/x4784a/A71EV2A-x4784a,structures/x4784a/A71EV2A-x4784a/A71EV2A-x4784a_complex_ref.pdb,True,384830,cd704418870e47c5f4d9cd74fa5071e76f92527f665d3de92a7366eb6f83b5df,structures/x4784a/A71EV2A-x4784a/A71EV2A-x4784a_prepared.pdb,True,171224,78433912f120874376c5d2883093e482943a28fd40d81415f93ec8bcfebda0f6,structures/x4784a/A71EV2A-x4784a/A71EV2A-x4784a_ligand_ref.sdf,True,1636,d6aab8b0f9c9f6af519f1dec705be941ddee9005951de8cdf579c7cce63faef4,structures/x4784a/A71EV2A-x4784a/A71EV2A-x4784a_ligand_prepared.sdf,True,3296,823c9565c4e0a873a2bcdc91376ac7f492ccb5ebccc1af1a8f473d0aa6ff93f8,2213,2179,34,18,2112,2112,,,True,1,18,18,0,C:12;N:2;O:2;S:2,True,1,38,18,0,C:12;H:20;N:2;O:2;S:2
464,A71EV2A-x4786a,x4786a,NC(=O)[C@H]1CCCN(C(=O)[C@@H]2CCSC2)C1,,False,False,True,True,False,46.0307,86.3636,39.7538,structures/x4786a/A71EV2A-x4786a,structures/x4786a/A71EV2A-x4786a/A71EV2A-x4786a_complex_ref.pdb,True,378918,6b15d95dd17a351a3eca12105dc6cc8ed41b37bc7e6119fb9454f38dd4ff0259,structures/x4786a/A71EV2A-x4786a/A71EV2A-x4786a_prepared.pdb,True,171224,1bccbdde4513dffa27c69a73ee60a680004a5707724f965f1a4ce9beb431d68e,structures/x4786a/A71EV2A-x4786a/A71EV2A-x4786a_ligand_ref.sdf,True,1470,e0863ed7c6d68693232351ecaf54190284d49c1eafb5447f3c69fb3167e5530e,structures/x4786a/A71EV2A-x4786a/A71EV2A-x4786a_ligand_prepared.sdf,True,2964,f8ad431eb44795776d83e9cc49166b8cdbf4d4162eef6f9707d093b6694f5197,2219,2180,39,16,2112,2112,,,True,1,16,16,0,C:11;N:2;O:2;S:1,True,1,34,16,0,C:11;H:18;N:2;O:2;S:1
465,A71EV2A-x4791a,x4791a,CSc1ccccc1CC(=O)N1CCC[C@H]2C(=O)NC[C@H]21,4.0352,False,False,True,True,False,42.991,90,38.6919,structures/x4791a/A71EV2A-x4791a,structures/x4791a/A71EV2A-x4791a/A71EV2A-x4791a_complex_ref.pdb,True,377541,e675254c8eb44d129d24d43bd47653ceb7aad023cfa3a7dfa90d1b32daa656c5,structures/x4791a/A71EV2A-x4791a/A71EV2A-x4791a_prepared.pdb,True,171224,77b1649bf422c88cc13d2563e814ca6be4eb364c379b803a60eab0dd8b916a55,structures/x4791a/A71EV2A-x4791a/A71EV2A-x4791a_ligand_ref.sdf,True,1898,63d63f0c7ce3ce777238c59103df27eaa6c77f931d9dcefbb21c640fba0b78de,structures/x4791a/A71EV2A-x4791a/A71EV2A-x4791a_ligand_prepared.sdf,True,3558,c9fd4d601120af61bfac4ba46b979976b60cf0b5f999d8304bc79a4bf74ea8b2,2216,2180,36,21,2112,2112,,,True,1,21,21,0,C:16;N:2;O:2;S:1,True,1,41,21,0,C:16;H:20;N:2;O:2;S:1
466,A71EV2A-x4794a,x4794a,CSc1ccccc1CC(=O)N1CCC[C@H](O)C1,4.0255,False,False,True,True,False,41.8473,92.3077,38.6283,structures/x4794a/A71EV2A-x4794a,structures/x4794a/A71EV2A-x4794a/A71EV2A-x4794a_complex_ref.pdb,True,377945,1a8d16a9567983e70261073837d3b89e74df8f7c6dac3af63f28340e1d90b1a3,structures/x4794a/A71EV2A-x4794a/A71EV2A-x4794a_prepared.pdb,True,170009,827d211f6ee4160caea4f0c4c52c6f85740e1e53a2e3a2958aabd24a56a39b68,structures/x4794a/A71EV2A-x4794a/A71EV2A-x4794a_ligand_ref.sdf,True,1636,45091439eec631f67ef3acd878c738f3778e4c2384bf4f82b81da4b71de2fb15,structures/x4794a/A71EV2A-x4794a/A71EV2A-x4794a_ligand_prepared.sdf,True,3213,8c638a28ec3a39a2f6abc9d6f9642afa176bbc808faa328e5d1a5cd91ab074df,2214,2173,41,18,2097,2097,,,True,1,18,18,0,C:14;N:1;O:2;S:1,True,1,37,18,0,C:14;H:19;N:1;O:2;S:1
467,A71EV2A-x4798a,x4798a,CSc1ccccc1CC(=O)N1CC[C@](O)(c2c[nH]nn2)C1,4.0174,False,False,False,False,False,43.5071,88.8889,38.673,structures/x4798a/A71EV2A-x4798a,structures/x4798a/A71EV2A-x4798a/A71EV2A-x4798a_complex_ref.pdb,True,201363,adef05ff1eb062c86000f86d9ae58d9b2512821141bb791918045d4eb8bf5858,structures/x4798a/A71EV2A-x4798a/A71EV2A-x4798a_prepared.pdb,True,171224,209afc8663bc396d79553a14a7c8c38c7b8c8622504fe6c0db14651e36f40e8e,structures/x4798a/A71EV2A-x4798a/A71EV2A-x4798a_ligand_ref.sdf,True,1981,c10511ecffc2813e73d0954860eac3a30e8e9c16d02b74bdb209202b1f60a90c,structures/x4798a/A71EV2A-x4798a/A71EV2A-x4798a_ligand_prepared.sdf,True,3475,c18227f4172768c23a3c52afcd510610a7f07ad655124ff450e756f6e2812995,1141,1100,41,22,2112,2112,,,True,1,22,22,0,C:15;N:4;O:2;S:1,True,1,40,22,0,C:15;H:18;N:4;O:2;S:1
468,A71EV2A-x4806a,x4806a_x4806b,NC(=O)[C@H]1CCCN(C(=O)[C@H]2CSc3ccccc32)C1,,False,False,True,True,False,42.971,91.6667,39.3901,structures/x4806a_x4806b/A71EV2A-x4806a,structures/x4806a_x4806b/A71EV2A-x4806a/A71EV2A-x4806a_complex_ref.pdb,True,378265,b9bf3ded1c133a182067a1f9b87f88b441835bf1c5655fd7d24709dac31b1b8f,structures/x4806a_x4806b/A71EV2A-x4806a/A71EV2A-x4806a_prepared.pdb,True,170009,62996c8acb00a738df435e777b1ad07392cd1ffd5b68bfed5c0247a3d7af035e,structures/x4806a_x4806b/A71EV2A-x4806a/A71EV2A-x4806a_ligand_ref.sdf,True,1815,e826bc97736df3331926890e15aa36374555da65c34e4796fb3d9a6c22f89503,structures/x4806a_x4806b/A71EV2A-x4806a/A71EV2A-x4806a_ligand_prepared.sdf,True,3309,010cbbeede29ad8d9c49c1cf89dadfe68d8d411f5c8314667a4b0ebec0c21dfa,2214,2154,60,40,2097,2097,,,True,1,20,20,0,C:15;N:2;O:2;S:1,True,1,38,20,0,C:15;H:18;N:2;O:2;S:1
469,A71EV2A-x4806b,x4806a_x4806b,NC(=O)[C@H]1CCCN(C(=O)[C@H]2CSc3ccccc32)C1,,False,False,True,True,False,43.7722,95.8333,41.9484,structures/x4806a_x4806b/A71EV2A-x4806b,structures/x4806a_x4806b/A71EV2A-x4806b/A71EV2A-x4806b_complex_ref.pdb,True,378022,052afcf57cf9f2ed88b2b7d4e5a1a721d86bde2ebd1df2fabfb9c5906ddfa0be,structures/x4806a_x4806b/A71EV2A-x4806b/A71EV2A-x4806b_prepared.pdb,True,170009,3d6236dcc5f51105a1181bb491d02974b8421d53959e00bf5af616dc8ebc3894,structures/x4806a_x4806b/A71EV2A-x4806b/A71EV2A-x4806b_ligand_ref.sdf,True,1815,3b2047230482458ea8be1a598e878de08154fdd45d2d554d6c6d08f734405a91,structures/x4806a_x4806b/A71EV2A-x4806b/A71EV2A-x4806b_ligand_prepared.sdf,True,3309,5ba97e11b1921570fc294e77d8c498d2dd635df172681b7cef72d7474d6a7b4d,2211,2154,57,40,2097,2097,,,True,1,20,20,0,C:15;N:2;O:2;S:1,True,1,38,20,0,C:15;H:18;N:2;O:2;S:1
470,A71EV2A-x4809a,x4809a,CSc1ccccc1CC(=O)N1CCC[C@H](CCO)C1,3.7795,False,False,True,True,False,42.1166,89.2857,37.6041,structures/x4809a/A71EV2A-x4809a,structures/x4809a/A71EV2A-x4809a/A71EV2A-x4809a_complex_ref.pdb,True,198045,a7f77b37721410293722bd8ae8df02eb5137d272bfa5a839421b9e74fbc514c1,structures/x4809a/A71EV2A-x4809a/A71EV2A-x4809a_prepared.pdb,True,170009,ae34a93cde8f8240ae47f6cfef77ad90d1b683aa05ff4b82b6b7135177cdfcce,structures/x4809a/A71EV2A-x4809a/A71EV2A-x4809a_ligand_ref.sdf,True,1802,90e31965c2f4e7898bcedc513b9a74cd9db05308ede201f3edb7ab1a0ececf52,structures/x4809a/A71EV2A-x4809a/A71EV2A-x4809a_ligand_prepared.sdf,True,3711,9473be481ef76b6b0197a59e19cb7b5224823e50393c1cf109b3af4ad05534e9,1105,1077,28,20,2097,2097,,,True,1,20,20,0,C:16;N:1;O:2;S:1,True,1,43,20,0,C:16;H:23;N:1;O:2;S:1
471,A71EV2A-x4812a,x4812a,CSc1cncnc1CC(=O)N1CCC[C@H](C(N)=O)C1,4.177,False,False,True,True,False,45.568,92,41.9226,structures/x4812a/A71EV2A-x4812a,structures/x4812a/A71EV2A-x4812a/A71EV2A-x4812a_complex_ref.pdb,True,197228,6e8cd97bfe4c4b77e41a449b7e686fb95b2e22977d9cfbe54b86f0a6e5b9f1dd,structures/x4812a/A71EV2A-x4812a/A71EV2A-x4812a_prepared.pdb,True,170009,ca6170520a3da18357628d51f260496f28c55501b2f5aa264a84468c158c6285,structures/x4812a/A71EV2A-x4812a/A71EV2A-x4812a_ligand_ref.sdf,True,1802,5b0d33c774288445aa62e7855829c55d8b9fdbe08b21f4eff5c5ec2cda4d5414,structures/x4812a/A71EV2A-x4812a/A71EV2A-x4812a_ligand_prepared.sdf,True,3296,52c5052dfb3d1f7781f51379c37beeb4dc565597169a1816936078014533d37e,1104,1077,27,20,2097,2097,,,True,1,20,20,0,C:13;N:4;O:2;S:1,True,1,38,20,0,C:13;H:18;N:4;O:2;S:1
472,A71EV2A-x4824a,x4824a_x4824b,CSc1ccccc1OC(=O)N1CCC[C@H](C(N)=O)C1,5.8268,False,False,True,True,False,47.7394,92,43.9203,structures/x4824a_x4824b/A71EV2A-x4824a,structures/x4824a_x4824b/A71EV2A-x4824a/A71EV2A-x4824a_complex_ref.pdb,True,379240,f38efc72d354581429ae6e6c48d9c77ecd43b9765c3cffc6a58c8f49e0594d89,structures/x4824a_x4824b/A71EV2A-x4824a/A71EV2A-x4824a_prepared.pdb,True,170009,1f07a16108a74ec49751cc92d128f2cb4927146ab53b829b1caf2cf7b0ec15ba,structures/x4824a_x4824b/A71EV2A-x4824a/A71EV2A-x4824a_ligand_ref.sdf,True,1802,e4635508cd153ae23fd82ee8a0c385d7b730e5a3b9b14f63b2aa051b70f4be28,structures/x4824a_x4824b/A71EV2A-x4824a/A71EV2A-x4824a_ligand_prepared.sdf,True,3296,f594528ca4092f2f4883002822494a4e0d93a758fc42da9d56847236989a1c46,2224,2154,70,40,2097,2097,,,True,1,20,20,0,C:14;N:2;O:3;S:1,True,1,38,20,0,C:14;H:18;N:2;O:3;S:1
473,A71EV2A-x4824b,x4824a_x4824b,CSc1ccccc1OC(=O)N1CCC[C@H](C(N)=O)C1,5.8268,False,False,True,True,False,47.3563,96,45.4621,structures/x4824a_x4824b/A71EV2A-x4824b,structures/x4824a_x4824b/A71EV2A-x4824b/A71EV2A-x4824b_complex_ref.pdb,True,379321,1b3ed059b3e46288e89c67651b70479662c13bcd279c6f4c11d93058e7f7d167,structures/x4824a_x4824b/A71EV2A-x4824b/A71EV2A-x4824b_prepared.pdb,True,170009,66dd32858b1048900a874ef9f8a63f5ca3eadd90784f2bc89ee7663bf9e15baa,structures/x4824a_x4824b/A71EV2A-x4824b/A71EV2A-x4824b_ligand_ref.sdf,True,1802,e41b73356ca5af7f53014e01bb8ef95e2fa9b662d425a176c3eebb085cb1b58e,structures/x4824a_x4824b/A71EV2A-x4824b/A71EV2A-x4824b_ligand_prepared.sdf,True,3296,c58f5c484621a710da9536464a83b7d9239f0458b666aacaa4a7e0bd53d8790e,2225,2154,71,40,2097,2097,,,True,1,20,20,0,C:14;N:2;O:3;S:1,True,1,38,20,0,C:14;H:18;N:2;O:3;S:1
474,A71EV2A-x4826a,x4826a_x4826b,CSc1ccncc1NC(=O)N1CCC[C@H](C(N)=O)C1,5.4525,False,False,True,True,False,49.0543,92.3077,45.2809,structures/x4826a_x4826b/A71EV2A-x4826a,structures/x4826a_x4826b/A71EV2A-x4826a/A71EV2A-x4826a_complex_ref.pdb,True,378025,0b6dc0177236cf936d784fe0ef0ec8a38efd62cc519e16b5f89438422da18b0b,structures/x4826a_x4826b/A71EV2A-x4826a/A71EV2A-x4826a_prepared.pdb,True,168794,e0ccd668448a18c89e7c98b56f6234c45c8a8738f48796c0663cf6a773a69081,structures/x4826a_x4826b/A71EV2A-x4826a/A71EV2A-x4826a_ligand_ref.sdf,True,1802,d6640e1de0b6b099ddfe9a48b1e67e79fe46ba93c7f0709be85d6fb2678a3b37,structures/x4826a_x4826b/A71EV2A-x4826a/A71EV2A-x4826a_ligand_prepared.sdf,True,3296,9f973cedf1a96c0df0de0be3cfea793d1fbbc2aca6a1dea311412c9048be0df1,2218,2145,73,40,2082,2082,,,True,1,20,20,0,C:13;N:4;O:2;S:1,True,1,38,20,0,C:13;H:18;N:4;O:2;S:1
475,A71EV2A-x4826b,x4826a_x4826b,CSc1ccncc1NC(=O)N1CCC[C@H](C(N)=O)C1,5.4525,False,False,True,True,False,48.7465,95.8333,46.7154,structures/x4826a_x4826b/A71EV2A-x4826b,structures/x4826a_x4826b/A71EV2A-x4826b/A71EV2A-x4826b_complex_ref.pdb,True,377944,33d0c89a19c1c71e55efe55c731632284693d47d6bf3c99d5f0ae72241eec65d,structures/x4826a_x4826b/A71EV2A-x4826b/A71EV2A-x4826b_prepared.pdb,True,170009,482419f9c287ae91df41e7c1835b2dd37fb7d250b3ff3bb01dc29875985c0ef3,structures/x4826a_x4826b/A71EV2A-x4826b/A71EV2A-x4826b_ligand_ref.sdf,True,1802,d7ab6a82f46a8177581a25a50784a513c11f6522ebd6797b800fae4a307dfebf,structures/x4826a_x4826b/A71EV2A-x4826b/A71EV2A-x4826b_ligand_prepared.sdf,True,3296,2cfa2fb92b882cb812b494c9d75241bbe2a8df61e3303398829cd5306507d5fc,2217,2145,72,40,2097,2097,,,True,1,20,20,0,C:13;N:4;O:2;S:1,True,1,38,20,0,C:13;H:18;N:4;O:2;S:1
476,A71EV2A-x4827a,x4827a_x4827b,CSc1ccncc1CC(=O)N1CCC[C@H](C(N)=O)C1,5.534,False,False,True,True,False,46.2293,92.3077,42.6732,structures/x4827a_x4827b/A71EV2A-x4827a,structures/x4827a_x4827b/A71EV2A-x4827a/A71EV2A-x4827a_complex_ref.pdb,True,377698,fd178c8b3480779f35c02ddd8780d68aea04c1425b41274d764641eb7b6dee99,structures/x4827a_x4827b/A71EV2A-x4827a/A71EV2A-x4827a_prepared.pdb,True,170009,d8cc7b28c3e943558610279a96328f5e87606fa414bbcf24863ae1fd0a045a79,structures/x4827a_x4827b/A71EV2A-x4827a/A71EV2A-x4827a_ligand_ref.sdf,True,1802,e04ecd5a4c5557d954f8b931b718beff3f0e92163327883ffa55f9119519eb8b,structures/x4827a_x4827b/A71EV2A-x4827a/A71EV2A-x4827a_ligand_prepared.sdf,True,3379,020315f58b32da4f9036de92b1b0a70b4bacf438dfbc7448ff33d57d52305599,2225,2154,71,40,2097,2097,,,True,1,20,20,0,C:14;N:3;O:2;S:1,True,1,39,20,0,C:14;H:19;N:3;O:2;S:1
477,A71EV2A-x4827b,x4827a_x4827b,CSc1ccncc1CC(=O)N1CCC[C@H](C(N)=O)C1,5.534,False,False,True,True,False,46.3333,96,44.4799,structures/x4827a_x4827b/A71EV2A-x4827b,structures/x4827a_x4827b/A71EV2A-x4827b/A71EV2A-x4827b_complex_ref.pdb,True,377536,659289c592aa9658270dd9e14a55b8c729779827a0655eddfcbe94fecc3a0ff4,structures/x4827a_x4827b/A71EV2A-x4827b/A71EV2A-x4827b_prepared.pdb,True,170009,b3ad72b1c8ccf72b6830fa2ca85ecf338a8b1e12fb2623268e47171f50c38aec,structures/x4827a_x4827b/A71EV2A-x4827b/A71EV2A-x4827b_ligand_ref.sdf,True,1802,44e98fbd5a7d3fc95e9ae459ae0e8a9b5ef81c1da8c50a9dc82246f4aa1f4250,structures/x4827a_x4827b/A71EV2A-x4827b/A71EV2A-x4827b_ligand_prepared.sdf,True,3379,b0df3f8eff0ef3698d1593c053f04d0e666b8df8912efdde2c54bdbf52e3c11c,2223,2154,69,40,2097,2097,,,True,1,20,20,0,C:14;N:3;O:2;S:1,True,1,39,20,0,C:14;H:19;N:3;O:2;S:1
478,A71EV2A-x4829a,x4829a_x4829b_x4903a_x4903b,COc1ccc(Cl)cc1OC(=O)N1CCC[C@H](C(N)=O)C1,5.2628,False,False,True,True,False,40.4983,92.3077,37.383,structures/x4829a_x4829b_x4903a_x4903b/A71EV2A-x4829a,structures/x4829a_x4829b_x4903a_x4903b/A71EV2A-x4829a/A71EV2A-x4829a_complex_ref.pdb,True,378187,55726bca8dce6a3bb4f59d8f6452a1ace52584502549ae879973443ede499fbe,structures/x4829a_x4829b_x4903a_x4903b/A71EV2A-x4829a/A71EV2A-x4829a_prepared.pdb,True,170009,4c1a60738c7baa63a5fe0eeb7e4e78a34335f51dabf3e855537d5db20ecd096f,structures/x4829a_x4829b_x4903a_x4903b/A71EV2A-x4829a/A71EV2A-x4829a_ligand_ref.sdf,True,1885,629668f03aff22414d703794a432933bfb884f8d191578598ecd3a06c1544874,structures/x4829a_x4829b_x4903a_x4903b/A71EV2A-x4829a/A71EV2A-x4829a_ligand_prepared.sdf,True,3296,be67ea1fd019d5d32870d24caf8f5a16e461144a88052b39271dd4f45b7df7c3,2229,2154,75,42,2097,2097,,,True,1,21,21,0,C:14;Cl:1;N:2;O:4,True,1,38,21,0,C:14;Cl:1;H:17;N:2;O:4
479,A71EV2A-x4829b,x4829a_x4829b_x4903a_x4903b,COc1ccc(Cl)cc1OC(=O)N1CCC[C@H](C(N)=O)C1,5.2628,False,False,True,True,False,40.4274,92.3077,37.3176,structures/x4829a_x4829b_x4903a_x4903b/A71EV2A-x4829b,structures/x4829a_x4829b_x4903a_x4903b/A71EV2A-x4829b/A71EV2A-x4829b_complex_ref.pdb,True,378106,d4a7569cb53ec5b070166999c91c5599700175f79dfc3bafd742c434dc34843b,structures/x4829a_x4829b_x4903a_x4903b/A71EV2A-x4829b/A71EV2A-x4829b_prepared.pdb,True,170009,6b33954897b38d90d03c9250c8b7bca961604ff6564bb658ec669b09106fc934,structures/x4829a_x4829b_x4903a_x4903b/A71EV2A-x4829b/A71EV2A-x4829b_ligand_ref.sdf,True,1885,dc081ca4db64d9c763c40df480ef6ab879d470fea78c5058c6819599d6aca64e,structures/x4829a_x4829b_x4903a_x4903b/A71EV2A-x4829b/A71EV2A-x4829b_ligand_prepared.sdf,True,3296,5a459e16ceb65f3551469db9308c2e05d7eebef375370e0e15c565dafbf8dd7f,2228,2154,74,42,2097,2097,,,True,1,21,21,0,C:14;Cl:1;N:2;O:4,True,1,38,21,0,C:14;Cl:1;H:17;N:2;O:4
480,A71EV2A-x4836a,x4836a,CC(=O)N1c2ccccc2C[C@@H]1C(=O)N1CCC[C@H](C(N)=O)C1,,False,False,True,True,False,44.2516,91.3043,40.4036,structures/x4836a/A71EV2A-x4836a,structures/x4836a/A71EV2A-x4836a/A71EV2A-x4836a_complex_ref.pdb,True,203958,da0744e80e87a5992e90990882dca12739c7f3467afaa916213132e494c7949d,structures/x4836a/A71EV2A-x4836a/A71EV2A-x4836a_prepared.pdb,True,171224,1f5ebb332d8b67e2fa9fc41b30ede0617ff297c97dbb6d508ab1ffc45b1e9ea8,structures/x4836a/A71EV2A-x4836a/A71EV2A-x4836a_ligand_ref.sdf,True,2064,6bd8cc7c05a9cc17ae83aa2e5e50c3aad9e0e57a6b2c14899b8eafbc83c1f149,structures/x4836a/A71EV2A-x4836a/A71EV2A-x4836a_ligand_prepared.sdf,True,3807,1646f9f18bebd77f9527b71a3b6307f699f8e05adac8effa4e113e2e9ef4a245,1138,1092,46,23,2112,2112,,,True,1,23,23,0,C:17;N:3;O:3,True,1,44,23,0,C:17;H:21;N:3;O:3
481,A71EV2A-x4838a,x3989a_x4838a,NC(=O)[C@H]1CCN(C(=O)Cc2cc(C(F)(F)F)ccc2Cl)C1,,False,False,True,True,False,44.4535,86.3636,38.3916,structures/x3989a_x4838a/A71EV2A-x4838a,structures/x3989a_x4838a/A71EV2A-x4838a/A71EV2A-x4838a_complex_ref.pdb,True,203144,ae106391da5291030f5fcc58afcbb9ed98b650cadb9dc7bb29e8b568777f2dc9,structures/x3989a_x4838a/A71EV2A-x4838a/A71EV2A-x4838a_prepared.pdb,True,171224,5c4e9be4baf88842f74d373dbb33100e6220a83cd19bbc41a21936921f69adcd,structures/x3989a_x4838a/A71EV2A-x4838a/A71EV2A-x4838a_ligand_ref.sdf,True,1968,08831a3f1e49ddb94e4a5a2d9b9c715a44e69382e887f70a35c7fa75c0e2c373,structures/x3989a_x4838a/A71EV2A-x4838a/A71EV2A-x4838a_ligand_prepared.sdf,True,3130,e7d679333d7b8687506cf7cd6a7b1d23e5ec905780f1132051a3856daca2286d,1143,1100,43,22,2112,2112,,,True,1,22,22,0,C:14;Cl:1;F:3;N:2;O:2,True,1,36,22,0,C:14;Cl:1;F:3;H:14;N:2;O:2
482,A71EV2A-x4839a,x4839a_x4980a,Cn1ncc2ccc(CN3C[C@@H](C(N)=O)CCC3=O)cc21,,False,False,True,True,False,47.0741,96.1538,45.2636,structures/x4839a_x4980a/A71EV2A-x4839a,structures/x4839a_x4980a/A71EV2A-x4839a/A71EV2A-x4839a_complex_ref.pdb,True,200794,2ae439fd8e911649bfc0b69a7a905f0b63cdaa39501e2cbbd115d7dc18026eeb,structures/x4839a_x4980a/A71EV2A-x4839a/A71EV2A-x4839a_prepared.pdb,True,171224,19ac62ed5c5658b67dfc4e54c41a9da6cbcb03f0f838359686a6e80d0ae2795f,structures/x4839a_x4980a/A71EV2A-x4839a/A71EV2A-x4839a_ligand_ref.sdf,True,1898,24d76e8374e7965f8370b3aa1e1e3a31c3060bdeb6e646ecf295cfaf68c37291,structures/x4839a_x4980a/A71EV2A-x4839a/A71EV2A-x4839a_ligand_prepared.sdf,True,3392,29270cf8f0b016fa2de028c42e012b282d7a3eae89e02ef00b3a6edfa715a2ca,1118,1086,32,21,2112,2112,,,True,1,21,21,0,C:15;N:4;O:2,True,1,39,21,0,C:15;H:18;N:4;O:2
483,A71EV2A-x4840a,x4840a,NC(=O)c1ccccc1CC(=O)N1CCC[C@H](C(N)=O)C1,3.6601,False,False,True,True,False,42.6672,92.3077,39.3851,structures/x4840a/A71EV2A-x4840a,structures/x4840a/A71EV2A-x4840a/A71EV2A-x4840a_complex_ref.pdb,True,377457,c5ba6ee46f8e681b4d05c83aa8b4ff856c06bca63de78d8b8411e8446c6ba9e7,structures/x4840a/A71EV2A-x4840a/A71EV2A-x4840a_prepared.pdb,True,171224,57691517daf1f175afb602a6ddaff682035928c994c2529ba1d8dc0170ef7817,structures/x4840a/A71EV2A-x4840a/A71EV2A-x4840a_ligand_ref.sdf,True,1885,b5c42fe3625fe52961a7167a7891ded8356937af3bee010e07a51afffa7fa582,structures/x4840a/A71EV2A-x4840a/A71EV2A-x4840a_ligand_prepared.sdf,True,3462,9caf14b319bd6a6a3caaec500489dc4c444732c21d63de0a8c4a0b78e81fe932,2218,2180,38,21,2112,2112,,,True,1,21,21,0,C:15;N:3;O:3,True,1,40,21,0,C:15;H:19;N:3;O:3
484,A71EV2A-x4843a,x4843a,COc1ccc(C(F)(F)F)cc1N(C)C(=O)N1CCC[C@H](C(N)=O)C1,4.5611,False,False,True,True,False,39.5934,92,36.426,structures/x4843a/A71EV2A-x4843a,structures/x4843a/A71EV2A-x4843a/A71EV2A-x4843a_complex_ref.pdb,True,203148,1d8727d41342fae867ac6538348d6d8c3c1310428f8002e19ae703c2817afb0c,structures/x4843a/A71EV2A-x4843a/A71EV2A-x4843a_prepared.pdb,True,170009,d56b2cfcfbec00d0c449c65f1537f43995046f47c58fbf289e2194675b12ad89,structures/x4843a/A71EV2A-x4843a/A71EV2A-x4843a_ligand_ref.sdf,True,2217,a7f89aa84ab35f00e033e11f1fd0c1e5a35fd0b337bfae3fb131067b2576280d,structures/x4843a/A71EV2A-x4843a/A71EV2A-x4843a_ligand_prepared.sdf,True,3877,a7acce6252f5abd805fe93afef4725b1637530603ef504a62b3344f14186f7ca,1121,1077,44,25,2097,2097,,,True,1,25,25,0,C:16;F:3;N:3;O:3,True,1,45,25,0,C:16;F:3;H:20;N:3;O:3
485,A71EV2A-x4845a,x4845a,COc1cc(Br)c(CC(=O)N2CCC[C@H](C(N)=O)C2)cc1OC,3.7202,False,False,True,True,False,39.7167,88,34.9507,structures/x4845a/A71EV2A-x4845a,structures/x4845a/A71EV2A-x4845a/A71EV2A-x4845a_complex_ref.pdb,True,380133,c5c2acebfa5980ae33625f7a813a920c479d0f7bb336e489649a2991ac2810d1,structures/x4845a/A71EV2A-x4845a/A71EV2A-x4845a_prepared.pdb,True,171224,f8f67262b4ed5e3b1a64b09d78ffc000e8ac1deaa3833e87553f406f6303385e,structures/x4845a/A71EV2A-x4845a/A71EV2A-x4845a_ligand_ref.sdf,True,2051,5f281a33e3ce8ba9559f9015ab71c06de87f440419c2bc5a55e2c3ed1b78607e,structures/x4845a/A71EV2A-x4845a/A71EV2A-x4845a_ligand_prepared.sdf,True,3794,c467554c8bfd109b7764e5dee43e0007ada87453ce7082dbf456cb53810dd342,2225,2180,45,23,2112,2112,,,True,1,23,23,0,Br:1;C:16;N:2;O:4,True,1,44,23,0,Br:1;C:16;H:21;N:2;O:4
486,A71EV2A-x4846a,x4846a,CSc1ccccc1C(=O)N1CCC[C@H](C(N)=O)C1,,False,False,True,True,False,50.101,91.6667,45.9259,structures/x4846a/A71EV2A-x4846a,structures/x4846a/A71EV2A-x4846a/A71EV2A-x4846a_complex_ref.pdb,True,199418,508c2d964df1ffb0813d7c0eb8b78108d4f922c99dd5f9c34d690ad32325fe31,structures/x4846a/A71EV2A-x4846a/A71EV2A-x4846a_prepared.pdb,True,170009,158dc7ec00508e04ce79fb98ec819968c2aa853b6e730c502cbb419803e1fe8d,structures/x4846a/A71EV2A-x4846a/A71EV2A-x4846a_ligand_ref.sdf,True,1719,1441d8039446738e87bc9dd4d2485b66f57b9792327a8f03fd05e2efd60c8a6a,structures/x4846a/A71EV2A-x4846a/A71EV2A-x4846a_ligand_prepared.sdf,True,3213,a5438d59047b7e66bfdef50be439c2cd8d59ed1cbe62ccdb4a5006f5014d4fba,1122,1077,45,19,2097,2097,,,True,1,19,19,0,C:14;N:2;O:2;S:1,True,1,37,19,0,C:14;H:18;N:2;O:2;S:1
487,A71EV2A-x4847a,x4847a,NC(=O)[C@H]1CCC(=O)N(Cc2cccc3[nH]ccc23)C1,,False,False,True,True,False,48.3238,95.4545,46.1272,structures/x4847a/A71EV2A-x4847a,structures/x4847a/A71EV2A-x4847a/A71EV2A-x4847a_complex_ref.pdb,True,200714,fd484d780c832bee8e065d9d9d95e3971da8242c4900f149fc3a17f710f7c333,structures/x4847a/A71EV2A-x4847a/A71EV2A-x4847a_prepared.pdb,True,171224,3b4f45920eff72b6e88147515c6de0d07260a14ff43d1e7dcccb609409a4022a,structures/x4847a/A71EV2A-x4847a/A71EV2A-x4847a_ligand_ref.sdf,True,1815,d60ecdc36be99854d7ea3b56b0fc8dc941b43d76d863a82e24159db3aa3adb45,structures/x4847a/A71EV2A-x4847a/A71EV2A-x4847a_ligand_prepared.sdf,True,3226,5a06c547641b2fcd33b7e6976fe15c2ad1ff693c0aa2c0e6ff91e793721830d4,1129,1086,43,20,2112,2112,,,True,1,20,20,0,C:15;N:3;O:2,True,1,37,20,0,C:15;H:17;N:3;O:2
488,A71EV2A-x4851a,x4851a,CSc1c(F)cccc1NC(=O)N1CCC[C@H](C(N)=O)C1,4.32,False,False,True,True,False,48.3365,92.3077,44.6183,structures/x4851a/A71EV2A-x4851a,structures/x4851a/A71EV2A-x4851a/A71EV2A-x4851a_complex_ref.pdb,True,201362,f8f0b8821a643feae47a5a1ee9c869026f8f13e6cfd06cb81d2d0423c8a4a56d,structures/x4851a/A71EV2A-x4851a/A71EV2A-x4851a_prepared.pdb,True,170009,6c493f6d6644d9d8de59acb3442d891adf3cf409c7b897139f431d79ec915c92,structures/x4851a/A71EV2A-x4851a/A71EV2A-x4851a_ligand_ref.sdf,True,1886,90887d06e6c9010cd4b671cfab1d72b0ffc5ef4c55b214826ddfe5542cc79f56,structures/x4851a/A71EV2A-x4851a/A71EV2A-x4851a_ligand_prepared.sdf,True,3380,5e7eb0024225c77f94ca134d9c0a0d82a1778b1fc096f66f28219e25a85e09ee,1109,1077,32,21,2097,2097,,,True,1,21,21,0,C:14;F:1;N:3;O:2;S:1,True,1,39,21,0,C:14;F:1;H:18;N:3;O:2;S:1
489,A71EV2A-x4855a,x4855a,CSc1ccccc1NC(=O)N1CC[C@H](C(N)=O)C1,,False,False,True,True,False,45.498,92.3077,41.9981,structures/x4855a/A71EV2A-x4855a,structures/x4855a/A71EV2A-x4855a/A71EV2A-x4855a_complex_ref.pdb,True,200066,051b88f23bd2714551fe1057f27160576fa2f1c5d3d1e17dc357b0ea9b9c7c2c,structures/x4855a/A71EV2A-x4855a/A71EV2A-x4855a_prepared.pdb,True,170009,870ed6d11e96d776c59d8619b52040cc60c2459c3f29c73aa2e0ce8117d32d87,structures/x4855a/A71EV2A-x4855a/A71EV2A-x4855a_ligand_ref.sdf,True,1719,e2d0d7a2f65167e999df88a3345743d2d6da15510ed46a668d4cf357103eadf8,structures/x4855a/A71EV2A-x4855a/A71EV2A-x4855a_ligand_prepared.sdf,True,3130,16dc1d14c3e0b57c4b584add3c23ca94c4fea0abf26a11527e4103cea9c5a46e,1137,1091,46,19,2097,2097,,,True,1,19,19,0,C:13;N:3;O:2;S:1,True,1,36,19,0,C:13;H:17;N:3;O:2;S:1
490,A71EV2A-x4856a,x4856a,CSc1ccc(Br)cc1CC(=O)N1CC[C@H](C(N)=O)C1,4.1666,False,False,True,True,False,45.9906,92.3077,42.4528,structures/x4856a/A71EV2A-x4856a,structures/x4856a/A71EV2A-x4856a/A71EV2A-x4856a_complex_ref.pdb,True,199257,1aea36012134bfe037c989f8996ceecc172391e92817463c9dd581f28cf785af,structures/x4856a/A71EV2A-x4856a/A71EV2A-x4856a_prepared.pdb,True,170009,c602a163d19e8cf5c13ff8a4db514ac69e41cff81865eef560e7a071f5ef86ef,structures/x4856a/A71EV2A-x4856a/A71EV2A-x4856a_ligand_ref.sdf,True,1802,1bc0cae773427b87cba10264eb54f46054c4de0761d397feec497a1748a5d0d0,structures/x4856a/A71EV2A-x4856a/A71EV2A-x4856a_ligand_prepared.sdf,True,3213,e6c26671d7e5ec0b906d0a34a0562a79a97cf21eb0124f452cbd859515e89241,1130,1088,42,20,2097,2097,,,True,1,20,20,0,Br:1;C:14;N:2;O:2;S:1,True,1,37,20,0,Br:1;C:14;H:17;N:2;O:2;S:1
491,A71EV2A-x4872a,x4528a_x4872a,NC(=O)[C@H]1CCCN(C(=O)CN2CCOc3ccc(Cl)cc32)C1,,False,False,True,True,False,45.9711,90.9091,41.7919,structures/x4528a_x4872a/A71EV2A-x4872a,structures/x4528a_x4872a/A71EV2A-x4872a/A71EV2A-x4872a_complex_ref.pdb,True,196095,4d87a33d96da5268d8b9784658778cf9e01c6707aefe61797130a3b02c321561,structures/x4528a_x4872a/A71EV2A-x4872a/A71EV2A-x4872a_prepared.pdb,True,170009,c0b31d09a665c2d0d4741f072bc33d17fff584a678c3fd60890fb250bf7b972b,structures/x4528a_x4872a/A71EV2A-x4872a/A71EV2A-x4872a_ligand_ref.sdf,True,2064,3afe00889462b6581e49defd7d637523b42570d55a01c36b3494172c51656053,structures/x4528a_x4872a/A71EV2A-x4872a/A71EV2A-x4872a_ligand_prepared.sdf,True,3724,2591fc8be606b6bdd76952e51e08d85e03c37b232e56214d71c6200900bd4674,1107,1077,30,23,2097,2097,,,True,1,23,23,0,C:16;Cl:1;N:3;O:3,True,1,43,23,0,C:16;Cl:1;H:20;N:3;O:3
492,A71EV2A-x4873a,x4524a_x4873a_x4873b,COc1cccc(NC(=O)N2CCC[C@H](C(N)=O)C2)c1Cl,4.6127,False,False,True,True,False,41.0705,90.9091,37.3368,structures/x4524a_x4873a_x4873b/A71EV2A-x4873a,structures/x4524a_x4873a_x4873b/A71EV2A-x4873a/A71EV2A-x4873a_complex_ref.pdb,True,382239,5f93b28e569cd96ac616b83394cd10fcd0b52749c0b8ad9fba3fc023e4060285,structures/x4524a_x4873a_x4873b/A71EV2A-x4873a/A71EV2A-x4873a_prepared.pdb,True,170009,f536f6c0798956ae1a1ab26ecd59dd2aebe2a87cae76fa39925f66d0941f15ee,structures/x4524a_x4873a_x4873b/A71EV2A-x4873a/A71EV2A-x4873a_ligand_ref.sdf,True,1885,7aebaf0e50040cee18ac0ae74a0be39a286e516fec97ca7fa7d21c88ca325242,structures/x4524a_x4873a_x4873b/A71EV2A-x4873a/A71EV2A-x4873a_ligand_prepared.sdf,True,3379,3f41a332987922e5cf99d4f42161c140793177aa1c86fff92025fcb8a6f75e23,2235,2154,81,42,2097,2097,,,True,1,21,21,0,C:14;Cl:1;N:3;O:3,True,1,39,21,0,C:14;Cl:1;H:18;N:3;O:3
493,A71EV2A-x4873b,x4524a_x4873a_x4873b,COc1cccc(NC(=O)N2CCC[C@H](C(N)=O)C2)c1Cl,4.6127,False,False,True,True,False,40.4159,91.3043,36.9014,structures/x4524a_x4873a_x4873b/A71EV2A-x4873b,structures/x4524a_x4873a_x4873b/A71EV2A-x4873b/A71EV2A-x4873b_complex_ref.pdb,True,382401,c0603667712554f38bd5db597c1733a6205d6cdf6e1d7681e11b516b95c59c62,structures/x4524a_x4873a_x4873b/A71EV2A-x4873b/A71EV2A-x4873b_prepared.pdb,True,170009,c9da70edf396563ff9090d28582b53043c189b3c79848865fabaac6a0e00da84,structures/x4524a_x4873a_x4873b/A71EV2A-x4873b/A71EV2A-x4873b_ligand_ref.sdf,True,1885,d764ae3b5829d7deca19723745465241204007b1f239843e830697b79197ad47,structures/x4524a_x4873a_x4873b/A71EV2A-x4873b/A71EV2A-x4873b_ligand_prepared.sdf,True,3379,1a53707c3e52130561f05cca765cb83557a5b39e577315f59cbc228e81c542e6,2237,2154,83,42,2097,2097,,,True,1,21,21,0,C:14;Cl:1;N:3;O:3,True,1,39,21,0,C:14;Cl:1;H:18;N:3;O:3
494,A71EV2A-x4874a,x4874a_x4874b,C[C@H](C(=O)N1CCC[C@H](C(N)=O)C1)c1ccn[nH]1,,False,False,True,True,False,43.3342,95.4545,41.3644,structures/x4874a_x4874b/A71EV2A-x4874a,structures/x4874a_x4874b/A71EV2A-x4874a/A71EV2A-x4874a_complex_ref.pdb,True,377377,e3a8565c8a26aec56737f60128c24612ecb90f330a7a5068682c7e265f3f6275,structures/x4874a_x4874b/A71EV2A-x4874a/A71EV2A-x4874a_prepared.pdb,True,168794,e3318df64b280ad6d3ea6476f3ba9356c3dff1b03f5cb61532a392929a233115,structures/x4874a_x4874b/A71EV2A-x4874a/A71EV2A-x4874a_ligand_ref.sdf,True,1636,d9bf48d66ebc33aaf0ec2a5c29092fd6b24be34c9c2acab06bfc294dbdb7e3a7,structures/x4874a_x4874b/A71EV2A-x4874a/A71EV2A-x4874a_ligand_prepared.sdf,True,3130,8f075ab56d52a7298774d8df2e76f1bf257d3d642760724449c546e12aa0d9e3,2210,2151,59,36,2082,2082,,,True,1,18,18,0,C:12;N:4;O:2,True,1,36,18,0,C:12;H:18;N:4;O:2
495,A71EV2A-x4874b,x4874a_x4874b,C[C@H](C(=O)N1CCC[C@H](C(N)=O)C1)c1ccn[nH]1,,False,False,True,True,False,48.1899,90.9091,43.809,structures/x4874a_x4874b/A71EV2A-x4874b,structures/x4874a_x4874b/A71EV2A-x4874b/A71EV2A-x4874b_complex_ref.pdb,True,377458,2c442a8a3406ca0421a5d3fd779031ef033c4b68a9f3d22653596a6102d9ff2e,structures/x4874a_x4874b/A71EV2A-x4874b/A71EV2A-x4874b_prepared.pdb,True,170009,816a0f33cb88f146205fad83dcede18c94e7c1cf08ce88f49e7ad0a1bcdfc3b0,structures/x4874a_x4874b/A71EV2A-x4874b/A71EV2A-x4874b_ligand_ref.sdf,True,1636,996ae801f569a0831a395e4def0ede475c185a6561f1d5226ce557b14a2edaac,structures/x4874a_x4874b/A71EV2A-x4874b/A71EV2A-x4874b_ligand_prepared.sdf,True,3130,0385d76ac127807acb3d5fd044be6690fa23185ba3d791f9dd0b3b47e50ea687,2211,2151,60,36,2097,2097,,,True,1,18,18,0,C:12;N:4;O:2,True,1,36,18,0,C:12;H:18;N:4;O:2
496,A71EV2A-x4877a,x4877a_x4877b,NC(=O)[C@H]1CCCN(C(=O)[C@H]2SCCc3sccc32)C1,,False,False,True,True,False,44.1923,95.4545,42.1836,structures/x4877a_x4877b/A71EV2A-x4877a,structures/x4877a_x4877b/A71EV2A-x4877a/A71EV2A-x4877a_complex_ref.pdb,True,374055,1a85562356c2e02ef012d7dc0b0764c8aee9aebc91c0ba6e9f398df91b390fa3,structures/x4877a_x4877b/A71EV2A-x4877a/A71EV2A-x4877a_prepared.pdb,True,168794,e13b6f5101ab7c81b25952f63ab865e68281ee489a1cc4fab6e7c225b6ded818,structures/x4877a_x4877b/A71EV2A-x4877a/A71EV2A-x4877a_ligand_ref.sdf,True,1815,edc430ae7d41c3f231ca91150418ad481f281d475138196bea8ba16d4cbf2613,structures/x4877a_x4877b/A71EV2A-x4877a/A71EV2A-x4877a_ligand_prepared.sdf,True,3309,3558008e1876691e90916fe570e1062b244f8fea30084209d76d75f4f7d24d71,2189,2136,53,40,2082,2082,,,True,1,20,20,0,C:14;N:2;O:2;S:2,True,1,38,20,0,C:14;H:18;N:2;O:2;S:2
497,A71EV2A-x4877b,x4877a_x4877b,NC(=O)[C@H]1CCCN(C(=O)[C@H]2SCCc3sccc32)C1,,False,False,True,True,False,48.9642,95.6522,46.8354,structures/x4877a_x4877b/A71EV2A-x4877b,structures/x4877a_x4877b/A71EV2A-x4877b/A71EV2A-x4877b_complex_ref.pdb,True,373974,bb02e82c55819a63b248aa9a986a257bc78eca08c4c96ac208b75babd261ffc5,structures/x4877a_x4877b/A71EV2A-x4877b/A71EV2A-x4877b_prepared.pdb,True,168794,d2f352654ff94dcf8787e42fa42290699ca675ebcf18a3b1e344f2925ae28df4,structures/x4877a_x4877b/A71EV2A-x4877b/A71EV2A-x4877b_ligand_ref.sdf,True,1815,c0e01bc521856c0e0e7f04aff913744aee6d0827bb86740772764f49e6130f02,structures/x4877a_x4877b/A71EV2A-x4877b/A71EV2A-x4877b_ligand_prepared.sdf,True,3309,debbdad8d9466844966e3f0df069d51e5b661091b4e149f173161dc0b87077d5,2188,2136,52,40,2082,2082,,,True,1,20,20,0,C:14;N:2;O:2;S:2,True,1,38,20,0,C:14;H:18;N:2;O:2;S:2
498,A71EV2A-x4880a,x4880a_x4880b,NC(=O)[C@H]1CCC(=O)N(Cc2ccc3[nH]ccc3c2)C1,,False,False,True,True,False,45.5298,91.6667,41.7356,structures/x4880a_x4880b/A71EV2A-x4880a,structures/x4880a_x4880b/A71EV2A-x4880a/A71EV2A-x4880a_complex_ref.pdb,True,379404,147a7f320c1707a082f200114c8201f6fcf74a4fe17b1dff565305451c32fb0b,structures/x4880a_x4880b/A71EV2A-x4880a/A71EV2A-x4880a_prepared.pdb,True,170009,fe2bb161eafb84d453695e916817982c80d5ca3c1c8bfc21443fdb233e1b99a6,structures/x4880a_x4880b/A71EV2A-x4880a/A71EV2A-x4880a_ligand_ref.sdf,True,1815,8693291ca22839e29be13bb17fd8cf00145f0c0c138ac5618ecef456817d47e7,structures/x4880a_x4880b/A71EV2A-x4880a/A71EV2A-x4880a_ligand_prepared.sdf,True,3226,245923b507667c1e496df5d4d7a001706d5e509c2a2a815ce25772e8099ca1b9,2224,2154,70,40,2097,2097,,,True,1,20,20,0,C:15;N:3;O:2,True,1,37,20,0,C:15;H:17;N:3;O:2
499,A71EV2A-x4880b,x4880a_x4880b,NC(=O)[C@H]1CCC(=O)N(Cc2ccc3[nH]ccc3c2)C1,,False,False,True,True,False,50.9249,73.913,37.6401,structures/x4880a_x4880b/A71EV2A-x4880b,structures/x4880a_x4880b/A71EV2A-x4880b/A71EV2A-x4880b_complex_ref.pdb,True,379323,78a29616df7b998eadbe5c56453a7c555631b511c6f708ec491f973f2c83891d,structures/x4880a_x4880b/A71EV2A-x4880b/A71EV2A-x4880b_prepared.pdb,True,170009,216b8c1383fcf44ded3eecabe44923a4c299fef10ab41fc453077b12c43589ff,structures/x4880a_x4880b/A71EV2A-x4880b/A71EV2A-x4880b_ligand_ref.sdf,True,1815,3969db2575231443aaa157560ad9a7b39356ad20542bdfcdcedc375dc4401f6a,structures/x4880a_x4880b/A71EV2A-x4880b/A71EV2A-x4880b_ligand_prepared.sdf,True,3226,db02c8d8d775e63af9d0136c50cb168e32c5c134731efc6b69428408aea679f1,2223,2154,69,40,2097,2097,,,True,1,20,20,0,C:15;N:3;O:2,True,1,37,20,0,C:15;H:17;N:3;O:2
500,A71EV2A-x4882a,x4882a_x4882b,NC(=O)[C@H]1CCCN(C(=O)Cc2cc(F)c(F)cc2Br)C1,,False,False,True,True,False,42.3258,91.3043,38.6453,structures/x4882a_x4882b/A71EV2A-x4882a,structures/x4882a_x4882b/A71EV2A-x4882a/A71EV2A-x4882a_complex_ref.pdb,True,377782,2299545f1c4dfc87aa7ec475f79f390d1788ab8bf4d9df7d5066c12317885376,structures/x4882a_x4882b/A71EV2A-x4882a/A71EV2A-x4882a_prepared.pdb,True,170009,7e94f2ee18e55d0ba3d5c046df13daa6084db1055b6ee00a7d4517ce6849077e,structures/x4882a_x4882b/A71EV2A-x4882a/A71EV2A-x4882a_ligand_ref.sdf,True,1885,fad3cd1f4dcaec82aa78927b886e5396a0ff285428459664e979e0b4b434d886,structures/x4882a_x4882b/A71EV2A-x4882a/A71EV2A-x4882a_ligand_prepared.sdf,True,3130,0f3e157fa6a8e0c6f38d946c940569a7599c3bbb348531e7d019aca36bcc478d,2223,2157,66,42,2097,2097,,,True,1,21,21,0,Br:1;C:14;F:2;N:2;O:2,True,1,36,21,0,Br:1;C:14;F:2;H:15;N:2;O:2
501,A71EV2A-x4882b,x4882a_x4882b,NC(=O)[C@H]1CCCN(C(=O)Cc2cc(F)c(F)cc2Br)C1,,False,False,True,True,False,41.7081,91.3043,38.0813,structures/x4882a_x4882b/A71EV2A-x4882b,structures/x4882a_x4882b/A71EV2A-x4882b/A71EV2A-x4882b_complex_ref.pdb,True,377782,025e59fa0cc3bbfe64c9dd9b9ff780fb6e8d4afbe71494de7e39e45e17054388,structures/x4882a_x4882b/A71EV2A-x4882b/A71EV2A-x4882b_prepared.pdb,True,170009,05cb9fef641c783eb9e87e75b5b49fbf45402fa2758b559406ead3273db7ede0,structures/x4882a_x4882b/A71EV2A-x4882b/A71EV2A-x4882b_ligand_ref.sdf,True,1885,f97ad83da51a4b074aee7173d7072de1158dc46eb513a1bfa5e490e3358426cc,structures/x4882a_x4882b/A71EV2A-x4882b/A71EV2A-x4882b_ligand_prepared.sdf,True,3130,072e1396bd4db6bb950f078c7bc16289e7f2bf58689b2ee1798e376d3de35f84,2223,2157,66,42,2097,2097,,,True,1,21,21,0,Br:1;C:14;F:2;N:2;O:2,True,1,36,21,0,Br:1;C:14;F:2;H:15;N:2;O:2
502,A71EV2A-x4883a,x4883a_x4883b,CSc1ncccc1NC(=O)N1CCC[C@H](C(N)=O)C1,4.221,False,False,True,True,False,47.2466,92,43.4668,structures/x4883a_x4883b/A71EV2A-x4883a,structures/x4883a_x4883b/A71EV2A-x4883a/A71EV2A-x4883a_complex_ref.pdb,True,380455,43ab175c9c902c5cf6e7fe23354027f152ab779f6acbfb9848f0f3849cd5ca9e,structures/x4883a_x4883b/A71EV2A-x4883a/A71EV2A-x4883a_prepared.pdb,True,170009,9b8335685dbea46d7eca45f920cccfffd9cfb62a93a4a254dbde322596573786,structures/x4883a_x4883b/A71EV2A-x4883a/A71EV2A-x4883a_ligand_ref.sdf,True,1802,299b2e6287a8a8ae581dd6823fdfce2521d6f473b5f728c39f6a2fe3bcc6bb80,structures/x4883a_x4883b/A71EV2A-x4883a/A71EV2A-x4883a_ligand_prepared.sdf,True,3296,5e4f58edf786f0b24e5a58a44b5c53f8627064be5b04635c0b6777e97641c042,2233,2160,73,40,2097,2097,,,True,1,20,20,0,C:13;N:4;O:2;S:1,True,1,38,20,0,C:13;H:18;N:4;O:2;S:1
503,A71EV2A-x4883b,x4883a_x4883b,CSc1ncccc1NC(=O)N1CCC[C@H](C(N)=O)C1,4.221,False,False,True,True,False,47.2065,95.6522,45.1541,structures/x4883a_x4883b/A71EV2A-x4883b,structures/x4883a_x4883b/A71EV2A-x4883b/A71EV2A-x4883b_complex_ref.pdb,True,380374,de71a1f4db8bd199e39f5bc77fb65abbd17b1f4032b6cd459fbde4ebf9de710f,structures/x4883a_x4883b/A71EV2A-x4883b/A71EV2A-x4883b_prepared.pdb,True,170009,fdf9af9992114352f739361129ff8fa039d6a2fa4f86957a405704da0a096ea7,structures/x4883a_x4883b/A71EV2A-x4883b/A71EV2A-x4883b_ligand_ref.sdf,True,1802,3cc263467e408a3d3451d80b08993399e3ca031b7872093af5e756863093ae54,structures/x4883a_x4883b/A71EV2A-x4883b/A71EV2A-x4883b_ligand_prepared.sdf,True,3296,85ba441f01ff63ec678cf28528e00b01d5ecd2d5188005b4e4cfb78b98bae806,2232,2160,72,40,2097,2097,,,True,1,20,20,0,C:13;N:4;O:2;S:1,True,1,38,20,0,C:13;H:18;N:4;O:2;S:1
504,A71EV2A-x4885a,x4885a_x4885b,CSc1ccccc1CC(=O)N1C[C@@H](C)C[C@H](C(N)=O)C1,4.1316,False,False,True,True,False,45.4474,92,41.8116,structures/x4885a_x4885b/A71EV2A-x4885a,structures/x4885a_x4885b/A71EV2A-x4885a/A71EV2A-x4885a_complex_ref.pdb,True,377782,d889259abddc4af961e4c0fe22c5659834ed8c1e4746be05c104d5e7bed87dd3,structures/x4885a_x4885b/A71EV2A-x4885a/A71EV2A-x4885a_prepared.pdb,True,170009,36a705b92ce2a0219d0535d65b2f62406619a5200e1f16938723668bc238696c,structures/x4885a_x4885b/A71EV2A-x4885a/A71EV2A-x4885a_ligand_ref.sdf,True,1885,4642688a68c9209f381a7d369e7e16dc061918408523c840c5568e9e35f211e9,structures/x4885a_x4885b/A71EV2A-x4885a/A71EV2A-x4885a_ligand_prepared.sdf,True,3711,9c34d5da8e9916795f0c742ebe5dc2bda5adc807343205190849497954cd0893,2223,2157,66,42,2097,2097,,,True,1,21,21,0,C:16;N:2;O:2;S:1,True,1,43,21,0,C:16;H:22;N:2;O:2;S:1
505,A71EV2A-x4885b,x4885a_x4885b,CSc1ccccc1CC(=O)N1C[C@@H](C)C[C@H](C(N)=O)C1,4.1316,False,False,True,True,False,42.6219,92,39.2122,structures/x4885a_x4885b/A71EV2A-x4885b,structures/x4885a_x4885b/A71EV2A-x4885b/A71EV2A-x4885b_complex_ref.pdb,True,377701,72d1a4c509830b5dbdefb829eb4fa303f93221431a02ccc82d95483a5f1b61bb,structures/x4885a_x4885b/A71EV2A-x4885b/A71EV2A-x4885b_prepared.pdb,True,170009,aa434fd30e64b55ea4400a60a5431b72a303a743ff0b03336810c80ff02cd26e,structures/x4885a_x4885b/A71EV2A-x4885b/A71EV2A-x4885b_ligand_ref.sdf,True,1885,b557363d9047ed0a0c9d6d3910555a48dc57dbc26dc7fdc0350cf1f81dbfecce,structures/x4885a_x4885b/A71EV2A-x4885b/A71EV2A-x4885b_ligand_prepared.sdf,True,3711,ebca1bb82ad7db78b13f71320f0ccfd81b4130e43d1e02f9b0795b89e7730ecc,2222,2157,65,42,2097,2097,,,True,1,21,21,0,C:16;N:2;O:2;S:1,True,1,43,21,0,C:16;H:22;N:2;O:2;S:1
506,A71EV2A-x4894a,x4894a_x4940a,CSc1ccccc1CC(=O)N1CCC[C@](O)(C(N)=O)C1,3.956,False,False,True,True,False,47.4933,92,43.6938,structures/x4894a_x4940a/A71EV2A-x4894a,structures/x4894a_x4940a/A71EV2A-x4894a/A71EV2A-x4894a_complex_ref.pdb,True,195691,e16ed26ffc8982ac297292046571964a2fe5d2802f05a633b504064c9d4b75ca,structures/x4894a_x4940a/A71EV2A-x4894a/A71EV2A-x4894a_prepared.pdb,True,170009,473be4f99bb57b79bbe2308d68770c3b867b6e2f7278e4c6d4d86f4641a6cb1c,structures/x4894a_x4940a/A71EV2A-x4894a/A71EV2A-x4894a_ligand_ref.sdf,True,1885,5a506986c735ad4a201360af3dac8a88b90b1635938eb10d15c49f6b42c460a5,structures/x4894a_x4940a/A71EV2A-x4894a/A71EV2A-x4894a_ligand_prepared.sdf,True,3545,8c5d21bf63449acb767e8b286dfc6c277309228d64193c75e6254a711477c23f,1104,1077,27,21,2097,2097,,,True,1,21,21,0,C:15;N:2;O:3;S:1,True,1,41,21,0,C:15;H:20;N:2;O:3;S:1
507,A71EV2A-x4895a,x4895a_x4895b,C[C@H](C(=O)N1CCC[C@H](C(N)=O)C1)c1nc(F)ccc1Cl,4.2774,False,False,True,True,False,44.9731,90.9091,40.8846,structures/x4895a_x4895b/A71EV2A-x4895a,structures/x4895a_x4895b/A71EV2A-x4895a/A71EV2A-x4895a_complex_ref.pdb,True,377863,271ab694a9d7dd6648a5dd90ea00f2ef3f711279d0c7c003ff2cbc6f2604b2b1,structures/x4895a_x4895b/A71EV2A-x4895a/A71EV2A-x4895a_prepared.pdb,True,170009,16c1c0e2e8ff3e70436635835227e18741e66c14c84c7e1c8b62b24f4366ebaf,structures/x4895a_x4895b/A71EV2A-x4895a/A71EV2A-x4895a_ligand_ref.sdf,True,1885,91f9600e5fb02e6e923349febcfb326dfc6be0d5a79b1a29ba4d540383de7752,structures/x4895a_x4895b/A71EV2A-x4895a/A71EV2A-x4895a_ligand_prepared.sdf,True,3296,123be782b7ce8faae93d7ece1b115fbbe53a7d760e8826e9892835f82e68be12,2226,2154,72,42,2097,2097,,,True,1,21,21,0,C:14;Cl:1;F:1;N:3;O:2,True,1,38,21,0,C:14;Cl:1;F:1;H:17;N:3;O:2
508,A71EV2A-x4895b,x4895a_x4895b,C[C@H](C(=O)N1CCC[C@H](C(N)=O)C1)c1nc(F)ccc1Cl,4.2774,False,False,True,True,False,44.7067,91.6667,40.9812,structures/x4895a_x4895b/A71EV2A-x4895b,structures/x4895a_x4895b/A71EV2A-x4895b/A71EV2A-x4895b_complex_ref.pdb,True,378025,43fc29023045da24eef4406146f14395d513822164cccf42c1f326f9d97962bf,structures/x4895a_x4895b/A71EV2A-x4895b/A71EV2A-x4895b_prepared.pdb,True,170009,af85f5d4eb80435ecc79aa2a12490d34f67f80131fa673b61474fb3b34e455f7,structures/x4895a_x4895b/A71EV2A-x4895b/A71EV2A-x4895b_ligand_ref.sdf,True,1885,a38d61438bc8b657d701ebfdbcaa5c2f211ff859b9165fe745e6f5c6981bba90,structures/x4895a_x4895b/A71EV2A-x4895b/A71EV2A-x4895b_ligand_prepared.sdf,True,3296,72b4a83511467cf80515655526fa365c3838829673e03bd70bf4e26148f9dd2d,2228,2154,74,42,2097,2097,,,True,1,21,21,0,C:14;Cl:1;F:1;N:3;O:2,True,1,38,21,0,C:14;Cl:1;F:1;H:17;N:3;O:2
509,A71EV2A-x4899a,x4899a_x4899b,COc1ncccc1NS(=O)(=O)N1CCC[C@H](C(N)=O)C1,4.6012,False,False,True,True,False,41.0545,92,37.7701,structures/x4899a_x4899b/A71EV2A-x4899a,structures/x4899a_x4899b/A71EV2A-x4899a/A71EV2A-x4899a_complex_ref.pdb,True,378998,060f2030fe3ab8f2f7ef8c8f594196eb3be6d09ff48ecd200c843e888ebfcf2f,structures/x4899a_x4899b/A71EV2A-x4899a/A71EV2A-x4899a_prepared.pdb,True,170009,4d570e1805ccb8b633454e04e562f548fa545fd1756a4f92847375a84771853c,structures/x4899a_x4899b/A71EV2A-x4899a/A71EV2A-x4899a_ligand_ref.sdf,True,1885,c498db2707f665c26bc39719bd2d66d141c0c6caedcf00d33e01642616129939,structures/x4899a_x4899b/A71EV2A-x4899a/A71EV2A-x4899a_ligand_prepared.sdf,True,3379,34d61491fc8c5890afa1b006a180dabfae7cc44b08d902fb6322fbf2f204e6d7,2221,2154,67,42,2097,2097,,,True,1,21,21,0,C:12;N:4;O:4;S:1,True,1,39,21,0,C:12;H:18;N:4;O:4;S:1
510,A71EV2A-x4899b,x4899a_x4899b,COc1ncccc1NS(=O)(=O)N1CCC[C@H](C(N)=O)C1,4.6012,False,False,True,True,False,41.1848,95.8333,39.4688,structures/x4899a_x4899b/A71EV2A-x4899b,structures/x4899a_x4899b/A71EV2A-x4899b/A71EV2A-x4899b_complex_ref.pdb,True,379241,e1943b7924c8a693cb354266dbbc20f5ded1e494d6b51a8ecebf82657de1aaa3,structures/x4899a_x4899b/A71EV2A-x4899b/A71EV2A-x4899b_prepared.pdb,True,170009,1f082cb8c21a5e6391e1136583f3e2ec9f27ff0469ddb432ae099d71990578eb,structures/x4899a_x4899b/A71EV2A-x4899b/A71EV2A-x4899b_ligand_ref.sdf,True,1885,fe3f577227be1613125821c3ad9ac4227d0d7f64b787075b08623a27f26d2bd7,structures/x4899a_x4899b/A71EV2A-x4899b/A71EV2A-x4899b_ligand_prepared.sdf,True,3379,7ea7ac1f0f72a8760e7419c7482815ead4e83cd33a2b62c527857e73386b8a57,2224,2154,70,42,2097,2097,,,True,1,21,21,0,C:12;N:4;O:4;S:1,True,1,39,21,0,C:12;H:18;N:4;O:4;S:1
511,A71EV2A-x4903a,x4829a_x4829b_x4903a_x4903b,COc1ccc(Cl)cc1OC(=O)N1CCC[C@H](C(N)=O)C1,5.2628,False,False,True,True,False,40.474,92,37.2361,structures/x4829a_x4829b_x4903a_x4903b/A71EV2A-x4903a,structures/x4829a_x4829b_x4903a_x4903b/A71EV2A-x4903a/A71EV2A-x4903a_complex_ref.pdb,True,380131,faab72baeac7106fab19a62b97c5a28edae810d2e2f81a1f2bad9c7f5c6b8422,structures/x4829a_x4829b_x4903a_x4903b/A71EV2A-x4903a/A71EV2A-x4903a_prepared.pdb,True,170009,9b57b00bd98221874ccfa3ff9177fabb98697576735ea7c9c0ec91fc3f135d81,structures/x4829a_x4829b_x4903a_x4903b/A71EV2A-x4903a/A71EV2A-x4903a_ligand_ref.sdf,True,1885,6c030c4b2b9e5c6415d10b14ef73f35e5e5285dc07bf236bceab9b2a4e5c4ed2,structures/x4829a_x4829b_x4903a_x4903b/A71EV2A-x4903a/A71EV2A-x4903a_ligand_prepared.sdf,True,3296,2ffdd6c03b17c02226a9e85c6566b5778e438403708e9a76a54251f5ea58a8bf,2231,2157,74,42,2097,2097,,,True,1,21,21,0,C:14;Cl:1;N:2;O:4,True,1,38,21,0,C:14;Cl:1;H:17;N:2;O:4
512,A71EV2A-x4903b,x4829a_x4829b_x4903a_x4903b,COc1ccc(Cl)cc1OC(=O)N1CCC[C@H](C(N)=O)C1,5.2628,False,False,True,True,False,42.0878,92.3077,38.8503,structures/x4829a_x4829b_x4903a_x4903b/A71EV2A-x4903b,structures/x4829a_x4829b_x4903a_x4903b/A71EV2A-x4903b/A71EV2A-x4903b_complex_ref.pdb,True,380050,0a0b1301fd6761ad82e6a9d4bce2e8d6180868142ac7c3108addae3a94798fdc,structures/x4829a_x4829b_x4903a_x4903b/A71EV2A-x4903b/A71EV2A-x4903b_prepared.pdb,True,170009,6052f6e2dab8809e0b488fa6fd93aff419d22e80704e90e19151906a0244e330,structures/x4829a_x4829b_x4903a_x4903b/A71EV2A-x4903b/A71EV2A-x4903b_ligand_ref.sdf,True,1885,cb6833ac74680c115e1354c6d09be45992a4890cad025342d8e655c7ccfefaff,structures/x4829a_x4829b_x4903a_x4903b/A71EV2A-x4903b/A71EV2A-x4903b_ligand_prepared.sdf,True,3296,56a3b74941cb9467e18da02f280a5fbac11a2969417694349640f46ef6b36602,2230,2157,73,42,2097,2097,,,True,1,21,21,0,C:14;Cl:1;N:2;O:4,True,1,38,21,0,C:14;Cl:1;H:17;N:2;O:4
513,A71EV2A-x4908a,x4908a,NC(=O)[C@H]1CCCN(C(=O)Cc2cccc3ccoc23)C1,,False,False,True,True,False,45.1697,95.6522,43.2058,structures/x4908a/A71EV2A-x4908a,structures/x4908a/A71EV2A-x4908a/A71EV2A-x4908a_complex_ref.pdb,True,196825,b0c146e7c9254cee2eb4472c1c71ffb36f82c087536ee88e52d66783015f0215,structures/x4908a/A71EV2A-x4908a/A71EV2A-x4908a_prepared.pdb,True,170009,636e111caaa349d1bf0ea3ca52f3472b1f913b4df67f5d138bd6ade11f432883,structures/x4908a/A71EV2A-x4908a/A71EV2A-x4908a_ligand_ref.sdf,True,1898,b11254388b5475ca2c18c1fac02551200608d6a6064ce0812b34ae711e2dcb1e,structures/x4908a/A71EV2A-x4908a/A71EV2A-x4908a_ligand_prepared.sdf,True,3392,7aed70ee74597ff2e9d8ff41fb84cf4b2ad17fe159dac8fe77bad3700cdc3814,1101,1074,27,21,2097,2097,,,True,1,21,21,0,C:16;N:2;O:3,True,1,39,21,0,C:16;H:18;N:2;O:3
514,A71EV2A-x4914a,x4914a,CSc1cccnc1CC(=O)N1CCC[C@H](C(N)=O)C1,5.0974,False,False,True,True,False,41.137,92,37.846,structures/x4914a/A71EV2A-x4914a,structures/x4914a/A71EV2A-x4914a/A71EV2A-x4914a_complex_ref.pdb,True,197036,5eaba7b0ba059483c90b76782d9a5e6c2fa3a6af7e899883fec0afd1c31ad23d,structures/x4914a/A71EV2A-x4914a/A71EV2A-x4914a_prepared.pdb,True,170009,e27bbaea3d52140738f0fdef8a69bf8bbdd0490ce5605c2117a8a31d475f1313,structures/x4914a/A71EV2A-x4914a/A71EV2A-x4914a_ligand_ref.sdf,True,1802,169ba649cbfa7483b6308503153cbb5b1177d786b38cdf3fb98a8a32f9c131c4,structures/x4914a/A71EV2A-x4914a/A71EV2A-x4914a_ligand_prepared.sdf,True,3379,147683e0c9591f762d3a14864f4b4cb5febe576a54bf54696351fa95a69acfdc,1115,1077,38,20,2097,2097,,,True,1,20,20,0,C:14;N:3;O:2;S:1,True,1,39,20,0,C:14;H:19;N:3;O:2;S:1
515,A71EV2A-x4918a,x4918a,CSc1ncccc1CC(=O)N1CCC[C@H](C(N)=O)C1,5.0727,False,False,True,True,False,44.0342,95.8333,42.1994,structures/x4918a/A71EV2A-x4918a,structures/x4918a/A71EV2A-x4918a/A71EV2A-x4918a_complex_ref.pdb,True,198688,13216e3cb0798e740e8faa2df300d11db5964982a00136074bcf80504e2877fa,structures/x4918a/A71EV2A-x4918a/A71EV2A-x4918a_prepared.pdb,True,170009,66f47bedc8f6bf9d4f48af96646eaebbe7b287c1e4e3856c5c29dbb73c826513,structures/x4918a/A71EV2A-x4918a/A71EV2A-x4918a_ligand_ref.sdf,True,1802,7e9e96b2646a1f9f9799b46cdef9168c38c278cb7b9b6db9f27ce86b7e57dab9,structures/x4918a/A71EV2A-x4918a/A71EV2A-x4918a_ligand_prepared.sdf,True,3379,79274cbc3ddcdcc93fcc3a0a72bc683bc1284a8297cda76190dbaf23264060ea,1114,1077,37,20,2097,2097,,,True,1,20,20,0,C:14;N:3;O:2;S:1,True,1,39,20,0,C:14;H:19;N:3;O:2;S:1
516,A71EV2A-x4921a,x4921a,NC(=O)[C@H]1CCC(=O)N(Cc2cccc(Cl)c2)C1,,False,False,True,True,False,48.2049,96,46.2767,structures/x4921a/A71EV2A-x4921a,structures/x4921a/A71EV2A-x4921a/A71EV2A-x4921a_complex_ref.pdb,True,201120,84f402adeecc25f9a3b32e222fb83237d6e0adc2930863b59e93614143eb09ba,structures/x4921a/A71EV2A-x4921a/A71EV2A-x4921a_prepared.pdb,True,171224,30154098ddaacfa70366589e31c3a55a89483ab1ee3f60970e3c5fc2404310a8,structures/x4921a/A71EV2A-x4921a/A71EV2A-x4921a_ligand_ref.sdf,True,1636,54899d44d62d9266d1398d239ed2fd11899b487dfad804ef8434cf003e45f3f7,structures/x4921a/A71EV2A-x4921a/A71EV2A-x4921a_ligand_prepared.sdf,True,2881,76754ab72cc75fc29cdd66f48679387b14287cc75392ce20c43ca90c1a4d384c,1141,1100,41,18,2112,2112,,,True,1,18,18,0,C:13;Cl:1;N:2;O:2,True,1,33,18,0,C:13;Cl:1;H:15;N:2;O:2
517,A71EV2A-x4922a,x4922a,CSc1ccccc1N1C[C@@H](C(N)=O)CCC1=O,4.6021,False,False,True,True,False,46.0171,95.4545,43.9254,structures/x4922a/A71EV2A-x4922a,structures/x4922a/A71EV2A-x4922a/A71EV2A-x4922a_complex_ref.pdb,True,197961,85da33dccffecaf97c95c72e7ee535b87790042729e4e1cbee53f647adbb0326,structures/x4922a/A71EV2A-x4922a/A71EV2A-x4922a_prepared.pdb,True,170009,2770e3c0c1695d8f7ae71d32c0dfa74a857194f25541400a0d25234a32c3d8e6,structures/x4922a/A71EV2A-x4922a/A71EV2A-x4922a_ligand_ref.sdf,True,1636,0fbdf6c245f98aa6fb2ef0aae248715ec3cecce125cd846493a8288dc8c9cec1,structures/x4922a/A71EV2A-x4922a/A71EV2A-x4922a_ligand_prepared.sdf,True,2964,a2eadfbd733c4a26b5a23f54e808b396c884b279079f3a46b0e3f93b61d056bd,1107,1077,30,18,2097,2097,,,True,1,18,18,0,C:13;N:2;O:2;S:1,True,1,34,18,0,C:13;H:16;N:2;O:2;S:1
518,A71EV2A-x4924a,x4924a,NC(=O)[C@H]1CCC(=O)N(Cc2cccc(F)c2)C1,4.2552,False,False,True,True,False,41.1635,95.6522,39.3738,structures/x4924a/A71EV2A-x4924a,structures/x4924a/A71EV2A-x4924a/A71EV2A-x4924a_complex_ref.pdb,True,203873,5cb7b580d4d55dfc02f7a6f95a5ee50f625fc21d131a8379fe74059359e22311,structures/x4924a/A71EV2A-x4924a/A71EV2A-x4924a_prepared.pdb,True,171224,4a540b71a043517c0ac06100545e603708728a2c500f04f1c5688c74e7fb8951,structures/x4924a/A71EV2A-x4924a/A71EV2A-x4924a_ligand_ref.sdf,True,1637,14afd81a9bbea04c34aef8dd78eb369ce695b6b4f7db2382437a6b9f9520625c,structures/x4924a/A71EV2A-x4924a/A71EV2A-x4924a_ligand_prepared.sdf,True,2882,861d654e2df1aea29eb23da43e7d3ce84ce0d37c368734ece60879124be80dbc,1118,1086,32,18,2112,2112,,,True,1,18,18,0,C:13;F:1;N:2;O:2,True,1,33,18,0,C:13;F:1;H:15;N:2;O:2
519,A71EV2A-x4926a,x4926a,Cc1nc2c(CN3C[C@@H](C(N)=O)CCC3=O)c(F)ccc2[nH]1,,False,False,True,True,False,41.4428,92,38.1274,structures/x4926a/A71EV2A-x4926a,structures/x4926a/A71EV2A-x4926a/A71EV2A-x4926a_complex_ref.pdb,True,379322,3d525fbd8ef1a5a4c9d13694509fc1a092c29c065adc5b62edbc53bb2acb1af9,structures/x4926a/A71EV2A-x4926a/A71EV2A-x4926a_prepared.pdb,True,171224,3542aa8b0276a157d04167f61f8b13752ce56115b1f77db4142e57c0fa5dcee3,structures/x4926a/A71EV2A-x4926a/A71EV2A-x4926a_ligand_ref.sdf,True,1981,b61888cb540caf41cd70a9455cfb660b5f00ff1f01a4344b8b89239ec758e6a3,structures/x4926a/A71EV2A-x4926a/A71EV2A-x4926a_ligand_prepared.sdf,True,3392,22829af752a3c06fc84d27866b11d71d8f00091983c50cee594f2cb05c604a3e,2220,2181,39,22,2112,2112,,,True,1,22,22,0,C:15;F:1;N:4;O:2,True,1,39,22,0,C:15;F:1;H:17;N:4;O:2
520,A71EV2A-x4928a,x4928a,Cc1cccc(CN2C[C@@H](C(N)=O)CCC2=O)c1,,False,False,True,True,False,42.8072,92.5926,39.6363,structures/x4928a/A71EV2A-x4928a,structures/x4928a/A71EV2A-x4928a/A71EV2A-x4928a_complex_ref.pdb,True,199985,89e8bef4cf2e603413fa60d7eb22a52fa36c7ab972ee656b1fdf732f490de652,structures/x4928a/A71EV2A-x4928a/A71EV2A-x4928a_prepared.pdb,True,170009,53f3bf55ed983c3b3c686e5a7ea92ad254295e9a8db9823f4f0406bf71a994f0,structures/x4928a/A71EV2A-x4928a/A71EV2A-x4928a_ligand_ref.sdf,True,1636,cf70d083d0013bcd80ec810e1f39c67d6e47e3435d8b120cec2bef8cd3704e1e,structures/x4928a/A71EV2A-x4928a/A71EV2A-x4928a_ligand_prepared.sdf,True,3130,681dc71b508a4b377c9349cd04458377f665d8e0fff7c8c146f3707db4b27177,1124,1083,41,18,2097,2097,,,True,1,18,18,0,C:14;N:2;O:2,True,1,36,18,0,C:14;H:18;N:2;O:2
521,A71EV2A-x4934a,x4934a,NC(=O)[C@H]1CCC(=O)N(Cc2ccccc2-c2cccnc2)C1,,False,False,True,True,False,36.2389,91.3043,33.0877,structures/x4934a/A71EV2A-x4934a,structures/x4934a/A71EV2A-x4934a/A71EV2A-x4934a_complex_ref.pdb,True,196906,1f01f0c0176abc79b8ae458ba4896893d75e14dbc63038acbf468c062b983153,structures/x4934a/A71EV2A-x4934a/A71EV2A-x4934a_prepared.pdb,True,170009,3bff4be7e8fbf282ca955f908acf0a5026028e353eecf06ea22a17c7fd2dfb65,structures/x4934a/A71EV2A-x4934a/A71EV2A-x4934a_ligand_ref.sdf,True,2064,c4f5194c02fee171beea891764d3496f00c02a1ffa0dee7f0b3e476c922fe45e,structures/x4934a/A71EV2A-x4934a/A71EV2A-x4934a_ligand_prepared.sdf,True,3641,af626c5a60de5dacfa2e1d06137af56090ac2e218aaed38dc5811f0aa7bcad86,1117,1077,40,23,2097,2097,,,True,1,23,23,0,C:18;N:3;O:2,True,1,42,23,0,C:18;H:19;N:3;O:2
522,A71EV2A-x4963a,x4963a_x4963b,COC[C@]12C[C@](C(N)=O)(CN1C(=O)Cc1ccccc1OC)C2,4.0287,False,False,True,True,False,39.4138,91.6667,36.1293,structures/x4963a_x4963b/A71EV2A-x4963a,structures/x4963a_x4963b/A71EV2A-x4963a/A71EV2A-x4963a_complex_ref.pdb,True,376483,064c52d7786357b9ee0be7136a22ab90b041ad4a9ee3fa4ca1e2da8bbf495bfc,structures/x4963a_x4963b/A71EV2A-x4963a/A71EV2A-x4963a_prepared.pdb,True,170009,b4c64ffb737befa08925577e4cc5663f61ca2509f83b3a696fd23b19c7d2fe81,structures/x4963a_x4963b/A71EV2A-x4963a/A71EV2A-x4963a_ligand_ref.sdf,True,2064,e50a348a192c4f02444f274812e46027a2e3dae717ca52819d3f041d47eea9fb,structures/x4963a_x4963b/A71EV2A-x4963a/A71EV2A-x4963a_ligand_prepared.sdf,True,3890,c66feca59126f60ddeb062d0a50d921088aa72ccafc522120bddf390a29b57d0,2225,2154,71,46,2097,2097,,,True,1,23,23,0,C:17;N:2;O:4,True,1,45,23,0,C:17;H:22;N:2;O:4
523,A71EV2A-x4963b,x4963a_x4963b,COC[C@]12C[C@](C(N)=O)(CN1C(=O)Cc1ccccc1OC)C2,4.0287,False,False,True,True,False,39.3837,95.8333,37.7427,structures/x4963a_x4963b/A71EV2A-x4963b,structures/x4963a_x4963b/A71EV2A-x4963b/A71EV2A-x4963b_complex_ref.pdb,True,376402,204ffb07cfee2b435ec49f4aa4483920b453c259adb3eb5ddd2babb58a79d78e,structures/x4963a_x4963b/A71EV2A-x4963b/A71EV2A-x4963b_prepared.pdb,True,170009,5b903ea1d038b0748d3652c68dab9811386adcf953ef2e23e2b75f2760b7e0c6,structures/x4963a_x4963b/A71EV2A-x4963b/A71EV2A-x4963b_ligand_ref.sdf,True,2064,4d3bb7c0314516a8c9daac7aa52d921f0cb8adaf0a24f96de55febfd641f6dc9,structures/x4963a_x4963b/A71EV2A-x4963b/A71EV2A-x4963b_ligand_prepared.sdf,True,3890,ad7c32c6d480dd120f0105d4dd0101393f53ce86b3490a7fb438e5b646e889e4,2224,2154,70,46,2097,2097,,,True,1,23,23,0,C:17;N:2;O:4,True,1,45,23,0,C:17;H:22;N:2;O:4
524,A71EV2A-x4967a,x4967a_x4967b_x4967c,COc1ccncc1CC(=O)N1C[C@@H](C(N)=O)C[C@@H]2CCCC[C@H]21,,False,False,True,True,False,37.6105,92.3077,34.7174,structures/x4967a_x4967b_x4967c/A71EV2A-x4967a,structures/x4967a_x4967b_x4967c/A71EV2A-x4967a/A71EV2A-x4967a_complex_ref.pdb,True,382723,e8aed0a4cfc879d2075f1b8d7b3b3a7a888391ebded84dbb303f1861b4cf09c9,structures/x4967a_x4967b_x4967c/A71EV2A-x4967a/A71EV2A-x4967a_prepared.pdb,True,170009,6dcd63737e0ac49beb79b50c7fc89f1669be449cfafb21f1eeb5c05062b186fb,structures/x4967a_x4967b_x4967c/A71EV2A-x4967a/A71EV2A-x4967a_ligand_ref.sdf,True,2147,e7e00806c955eecdbbc1002be395a4c8304e46445771928cc2b248682c8f809a,structures/x4967a_x4967b_x4967c/A71EV2A-x4967a/A71EV2A-x4967a_ligand_prepared.sdf,True,4222,a40958265ad745d038d00f638dbc2b5b509c18ac4fcc1364415debd440af80fa,2254,2154,100,72,2097,2097,,,True,1,24,24,0,C:18;N:3;O:3,True,1,49,24,0,C:18;H:25;N:3;O:3
525,A71EV2A-x4967b,x4967a_x4967b_x4967c,COc1ccncc1CC(=O)N1C[C@@H](C(N)=O)C[C@@H]2CCCC[C@H]21,,False,False,True,True,False,37.4437,95.8333,35.8836,structures/x4967a_x4967b_x4967c/A71EV2A-x4967b,structures/x4967a_x4967b_x4967c/A71EV2A-x4967b/A71EV2A-x4967b_complex_ref.pdb,True,378511,2afee018576b2a86865c9c637f546ca0564f894ea13352ff1a9228a746395a33,structures/x4967a_x4967b_x4967c/A71EV2A-x4967b/A71EV2A-x4967b_prepared.pdb,True,170009,6a0c88708372a03cb752e7621eb89329ca0f0396083889875ac53ed5285d73c0,structures/x4967a_x4967b_x4967c/A71EV2A-x4967b/A71EV2A-x4967b_ligand_ref.sdf,True,2147,8d6c45a6c2fb6a8b86ed532c12f7862701b3325460dbf352626a685d3d232396,structures/x4967a_x4967b_x4967c/A71EV2A-x4967b/A71EV2A-x4967b_ligand_prepared.sdf,True,4222,2592f84cdafe2dec5fccddc04391b5339c9a1e46a1e5ab7214d6e89ea17a8404,2227,2154,73,48,2097,2097,,,True,1,24,24,0,C:18;N:3;O:3,True,1,49,24,0,C:18;H:25;N:3;O:3
526,A71EV2A-x4967c,x4967a_x4967b_x4967c,COc1ccncc1CC(=O)N1C[C@@H](C(N)=O)C[C@@H]2CCCC[C@H]21,,False,False,True,True,False,41.0359,66.6667,27.3573,structures/x4967a_x4967b_x4967c/A71EV2A-x4967c,structures/x4967a_x4967b_x4967c/A71EV2A-x4967c/A71EV2A-x4967c_complex_ref.pdb,True,378268,3ba2ebc77bd7f1815bb7db1aaa2362d6d2863da26e01f19aa9afe34cb23645f3,structures/x4967a_x4967b_x4967c/A71EV2A-x4967c/A71EV2A-x4967c_prepared.pdb,True,170009,916e862afda1ab2bab2d294fce07f526744f7a8989889389c0970e8b82af8490,structures/x4967a_x4967b_x4967c/A71EV2A-x4967c/A71EV2A-x4967c_ligand_ref.sdf,True,2147,d91e0c94fab6cef60fcdf3a0d5f06249842c5e91bd716d0f221947b7da563c17,structures/x4967a_x4967b_x4967c/A71EV2A-x4967c/A71EV2A-x4967c_ligand_prepared.sdf,True,4222,c7ee163115968cab6076909caf408c2cb1528bce840efbf3936a60e4a2754fbe,2224,2154,70,48,2097,2097,,,True,1,24,24,0,C:18;N:3;O:3,True,1,49,24,0,C:18;H:25;N:3;O:3
527,A71EV2A-x4974a,x4974a,Cn1ncc2ccc(CN3C[C@H](C(N)=O)CCC3=O)cc21,4.0267,False,False,True,True,False,40.4063,96.1538,38.8522,structures/x4974a/A71EV2A-x4974a,structures/x4974a/A71EV2A-x4974a/A71EV2A-x4974a_complex_ref.pdb,True,199017,96ccee6bf8b04ffbe61a3063740d165a2c113ce2cd66725d44c79890d8c559a6,structures/x4974a/A71EV2A-x4974a/A71EV2A-x4974a_prepared.pdb,True,170009,d2c679a5a08c0c7adaedad158ef31e278d9493a73c35ba87e9d39257113a58d0,structures/x4974a/A71EV2A-x4974a/A71EV2A-x4974a_ligand_ref.sdf,True,1898,77f274eb404d841de58d47374c0c547d8fc0295f1cfe4c19714a2a549085e76b,structures/x4974a/A71EV2A-x4974a/A71EV2A-x4974a_ligand_prepared.sdf,True,3392,b171d3022dec4c5d8d4b79e26492fa041ad0bc1a6c513d7f665a94bd43ff8213,1115,1077,38,21,2097,2097,,,True,1,21,21,0,C:15;N:4;O:2,True,1,39,21,0,C:15;H:18;N:4;O:2
528,A71EV2A-x4977a,x4977a_x4977b,CSc1ccc2ncccc2c1NC(=O)N1CCC[C@H](C(N)=O)C1,6.1289,False,False,True,True,False,37.9494,91.6667,34.7869,structures/x4977a_x4977b/A71EV2A-x4977a,structures/x4977a_x4977b/A71EV2A-x4977a/A71EV2A-x4977a_complex_ref.pdb,True,377214,6330c8b5c485fd9879c19718f22ac646e5733711b3282e8e824fe0ae01cc7397,structures/x4977a_x4977b/A71EV2A-x4977a/A71EV2A-x4977a_prepared.pdb,True,170009,dfcdcee987baa1ae4a80f9c831125cb891637543c56e646d6d16f6f1c52b4f45,structures/x4977a_x4977b/A71EV2A-x4977a/A71EV2A-x4977a_ligand_ref.sdf,True,2147,57f9af67904a00f56c1c7beb83898b1519c2d13c79f26af26e4ebbdf480a208f,structures/x4977a_x4977b/A71EV2A-x4977a/A71EV2A-x4977a_ligand_prepared.sdf,True,3807,4877a521fbbccdaafe0aa5eb16271209e913314eaac692d2d6398cd0ab5ba02f,2231,2154,77,48,2097,2097,,,True,1,24,24,0,C:17;N:4;O:2;S:1,True,1,44,24,0,C:17;H:20;N:4;O:2;S:1
529,A71EV2A-x4977b,x4977a_x4977b,CSc1ccc2ncccc2c1NC(=O)N1CCC[C@H](C(N)=O)C1,6.1289,False,False,True,True,False,38.057,91.6667,34.8856,structures/x4977a_x4977b/A71EV2A-x4977b,structures/x4977a_x4977b/A71EV2A-x4977b/A71EV2A-x4977b_complex_ref.pdb,True,377538,9ea2dd431ed555c4d346f6ee6969db4a020d22d0f24a26ac967ff787ac4d15b1,structures/x4977a_x4977b/A71EV2A-x4977b/A71EV2A-x4977b_prepared.pdb,True,170009,bcb568b3ce88673c648e062d5b62037968dc46ac5e1e6324a563fb6604407478,structures/x4977a_x4977b/A71EV2A-x4977b/A71EV2A-x4977b_ligand_ref.sdf,True,2147,c92599042d44e6e28d6b7ccf2c88cc94f99d2dc505d36efb7620ba9834f88d40,structures/x4977a_x4977b/A71EV2A-x4977b/A71EV2A-x4977b_ligand_prepared.sdf,True,3807,8b2b601a2b9c235cafd3f0bf09de6d3871da869b5d25115c72d9c4d4d1626c45,2235,2154,81,48,2097,2097,,,True,1,24,24,0,C:17;N:4;O:2;S:1,True,1,44,24,0,C:17;H:20;N:4;O:2;S:1
530,A71EV2A-x4979a,x4979a_x4979b,NC(=O)[C@H]1CCCN(C(=O)Cc2ncncc2Cl)C1,4.0367,False,False,True,True,False,46.1025,91.3043,42.0936,structures/x4979a_x4979b/A71EV2A-x4979a,structures/x4979a_x4979b/A71EV2A-x4979a/A71EV2A-x4979a_complex_ref.pdb,True,375677,a74dcd2e6f4a66d7d5718a9a0b6f50f6378376b8181f691da2afee5d199edb77,structures/x4979a_x4979b/A71EV2A-x4979a/A71EV2A-x4979a_prepared.pdb,True,170009,fcee006080143a7858d8adc25beb266e96a097fa26ec8f9b77da5f9b2caeafad,structures/x4979a_x4979b/A71EV2A-x4979a/A71EV2A-x4979a_ligand_ref.sdf,True,1719,0c355125ffe705cfcd16b23af681c038c1469d3e00513459d6bee2c49d28b1a3,structures/x4979a_x4979b/A71EV2A-x4979a/A71EV2A-x4979a_ligand_prepared.sdf,True,2964,2f739cbd21a20bf7bf9f2027f532187282778239ebda9da43f30e852e41e0dce,2222,2154,68,38,2097,2097,,,True,1,19,19,0,C:12;Cl:1;N:4;O:2,True,1,34,19,0,C:12;Cl:1;H:15;N:4;O:2
531,A71EV2A-x4979b,x4979a_x4979b,NC(=O)[C@H]1CCCN(C(=O)Cc2ncncc2Cl)C1,4.0367,False,False,True,True,False,45.9167,95.4545,43.8296,structures/x4979a_x4979b/A71EV2A-x4979b,structures/x4979a_x4979b/A71EV2A-x4979b/A71EV2A-x4979b_complex_ref.pdb,True,375353,bc3be9bb8f7ae9b8eb5cd7800ebf7fa1db1e8e37ef3b50e056133c3fb17ccff0,structures/x4979a_x4979b/A71EV2A-x4979b/A71EV2A-x4979b_prepared.pdb,True,170009,0d96dc6a37597843ce9cd02fb75b6c86e9909f9464f88de495c3d3796ede2d55,structures/x4979a_x4979b/A71EV2A-x4979b/A71EV2A-x4979b_ligand_ref.sdf,True,1719,9e2bf3247262299a989532ca7555d5e0600fa4aab77732f92e0047dc80ffdc7c,structures/x4979a_x4979b/A71EV2A-x4979b/A71EV2A-x4979b_ligand_prepared.sdf,True,2964,3d854e541bd5d76d1725bda12be0aaf2c0c314b1789ceb1b612e6fe907ab076f,2218,2154,64,38,2097,2097,,,True,1,19,19,0,C:12;Cl:1;N:4;O:2,True,1,34,19,0,C:12;Cl:1;H:15;N:4;O:2
532,A71EV2A-x4980a,x4839a_x4980a,Cn1ncc2ccc(CN3C[C@@H](C(N)=O)CCC3=O)cc21,,False,False,True,True,False,41.6954,96.1538,40.0918,structures/x4839a_x4980a/A71EV2A-x4980a,structures/x4839a_x4980a/A71EV2A-x4980a/A71EV2A-x4980a_complex_ref.pdb,True,196421,62b7fa7c3bc631868d10f7d64618d43237b3477fb3f7d28d5e87133f3cc3f76f,structures/x4839a_x4980a/A71EV2A-x4980a/A71EV2A-x4980a_prepared.pdb,True,170009,006c31b6ee081cc492cdd783552d6d2e9ccede0f0aef97780229947db584c7e6,structures/x4839a_x4980a/A71EV2A-x4980a/A71EV2A-x4980a_ligand_ref.sdf,True,1898,fadbafd1ae6fdd27701bd9c2e39a83440c3f26d6e3fad9f03507a525dbb54300,structures/x4839a_x4980a/A71EV2A-x4980a/A71EV2A-x4980a_ligand_prepared.sdf,True,3392,b4a3018be7e3a2a0ccd543b5910ec5a5aa47a86a640aff519af6c4578de1e274,1123,1077,46,21,2097,2097,,,True,1,21,21,0,C:15;N:4;O:2,True,1,39,21,0,C:15;H:18;N:4;O:2
533,A71EV2A-x4986a,x4986a_x4986b,CSc1ccc(N2CCCC2=O)cc1NC(=O)N1CCC[C@H](C(N)=O)C1,5.0623,False,False,True,True,False,37.1054,92,34.137,structures/x4986a_x4986b/A71EV2A-x4986a,structures/x4986a_x4986b/A71EV2A-x4986a/A71EV2A-x4986a_complex_ref.pdb,True,382883,88098a35804c0995ca429ce96d324bb0cd4c4fb3caeaa9d0ecba13a61170292b,structures/x4986a_x4986b/A71EV2A-x4986a/A71EV2A-x4986a_prepared.pdb,True,170009,6f04bb89a9e895009981b084f631a3b35ac96bedc8056d5d26001739542ef793,structures/x4986a_x4986b/A71EV2A-x4986a/A71EV2A-x4986a_ligand_ref.sdf,True,2313,e38ea3edb9fba1498487169e9d69ec734346f986537d7f3021a970153b55103e,structures/x4986a_x4986b/A71EV2A-x4986a/A71EV2A-x4986a_ligand_prepared.sdf,True,4305,51e12c405a9e0064526fc5f0b2e61a3aba8472dfabc83d35bc24c48f6b319a85,2244,2154,90,52,2097,2097,,,True,1,26,26,0,C:18;N:4;O:3;S:1,True,1,50,26,0,C:18;H:24;N:4;O:3;S:1
534,A71EV2A-x4986b,x4986a_x4986b,CSc1ccc(N2CCCC2=O)cc1NC(=O)N1CCC[C@H](C(N)=O)C1,5.0623,False,False,True,False,False,37.7385,92,34.7194,structures/x4986a_x4986b/A71EV2A-x4986b,structures/x4986a_x4986b/A71EV2A-x4986b/A71EV2A-x4986b_complex_ref.pdb,True,382559,dc746d3acedf5be5159747f647eba8affdf61686383b4ef9a277afb867dda0fb,structures/x4986a_x4986b/A71EV2A-x4986b/A71EV2A-x4986b_prepared.pdb,True,170009,9cc88abce60aa30e611a3ba7e19bb56607fc8496e63943fee1a3a7649d2fc74a,structures/x4986a_x4986b/A71EV2A-x4986b/A71EV2A-x4986b_ligand_ref.sdf,True,2313,28b3d21f0fd5b4f91f4fe2b9cfe8f3bd218be32d1127045a23fa48059b9cb528,structures/x4986a_x4986b/A71EV2A-x4986b/A71EV2A-x4986b_ligand_prepared.sdf,True,4305,171d38b1662e2d8432b7e2a8eddb946e08447108fd5d09979737b3743bc59f15,2240,2154,86,52,2097,2097,,,True,1,26,26,0,C:18;N:4;O:3;S:1,True,1,50,26,0,C:18;H:24;N:4;O:3;S:1
535,A71EV2A-x4935a,x4935a,CSc1cscc1CC(=O)N1CCC[C@H](C(N)=O)C1,5.0735,False,False,True,True,False,45.606,96,43.7818,structures/x4935a/A71EV2A-x4935a,structures/x4935a/A71EV2A-x4935a/A71EV2A-x4935a_complex_ref.pdb,True,197397,c4dd7976870e05f429ec324d1b343a6028b433a6cf90960458cfd30f3b01b2fd,structures/x4935a/A71EV2A-x4935a/A71EV2A-x4935a_prepared.pdb,True,170009,a0802fa0b128b2cf6b5338e1f95430e784131dc28e3e030388324aace73b08f7,structures/x4935a/A71EV2A-x4935a/A71EV2A-x4935a_ligand_ref.sdf,True,1719,90c147d93b9a772d9469d7d8ae6862fc8678c9ef38d202681adc10db034ffa3b,structures/x4935a/A71EV2A-x4935a/A71EV2A-x4935a_ligand_prepared.sdf,True,3213,12219e85075e5881e1bf6e79926de434ce95b18f6a5b518fc58028437954cfc8,1105,1077,28,19,2097,2097,,,True,1,19,19,0,C:13;N:2;O:2;S:2,True,1,37,19,0,C:13;H:18;N:2;O:2;S:2
536,A71EV2A-x4940a,x4894a_x4940a,CSc1ccccc1CC(=O)N1CCC[C@](O)(C(N)=O)C1,3.956,False,False,True,True,False,47.4501,92,43.6541,structures/x4894a_x4940a/A71EV2A-x4940a,structures/x4894a_x4940a/A71EV2A-x4940a/A71EV2A-x4940a_complex_ref.pdb,True,197634,b1fc0ffa1b59e90d5a31ca9990aaff78cc9551eb0b426c5c937ab12040538394,structures/x4894a_x4940a/A71EV2A-x4940a/A71EV2A-x4940a_prepared.pdb,True,170009,a6a5762accffc4f55378561d5895f21a0e5932bb653db237b407ddb0da29e12b,structures/x4894a_x4940a/A71EV2A-x4940a/A71EV2A-x4940a_ligand_ref.sdf,True,1885,74282457c3cce82f37e4b15d637f3d85838db52a46a2dd2fda775356204733a8,structures/x4894a_x4940a/A71EV2A-x4940a/A71EV2A-x4940a_ligand_prepared.sdf,True,3545,5b72e4f13ae35d7b2258635463b77af345fc35e1fd645006502c507361e5cf21,1118,1077,41,21,2097,2097,,,True,1,21,21,0,C:15;N:2;O:3;S:1,True,1,41,21,0,C:15;H:20;N:2;O:3;S:1
537,A71EV2A-x4943a,x4943a_x4943b,NC(=O)[C@H]1CCCN(C(=O)[C@H]2CCSc3ccccc32)C1,4.8268,False,False,True,True,False,48.281,91.6667,44.2576,structures/x4943a_x4943b/A71EV2A-x4943a,structures/x4943a_x4943b/A71EV2A-x4943a/A71EV2A-x4943a_complex_ref.pdb,True,375513,5d65edd42bac0e643a17f32d6564f52b187182ea3dd1e4e3d8e09107b0f9ab11,structures/x4943a_x4943b/A71EV2A-x4943a/A71EV2A-x4943a_prepared.pdb,True,170009,478d72bc5b8e20fbaf3c496858489454617fd1a3186659cd27ab112b5f6354d7,structures/x4943a_x4943b/A71EV2A-x4943a/A71EV2A-x4943a_ligand_ref.sdf,True,1898,f223543d2e120086e8efc0538761a6a1e6521536eb13ebcc9a115215733221a0,structures/x4943a_x4943b/A71EV2A-x4943a/A71EV2A-x4943a_ligand_prepared.sdf,True,3558,c063d9b4cc67d2e0ada29659184bd886f927deb0b6eeac63804075f724eca5b0,2219,2154,65,42,2097,2097,,,True,1,21,21,0,C:16;N:2;O:2;S:1,True,1,41,21,0,C:16;H:20;N:2;O:2;S:1
538,A71EV2A-x4943b,x4943a_x4943b,NC(=O)[C@H]1CCCN(C(=O)[C@H]2CCSc3ccccc32)C1,4.8268,False,False,True,True,False,48.0315,92,44.189,structures/x4943a_x4943b/A71EV2A-x4943b,structures/x4943a_x4943b/A71EV2A-x4943b/A71EV2A-x4943b_complex_ref.pdb,True,375108,7b61ff52cb9d0c6ca1f063d10b8f6448fc5dbdf3534a687a9dafc97ea1063ffa,structures/x4943a_x4943b/A71EV2A-x4943b/A71EV2A-x4943b_prepared.pdb,True,170009,4027bb26783e31cf3f65b33578ae18b73093cd921e3d9135a957b9449aec9ced,structures/x4943a_x4943b/A71EV2A-x4943b/A71EV2A-x4943b_ligand_ref.sdf,True,1898,1f13e31c5b8ed4d9fe72f2dc4f915497deaff479d2792c11ae227147fbae9f69,structures/x4943a_x4943b/A71EV2A-x4943b/A71EV2A-x4943b_ligand_prepared.sdf,True,3558,9b57afbdcae8e7f3f1170509802858ec403842833a2fbf146662d4331eb72652,2214,2154,60,42,2097,2097,,,True,1,21,21,0,C:16;N:2;O:2;S:1,True,1,41,21,0,C:16;H:20;N:2;O:2;S:1
539,A71EV2A-x4947a,x4947a,CSc1ccccc1CC(=O)N1C[C@@H]2C[C@]2(C(N)=O)C1,,False,False,True,True,False,42.6354,92.3077,39.3558,structures/x4947a/A71EV2A-x4947a,structures/x4947a/A71EV2A-x4947a/A71EV2A-x4947a_complex_ref.pdb,True,377620,449938bc65fec952b3fea76ec58a62508fb19c078878189d0aaaa3c8a8bcfe94,structures/x4947a/A71EV2A-x4947a/A71EV2A-x4947a_prepared.pdb,True,171224,2b99611fbfdf51e4c9c72c8069cdf5d6bf35e089cad0bdf0db34a52ecd4e4035,structures/x4947a/A71EV2A-x4947a/A71EV2A-x4947a_ligand_ref.sdf,True,1815,72e5e7da2b3bfa3d437782453f8b545e822a344b48c871dc17d475ed2ac5e092,structures/x4947a/A71EV2A-x4947a/A71EV2A-x4947a_ligand_prepared.sdf,True,3309,0d67546191998e1d57b0ff25a20de19834da7a7a4179a13ccb127d51e0e716d3,2232,2189,43,20,2112,2112,,,True,1,20,20,0,C:15;N:2;O:2;S:1,True,1,38,20,0,C:15;H:18;N:2;O:2;S:1
540,A71EV2A-x4949a,x4949a,CSc1cc2c(cc1NC(=O)N1CCC[C@H](C(N)=O)C1)CCC(=O)N2,,False,False,True,False,False,35.0988,88.4615,31.0489,structures/x4949a/A71EV2A-x4949a,structures/x4949a/A71EV2A-x4949a/A71EV2A-x4949a_complex_ref.pdb,True,198281,a06bcd97ffebafa056fada69fd334dad92a24687ab018c344cdd9b5ef967dde6,structures/x4949a/A71EV2A-x4949a/A71EV2A-x4949a_prepared.pdb,True,170009,cb821153dafded383123502881210b85f32ae9379d2f3ba8677d296f3d7a8055,structures/x4949a/A71EV2A-x4949a/A71EV2A-x4949a_ligand_ref.sdf,True,2230,63778cd9e3a39dfe5903a545b09dfaf9b28e556ad54db8ca0c9209e187481279,structures/x4949a/A71EV2A-x4949a/A71EV2A-x4949a_ligand_prepared.sdf,True,4056,5409e42a9f7780c47278f20599a42e186bf1a05a0ce22c569ad820307eeda9f9,1112,1077,35,25,2097,2097,,,True,1,25,25,0,C:17;N:4;O:3;S:1,True,1,47,25,0,C:17;H:22;N:4;O:3;S:1
541,A71EV2A-x4954a,x4954a,CCc1ccsc1CN1C[C@@H](C(N)=O)CCC1=O,4.6687,False,False,True,True,False,53.7409,95.6522,51.4043,structures/x4954a/A71EV2A-x4954a,structures/x4954a/A71EV2A-x4954a/A71EV2A-x4954a_complex_ref.pdb,True,201038,5590fdea9cab94750683b448e8a08d8ec2f616dd5b7198c34aae65de77636887,structures/x4954a/A71EV2A-x4954a/A71EV2A-x4954a_prepared.pdb,True,171224,c4320b40f779d3cdaff69a756fe57bdb4679b689374a8670b79f801288c1a003,structures/x4954a/A71EV2A-x4954a/A71EV2A-x4954a_ligand_ref.sdf,True,1636,4eabe90dec1eab56d96dcccab115960516214d5b5b14c80be727bb805f96f3fd,structures/x4954a/A71EV2A-x4954a/A71EV2A-x4954a_ligand_prepared.sdf,True,3130,ca06f9de6fbc3aef2e02cd52cf73300453af88ca1be7559b14658f6c7669dfb0,1129,1092,37,18,2112,2112,,,True,1,18,18,0,C:13;N:2;O:2;S:1,True,1,36,18,0,C:13;H:18;N:2;O:2;S:1
542,A71EV2A-x4959a,x4959a_x4959b,NC(=O)[C@H]1CCCN(C(=O)Nc2ccccc2SC2CC2)C1,,False,False,True,True,False,44.4351,90.9091,40.3956,structures/x4959a_x4959b/A71EV2A-x4959a,structures/x4959a_x4959b/A71EV2A-x4959a/A71EV2A-x4959a_complex_ref.pdb,True,381510,e374a739084b0f21818d2be39a636a1252789cf53bec83fb0f9617885d43abc9,structures/x4959a_x4959b/A71EV2A-x4959a/A71EV2A-x4959a_prepared.pdb,True,170009,dd6eb06e822c80f9512354e555a1dd54bf8659b6ad8587765d4908d31efec78d,structures/x4959a_x4959b/A71EV2A-x4959a/A71EV2A-x4959a_ligand_ref.sdf,True,1981,a8b8f390acccc5ddfccdde1819f891c5137d9d6b66dfdb4ace5e5151212d6532,structures/x4959a_x4959b/A71EV2A-x4959a/A71EV2A-x4959a_ligand_prepared.sdf,True,3724,15fc18ffb4e850a16e107b32955a8053bda70d73ad3cc310e467c9aa94d58d55,2228,2151,77,44,2097,2097,,,True,1,22,22,0,C:16;N:3;O:2;S:1,True,1,43,22,0,C:16;H:21;N:3;O:2;S:1
543,A71EV2A-x4959b,x4959a_x4959b,NC(=O)[C@H]1CCCN(C(=O)Nc2ccccc2SC2CC2)C1,,False,False,True,True,False,43.4525,91.3043,39.674,structures/x4959a_x4959b/A71EV2A-x4959b,structures/x4959a_x4959b/A71EV2A-x4959b/A71EV2A-x4959b_complex_ref.pdb,True,381348,8ce5090b79fdfe41c1247af5cc14af4b7ecb92f3399a54baafa616bd3d8671f1,structures/x4959a_x4959b/A71EV2A-x4959b/A71EV2A-x4959b_prepared.pdb,True,170009,990b0b241b178437981a350034c7411641cba92fa826570fcc7f572cc447e914,structures/x4959a_x4959b/A71EV2A-x4959b/A71EV2A-x4959b_ligand_ref.sdf,True,1981,163ce36d84907b355736fc8e5e71b402bd56608ccf119e20cc952b4d3f7cdeda,structures/x4959a_x4959b/A71EV2A-x4959b/A71EV2A-x4959b_ligand_prepared.sdf,True,3724,9063953a824afef55bad611ce0ad5748c83a908429a0aea8e6ccabe41be9b5c9,2226,2151,75,44,2097,2097,,,True,1,22,22,0,C:16;N:3;O:2;S:1,True,1,43,22,0,C:16;H:21;N:3;O:2;S:1
544,A71EV2A-x4992a,x4992a,Cn1cc(CC(=O)N2C[C@@H](C(N)=O)C[C@H]3C[C@H]32)cn1,4.608,False,False,True,True,False,44.7179,95.8333,42.8547,structures/x4992a/A71EV2A-x4992a,structures/x4992a/A71EV2A-x4992a/A71EV2A-x4992a_complex_ref.pdb,True,199094,9234d7fcf07ad7a157f35c652cce13ae2fbb69aacf6b54779499d9bd6a0d7378,structures/x4992a/A71EV2A-x4992a/A71EV2A-x4992a_prepared.pdb,True,170009,9517b184d7c2aeddbfe64a3fea220c3fe25b62e505b3396dae6ad684dacf0e24,structures/x4992a/A71EV2A-x4992a/A71EV2A-x4992a_ligand_ref.sdf,True,1732,32725fd41c05869f7bb7aaba7ec4e2002c97a61f064e756894cfc36143e3b08c,structures/x4992a/A71EV2A-x4992a/A71EV2A-x4992a_ligand_prepared.sdf,True,3226,732faeb4b5b37773b3d8b42088c7fdfe2df8530c3e5e75ac989e2865824b970d,1108,1077,31,19,2097,2097,,,True,1,19,19,0,C:13;N:4;O:2,True,1,37,19,0,C:13;H:18;N:4;O:2
545,A71EV2A-x4994a,x4994a,Cn1nc(CC(=O)N2CC(C(N)=O)C2)c2ccccc21,4.6108,False,False,True,True,False,47.6058,88.4615,42.1128,structures/x4994a/A71EV2A-x4994a,structures/x4994a/A71EV2A-x4994a/A71EV2A-x4994a_complex_ref.pdb,True,379485,2d17207b30d49898fce22295f79a98ef6338951990e032901c0bee8da90b7e78,structures/x4994a/A71EV2A-x4994a/A71EV2A-x4994a_prepared.pdb,True,171224,0b84da3d2f1c37584d8aad918f0c98947e44c3f42cea12e9988495c1609a7cee,structures/x4994a/A71EV2A-x4994a/A71EV2A-x4994a_ligand_ref.sdf,True,1815,d970755eda5a68a6e248b8d68f408089fac9aeccf169a94820bb85eb71917148,structures/x4994a/A71EV2A-x4994a/A71EV2A-x4994a_ligand_prepared.sdf,True,3143,bdc3264fd11be5575ca153dad91300319c045ef5b10b3562fc43baf6ac6ae449,2211,2172,39,20,2112,2112,,,True,1,20,20,0,C:14;N:4;O:2,True,1,36,20,0,C:14;H:16;N:4;O:2
546,A71EV2A-x4998a,x4998a_x4998b,CSc1cscc1CC(=O)N1CC(C(N)=O)C1,,False,False,True,True,False,43.6473,92,40.1555,structures/x4998a_x4998b/A71EV2A-x4998a,structures/x4998a_x4998b/A71EV2A-x4998a/A71EV2A-x4998a_complex_ref.pdb,True,380538,eeeb21461482985cd01de61dc8dd786c7c74511a77b911c19fafca9e83dc2949,structures/x4998a_x4998b/A71EV2A-x4998a/A71EV2A-x4998a_prepared.pdb,True,171224,72e51ac998d9e4957f08c42e559c18a8f2a53a58e1767e717c1fcd91d55d52a2,structures/x4998a_x4998b/A71EV2A-x4998a/A71EV2A-x4998a_ligand_ref.sdf,True,1553,ea0e34460f5e193a658576af65dbeae50c19b979675f49da69c6a8b949edcbb4,structures/x4998a_x4998b/A71EV2A-x4998a/A71EV2A-x4998a_ligand_prepared.sdf,True,2715,00f8698ac89a07ee44cfbab2d97fdc84bc6d1702e343b7ceb4ebfe821b0d3ba5,2217,2180,37,17,2112,2112,,,True,1,17,17,0,C:11;N:2;O:2;S:2,True,1,31,17,0,C:11;H:14;N:2;O:2;S:2
547,A71EV2A-x4998b,x4998a_x4998b,CSc1cscc1CC(=O)N1CC(C(N)=O)C1,,False,False,True,True,False,45.7134,92,42.0564,structures/x4998a_x4998b/A71EV2A-x4998b,structures/x4998a_x4998b/A71EV2A-x4998b/A71EV2A-x4998b_complex_ref.pdb,True,380538,4505bca87b917f18f2c70c7e91304038e490218318c5966d86ae87a97dfcee08,structures/x4998a_x4998b/A71EV2A-x4998b/A71EV2A-x4998b_prepared.pdb,True,171224,89d87bf51b91017490310ea85301f78c63bed74f102fa2b54bfa37654658f680,structures/x4998a_x4998b/A71EV2A-x4998b/A71EV2A-x4998b_ligand_ref.sdf,True,1553,ea230f8a48a43cd4f4a87dfee739f38c8cac70826d2d137a9cdb61c93964e4a8,structures/x4998a_x4998b/A71EV2A-x4998b/A71EV2A-x4998b_ligand_prepared.sdf,True,2715,b2f418fe3cbe549a918691946af1f8dad9256d939f0c72710e319db9ce8f66ec,2217,2180,37,17,2112,2112,,,True,1,17,17,0,C:11;N:2;O:2;S:2,True,1,31,17,0,C:11;H:14;N:2;O:2;S:2
548,A71EV2A-x5015a,x5015a_x5015b,C=Cc1cccc(CC(=O)N2CCC[C@H](C(N)=O)C2)n1,5.0991,False,False,True,True,False,48.0537,78.2609,37.6072,structures/x5015a_x5015b/A71EV2A-x5015a,structures/x5015a_x5015b/A71EV2A-x5015a/A71EV2A-x5015a_complex_ref.pdb,True,379400,41cd98005e96d6fb3b4a59ab483b8d4bbb23e7bda2936ee43aae8760aebe3431,structures/x5015a_x5015b/A71EV2A-x5015a/A71EV2A-x5015a_prepared.pdb,True,168794,5c2c919b0a989b2943a443c04dee8b8534a8d2f15a27f2a6f7c94b320139e046,structures/x5015a_x5015b/A71EV2A-x5015a/A71EV2A-x5015a_ligand_ref.sdf,True,1802,9f3d4f619e61ef1f282684f13f1cf977381806da0125e2ad78dd406447263c99,structures/x5015a_x5015b/A71EV2A-x5015a/A71EV2A-x5015a_ligand_prepared.sdf,True,3379,b8909d0c457a3cceeb9b6d5e501b6571d8c59062de8ad7e8260a34271dfb01d8,2221,2145,76,40,2082,2082,,,True,1,20,20,0,C:15;N:3;O:2,True,1,39,20,0,C:15;H:19;N:3;O:2
549,A71EV2A-x5015b,x5015a_x5015b,C=Cc1cccc(CC(=O)N2CCC[C@H](C(N)=O)C2)n1,5.0991,False,False,True,True,False,48.0121,78.2609,37.5747,structures/x5015a_x5015b/A71EV2A-x5015b,structures/x5015a_x5015b/A71EV2A-x5015b/A71EV2A-x5015b_complex_ref.pdb,True,379400,f746cb7e0bbd8a2ed6866cc9bb852389e0415c67aa094d2a19ed86abd0f7345f,structures/x5015a_x5015b/A71EV2A-x5015b/A71EV2A-x5015b_prepared.pdb,True,170009,b5eed76595292ee5a870f91c5fb2b9273d8050acad01f0f9f44e45b8e4ad71aa,structures/x5015a_x5015b/A71EV2A-x5015b/A71EV2A-x5015b_ligand_ref.sdf,True,1802,13fe666b5554173448b47ec0960445a142a21b1efe736e3111803e9fe991e15c,structures/x5015a_x5015b/A71EV2A-x5015b/A71EV2A-x5015b_ligand_prepared.sdf,True,3379,fc233fb3fac657a072dd95bc75135c1c5e31e635201f3bfddaaf5247932bee9a,2221,2145,76,40,2097,2097,,,True,1,20,20,0,C:15;N:3;O:2,True,1,39,20,0,C:15;H:19;N:3;O:2
550,A71EV2A-x5016a,x5016a,C=Cc1ncccc1CC(=O)N1CCC[C@H](C(N)=O)C1,,False,False,True,True,False,46.7135,95.6522,44.6825,structures/x5016a/A71EV2A-x5016a,structures/x5016a/A71EV2A-x5016a/A71EV2A-x5016a_complex_ref.pdb,True,197957,a2f1360ae9e91ccb86acc0ad6d55109c2e72c83d73011c0bd242bff731fa56fd,structures/x5016a/A71EV2A-x5016a/A71EV2A-x5016a_prepared.pdb,True,170009,498a456e8d84aa20468b822a377ddbf700e1bf6ea3adaf27505bfc816fabeccb,structures/x5016a/A71EV2A-x5016a/A71EV2A-x5016a_ligand_ref.sdf,True,1802,800853581d6ff1979f30aab8065d91e4cc3627e98397ce86fdc7195611aec194,structures/x5016a/A71EV2A-x5016a/A71EV2A-x5016a_ligand_prepared.sdf,True,3379,b56d93dcfc96d0753182ba411d0eb2f78583bca914cd923dc30dd6d39fa62e44,1108,1074,34,20,2097,2097,,,True,1,20,20,0,C:15;N:3;O:2,True,1,39,20,0,C:15;H:19;N:3;O:2
551,A71EV2A-x5022a,x5022a_x5022b,CSc1nc2c(cc1NC(=O)N1CCC[C@H](C(N)=O)C1)CCCC2,4.2175,False,False,True,True,False,39.8466,91.6667,36.5261,structures/x5022a_x5022b/A71EV2A-x5022a,structures/x5022a_x5022b/A71EV2A-x5022a/A71EV2A-x5022a_complex_ref.pdb,True,379807,cafc8bacaffbef6de755d188eb5fc621b9f1fb4c1b62369a2d1946c5b9d3f7f6,structures/x5022a_x5022b/A71EV2A-x5022a/A71EV2A-x5022a_prepared.pdb,True,170009,a96992f421c598072854cfa8564ee5d07b04cf53f637f52a800632185de0fc81,structures/x5022a_x5022b/A71EV2A-x5022a/A71EV2A-x5022a_ligand_ref.sdf,True,2147,29ef1614190282bb32efc5943eff38e88fb2742a529e897028191c7b0ec84c20,structures/x5022a_x5022b/A71EV2A-x5022a/A71EV2A-x5022a_ligand_prepared.sdf,True,4139,6ee9521f11ae7c383a2a4e2035d13e28874fb12afd77402fa2d91decfeae5ff2,2225,2154,71,48,2097,2097,,,True,1,24,24,0,C:17;N:4;O:2;S:1,True,1,48,24,0,C:17;H:24;N:4;O:2;S:1
552,A71EV2A-x5022b,x5022a_x5022b,CSc1nc2c(cc1NC(=O)N1CCC[C@H](C(N)=O)C1)CCCC2,4.2175,False,False,True,True,False,42.6223,82.6087,35.2097,structures/x5022a_x5022b/A71EV2A-x5022b,structures/x5022a_x5022b/A71EV2A-x5022b/A71EV2A-x5022b_complex_ref.pdb,True,379645,67d63582c8bc5ca4ee8ef8ca1793f825d1228fa6f3ec39c2cca4295e8e820d32,structures/x5022a_x5022b/A71EV2A-x5022b/A71EV2A-x5022b_prepared.pdb,True,170009,fc8f04757fd98a4fc2d1c4852c07b99d6037b8988b8b178db59d3679ed8c3812,structures/x5022a_x5022b/A71EV2A-x5022b/A71EV2A-x5022b_ligand_ref.sdf,True,2147,8783a273f240b3e4884c31aa0ce5d0e9cd1d7706ecfce0f8188b2e72f79da3ed,structures/x5022a_x5022b/A71EV2A-x5022b/A71EV2A-x5022b_ligand_prepared.sdf,True,4139,7ff9a68b0c0c17d89823d60712844de3a3ea50253a2f7dd6500f39a8d4f7d89c,2223,2154,69,48,2097,2097,,,True,1,24,24,0,C:17;N:4;O:2;S:1,True,1,48,24,0,C:17;H:24;N:4;O:2;S:1
553,A71EV2A-x5028a,x5028a,CSc1ccccc1CC(=O)N1CC[C@H](CC(N)=O)C1,,False,False,True,True,False,46.6843,92,42.9496,structures/x5028a/A71EV2A-x5028a,structures/x5028a/A71EV2A-x5028a/A71EV2A-x5028a_complex_ref.pdb,True,199740,49f003928185661b7be8320f50d16b55260cb05780b4f300b4e79feda5adb185,structures/x5028a/A71EV2A-x5028a/A71EV2A-x5028a_prepared.pdb,True,170009,80a1ea476a6825c342a2b9dabd94f3a7fc9cce28bf072705966285576c7a7dcf,structures/x5028a/A71EV2A-x5028a/A71EV2A-x5028a_ligand_ref.sdf,True,1803,b4600569b6446916ed39233e2b2a0d0df1dcd7ab3d5b7507f79a4643c743cdea,structures/x5028a/A71EV2A-x5028a/A71EV2A-x5028a_ligand_prepared.sdf,True,3463,f368291ff8ee22083443f35811e74e0af734a1874a98e863022d2f6cce28eaae,1102,1077,25,20,2097,2097,,,True,1,20,20,0,C:15;N:2;O:2;S:1,True,1,40,20,0,C:15;H:20;N:2;O:2;S:1
554,A71EV2A-x5036a,x5036a_x5036b,COc1cccc(CN2C[C@@H](C(N)=O)CCC2=O)c1,4.6082,False,False,True,True,False,39.3252,95.8333,37.6866,structures/x5036a_x5036b/A71EV2A-x5036a,structures/x5036a_x5036b/A71EV2A-x5036a/A71EV2A-x5036a_complex_ref.pdb,True,383292,4cbdcbd43c1c85d88a6f6db4ece39f9e139647a9923faa55bb31e654b7257dc2,structures/x5036a_x5036b/A71EV2A-x5036a/A71EV2A-x5036a_prepared.pdb,True,170009,35317dae2a538ddffabf1d8d99f797a769a1dd459f645c5d94d7f7ab10259ae3,structures/x5036a_x5036b/A71EV2A-x5036a/A71EV2A-x5036a_ligand_ref.sdf,True,1719,f47bda8f07a45b5d75d17c4c35f7642b993b5876740a1fbaf8e373cd94206118,structures/x5036a_x5036b/A71EV2A-x5036a/A71EV2A-x5036a_ligand_prepared.sdf,True,3213,d83720cc046fc1f2d4c7d97f3bfbf4572669686969f36c36f89d94a64e8a632e,2215,2154,61,38,2097,2097,,,True,1,19,19,0,C:14;N:2;O:3,True,1,37,19,0,C:14;H:18;N:2;O:3
555,A71EV2A-x5036b,x5036a_x5036b,COc1cccc(CN2C[C@@H](C(N)=O)CCC2=O)c1,4.6082,False,False,True,True,False,39.4149,91.6667,36.1303,structures/x5036a_x5036b/A71EV2A-x5036b,structures/x5036a_x5036b/A71EV2A-x5036b/A71EV2A-x5036b_complex_ref.pdb,True,383292,0feb677e409f8a3fe8bcfe9e94a4f31b00abdca1c1d7001747566ef6529e2927,structures/x5036a_x5036b/A71EV2A-x5036b/A71EV2A-x5036b_prepared.pdb,True,170009,ae71f0bd50aa6b0ce7a4a5fa723598e3b029fd930def7239c66fac91526abaf4,structures/x5036a_x5036b/A71EV2A-x5036b/A71EV2A-x5036b_ligand_ref.sdf,True,1719,f1f8ac75b962bcfb4e77b8a37299e5ad1ef93c4df6e0c8a3104277eac4ae02a8,structures/x5036a_x5036b/A71EV2A-x5036b/A71EV2A-x5036b_ligand_prepared.sdf,True,3213,72f04e4af47a6b0164e86ffb934a7be2dc6ce172e08b136c78d12e907e8347a6,2215,2154,61,38,2097,2097,,,True,1,19,19,0,C:14;N:2;O:3,True,1,37,19,0,C:14;H:18;N:2;O:3
556,A71EV2A-x5039a,x5039a_x5039b,CSc1ncncc1CC(=O)N1CCC[C@H](C(N)=O)C1,5.1862,False,False,True,True,False,43.3331,91.6667,39.722,structures/x5039a_x5039b/A71EV2A-x5039a,structures/x5039a_x5039b/A71EV2A-x5039a/A71EV2A-x5039a_complex_ref.pdb,True,380857,f3dd6f4cd94eac9735f30a05dcd006ea072493d6a420da24cd5a09a95212deca,structures/x5039a_x5039b/A71EV2A-x5039a/A71EV2A-x5039a_prepared.pdb,True,170009,27ce6993c9fa33d507605a8dbf6203ccdb0c3d6289d900067e501dc616cff8e8,structures/x5039a_x5039b/A71EV2A-x5039a/A71EV2A-x5039a_ligand_ref.sdf,True,1802,bf85f7f2b72c00a6ac830cdaa5f529f3bf261c875e7fdaf09b6d017fafdcb0f6,structures/x5039a_x5039b/A71EV2A-x5039a/A71EV2A-x5039a_ligand_prepared.sdf,True,3296,a88bbeaf446aa0ecb0244caf3de47c41cb697f2506bb389c904d2c413f967c87,2232,2151,81,40,2097,2097,,,True,1,20,20,0,C:13;N:4;O:2;S:1,True,1,38,20,0,C:13;H:18;N:4;O:2;S:1
557,A71EV2A-x5039b,x5039a_x5039b,CSc1ncncc1CC(=O)N1CCC[C@H](C(N)=O)C1,5.1862,False,False,True,True,False,43.3673,95.8333,41.5603,structures/x5039a_x5039b/A71EV2A-x5039b,structures/x5039a_x5039b/A71EV2A-x5039b/A71EV2A-x5039b_complex_ref.pdb,True,380371,7a9ba1fedb1de65535065dba20ea8c3d009e6960ad1e7a9d537e56eb65d1bd0c,structures/x5039a_x5039b/A71EV2A-x5039b/A71EV2A-x5039b_prepared.pdb,True,170009,09df14895e9a9a55a33512c1e9b5b016b27bbb83caf6d8cf34cfc93943d6d8ae,structures/x5039a_x5039b/A71EV2A-x5039b/A71EV2A-x5039b_ligand_ref.sdf,True,1802,73315c00a741a26e060c977376053846d614aa6c28f538d422e921ceb935901d,structures/x5039a_x5039b/A71EV2A-x5039b/A71EV2A-x5039b_ligand_prepared.sdf,True,3296,11bf73575dbc012d5049a7ea4ceacada087772806cd5db3e424e4163c9717ccb,2226,2151,75,40,2097,2097,,,True,1,20,20,0,C:13;N:4;O:2;S:1,True,1,38,20,0,C:13;H:18;N:4;O:2;S:1
558,A71EV2A-x5052a,x5052a,NC(=O)[C@@H]1CCC(=O)N([C@@H]2CCCc3ccccc32)C1,4.5935,False,False,True,True,False,41.0404,92,37.7572,structures/x5052a/A71EV2A-x5052a,structures/x5052a/A71EV2A-x5052a/A71EV2A-x5052a_complex_ref.pdb,True,379077,1729d81fbaee7f53cf80b66c0a84b4801bd58ad40aacd3de2a051621c4221090,structures/x5052a/A71EV2A-x5052a/A71EV2A-x5052a_prepared.pdb,True,171224,03dbe57db510756024af40311656d5525d635fd79ae456c3df9ad64983442fad,structures/x5052a/A71EV2A-x5052a/A71EV2A-x5052a_ligand_ref.sdf,True,1815,0f2b11af6476328fcf2bd032bf419a28c4833cc698b0d921839535e24d287c4e,structures/x5052a/A71EV2A-x5052a/A71EV2A-x5052a_ligand_prepared.sdf,True,3475,4802b55d12601588c6f766d135e211d9e270a0675bdb66afd68213476a662f53,2219,2180,39,20,2112,2112,,,True,1,20,20,0,C:16;N:2;O:2,True,1,40,20,0,C:16;H:20;N:2;O:2
559,A71EV2A-x5065a,x5065a,CSc1ccccc1CCN1C[C@@H](C(N)=O)CC1=O,,False,False,True,True,False,41.6897,92.3077,38.4828,structures/x5065a/A71EV2A-x5065a,structures/x5065a/A71EV2A-x5065a/A71EV2A-x5065a_complex_ref.pdb,True,380212,578192b61c213266725b5ad96a7b1b78b6346f42e90c2a02d3795494d965d442,structures/x5065a/A71EV2A-x5065a/A71EV2A-x5065a_prepared.pdb,True,171224,3efc9213cef58d9422d484e98d08ef1fd02955ffe9d8097e0224c580e6812507,structures/x5065a/A71EV2A-x5065a/A71EV2A-x5065a_ligand_ref.sdf,True,1719,cd8bc4e1627a1f81e857862bfa0b0b53e3aeaca67f15c1c30a1be4f7379230f4,structures/x5065a/A71EV2A-x5065a/A71EV2A-x5065a_ligand_prepared.sdf,True,3213,7aa5c1f87f26edf1dd34dd2251419e2b538cba7b8d296159b1aaeaa850a7aad2,2228,2186,42,19,2112,2112,,,True,1,19,19,0,C:14;N:2;O:2;S:1,True,1,37,19,0,C:14;H:18;N:2;O:2;S:1
560,A71EV2A-x5073a,x5073a,NC(=O)[C@H]1CCC(=O)N([C@@H]2CCCc3ccccc32)C1,,False,False,True,True,False,48.0579,95.4545,45.8735,structures/x5073a/A71EV2A-x5073a,structures/x5073a/A71EV2A-x5073a/A71EV2A-x5073a_complex_ref.pdb,True,200228,a24bb772fd4b55736b28bdf8a3c6f5637033487c109f6890f9565c93978783f7,structures/x5073a/A71EV2A-x5073a/A71EV2A-x5073a_prepared.pdb,True,170009,af7c5e763b75a22ff6c0c6e6600b666e8880cac543f8c9f61c5d5e00a7ecc8ea,structures/x5073a/A71EV2A-x5073a/A71EV2A-x5073a_ligand_ref.sdf,True,1815,22877ca3f99bbb9b590dbe0e185fab6ed84ef108bce75e76ebd2aa1b7f525f40,structures/x5073a/A71EV2A-x5073a/A71EV2A-x5073a_ligand_prepared.sdf,True,3475,013778acd483a92ee0503f7b63c82caa12f07208b6eebf30fee81600b44610a8,1124,1085,39,20,2097,2097,,,True,1,20,20,0,C:16;N:2;O:2,True,1,40,20,0,C:16;H:20;N:2;O:2
561,A71EV2A-x5079a,x5079a_x5079b,NC(=O)[C@H]1CCCN(C(=O)Cc2cccnc2Cl)C1,3.4369,False,False,True,True,False,43.4358,91.3043,39.6588,structures/x5079a_x5079b/A71EV2A-x5079a,structures/x5079a_x5079b/A71EV2A-x5079a/A71EV2A-x5079a_complex_ref.pdb,True,378510,b9d6421484c64bdd9f0f08990a2c1036253cf66ada00b8cfc75fcb2c95c882bf,structures/x5079a_x5079b/A71EV2A-x5079a/A71EV2A-x5079a_prepared.pdb,True,170009,ecd5fefbfe3a288b65f9ba1b4ed517d3b1a7fc2a8b61a401836ad73fc6fba6ab,structures/x5079a_x5079b/A71EV2A-x5079a/A71EV2A-x5079a_ligand_ref.sdf,True,1719,9370d849f337352721436a555652ee4de07c31f8cb8375aabffb8cc397cfc954,structures/x5079a_x5079b/A71EV2A-x5079a/A71EV2A-x5079a_ligand_prepared.sdf,True,3047,0344663c3a3e4b05d3c13ed84fc4568601724e5c7e2c22af228ea59d907059b5,2218,2154,64,38,2097,2097,,,True,1,19,19,0,C:13;Cl:1;N:3;O:2,True,1,35,19,0,C:13;Cl:1;H:16;N:3;O:2
562,A71EV2A-x5079b,x5079a_x5079b,NC(=O)[C@H]1CCCN(C(=O)Cc2cccnc2Cl)C1,3.4369,False,False,True,True,False,43.4838,95.6522,41.5932,structures/x5079a_x5079b/A71EV2A-x5079b,structures/x5079a_x5079b/A71EV2A-x5079b/A71EV2A-x5079b_complex_ref.pdb,True,378672,a71544642c30e846ef7e8f32e69311ce72ad291a59bc810f15528a141b1982ad,structures/x5079a_x5079b/A71EV2A-x5079b/A71EV2A-x5079b_prepared.pdb,True,170009,6cca43da0b6a118adaec69272f00d69b7d4ca6fa7d56909243ef38620b0c8089,structures/x5079a_x5079b/A71EV2A-x5079b/A71EV2A-x5079b_ligand_ref.sdf,True,1719,1f1d1da51fa78d0e555434e629b1140043f78913a65d944f7f225621ae174758,structures/x5079a_x5079b/A71EV2A-x5079b/A71EV2A-x5079b_ligand_prepared.sdf,True,3047,77ddcf8e9895e87559ce2c766facf58de7b9b65567eded08831c7fd4f700bd08,2220,2154,66,38,2097,2097,,,True,1,19,19,0,C:13;Cl:1;N:3;O:2,True,1,35,19,0,C:13;Cl:1;H:16;N:3;O:2
563,A71EV2A-x5081a,x5081a_x5081b,NC(=O)[C@H]1CCCN(C(=O)Cc2cncnc2Cl)C1,4.0376,False,False,True,True,False,42.656,91.3043,38.9467,structures/x5081a_x5081b/A71EV2A-x5081a,structures/x5081a_x5081b/A71EV2A-x5081a/A71EV2A-x5081a_complex_ref.pdb,True,377700,fcce47d692b32014a8e9f2b53487d3aebfdce16702f71d77e1a3616a947dd161,structures/x5081a_x5081b/A71EV2A-x5081a/A71EV2A-x5081a_prepared.pdb,True,168794,e8af9847f010a4183d31678193ba61ab26d258aa17b2fa5b965e1c29197ce4ec,structures/x5081a_x5081b/A71EV2A-x5081a/A71EV2A-x5081a_ligand_ref.sdf,True,1719,e47e61e403c767ad50a160e5187b27f4d156c23cf366e2568a64b4dfa6aa1300,structures/x5081a_x5081b/A71EV2A-x5081a/A71EV2A-x5081a_ligand_prepared.sdf,True,2964,2cfe923ad90a0c1cb615c7138211d517936ad2b53e302bc177d648f976e6c87f,2215,2145,70,38,2082,2082,,,True,1,19,19,0,C:12;Cl:1;N:4;O:2,True,1,34,19,0,C:12;Cl:1;H:15;N:4;O:2
564,A71EV2A-x5081b,x5081a_x5081b,NC(=O)[C@H]1CCCN(C(=O)Cc2cncnc2Cl)C1,4.0376,False,False,True,True,False,42.3238,95.6522,40.4837,structures/x5081a_x5081b/A71EV2A-x5081b,structures/x5081a_x5081b/A71EV2A-x5081b/A71EV2A-x5081b_complex_ref.pdb,True,377781,749763822e521117bd672b8a2073054fd21c3ed373bb06b27d1d67fb53a18c70,structures/x5081a_x5081b/A71EV2A-x5081b/A71EV2A-x5081b_prepared.pdb,True,170009,27a763f37a5a8bc882107a4710dd511090844405209ce3856a8a31770bfdbe83,structures/x5081a_x5081b/A71EV2A-x5081b/A71EV2A-x5081b_ligand_ref.sdf,True,1719,0e8e185b02b4efad6bce84329d29d1dae9630ae95e0ce353855aa69467fc2875,structures/x5081a_x5081b/A71EV2A-x5081b/A71EV2A-x5081b_ligand_prepared.sdf,True,2964,81dbbc0ab88bda211c0e82f83b7c7f7b199da9d1b7d9db495814c3922e0f26ff,2216,2145,71,38,2097,2097,,,True,1,19,19,0,C:12;Cl:1;N:4;O:2,True,1,34,19,0,C:12;Cl:1;H:15;N:4;O:2
565,A71EV2A-x5082a,x5082a_x5082b,N#Cc1cccc(CC(=O)N2CCC[C@H](C(N)=O)C2)n1,4.6252,False,False,True,True,False,39.5377,95.6522,37.8187,structures/x5082a_x5082b/A71EV2A-x5082a,structures/x5082a_x5082b/A71EV2A-x5082a/A71EV2A-x5082a_complex_ref.pdb,True,379079,bdfdf4b37c9117b317f88407739f0750d916ad3aff15ca734e3cde6d055ce44d,structures/x5082a_x5082b/A71EV2A-x5082a/A71EV2A-x5082a_prepared.pdb,True,170009,69118de79a40306d518c07bf8f8120aa34c33b04d8e4c1ffbc12d0f1f1ab7434,structures/x5082a_x5082b/A71EV2A-x5082a/A71EV2A-x5082a_ligand_ref.sdf,True,1802,69ed89fec5564cc3d9338c76366edf8d94e728348349cf79cc3ebf4236571f19,structures/x5082a_x5082b/A71EV2A-x5082a/A71EV2A-x5082a_ligand_prepared.sdf,True,3130,d4e035995146a3cf3adf1873c4827bd23d28e519369485427a2fde03fe4c8d9c,2220,2161,59,40,2097,2097,,,True,1,20,20,0,C:14;N:4;O:2,True,1,36,20,0,C:14;H:16;N:4;O:2
566,A71EV2A-x5082b,x5082a_x5082b,N#Cc1cccc(CC(=O)N2CCC[C@H](C(N)=O)C2)n1,4.6252,False,False,True,True,False,43.4684,95.8333,41.6572,structures/x5082a_x5082b/A71EV2A-x5082b,structures/x5082a_x5082b/A71EV2A-x5082b/A71EV2A-x5082b_complex_ref.pdb,True,379079,625747164f1e03ab69ff93dfa34f6b05edec2579984a4b8d9bd3e2067c6e6b78,structures/x5082a_x5082b/A71EV2A-x5082b/A71EV2A-x5082b_prepared.pdb,True,170009,7f796317abbb0291b8717bffcf44ca0cc43f8e0baa31fcc2b081ba486bc90520,structures/x5082a_x5082b/A71EV2A-x5082b/A71EV2A-x5082b_ligand_ref.sdf,True,1802,d1fc39b7d5e197caffdcebfbd8579cbeea90d71a22db4ecde25f9adcf4e7364a,structures/x5082a_x5082b/A71EV2A-x5082b/A71EV2A-x5082b_ligand_prepared.sdf,True,3130,65cc8ebd647225529828c030757bf87f2329fbf91258f391d85223ed0ee9bfb6,2220,2161,59,40,2097,2097,,,True,1,20,20,0,C:14;N:4;O:2,True,1,36,20,0,C:14;H:16;N:4;O:2
567,A71EV2A-x5090a,x5090a_x5150a,Cn1cc(NS(=O)(=O)N2CCC[C@H](C(N)=O)C2)cn1,5.7381,False,False,True,True,False,43.0632,96,41.3406,structures/x5090a_x5150a/A71EV2A-x5090a,structures/x5090a_x5150a/A71EV2A-x5090a/A71EV2A-x5090a_complex_ref.pdb,True,198445,9b89ea5d99f33b045062f338c71d8fba0794b597c2f3eb56819c210fb82981f5,structures/x5090a_x5150a/A71EV2A-x5090a/A71EV2A-x5090a_prepared.pdb,True,170009,9b947438f94fd3c796f9788167068221fe920850eb198de6af20642503246c6c,structures/x5090a_x5150a/A71EV2A-x5090a/A71EV2A-x5090a_ligand_ref.sdf,True,1719,1d893377db619e87a5f41b4307ae508fd225088c2411677cff7b1619e1194599,structures/x5090a_x5150a/A71EV2A-x5090a/A71EV2A-x5090a_ligand_prepared.sdf,True,3130,da3c009a3a448a1c0f2c91e2b18d411fb4cd70e04c62ae3bf951d80d238d23e8,1108,1077,31,19,2097,2097,,,True,1,19,19,0,C:10;N:5;O:3;S:1,True,1,36,19,0,C:10;H:17;N:5;O:3;S:1
568,A71EV2A-x5091a,x5091a,Cc1cccc(N(C)C(=O)N2CC[C@H](C(N)=O)C2)c1,,False,False,True,True,False,43.9753,96.1538,42.2839,structures/x5091a/A71EV2A-x5091a,structures/x5091a/A71EV2A-x5091a/A71EV2A-x5091a_complex_ref.pdb,True,379242,e94189fb62b6ca8d8141eacd2ba3c357e0fe06c9de803443ff997050be3e34ae,structures/x5091a/A71EV2A-x5091a/A71EV2A-x5091a_prepared.pdb,True,171224,f4ae0518dd3b03189456b9dd0f49a9a8b7bc536ff9431d89ecdbfd279e5939ce,structures/x5091a/A71EV2A-x5091a/A71EV2A-x5091a_ligand_ref.sdf,True,1719,91687cea1863afbd0f45102cfcc5116268ac766003201fd1bb2826590d5e2e1d,structures/x5091a/A71EV2A-x5091a/A71EV2A-x5091a_ligand_prepared.sdf,True,3296,66794d9e3e2c062cef77b491f12b4faef977a0cd370afd958748583f7827f274,2219,2180,39,19,2112,2112,,,True,1,19,19,0,C:14;N:3;O:2,True,1,38,19,0,C:14;H:19;N:3;O:2
569,A71EV2A-x5104a,x5104a_x5200a_x5268a,CSc1ccccc1CC(=O)N1C[C@H](C)C[C@H](C(N)=O)C1,,False,False,True,True,False,40.1128,88.8889,35.6558,structures/x5104a_x5200a_x5268a/A71EV2A-x5104a,structures/x5104a_x5200a_x5268a/A71EV2A-x5104a/A71EV2A-x5104a_complex_ref.pdb,True,377055,68af69cd81ab4ff2e88ef6e6824b02eba931a8d0d7fde54c219abcab632c9471,structures/x5104a_x5200a_x5268a/A71EV2A-x5104a/A71EV2A-x5104a_prepared.pdb,True,171224,f63d3f948773e3f036affe765ed199629fe550ae3454b294a12f67c02600dd84,structures/x5104a_x5200a_x5268a/A71EV2A-x5104a/A71EV2A-x5104a_ligand_ref.sdf,True,1885,8d2077c33e50f43548c99edbe23327a07f78f213511222d2a3e7bc947c61c6dc,structures/x5104a_x5200a_x5268a/A71EV2A-x5104a/A71EV2A-x5104a_ligand_prepared.sdf,True,3711,07d781cfb4802d7f4d5a5e7a28a4ac0efe5d8ac0fb836fb8cc7427c480081334,2217,2176,41,21,2112,2112,,,True,1,21,21,0,C:16;N:2;O:2;S:1,True,1,43,21,0,C:16;H:22;N:2;O:2;S:1
570,A71EV2A-x5106a,x5106a_x5258a,Cn1ccnc1[C@@H](c1ccccc1)N1C[C@@H](C(N)=O)CC1=O,4.6498,False,False,True,True,False,38.8036,95.6522,37.1165,structures/x5106a_x5258a/A71EV2A-x5106a,structures/x5106a_x5258a/A71EV2A-x5106a/A71EV2A-x5106a_complex_ref.pdb,True,201929,422ad38a54086a29a8cd1777218280e182a2f4c2ff8b427457c69e1bc97f3297,structures/x5106a_x5258a/A71EV2A-x5106a/A71EV2A-x5106a_prepared.pdb,True,170009,82e1c838eb8e94a3ba019f3146242b13ab4ae5e7b49a81e5b325cffb70b87d9f,structures/x5106a_x5258a/A71EV2A-x5106a/A71EV2A-x5106a_ligand_ref.sdf,True,1981,7f7bf97a603b5abfbbddefdc0ddc1e0611470d4179f9e3cf6d4288e095ff1d76,structures/x5106a_x5258a/A71EV2A-x5106a/A71EV2A-x5106a_ligand_prepared.sdf,True,3475,f82257d0807b2a1fe6ea0d73bf4568131af3d852e43602e9ae1d8f2ecb5069e5,1132,1083,49,22,2097,2097,,,True,1,22,22,0,C:16;N:4;O:2,True,1,40,22,0,C:16;H:18;N:4;O:2
571,A71EV2A-x5150a,x5090a_x5150a,Cn1cc(NS(=O)(=O)N2CCC[C@H](C(N)=O)C2)cn1,5.7381,False,False,True,True,False,40.4207,96,38.8038,structures/x5090a_x5150a/A71EV2A-x5150a,structures/x5090a_x5150a/A71EV2A-x5150a/A71EV2A-x5150a_complex_ref.pdb,True,202905,a0df703d73a3242a5c4af2b58d87fceeb9280112db535a554124dcff99b39104,structures/x5090a_x5150a/A71EV2A-x5150a/A71EV2A-x5150a_prepared.pdb,True,171224,5f98476017eb141c31ab7ecdb93b729ec0432cd9fba67846707530605690db2e,structures/x5090a_x5150a/A71EV2A-x5150a/A71EV2A-x5150a_ligand_ref.sdf,True,1719,5625a69b545d168bc799e9591b0e4bd3bcb1e0f54e48036e4c110f486f3d2f38,structures/x5090a_x5150a/A71EV2A-x5150a/A71EV2A-x5150a_ligand_prepared.sdf,True,3130,44beefbfe7c1243039d4d39cfad4545a5696e9a3e1cb70745ec89a3e9e552a1e,1123,1092,31,19,2112,2112,,,True,1,19,19,0,C:10;N:5;O:3;S:1,True,1,36,19,0,C:10;H:17;N:5;O:3;S:1
572,A71EV2A-x5151a,x5151a,NC(=O)[C@H]1CCCN(C(=O)Cc2cccc3c2SCC3)C1,3.5518,False,False,True,True,False,46.4797,95.6522,44.4589,structures/x5151a/A71EV2A-x5151a,structures/x5151a/A71EV2A-x5151a/A71EV2A-x5151a_complex_ref.pdb,True,200151,f63e5ca9bbd6be8a4fb89c08ca831d749c018d3a961341992f1a46c4c713b892,structures/x5151a/A71EV2A-x5151a/A71EV2A-x5151a_prepared.pdb,True,170009,7ba9b0748c16c14d85dfd8a136a872876f4bc8a81bfab6ed4dd67fbcc61c6ade,structures/x5151a/A71EV2A-x5151a/A71EV2A-x5151a_ligand_ref.sdf,True,1898,5f868eef6488ff8f11842bcdb506de0d868713aad6e892b956a85288c4aacf08,structures/x5151a/A71EV2A-x5151a/A71EV2A-x5151a_ligand_prepared.sdf,True,3558,408a9d1169a853152ea33439686f40559548612a4f0174e3ed6b96ba5fd42ba5,1109,1077,32,21,2097,2097,,,True,1,21,21,0,C:16;N:2;O:2;S:1,True,1,41,21,0,C:16;H:20;N:2;O:2;S:1
573,A71EV2A-x5171a,x5171a_x5171b,CSc1ccccc1CC(=O)N1C[C@H](C(N)=O)C[C@H](C(N)=O)C1,5.2072,False,False,True,True,False,42.4931,92.5926,39.3454,structures/x5171a_x5171b/A71EV2A-x5171a,structures/x5171a_x5171b/A71EV2A-x5171a/A71EV2A-x5171a_complex_ref.pdb,True,380132,b076ffae13eba4a441e3aee5ce931e958658b38561ff8de8b7c2a13022247ae7,structures/x5171a_x5171b/A71EV2A-x5171a/A71EV2A-x5171a_prepared.pdb,True,170009,2c4be782d9646928dc5f3e278934c05fb36a3959ab36ffbc3ad66df6a4f28337,structures/x5171a_x5171b/A71EV2A-x5171a/A71EV2A-x5171a_ligand_ref.sdf,True,2051,ebe09875195271acefd92c79de13faa001f155899e8b83e67641c76b45df0f89,structures/x5171a_x5171b/A71EV2A-x5171a/A71EV2A-x5171a_ligand_prepared.sdf,True,3794,d87d1fa46960f24e6cfd7823e61deb767f88e245922937382ab1f21beca41248,2230,2154,76,46,2097,2097,,,True,1,23,23,0,C:16;N:3;O:3;S:1,True,1,44,23,0,C:16;H:21;N:3;O:3;S:1
574,A71EV2A-x5171b,x5171a_x5171b,CSc1ccccc1CC(=O)N1C[C@H](C(N)=O)C[C@H](C(N)=O)C1,5.2072,False,False,True,True,False,42.462,96.1538,40.8288,structures/x5171a_x5171b/A71EV2A-x5171b,structures/x5171a_x5171b/A71EV2A-x5171b/A71EV2A-x5171b_complex_ref.pdb,True,380375,3c68b7471d4e73bb61eb575e8c6cf1d9d5af426da53860b78283d83870049532,structures/x5171a_x5171b/A71EV2A-x5171b/A71EV2A-x5171b_prepared.pdb,True,170009,524f939df79a8d0049a13878bbc9cc5447231f85afef1a48a58f63a0037340c3,structures/x5171a_x5171b/A71EV2A-x5171b/A71EV2A-x5171b_ligand_ref.sdf,True,2051,e032653b5ccd16ad91208f9eb03309e0c384398a732da188a9b35ba897ad6a63,structures/x5171a_x5171b/A71EV2A-x5171b/A71EV2A-x5171b_ligand_prepared.sdf,True,3794,539cd81187cb4e8d06a53b4aada775424d3a240aad24a041272ae45303e76c6d,2233,2154,79,46,2097,2097,,,True,1,23,23,0,C:16;N:3;O:3;S:1,True,1,44,23,0,C:16;H:21;N:3;O:3;S:1
575,A71EV2A-x5177a,x5177a,CSc1ccccc1CC(=O)N1C[C@@H](C(N)=O)C[C@H]2C[C@H]21,5.6765,False,False,True,True,False,43.9225,92,40.4087,structures/x5177a/A71EV2A-x5177a,structures/x5177a/A71EV2A-x5177a/A71EV2A-x5177a_complex_ref.pdb,True,200637,a2ec222fe93e9ac1b4c1e541efde7063a244ce017d6913e426c45d2e4a9177ee,structures/x5177a/A71EV2A-x5177a/A71EV2A-x5177a_prepared.pdb,True,170009,cf91d7c83cc8b2f0c18f78d0f29a10b625a1caad231766de600f3ee729a76588,structures/x5177a/A71EV2A-x5177a/A71EV2A-x5177a_ligand_ref.sdf,True,1898,fe4d794df69ed17fe71185cac46cffe83398f65b02424ebf28264e3fa787051d,structures/x5177a/A71EV2A-x5177a/A71EV2A-x5177a_ligand_prepared.sdf,True,3558,2ca8ff342a2befb1b79df4fc7fa024810c3eadf9c0847a92d8290bee503ef7c4,1103,1077,26,21,2097,2097,,,True,1,21,21,0,C:16;N:2;O:2;S:1,True,1,41,21,0,C:16;H:20;N:2;O:2;S:1
576,A71EV2A-x5182a,x5182a,CSc1ccncc1NS(=O)(=O)N1CCC[C@H](C(N)=O)C1,4.8818,False,False,True,True,False,46.7522,92.5926,43.2891,structures/x5182a/A71EV2A-x5182a,structures/x5182a/A71EV2A-x5182a/A71EV2A-x5182a_complex_ref.pdb,True,377216,98ed2fefbd8cf635d7d8831fb9d9034575dca4144a5bcceb82f50dc6cb9c807d,structures/x5182a/A71EV2A-x5182a/A71EV2A-x5182a_prepared.pdb,True,171224,4101e21a051ba48e297f3519ff3d6926c3f2e46293bbe92d6bc7e447f09347d6,structures/x5182a/A71EV2A-x5182a/A71EV2A-x5182a_ligand_ref.sdf,True,1885,e8d90abfed2ac067d1d8ceddf660ebece4967032d9d0682986de0de01c326bc5,structures/x5182a/A71EV2A-x5182a/A71EV2A-x5182a_ligand_prepared.sdf,True,3379,f73d2955100f8bd90f4678d8860244bdafe968cf6fbae61891ab77fc387217c1,2216,2180,36,21,2112,2112,,,True,1,21,21,0,C:12;N:4;O:3;S:2,True,1,39,21,0,C:12;H:18;N:4;O:3;S:2
577,A71EV2A-x5200a,x5104a_x5200a_x5268a,CSc1ccccc1CC(=O)N1C[C@H](C)C[C@H](C(N)=O)C1,4.4941,False,False,True,True,False,44.6769,96,42.8898,structures/x5104a_x5200a_x5268a/A71EV2A-x5200a,structures/x5104a_x5200a_x5268a/A71EV2A-x5200a/A71EV2A-x5200a_complex_ref.pdb,True,200551,0766d03e6d85bcf0266cfab48ad63f7ae09541968d5bef0de26539f4a378a6e3,structures/x5104a_x5200a_x5268a/A71EV2A-x5200a/A71EV2A-x5200a_prepared.pdb,True,170009,37a33c31bbf094d7cf4c4a394c39dca9e0dfd6d203570a855efa695bf2c517ce,structures/x5104a_x5200a_x5268a/A71EV2A-x5200a/A71EV2A-x5200a_ligand_ref.sdf,True,1885,6383baa786a6f32c95f0de8ab5b6f1212ca23b363203309349dc1877b75181b4,structures/x5104a_x5200a_x5268a/A71EV2A-x5200a/A71EV2A-x5200a_ligand_prepared.sdf,True,3711,9fa1dfec06edfda2a8a2ab0ed6f06b07e6ab0372c61821e463d5100813fb27f1,1121,1077,44,21,2097,2097,,,True,1,21,21,0,C:16;N:2;O:2;S:1,True,1,43,21,0,C:16;H:22;N:2;O:2;S:1
578,A71EV2A-x5203a,x5203a_x5203b,CSc1ccc(Br)cc1CC(=O)N1CCC[C@H](C(N)=O)CC1,4.0847,False,False,True,True,False,44.8205,92.3077,41.3727,structures/x5203a_x5203b/A71EV2A-x5203a,structures/x5203a_x5203b/A71EV2A-x5203a/A71EV2A-x5203a_complex_ref.pdb,True,377944,8bead93caf66f2c98dc0c0ede9a3ca5c94bf109f4784e754785e062387ba10a9,structures/x5203a_x5203b/A71EV2A-x5203a/A71EV2A-x5203a_prepared.pdb,True,170009,def07bee7ac0519046e6ec3578dd93b16df1fa9ee1e2257ad004570f2e4d182e,structures/x5203a_x5203b/A71EV2A-x5203a/A71EV2A-x5203a_ligand_ref.sdf,True,1968,6e16777b804055911446ec0522e526b4dd079203440e504188c89f8c86dd9eb6,structures/x5203a_x5203b/A71EV2A-x5203a/A71EV2A-x5203a_ligand_prepared.sdf,True,3711,ee0a915aa88dbb0aec16aa56a7f1c75dac33edc6b45dbb8983f931efb374cbe2,2226,2154,72,44,2097,2097,,,True,1,22,22,0,Br:1;C:16;N:2;O:2;S:1,True,1,43,22,0,Br:1;C:16;H:21;N:2;O:2;S:1
579,A71EV2A-x5203b,x5203a_x5203b,CSc1ccc(Br)cc1CC(=O)N1CCC[C@H](C(N)=O)CC1,4.0847,False,False,True,True,False,44.6464,92,41.0747,structures/x5203a_x5203b/A71EV2A-x5203b,structures/x5203a_x5203b/A71EV2A-x5203b/A71EV2A-x5203b_complex_ref.pdb,True,377377,412deaaec191b9a4680c4bfac0aa34b1b25368716fea86a127c4f9a832b321b1,structures/x5203a_x5203b/A71EV2A-x5203b/A71EV2A-x5203b_prepared.pdb,True,170009,250c5a78397840e02e2e941dcdae6603fdb712b74a2ecfb19d283af8366f5dab,structures/x5203a_x5203b/A71EV2A-x5203b/A71EV2A-x5203b_ligand_ref.sdf,True,1968,80128c3c7099e98eddeabe7ff7b901833cee77eb64a35792ee4741f798ef7c50,structures/x5203a_x5203b/A71EV2A-x5203b/A71EV2A-x5203b_ligand_prepared.sdf,True,3711,996d440f8ec2e06d5d6838f65860879e85ac7ca553aa8b6f356ce5f97f22d375,2219,2154,65,44,2097,2097,,,True,1,22,22,0,Br:1;C:16;N:2;O:2;S:1,True,1,43,22,0,Br:1;C:16;H:21;N:2;O:2;S:1
580,A71EV2A-x5210a,x5210a_x5210b,NC(=O)[C@H]1CCC(=O)N([C@H]2CCCc3ccccc32)C1,4.6319,False,False,True,True,False,48.5433,95.4545,46.3368,structures/x5210a_x5210b/A71EV2A-x5210a,structures/x5210a_x5210b/A71EV2A-x5210a/A71EV2A-x5210a_complex_ref.pdb,True,377782,6b5954a7d91e7b05f7cfa556e642c9f43668ab5202b079cd6413b3d41e5a413e,structures/x5210a_x5210b/A71EV2A-x5210a/A71EV2A-x5210a_prepared.pdb,True,170009,e5535022d88e7ce0b7ac4eb2211dac6bfcbdadbf5a8a3d4c2c854df2d0023f58,structures/x5210a_x5210b/A71EV2A-x5210a/A71EV2A-x5210a_ligand_ref.sdf,True,1815,92d1f8e7e9a9334505e97dd478b277ccac448003b49e6b825302244d763cffe3,structures/x5210a_x5210b/A71EV2A-x5210a/A71EV2A-x5210a_ligand_prepared.sdf,True,3475,37e1273859dda0bada540b08121e7017515166b1f0309e2ceb76a5b66ee32b5d,2209,2154,55,40,2097,2097,,,True,1,20,20,0,C:16;N:2;O:2,True,1,40,20,0,C:16;H:20;N:2;O:2
581,A71EV2A-x5210b,x5210a_x5210b,NC(=O)[C@H]1CCC(=O)N([C@H]2CCCc3ccccc32)C1,4.6319,False,False,True,True,False,48.3516,95.4545,46.1538,structures/x5210a_x5210b/A71EV2A-x5210b,structures/x5210a_x5210b/A71EV2A-x5210b/A71EV2A-x5210b_complex_ref.pdb,True,377782,a8f5194b516d48e4c9fe4dcc7c0a623ad5ee131d4c054a2a6c6663eb7f27fd2b,structures/x5210a_x5210b/A71EV2A-x5210b/A71EV2A-x5210b_prepared.pdb,True,170009,4360d5e2f744cab729ad764c59f38c3d30bffaefbf0ed0ede90b02d9466bbf6a,structures/x5210a_x5210b/A71EV2A-x5210b/A71EV2A-x5210b_ligand_ref.sdf,True,1815,877a83439b506513138ee2af83ff829ac84a64c0190d84ac5786bb0b67d353f5,structures/x5210a_x5210b/A71EV2A-x5210b/A71EV2A-x5210b_ligand_prepared.sdf,True,3475,de6e8530f02c28399bb3f746e912e85351866089b914b1ea4b1a8d4172069441,2209,2154,55,40,2097,2097,,,True,1,20,20,0,C:16;N:2;O:2,True,1,40,20,0,C:16;H:20;N:2;O:2
582,A71EV2A-x5212a,x5212a,N#Cc1ncncc1CC(=O)N1CCC[C@H](C(N)=O)C1,4.4248,False,False,True,True,False,41.9347,91.6667,38.4401,structures/x5212a/A71EV2A-x5212a,structures/x5212a/A71EV2A-x5212a/A71EV2A-x5212a_complex_ref.pdb,True,200151,7578c15e29598ad4dcd3a00b9662b298bebdb19ea27ce4f713bfcfb89b3884b8,structures/x5212a/A71EV2A-x5212a/A71EV2A-x5212a_prepared.pdb,True,170009,745326a293afeffffe06aa9f9b741718df9d3e10e866f0c053dad44e76f00f54,structures/x5212a/A71EV2A-x5212a/A71EV2A-x5212a_ligand_ref.sdf,True,1802,85cf5e45ee045c336e9d58420bfd2dca59005b22285c7ead183ac75819bebc67,structures/x5212a/A71EV2A-x5212a/A71EV2A-x5212a_ligand_prepared.sdf,True,3047,22fd33b9d4ed4103b5a9e7b83fe5e96c0609faa69b081d5a89bff5ed817a1ce2,1113,1077,36,20,2097,2097,,,True,1,20,20,0,C:13;N:5;O:2,True,1,35,20,0,C:13;H:15;N:5;O:2
583,A71EV2A-x5213a,x5213a_x5213b,NC(=O)[C@H]1CCCN(C(=O)Cc2ccnc(Cl)n2)C1,4.6536,False,False,True,True,False,39.7084,95.8333,38.0539,structures/x5213a_x5213b/A71EV2A-x5213a,structures/x5213a_x5213b/A71EV2A-x5213a/A71EV2A-x5213a_complex_ref.pdb,True,384018,0de8b4682024f09af79e4f8d0ebbacadc437a4204f7647101215c7b510cc7263,structures/x5213a_x5213b/A71EV2A-x5213a/A71EV2A-x5213a_prepared.pdb,True,170009,c41d507b0933afe2663329b5b6292cf94544b64342d8fc6a5f919891d67753cf,structures/x5213a_x5213b/A71EV2A-x5213a/A71EV2A-x5213a_ligand_ref.sdf,True,1719,28cd1a57b903d704295852868aad8b6b43bc4e636e1932d819f9a1556d1de9a9,structures/x5213a_x5213b/A71EV2A-x5213a/A71EV2A-x5213a_ligand_prepared.sdf,True,2964,cbe24c9277ce7e0aa69f8fd03499d9774dd559b9c3e873eac9fe518f899f5f72,2225,2162,63,38,2097,2097,,,True,1,19,19,0,C:12;Cl:1;N:4;O:2,True,1,34,19,0,C:12;Cl:1;H:15;N:4;O:2
584,A71EV2A-x5213b,x5213a_x5213b,NC(=O)[C@H]1CCCN(C(=O)Cc2ccnc(Cl)n2)C1,4.6536,False,False,True,True,False,41.4832,95.6522,39.6796,structures/x5213a_x5213b/A71EV2A-x5213b,structures/x5213a_x5213b/A71EV2A-x5213b/A71EV2A-x5213b_complex_ref.pdb,True,384099,be93ec0bed76ce76ad73f8cb1ebfcd41844e0f6611704374f456a99e495ae40d,structures/x5213a_x5213b/A71EV2A-x5213b/A71EV2A-x5213b_prepared.pdb,True,170009,72168dbb624a52f312d59c5eb0efbbb4a1c89f6e46cdc76762afc3087a3fbce8,structures/x5213a_x5213b/A71EV2A-x5213b/A71EV2A-x5213b_ligand_ref.sdf,True,1719,a39c6d166414fa06c7bac5c40415bf5d2a771b6a380ec7588d9f95d0f886e648,structures/x5213a_x5213b/A71EV2A-x5213b/A71EV2A-x5213b_ligand_prepared.sdf,True,2964,941277e8f32dae3b317472b1d10d537e4d4134b27fe39b73810aa1425fc32343,2226,2162,64,38,2097,2097,,,True,1,19,19,0,C:12;Cl:1;N:4;O:2,True,1,34,19,0,C:12;Cl:1;H:15;N:4;O:2
585,A71EV2A-x5219a,x5219a_x5219b,C[C@@H]1CCCC[C@H]1OC(=O)N1CCC[C@H](C(N)=O)C1,,False,False,True,True,False,50.9997,90.9091,46.3634,structures/x5219a_x5219b/A71EV2A-x5219a,structures/x5219a_x5219b/A71EV2A-x5219a/A71EV2A-x5219a_complex_ref.pdb,True,378429,8c25075430e4b0f9ba2cbd0bee87d709def6f9b916c567d1c7eab1b3c1682232,structures/x5219a_x5219b/A71EV2A-x5219a/A71EV2A-x5219a_prepared.pdb,True,170009,2305ac439b4fb981017af099dd9f2e1a0f0da0cc86cc129a08285c2787031472,structures/x5219a_x5219b/A71EV2A-x5219a/A71EV2A-x5219a_ligand_ref.sdf,True,1719,834e3af068f6bd4b097316ce9d3c26a8008b5a963347c3675d0eb2a7719290f7,structures/x5219a_x5219b/A71EV2A-x5219a/A71EV2A-x5219a_ligand_prepared.sdf,True,3711,55134e0cb2e9845f1a077e21226028d0b1ce08427ad2e4a97ae33846f3a99ec4,2217,2154,63,38,2097,2097,,,True,1,19,19,0,C:14;N:2;O:3,True,1,43,19,0,C:14;H:24;N:2;O:3
586,A71EV2A-x5219b,x5219a_x5219b,C[C@@H]1CCCC[C@H]1OC(=O)N1CCC[C@H](C(N)=O)C1,,False,False,True,True,False,50.9944,95.4545,48.6765,structures/x5219a_x5219b/A71EV2A-x5219b,structures/x5219a_x5219b/A71EV2A-x5219b/A71EV2A-x5219b_complex_ref.pdb,True,378348,f9258151dcdfbf367e5d43984528ffdcc9aa9af257ba00ddcf5d6bd3be8721b1,structures/x5219a_x5219b/A71EV2A-x5219b/A71EV2A-x5219b_prepared.pdb,True,170009,7d15b8f0e2b74a2e385b13323465487cef54157e942d656b5ada6f262cbc2229,structures/x5219a_x5219b/A71EV2A-x5219b/A71EV2A-x5219b_ligand_ref.sdf,True,1719,cb6703697e09295afe6e726210a02ddb1f5d75e7639e7595e9ad5d9d620cd852,structures/x5219a_x5219b/A71EV2A-x5219b/A71EV2A-x5219b_ligand_prepared.sdf,True,3711,8f3686a76842c4b23e44d86a00d754a9322137affba7f6d7087f37a07645a7f1,2216,2154,62,38,2097,2097,,,True,1,19,19,0,C:14;N:2;O:3,True,1,43,19,0,C:14;H:24;N:2;O:3
587,A71EV2A-x5221a,x5221a,NC(=O)[C@H]1CCCN(C(=O)Cc2cccc3ncsc23)C1,3.9648,False,False,True,True,False,45.0256,96,43.2246,structures/x5221a/A71EV2A-x5221a,structures/x5221a/A71EV2A-x5221a/A71EV2A-x5221a_complex_ref.pdb,True,196906,4b283d95b7f956ecbc359afeb4af9252696fdeacfbff9f805786b9bf14b04ea7,structures/x5221a/A71EV2A-x5221a/A71EV2A-x5221a_prepared.pdb,True,170009,98d95e1d6dc80b884d13f9cd3bde809311ab8cb3f8297840b9b0bf2b70b73d75,structures/x5221a/A71EV2A-x5221a/A71EV2A-x5221a_ligand_ref.sdf,True,1898,73ef7e7da03bdd632cc5d4ae5cfc2bb063e45d4dc03f343c742c86211cbd60a1,structures/x5221a/A71EV2A-x5221a/A71EV2A-x5221a_ligand_prepared.sdf,True,3309,4758fc5ed6cb301a4a3984537f539c2f07994d3ccb9c730eec77e406ac463a21,1113,1074,39,21,2097,2097,,,True,1,21,21,0,C:15;N:3;O:2;S:1,True,1,38,21,0,C:15;H:17;N:3;O:2;S:1
588,A71EV2A-x5222a,x5222a,Cc1[nH]c2cc(C#N)ccc2c1CCN1C[C@@H](C(N)=O)CCC1=O,,False,False,True,True,False,40.7987,92.3077,37.6603,structures/x5222a/A71EV2A-x5222a,structures/x5222a/A71EV2A-x5222a/A71EV2A-x5222a_complex_ref.pdb,True,199419,5a99a173077f43da5b087eaad8b1046b7890a3db062fda87d35e7a3d12c87b4c,structures/x5222a/A71EV2A-x5222a/A71EV2A-x5222a_prepared.pdb,True,170009,fac0ff899a9b5ba751774b30a6e6839edff11ac720af54876c5ae1bbe1416ac0,structures/x5222a/A71EV2A-x5222a/A71EV2A-x5222a_ligand_ref.sdf,True,2147,b05052ea93b460ed29e56559207bb3e67a5abd2eda212111859e5b804679f3cd,structures/x5222a/A71EV2A-x5222a/A71EV2A-x5222a_ligand_prepared.sdf,True,3807,f4d078a40d5da9aa5dcb5b614e53418a307546882743758ce92fd45855bfd6bc,1121,1077,44,24,2097,2097,,,True,1,24,24,0,C:18;N:4;O:2,True,1,44,24,0,C:18;H:20;N:4;O:2
589,A71EV2A-x5226a,x5226a,CNC(=O)c1oc2ccccc2c1CN1C[C@@H](C(N)=O)CCC1=O,4.0273,False,False,True,True,False,46.5149,96,44.6543,structures/x5226a/A71EV2A-x5226a,structures/x5226a/A71EV2A-x5226a/A71EV2A-x5226a_complex_ref.pdb,True,383938,e2a750022d3a4d118a5a34cdf61ea7de390948f6a987348fbdb554b53703108d,structures/x5226a/A71EV2A-x5226a/A71EV2A-x5226a_prepared.pdb,True,170009,0dce70765bc9fc99225dbbedf33e3d15c92fa8b0a7ac5a8764b39f38ebfc62dd,structures/x5226a/A71EV2A-x5226a/A71EV2A-x5226a_ligand_ref.sdf,True,2148,31731c47392e53476e7fff85eae2751a8d4409128d28a296a875349f6ffdeee3,structures/x5226a/A71EV2A-x5226a/A71EV2A-x5226a_ligand_prepared.sdf,True,3725,2c5f76a1ccb706bcd53b3bea7f0d20b0ee00420e09f284d99903c6facfe305ea,2211,2171,40,24,2097,2097,,,True,1,24,24,0,C:17;N:3;O:4,True,1,43,24,0,C:17;H:19;N:3;O:4
590,A71EV2A-x5231a,x5231a,CS[C@@H]1CCCC[C@H]1OC(=O)N1CCC[C@H](C(N)=O)C1,3.5962,False,False,True,True,False,46.8861,90.9091,42.6237,structures/x5231a/A71EV2A-x5231a,structures/x5231a/A71EV2A-x5231a/A71EV2A-x5231a_complex_ref.pdb,True,380943,eefa29e5a33a9b8a2e314ab2987021b6fda25d10eee60ce5ebe76edba8a70bbd,structures/x5231a/A71EV2A-x5231a/A71EV2A-x5231a_prepared.pdb,True,171224,12b8fa04aca0e231f7dfbf52060af0eff8b8a40cbc8d8c169b088cab808b2247,structures/x5231a/A71EV2A-x5231a/A71EV2A-x5231a_ligand_ref.sdf,True,1802,e6edb83b59817c41d60c65fc3657fc00436a77950c72ed486a0c8063662efd2a,structures/x5231a/A71EV2A-x5231a/A71EV2A-x5231a_ligand_prepared.sdf,True,3794,8e377e0f604f432cb231d6ff07efa5ce6a88f8d19fa6b097ebbe2b19a0dd4445,2219,2182,37,20,2112,2112,,,True,1,20,20,0,C:14;N:2;O:3;S:1,True,1,44,20,0,C:14;H:24;N:2;O:3;S:1
591,A71EV2A-x5247a,x5247a_x5247b,CSc1ccc(Br)cc1CC(=O)N1C[C@H](C(N)=O)CC[C@H]1C,5.3704,False,False,True,True,False,43.252,92,39.7919,structures/x5247a_x5247b/A71EV2A-x5247a,structures/x5247a_x5247b/A71EV2A-x5247a/A71EV2A-x5247a_complex_ref.pdb,True,379807,2774fa506ef19fa6f2be6fdff295b5005015caaacc947bc1d3165222d3527dd4,structures/x5247a_x5247b/A71EV2A-x5247a/A71EV2A-x5247a_prepared.pdb,True,170009,af727a2657308b69ebbeaf88a7392cab2d98d97728c20ccd8d8b4d58ff1ee900,structures/x5247a_x5247b/A71EV2A-x5247a/A71EV2A-x5247a_ligand_ref.sdf,True,1968,41c9c24b2f28f2e51acb49f88aab33f5a8b7e0f002a94286efb1b0d85b5cd358,structures/x5247a_x5247b/A71EV2A-x5247a/A71EV2A-x5247a_ligand_prepared.sdf,True,3711,66ec7e53a82406756212bb9c7750b5e807eb1b6e9867fae3a6576d0db3b74d1c,2228,2154,74,44,2097,2097,,,True,1,22,22,0,Br:1;C:16;N:2;O:2;S:1,True,1,43,22,0,Br:1;C:16;H:21;N:2;O:2;S:1
592,A71EV2A-x5247b,x5247a_x5247b,CSc1ccc(Br)cc1CC(=O)N1C[C@H](C(N)=O)CC[C@H]1C,5.3704,False,False,True,True,False,42.5553,92,39.1509,structures/x5247a_x5247b/A71EV2A-x5247b,structures/x5247a_x5247b/A71EV2A-x5247b/A71EV2A-x5247b_complex_ref.pdb,True,379807,072b0f127001b34e96636a19b162b67e291c822039d7d883357ffd4e81fb018c,structures/x5247a_x5247b/A71EV2A-x5247b/A71EV2A-x5247b_prepared.pdb,True,170009,0ad20665ed553be29171be035175336d4340665908fbb29aefc52b23ad420bb9,structures/x5247a_x5247b/A71EV2A-x5247b/A71EV2A-x5247b_ligand_ref.sdf,True,1968,73d3b4350baa97bd2a96461155eb9ae49df20de71c28eb814887c688697c5121,structures/x5247a_x5247b/A71EV2A-x5247b/A71EV2A-x5247b_ligand_prepared.sdf,True,3711,01eb74be4b1b004cf3f139b5999c7f604b0758cd0ad2b48700a34bb5166c9757,2228,2154,74,44,2097,2097,,,True,1,22,22,0,Br:1;C:16;N:2;O:2;S:1,True,1,43,22,0,Br:1;C:16;H:21;N:2;O:2;S:1
593,A71EV2A-x5249a,x5249a,CSc1cccc2c1N(C(=O)N1CCC[C@H](C(N)=O)C1)CCCO2,3.9795,False,False,True,True,False,42.7102,92,39.2934,structures/x5249a/A71EV2A-x5249a,structures/x5249a/A71EV2A-x5249a/A71EV2A-x5249a_complex_ref.pdb,True,200714,12c31f78fcd17a9a0e0319765734b4e14ec7775cd7eee53612d0cf53fc8e054f,structures/x5249a/A71EV2A-x5249a/A71EV2A-x5249a_prepared.pdb,True,170009,a657b19beb83092aaa8d8eaaa800ee4cad35934e56f2a6cda073785558b82977,structures/x5249a/A71EV2A-x5249a/A71EV2A-x5249a_ligand_ref.sdf,True,2147,895c08e2fb48433c70320fff13ebf8a74fbe00efb50cf1d874a5f7d6c325f867,structures/x5249a/A71EV2A-x5249a/A71EV2A-x5249a_ligand_prepared.sdf,True,4056,06519f05bb568802064c09acfeb4a6ef33fb82770605425e46040879012049b4,1128,1083,45,24,2097,2097,,,True,1,24,24,0,C:17;N:3;O:3;S:1,True,1,47,24,0,C:17;H:23;N:3;O:3;S:1
594,A71EV2A-x5255a,x5255a,Cc1ccccc1CC(=O)N1C[C@H]2C[C@@](C(N)=O)(C1)C2,,False,False,True,True,False,43.9835,91.3043,40.1588,structures/x5255a/A71EV2A-x5255a,structures/x5255a/A71EV2A-x5255a/A71EV2A-x5255a_complex_ref.pdb,True,196662,15c143a24304bbea15aaeb44c34c7d76c5c356f5716883f9c4f9451751aae073,structures/x5255a/A71EV2A-x5255a/A71EV2A-x5255a_prepared.pdb,True,170009,8ca4d805e7672939af6beced99dc833e6616b0be5ef2e276976c01e8ac098a98,structures/x5255a/A71EV2A-x5255a/A71EV2A-x5255a_ligand_ref.sdf,True,1815,73f8f5132b29014c7f7c09016cab4c0bf7ae54d4274feeab6df7d98392df3f39,structures/x5255a/A71EV2A-x5255a/A71EV2A-x5255a_ligand_prepared.sdf,True,3475,7e42b11679ddedb8e639ef606b24b6fc952ac39a50a8f7db4c4a0acd7e53c6c6,1109,1077,32,20,2097,2097,,,True,1,20,20,0,C:16;N:2;O:2,True,1,40,20,0,C:16;H:20;N:2;O:2
595,A71EV2A-x5258a,x5106a_x5258a,Cn1ccnc1[C@@H](c1ccccc1)N1C[C@@H](C(N)=O)CC1=O,,False,False,True,True,False,38.726,95.6522,37.0423,structures/x5106a_x5258a/A71EV2A-x5258a,structures/x5106a_x5258a/A71EV2A-x5258a/A71EV2A-x5258a_complex_ref.pdb,True,197149,5d87aed5b1c3d5f1bdb73b0b2d403d487f625488fb4b4bbe74165b6f08d8ed1f,structures/x5106a_x5258a/A71EV2A-x5258a/A71EV2A-x5258a_prepared.pdb,True,170009,063b421bfe4074c674b16bfddeddfb499c6ac82413a9188d28222f1fc40f8d02,structures/x5106a_x5258a/A71EV2A-x5258a/A71EV2A-x5258a_ligand_ref.sdf,True,1981,e5648f5066157b48f9364a5aa8679a8501ce368459aa62370eb5dad0ff1a3efa,structures/x5106a_x5258a/A71EV2A-x5258a/A71EV2A-x5258a_ligand_prepared.sdf,True,3475,171f04bda5a12a04c7fca521e67523d2041a481e06f1869e74383b450614f795,1113,1077,36,22,2097,2097,,,True,1,22,22,0,C:16;N:4;O:2,True,1,40,22,0,C:16;H:18;N:4;O:2
596,A71EV2A-x5261a,x5261a,CSc1ccc2cnccc2c1NC(=O)N1CCC[C@H](C(N)=O)C1,5.7726,False,False,True,True,False,41.8588,96,40.1844,structures/x5261a/A71EV2A-x5261a,structures/x5261a/A71EV2A-x5261a/A71EV2A-x5261a_complex_ref.pdb,True,208731,26da75c1a40f2a742209038caf0cde82bcbc86687df78c526b6bff2c2949aa1f,structures/x5261a/A71EV2A-x5261a/A71EV2A-x5261a_prepared.pdb,True,168794,b0c1c115ff29baeb15799b6109e053636b6c0dd3687840366b2122d61282f539,structures/x5261a/A71EV2A-x5261a/A71EV2A-x5261a_ligand_ref.sdf,True,2148,48b21ef7f5b48caaffcf1f646ba4a8fdf4d56c4eac06489aba7423e3609b21cb,structures/x5261a/A71EV2A-x5261a/A71EV2A-x5261a_ligand_prepared.sdf,True,3808,daf45f0c680f678199e43935831d749bd0f85b596cb94569dd81c1a2a053232e,1105,1068,37,24,2082,2082,,,True,1,24,24,0,C:17;N:4;O:2;S:1,True,1,44,24,0,C:17;H:20;N:4;O:2;S:1
597,A71EV2A-x5262a,x5262a_x5262b,CSc1ccccc1CC(=O)N1C[C@H]2C[C@]1(CC(N)=O)C2,4.0513,False,False,True,True,False,42.8753,95.2381,40.8336,structures/x5262a_x5262b/A71EV2A-x5262a,structures/x5262a_x5262b/A71EV2A-x5262a/A71EV2A-x5262a_complex_ref.pdb,True,381265,b8eb543bfbe2cd1a66688ef953ed15bc4e85f07e2c32db46802df6b922a91901,structures/x5262a_x5262b/A71EV2A-x5262a/A71EV2A-x5262a_prepared.pdb,True,170009,c34d003923762dd442710d3fb8e0012952411ebe16d9b63e750bf5c112b42416,structures/x5262a_x5262b/A71EV2A-x5262a/A71EV2A-x5262a_ligand_ref.sdf,True,1898,1df4056a86f51f074dcb0584d2e50a3c85f0498245ca7433dc2a95abdcc9c09e,structures/x5262a_x5262b/A71EV2A-x5262a/A71EV2A-x5262a_ligand_prepared.sdf,True,3558,4ea9e9f865c96d08afe9653a26eebf34473b1329bff5e9ee567e4fabbd488385,2228,2154,74,42,2097,2097,,,True,1,21,21,0,C:16;N:2;O:2;S:1,True,1,41,21,0,C:16;H:20;N:2;O:2;S:1
598,A71EV2A-x5262b,x5262a_x5262b,CSc1ccccc1CC(=O)N1C[C@H]2C[C@]1(CC(N)=O)C2,4.0513,False,False,True,True,False,42.3612,95.2381,40.344,structures/x5262a_x5262b/A71EV2A-x5262b,structures/x5262a_x5262b/A71EV2A-x5262b/A71EV2A-x5262b_complex_ref.pdb,True,381346,f178fa11f1441ccbbc308dc219afec078dee912f5ecf110ad42fc04cb0750dd0,structures/x5262a_x5262b/A71EV2A-x5262b/A71EV2A-x5262b_prepared.pdb,True,170009,f0d036f5ba5e14cd4cbff43b14172672e9fd3bc219f6b71034bfc27cc9d9aafa,structures/x5262a_x5262b/A71EV2A-x5262b/A71EV2A-x5262b_ligand_ref.sdf,True,1898,0ad797d81b4b81dd3e54076315b28182c8476e45106caefb00c21686cca6325a,structures/x5262a_x5262b/A71EV2A-x5262b/A71EV2A-x5262b_ligand_prepared.sdf,True,3558,194285ce3f803e387ed9398439506920dfe753fc88f7acb1468756f579b76016,2229,2154,75,42,2097,2097,,,True,1,21,21,0,C:16;N:2;O:2;S:1,True,1,41,21,0,C:16;H:20;N:2;O:2;S:1
599,A71EV2A-x5268a,x5104a_x5200a_x5268a,CSc1ccccc1CC(=O)N1C[C@H](C)C[C@H](C(N)=O)C1,4.0066,False,False,True,True,False,44.0118,92.5926,40.7517,structures/x5104a_x5200a_x5268a/A71EV2A-x5268a,structures/x5104a_x5200a_x5268a/A71EV2A-x5268a/A71EV2A-x5268a_complex_ref.pdb,True,198774,a9217530c137b100a2f778a7e795d5c758bcf9ffae0e8faadddbd014d8a25caa,structures/x5104a_x5200a_x5268a/A71EV2A-x5268a/A71EV2A-x5268a_prepared.pdb,True,170009,453d618b03f3eaa4fe098c1ffd53220827d39bfb9039d892db30146f2f642ce0,structures/x5104a_x5200a_x5268a/A71EV2A-x5268a/A71EV2A-x5268a_ligand_ref.sdf,True,1885,17b9adecf62faf5ce64d25fc2c126af74ac11172ddd520e8949ea078e3d7f59e,structures/x5104a_x5200a_x5268a/A71EV2A-x5268a/A71EV2A-x5268a_ligand_prepared.sdf,True,3711,43cee770abac3ae8922131c9abd86d128aaca0a6be4a1005fab0712bfcc77826,1112,1077,35,21,2097,2097,,,True,1,21,21,0,C:16;N:2;O:2;S:1,True,1,43,21,0,C:16;H:22;N:2;O:2;S:1
600,A71EV2A-x5276a,x5276a,CSc1ccc(C2CC2)cc1CC(=O)N1CCC[C@H](C(N)=O)C1,5.5277,False,False,True,True,False,41.1256,88.4615,36.3803,structures/x5276a/A71EV2A-x5276a,structures/x5276a/A71EV2A-x5276a/A71EV2A-x5276a_complex_ref.pdb,True,197391,333cdad742f41818584d372bce1023111d652410aee5bb601dc2a32b6041fca9,structures/x5276a/A71EV2A-x5276a/A71EV2A-x5276a_prepared.pdb,True,170009,e47c73c8349e79485643b39918f4055950625df4d4760990702a7ffde56d22ca,structures/x5276a/A71EV2A-x5276a/A71EV2A-x5276a_ligand_ref.sdf,True,2064,744ebe520c462b30345f82ff1a69a199ca40b0ebd2ae88387e4b1a62e4fb6a71,structures/x5276a/A71EV2A-x5276a/A71EV2A-x5276a_ligand_prepared.sdf,True,4056,25704ea4a59bf93c1278821be5ab419d323d9f988ec8105cfef4bfed1594fcc1,1111,1077,34,23,2097,2097,,,True,1,23,23,0,C:18;N:2;O:2;S:1,True,1,47,23,0,C:18;H:24;N:2;O:2;S:1
601,A71EV2A-x5277a,x5277a,NC(=O)[C@]12CN(C(=O)Cc3ccccc3Cl)C[C@H](C1)C2,4.0046,False,False,True,True,False,54.9039,75,41.1779,structures/x5277a/A71EV2A-x5277a,structures/x5277a/A71EV2A-x5277a/A71EV2A-x5277a_complex_ref.pdb,True,196499,cdf9f161a8a745d6af6d197461b5287f88a1dc24fe18c906552ca698970a21d2,structures/x5277a/A71EV2A-x5277a/A71EV2A-x5277a_prepared.pdb,True,170009,8f42a84aa6128264778a73ef7f1861ea8c11da8f43a53d123caea7c59f9597e5,structures/x5277a/A71EV2A-x5277a/A71EV2A-x5277a_ligand_ref.sdf,True,1815,04d465b6fdc64583cc1fb283695ddeb201d6376401c515419331c917e86b7e01,structures/x5277a/A71EV2A-x5277a/A71EV2A-x5277a_ligand_prepared.sdf,True,3226,29edb853d9ba185fff2b1c9810c194f1b39472b0eaa9ad4f0b2ab40ae9fe28f7,1107,1077,30,20,2097,2097,,,True,1,20,20,0,C:15;Cl:1;N:2;O:2,True,1,37,20,0,C:15;Cl:1;H:17;N:2;O:2
602,A71EV2A-x5278a,x5278a,COc1ccc(Cl)cc1NS(=O)(=O)N1CCC[C@H](C(N)=O)C1,3.9892,False,False,True,True,False,46.9826,92.3077,43.3685,structures/x5278a/A71EV2A-x5278a,structures/x5278a/A71EV2A-x5278a/A71EV2A-x5278a_complex_ref.pdb,True,197147,61f00e870c7ea0aa0260ce015f3fd1d41dde0c3c16c6e74dc34c6aec7c8a7e26,structures/x5278a/A71EV2A-x5278a/A71EV2A-x5278a_prepared.pdb,True,170009,ca22545067c54acf7d67caf6ff844e65bf7771c36904f8b7c3acdc0531aa0db4,structures/x5278a/A71EV2A-x5278a/A71EV2A-x5278a_ligand_ref.sdf,True,1968,64b08fceff2a0f794d5988567622e2fc5891e7aabe5c8506508c622b4313285c,structures/x5278a/A71EV2A-x5278a/A71EV2A-x5278a_ligand_prepared.sdf,True,3462,44f90224682015badb3778b9111a9f2264100e289a26a7019ab3bf89c84f615e,1104,1074,30,22,2097,2097,,,True,1,22,22,0,C:13;Cl:1;N:3;O:4;S:1,True,1,40,22,0,C:13;Cl:1;H:18;N:3;O:4;S:1
603,A71EV2A-x5283a,x5283a_x5283b,CSc1ccc2scnc2c1NC(=O)N1CCC[C@H](C(N)=O)C1,5.7757,False,False,True,True,False,41.0954,92,37.8077,structures/x5283a_x5283b/A71EV2A-x5283a,structures/x5283a_x5283b/A71EV2A-x5283a/A71EV2A-x5283a_complex_ref.pdb,True,377620,b24d4d9a089e8cc55e38eb0bbb521d85b73bde8cf1ca2a7b8c2f7776ed5889b6,structures/x5283a_x5283b/A71EV2A-x5283a/A71EV2A-x5283a_prepared.pdb,True,170009,031517968e1d549af0911b7a2079dda9d35df52d4829f91c9d710ffebd25f5ea,structures/x5283a_x5283b/A71EV2A-x5283a/A71EV2A-x5283a_ligand_ref.sdf,True,2064,a991db69b9d641bddb197fc28ccdf3db33ca68e616011cf3012ca0c0f49b83d7,structures/x5283a_x5283b/A71EV2A-x5283a/A71EV2A-x5283a_ligand_prepared.sdf,True,3558,2fa91fb3840ba110c262af5689e6effc9660bc71e90fc1c08843374c9e7c5b57,2221,2154,67,46,2097,2097,,,True,1,23,23,0,C:15;N:4;O:2;S:2,True,1,41,23,0,C:15;H:18;N:4;O:2;S:2
604,A71EV2A-x5283b,x5283a_x5283b,CSc1ccc2scnc2c1NC(=O)N1CCC[C@H](C(N)=O)C1,5.7757,False,False,True,True,False,41.1467,92,37.8549,structures/x5283a_x5283b/A71EV2A-x5283b,structures/x5283a_x5283b/A71EV2A-x5283b/A71EV2A-x5283b_complex_ref.pdb,True,377863,cc7935e4adde016de84b73bd435e441b688aec109d6fb5bcd3ecb3807e60507d,structures/x5283a_x5283b/A71EV2A-x5283b/A71EV2A-x5283b_prepared.pdb,True,170009,bd514640b8014e020a1090fca94a1c0b87aa2e1680c63cb60aae5a8dca1b5b97,structures/x5283a_x5283b/A71EV2A-x5283b/A71EV2A-x5283b_ligand_ref.sdf,True,2064,6063cb1c4d9c4469067141a1e02fa92abc761e0c53e5f1e3ef3a735a67ef3ced,structures/x5283a_x5283b/A71EV2A-x5283b/A71EV2A-x5283b_ligand_prepared.sdf,True,3558,bb079cc1a5d2a7d0be7e173ed4092f2ea28f63adc696316f6e745ab20ba8be98,2224,2154,70,46,2097,2097,,,True,1,23,23,0,C:15;N:4;O:2;S:2,True,1,41,23,0,C:15;H:18;N:4;O:2;S:2
605,A71EV2A-x5288a,x5288a_x5288b,CCCSc1cccc(OC)c1NC(=O)N1CCC[C@H](C(N)=O)C1,3.7953,False,False,True,True,False,43.6055,92,40.1171,structures/x5288a_x5288b/A71EV2A-x5288a,structures/x5288a_x5288b/A71EV2A-x5288a/A71EV2A-x5288a_complex_ref.pdb,True,378594,cfed8d93ee5627d883701fb0cd3200684696083fa1e8428c90826a66a98e1314,structures/x5288a_x5288b/A71EV2A-x5288a/A71EV2A-x5288a_prepared.pdb,True,168794,496c9d0b26a35894b4aec0748028aceba6bc8b70fda71d2897c7029211259432,structures/x5288a_x5288b/A71EV2A-x5288a/A71EV2A-x5288a_ligand_ref.sdf,True,2134,9150a3d456e7288961a9652f87a44358a40767381a9929f27874070a08bcedfa,structures/x5288a_x5288b/A71EV2A-x5288a/A71EV2A-x5288a_ligand_prepared.sdf,True,4209,640aa1cd703601f6df611bcc89814c97b553a4ddd32a75964884bf44a22772eb,2206,2145,61,48,2082,2082,,,True,1,24,24,0,C:17;N:3;O:3;S:1,True,1,49,24,0,C:17;H:25;N:3;O:3;S:1
606,A71EV2A-x5288b,x5288a_x5288b,CCCSc1cccc(OC)c1NC(=O)N1CCC[C@H](C(N)=O)C1,3.7953,False,False,True,True,False,44.9083,95.6522,42.9558,structures/x5288a_x5288b/A71EV2A-x5288b,structures/x5288a_x5288b/A71EV2A-x5288b/A71EV2A-x5288b_complex_ref.pdb,True,378594,19e92d135e3adba4ce1d1d969ee53ba2ccf3d8b9a6ebf419e0ae2fa7e8db0a37,structures/x5288a_x5288b/A71EV2A-x5288b/A71EV2A-x5288b_prepared.pdb,True,170009,6d5acec0c7abf678870435314523b48e1f8b14cb6b772ef3b019b365498f39c8,structures/x5288a_x5288b/A71EV2A-x5288b/A71EV2A-x5288b_ligand_ref.sdf,True,2134,c9e83f74109496d45664d17a783e24d271c00ed47a3749e292523f81fc3dc27d,structures/x5288a_x5288b/A71EV2A-x5288b/A71EV2A-x5288b_ligand_prepared.sdf,True,4209,383a3d966fb73dcdcf536eecf8c8157b7df0855a58c399aedb5f4d314be6ec8d,2206,2145,61,48,2097,2097,,,True,1,24,24,0,C:17;N:3;O:3;S:1,True,1,49,24,0,C:17;H:25;N:3;O:3;S:1
607,A71EV2A-x5289a,x5289a_x5289b,COc1cccc(SC(C)C)c1NC(=O)N1CCC[C@H](C(N)=O)C1,5.3132,False,False,True,True,False,38.7425,91.6667,35.514,structures/x5289a_x5289b/A71EV2A-x5289a,structures/x5289a_x5289b/A71EV2A-x5289a/A71EV2A-x5289a_complex_ref.pdb,True,377861,f0befd30107d43eead1ee0e686849c043026e7f73e4b9952f44e496f7f9641d1,structures/x5289a_x5289b/A71EV2A-x5289a/A71EV2A-x5289a_prepared.pdb,True,170009,4557e468845e6b11a474dc8ce43ee1d3dd91676df455f5c5c9008ea22567ac52,structures/x5289a_x5289b/A71EV2A-x5289a/A71EV2A-x5289a_ligand_ref.sdf,True,2134,445c2b7bac87a6bd6e7b81514f06c5829fc115a7b69cb758b4048dce3dbe50bb,structures/x5289a_x5289b/A71EV2A-x5289a/A71EV2A-x5289a_ligand_prepared.sdf,True,4209,e7cd3040395630a3b7dc46c4ae21da142470a3a6eac3ec3ea350df742d959c95,2224,2151,73,48,2097,2097,,,True,1,24,24,0,C:17;N:3;O:3;S:1,True,1,49,24,0,C:17;H:25;N:3;O:3;S:1
608,A71EV2A-x5289b,x5289a_x5289b,COc1cccc(SC(C)C)c1NC(=O)N1CCC[C@H](C(N)=O)C1,5.3132,False,False,True,True,False,44.6257,95.6522,42.6854,structures/x5289a_x5289b/A71EV2A-x5289b,structures/x5289a_x5289b/A71EV2A-x5289b/A71EV2A-x5289b_complex_ref.pdb,True,377537,9b7a878f4513906f542ab07797ee546d504eea3a9af96f04eaa8f440b0623b34,structures/x5289a_x5289b/A71EV2A-x5289b/A71EV2A-x5289b_prepared.pdb,True,170009,de4127ee371be95d3f283f40ac061d7affb7fbd8a62ddaa8cfb59a6335a84f20,structures/x5289a_x5289b/A71EV2A-x5289b/A71EV2A-x5289b_ligand_ref.sdf,True,2134,33d892480a1b1b563bfe1467614fea90be01dbda1a8fca3e7d1c2febb1da3f49,structures/x5289a_x5289b/A71EV2A-x5289b/A71EV2A-x5289b_ligand_prepared.sdf,True,4209,498982feaaf23d2166133fa71f194c3b01ade1c3ea804d4efc600b23114d6c69,2220,2151,69,48,2097,2097,,,True,1,24,24,0,C:17;N:3;O:3;S:1,True,1,49,24,0,C:17;H:25;N:3;O:3;S:1
609,A71EV2A-x5317a,x5317a,CNC(=O)[C@@H](c1cccc(C)c1)N1C[C@@H](C(N)=O)CC1=O,4.5969,False,False,True,True,False,41.5365,96.1538,39.9389,structures/x5317a/A71EV2A-x5317a,structures/x5317a/A71EV2A-x5317a/A71EV2A-x5317a_complex_ref.pdb,True,381493,30dc677a05fa2c1667e3d15022e12f82234c964761202bcbd5021fc666ec9b5a,structures/x5317a/A71EV2A-x5317a/A71EV2A-x5317a_prepared.pdb,True,171224,83f90d479beaa59250b6d7142029abf9fc9716c0e0d9eaf61b58aae18ee51c32,structures/x5317a/A71EV2A-x5317a/A71EV2A-x5317a_ligand_ref.sdf,True,1885,8a0d08b2c413af907ded461a280bf5661e03d5ab9c589abe3ce81cfd82f724fb,structures/x5317a/A71EV2A-x5317a/A71EV2A-x5317a_ligand_prepared.sdf,True,3462,f87f0204de00524134100e495b8617c493ed1aefb7c2638aad66045e059913bf,2223,2184,39,21,2112,2112,,,True,1,21,21,0,C:15;N:3;O:3,True,1,40,21,0,C:15;H:19;N:3;O:3
610,A71EV2A-x5339a,x5339a_x5339b,CSc1ccc(Br)cc1CC(=O)N1C[C@H](C(N)=O)CC[C@@H]1C,5.1632,False,False,True,True,False,45.8459,92,42.1783,structures/x5339a_x5339b/A71EV2A-x5339a,structures/x5339a_x5339b/A71EV2A-x5339a/A71EV2A-x5339a_complex_ref.pdb,True,377457,1e7ae41871d1e61eb2bb448a317bf57ee2c83e7898bf82c56ff8af824c8b3799,structures/x5339a_x5339b/A71EV2A-x5339a/A71EV2A-x5339a_prepared.pdb,True,168794,e8321d4d1fa58d3db1f578d40c711e0fac7257a4ad3c8cbe2830b2f8dd2a06de,structures/x5339a_x5339b/A71EV2A-x5339a/A71EV2A-x5339a_ligand_ref.sdf,True,1968,8b37a03946acb8edbe8d1e3c200159008593645adc35cd05e36a1ffe37982d6f,structures/x5339a_x5339b/A71EV2A-x5339a/A71EV2A-x5339a_ligand_prepared.sdf,True,3711,db376961c38ee34e067b6cd68e129fea4d8cf7186fdb9b1bb1073b13f5833146,2210,2145,65,44,2082,2082,,,True,1,22,22,0,Br:1;C:16;N:2;O:2;S:1,True,1,43,22,0,Br:1;C:16;H:21;N:2;O:2;S:1
611,A71EV2A-x5339b,x5339a_x5339b,CSc1ccc(Br)cc1CC(=O)N1C[C@H](C(N)=O)CC[C@@H]1C,5.1632,False,False,True,True,False,40.7549,92,37.4945,structures/x5339a_x5339b/A71EV2A-x5339b,structures/x5339a_x5339b/A71EV2A-x5339b/A71EV2A-x5339b_complex_ref.pdb,True,377457,cbf6939bffa464f872bcd2484cf6ff6898809b5eeba398a21f5296eaac96ac1f,structures/x5339a_x5339b/A71EV2A-x5339b/A71EV2A-x5339b_prepared.pdb,True,170009,f791a9ed160f143b0ce8237d7eb44fe81e8d9dc799f4bb504c78b44b7fad7ccc,structures/x5339a_x5339b/A71EV2A-x5339b/A71EV2A-x5339b_ligand_ref.sdf,True,1968,04d7e7e8ec9e4bf949329ee7390aaaf0bea598159856e2bfd47f9dcfb36cda3b,structures/x5339a_x5339b/A71EV2A-x5339b/A71EV2A-x5339b_ligand_prepared.sdf,True,3711,92d8e4be9d406bc9f3f4aa9a6fa6314a2da42ccd22851a87f5b7fb0af85dea1c,2210,2145,65,44,2097,2097,,,True,1,22,22,0,Br:1;C:16;N:2;O:2;S:1,True,1,43,22,0,Br:1;C:16;H:21;N:2;O:2;S:1
612,A71EV2A-x5351a,x5351a,NC(=O)[C@H]1CCCN(C(=O)OC2CCCCC2)C1,4.0423,False,False,True,True,False,50.0286,85,42.5243,structures/x5351a/A71EV2A-x5351a,structures/x5351a/A71EV2A-x5351a/A71EV2A-x5351a_complex_ref.pdb,True,214729,d8df90535b4264fa6d903f32c1504b78bd1cc439b737bf9269c42d0689bd0482,structures/x5351a/A71EV2A-x5351a/A71EV2A-x5351a_prepared.pdb,True,170009,a4fbda9f53c4cc3e0db9e09f3f77c4a461af26832c1cdd8bfd4b58f4d65e0c3f,structures/x5351a/A71EV2A-x5351a/A71EV2A-x5351a_ligand_ref.sdf,True,1636,33a1c59203d038d16e031a197604365481e78be0c85458c845d277a742106663,structures/x5351a/A71EV2A-x5351a/A71EV2A-x5351a_ligand_prepared.sdf,True,3462,7e274fbbf14fd50660e281d2ef65a0e082ef63678fe44794b88d5ce90a2c3cde,1109,1077,32,18,2097,2097,,,True,1,18,18,0,C:13;N:2;O:3,True,1,40,18,0,C:13;H:22;N:2;O:3
613,A71EV2A-x5359a,x5359a_x5359b,C=Cc1ccccc1CS(=O)(=O)N1CCC[C@H](C(N)=O)C1,4.5952,False,False,True,True,False,51.5416,92,47.4182,structures/x5359a_x5359b/A71EV2A-x5359a,structures/x5359a_x5359b/A71EV2A-x5359a/A71EV2A-x5359a_complex_ref.pdb,True,200472,d56b64682e92e807253af3f6648e107e7a5f7156298bc1aa17cd7de36416dbfc,structures/x5359a_x5359b/A71EV2A-x5359a/A71EV2A-x5359a_prepared.pdb,True,170009,9960fc29c0fc68d6349063bc8dae3388124355c760df1e5cbbb99fd979bf7eb6,structures/x5359a_x5359b/A71EV2A-x5359a/A71EV2A-x5359a_ligand_ref.sdf,True,1885,151e1898c0ca067a2dec7c0ccad418f44dcd81d286a535fbedbdac03f7e8e304,structures/x5359a_x5359b/A71EV2A-x5359a/A71EV2A-x5359a_ligand_prepared.sdf,True,3545,c6e7d65508c63584433d0915357dd6274b51afab677649cc3fd96b80411e29c6,1115,1077,38,21,2097,2097,,,True,1,21,21,0,C:15;N:2;O:3;S:1,True,1,41,21,0,C:15;H:20;N:2;O:3;S:1
614,A71EV2A-x5359b,x5359a_x5359b,C=Cc1ccccc1CS(=O)(=O)N1CCC[C@H](C(N)=O)C1,4.5952,False,False,False,False,True,52.8372,53.3333,28.1798,structures/x5359a_x5359b/A71EV2A-x5359b,structures/x5359a_x5359b/A71EV2A-x5359b/A71EV2A-x5359b_complex_ref.pdb,True,199743,4344db2b6e1abd16ad7a3eddc4a00fe9dffc3de4514d15dfb2898cb539d13dec,structures/x5359a_x5359b/A71EV2A-x5359b/A71EV2A-x5359b_prepared.pdb,True,170009,163e6dd203e03156b93e9dfe90d2148d1017fb1fabc12dcbc1d9a555eee714d9,structures/x5359a_x5359b/A71EV2A-x5359b/A71EV2A-x5359b_ligand_ref.sdf,True,1885,d55cd6d8067192e3ea7baa65185ba1614e196680319155924f031e8daf409f1e,structures/x5359a_x5359b/A71EV2A-x5359b/A71EV2A-x5359b_ligand_prepared.sdf,True,3545,93cd0654b7f65d28f5c41718f101221e5e11d505c2ac14a252b9f3bc3326e128,1106,1077,29,21,2097,2097,,,True,1,21,21,0,C:15;N:2;O:3;S:1,True,1,41,21,0,C:15;H:20;N:2;O:3;S:1
615,A71EV2A-x5366a,x5366a_x5366b,CSc1ccc(Br)cc1CC(=O)N1C[C@@H](C(N)=O)CC[C@H]1C,5.1632,False,False,True,True,False,41.7048,92.3077,38.4967,structures/x5366a_x5366b/A71EV2A-x5366a,structures/x5366a_x5366b/A71EV2A-x5366a/A71EV2A-x5366a_complex_ref.pdb,True,376728,9fb4d00df981ec7ae0c6cd5262ae185e3a498f69b6c67b74b09bec5d70f60d94,structures/x5366a_x5366b/A71EV2A-x5366a/A71EV2A-x5366a_prepared.pdb,True,170009,76901c7ab1f1a258d3f1c1c05a4e4846b2e21c94028637eaf8aa98214fa4cf96,structures/x5366a_x5366b/A71EV2A-x5366a/A71EV2A-x5366a_ligand_ref.sdf,True,1968,c7728b6d31bd56f4d3e338a91de1cb3e63e9afa1d3365ff3a907935feff98567,structures/x5366a_x5366b/A71EV2A-x5366a/A71EV2A-x5366a_ligand_prepared.sdf,True,3711,d4bddfdcb47066a06c2c89e4dc02872ef49e2f10501ba8896b209d47a8e80353,2220,2154,66,44,2097,2097,,,True,1,22,22,0,Br:1;C:16;N:2;O:2;S:1,True,1,43,22,0,Br:1;C:16;H:21;N:2;O:2;S:1
616,A71EV2A-x5366b,x5366a_x5366b,CSc1ccc(Br)cc1CC(=O)N1C[C@@H](C(N)=O)CC[C@H]1C,5.1632,False,False,True,True,False,38.9783,92.5926,36.091,structures/x5366a_x5366b/A71EV2A-x5366b,structures/x5366a_x5366b/A71EV2A-x5366b/A71EV2A-x5366b_complex_ref.pdb,True,376647,ab220fc84a2194d2395fec09ca5b0069805b527b8dcb9ab397a43ac01e48a678,structures/x5366a_x5366b/A71EV2A-x5366b/A71EV2A-x5366b_prepared.pdb,True,170009,83d02eb8170cd9fe6de3d7e0b47770a6aed292dfef84cba2c84573a8c44e2c95,structures/x5366a_x5366b/A71EV2A-x5366b/A71EV2A-x5366b_ligand_ref.sdf,True,1968,092cbd437514ec0509ac86e57c907366f8b4c59939f3ee9c478645bc1ba5b1a4,structures/x5366a_x5366b/A71EV2A-x5366b/A71EV2A-x5366b_ligand_prepared.sdf,True,3711,6898f28f880347de87f2a4f3c0ece0ed8859dc5f1711b4b0608a28502b4193fe,2219,2154,65,44,2097,2097,,,True,1,22,22,0,Br:1;C:16;N:2;O:2;S:1,True,1,43,22,0,Br:1;C:16;H:21;N:2;O:2;S:1
617,A71EV2A-x5381a,x5381a_x5381b,CC[C@@H](c1cccc2cc[nH]c12)N1C[C@@H](C(N)=O)CCC1=O,,False,False,True,True,False,46.0869,91.6667,42.2463,structures/x5381a_x5381b/A71EV2A-x5381a,structures/x5381a_x5381b/A71EV2A-x5381a/A71EV2A-x5381a_complex_ref.pdb,True,377862,d9e82e7afb34aa6814738c85c21fb5682edf3b7527b4a87adcb00b3f21f7cba4,structures/x5381a_x5381b/A71EV2A-x5381a/A71EV2A-x5381a_prepared.pdb,True,170009,2dccdccadf844fca685a8e8bb42b2c70e8d42f1bb1401cde73501c5843112aed,structures/x5381a_x5381b/A71EV2A-x5381a/A71EV2A-x5381a_ligand_ref.sdf,True,1981,101a2b608b9e085c60485b38133dd43bf7d2bf979b3002e21c5f49774c7e0784,structures/x5381a_x5381b/A71EV2A-x5381a/A71EV2A-x5381a_ligand_prepared.sdf,True,3724,d2850ac3f7d3091cfe3d4d292f01b54ea31c29db389d696cf2ff07b8f729059b,2225,2154,71,44,2097,2097,,,True,1,22,22,0,C:17;N:3;O:2,True,1,43,22,0,C:17;H:21;N:3;O:2
618,A71EV2A-x5381b,x5381a_x5381b,CC[C@@H](c1cccc2cc[nH]c12)N1C[C@@H](C(N)=O)CCC1=O,,False,False,True,True,False,46.5704,92,42.8447,structures/x5381a_x5381b/A71EV2A-x5381b,structures/x5381a_x5381b/A71EV2A-x5381b/A71EV2A-x5381b_complex_ref.pdb,True,377619,82f9617e9fef32d98e68517b2819c486fc7e09ae977611e3872aae89134af195,structures/x5381a_x5381b/A71EV2A-x5381b/A71EV2A-x5381b_prepared.pdb,True,170009,205d5b5833edf56ac612157f19418bffceed081faf3bf1c2beaab5aecd900d16,structures/x5381a_x5381b/A71EV2A-x5381b/A71EV2A-x5381b_ligand_ref.sdf,True,1981,e92d9c408aecbf0ca266b1dc973a38dba88c633bba2e1a733b6e5b730efcf1e9,structures/x5381a_x5381b/A71EV2A-x5381b/A71EV2A-x5381b_ligand_prepared.sdf,True,3724,37d709ed1f83aa8de5d028f77c294a8cbf68edef3d174128334256cdd4ae831e,2222,2154,68,44,2097,2097,,,True,1,22,22,0,C:17;N:3;O:2,True,1,43,22,0,C:17;H:21;N:3;O:2
619,A71EV2A-x5383a,x5383a,CSc1ccccc1[C@@H](NC(C)=O)C(=O)N1CC[C@H](C(N)=O)C1,5.1861,False,False,True,True,False,37.0749,92.5926,34.3286,structures/x5383a/A71EV2A-x5383a,structures/x5383a/A71EV2A-x5383a/A71EV2A-x5383a_complex_ref.pdb,True,202821,650e5ee2a0d2a12156eae31e5bc8ff590be2bfe1cc6fe67a822f79a9062af3b8,structures/x5383a/A71EV2A-x5383a/A71EV2A-x5383a_prepared.pdb,True,170009,040395b98f22fe33afac68dc049e145671e01754bf761781cee6685ca20015ae,structures/x5383a/A71EV2A-x5383a/A71EV2A-x5383a_ligand_ref.sdf,True,2051,cd36ac025444363921ba13cec8a11b22e0983c28964d78de1e138efe23b02b55,structures/x5383a/A71EV2A-x5383a/A71EV2A-x5383a_ligand_prepared.sdf,True,3794,24b8e4e4b798bb710ec6359d6bbb4801d22f895f0bf3849543443db278b0b508,1124,1083,41,23,2097,2097,,,True,1,23,23,0,C:16;N:3;O:3;S:1,True,1,44,23,0,C:16;H:21;N:3;O:3;S:1
620,A71EV2A-x5387a,x5387a_x5387b,CSc1ccccc1CC(=O)N1C[C@@H](O)C[C@H](C(N)=O)C1,3.6609,False,False,True,True,False,39.1545,92,36.0221,structures/x5387a_x5387b/A71EV2A-x5387a,structures/x5387a_x5387b/A71EV2A-x5387a/A71EV2A-x5387a_complex_ref.pdb,True,388634,67474383870de8675ad7d18f32d86ae89d7e112741f3a64016b44b3a03646750,structures/x5387a_x5387b/A71EV2A-x5387a/A71EV2A-x5387a_prepared.pdb,True,168794,268483426b329bc935d1752c36b7cd144f9f2b9169e69ef97d05f1a67c99407e,structures/x5387a_x5387b/A71EV2A-x5387a/A71EV2A-x5387a_ligand_ref.sdf,True,1886,bd0a0478cc754dce780c704995d532ad5b856b257902ecb32b81ff458e93fe25,structures/x5387a_x5387b/A71EV2A-x5387a/A71EV2A-x5387a_ligand_prepared.sdf,True,3546,9331c336521245ebb1b16b4e98d4a8fccccf8d832d0dab74470bf5cbdd6613b0,2245,2169,76,42,2082,2082,,,True,1,21,21,0,C:15;N:2;O:3;S:1,True,1,41,21,0,C:15;H:20;N:2;O:3;S:1
621,A71EV2A-x5387b,x5387a_x5387b,CSc1ccccc1CC(=O)N1C[C@@H](O)C[C@H](C(N)=O)C1,3.6609,False,False,True,True,False,40.872,95.8333,39.169,structures/x5387a_x5387b/A71EV2A-x5387b,structures/x5387a_x5387b/A71EV2A-x5387b/A71EV2A-x5387b_complex_ref.pdb,True,388553,6fa45096a036db7e41741ef07e61e54b3d321f05d2a202d60d81d9e918382a9a,structures/x5387a_x5387b/A71EV2A-x5387b/A71EV2A-x5387b_prepared.pdb,True,170009,797487038da1e01a23dd1f01c207dc6c7dc0cd1cb289866c11a2431ef759ac35,structures/x5387a_x5387b/A71EV2A-x5387b/A71EV2A-x5387b_ligand_ref.sdf,True,1886,19662878b078cc78b118a567c833cf9e9f43dfd8d98527e342cea045c957a4df,structures/x5387a_x5387b/A71EV2A-x5387b/A71EV2A-x5387b_ligand_prepared.sdf,True,3546,3f9b0a94fd6ead91bf79d331940d623d4b305a21995cd582b5fc7e988507edb2,2244,2169,75,42,2097,2097,,,True,1,21,21,0,C:15;N:2;O:3;S:1,True,1,41,21,0,C:15;H:20;N:2;O:3;S:1
622,A71EV2A-x5388a,x5388a,CSc1ccc(Br)cc1CC(=O)N1CC[C@](O)(C(N)=O)C1,,False,False,True,True,False,44.1201,88.8889,39.2178,structures/x5388a/A71EV2A-x5388a,structures/x5388a/A71EV2A-x5388a/A71EV2A-x5388a_complex_ref.pdb,True,202981,7edfeb69aa926260819d0d196dc1c577357e20f1bad656696f6f874e35654ae3,structures/x5388a/A71EV2A-x5388a/A71EV2A-x5388a_prepared.pdb,True,170009,dfe33766e317db57fddaa835597c928e76301d2ab485e6d670db4b210bb71e6a,structures/x5388a/A71EV2A-x5388a/A71EV2A-x5388a_ligand_ref.sdf,True,1885,4c4a15cbc3a959c3587976b91c7f6a88359be3c5fc06f3d0d61e5f1268cd5c11,structures/x5388a/A71EV2A-x5388a/A71EV2A-x5388a_ligand_prepared.sdf,True,3296,4f69b708d9bc1f3cff4586538de8c8dabea3d131624b9455eb4a91725ca5c963,1140,1088,52,21,2097,2097,,,True,1,21,21,0,Br:1;C:14;N:2;O:3;S:1,True,1,38,21,0,Br:1;C:14;H:17;N:2;O:3;S:1
623,A71EV2A-x5389a,x5389a,COc1cccc2c1N(C(=O)N1CCC[C@H](C(N)=O)C1)CCS2,4.296,False,False,True,True,False,44.2015,91.6667,40.518,structures/x5389a/A71EV2A-x5389a,structures/x5389a/A71EV2A-x5389a/A71EV2A-x5389a_complex_ref.pdb,True,201525,07217c6da22afa00b4b61243506f3ea3eb80424ab9a1dfc71caacab05266ab48,structures/x5389a/A71EV2A-x5389a/A71EV2A-x5389a_prepared.pdb,True,170009,a7844779ddee311a30a00a195adf8d0df18c13d9b852a7fc65febd58d72aa404,structures/x5389a/A71EV2A-x5389a/A71EV2A-x5389a_ligand_ref.sdf,True,2064,5591f4107f7a55874ab620514d589acde87e25d35b6d22a5e43eeb902d7b5cd3,structures/x5389a/A71EV2A-x5389a/A71EV2A-x5389a_ligand_prepared.sdf,True,3807,9d3c1c042b2382a28468c3d1b80947676dda6aef58bd8f964153e25f7b941cfd,1137,1083,54,23,2097,2097,,,True,1,23,23,0,C:16;N:3;O:3;S:1,True,1,44,23,0,C:16;H:21;N:3;O:3;S:1
624,A71EV2A-x5393a,x5393a,Cc1ccccc1CC(=O)N1CCC[C@H](C(N)=O)C1,,False,False,True,True,False,46.7008,91.6667,42.8091,structures/x5393a/A71EV2A-x5393a,structures/x5393a/A71EV2A-x5393a/A71EV2A-x5393a_complex_ref.pdb,True,198365,301291a6def8f04209b926643c1c74a447d9df409148d5b1870e052bcffe7682,structures/x5393a/A71EV2A-x5393a/A71EV2A-x5393a_prepared.pdb,True,170009,a53a8a5ae04e99e2599b5f3da20bc03965ef70a16944377934bb6b742a55170c,structures/x5393a/A71EV2A-x5393a/A71EV2A-x5393a_ligand_ref.sdf,True,1719,c77c330245aaf8192f85f621030edd07946cc4fa4bace914b224493ccda5db69,structures/x5393a/A71EV2A-x5393a/A71EV2A-x5393a_ligand_prepared.sdf,True,3379,d6ce24b430449d6db7735bffdf0040c53c7b76219cb5bb61d70934dc51fcb6a6,1111,1077,34,19,2097,2097,,,True,1,19,19,0,C:15;N:2;O:2,True,1,39,19,0,C:15;H:20;N:2;O:2
625,A71EV2A-x5394a,x5394a_x5394b,NC(=O)[C@H]1CCCN(C(=O)Cc2ccccc2Cl)C1,,False,False,True,True,False,46.2231,91.3043,42.2037,structures/x5394a_x5394b/A71EV2A-x5394a,structures/x5394a_x5394b/A71EV2A-x5394a/A71EV2A-x5394a_complex_ref.pdb,True,379158,f2613e6abaa7d095935c6849afff8e88a0fc86ae342ad39ebebd82c05446cb58,structures/x5394a_x5394b/A71EV2A-x5394a/A71EV2A-x5394a_prepared.pdb,True,168794,7d4b9386bae04176f83118bd6bd0c85c9f0938046429260c14ae65a2acc4ee99,structures/x5394a_x5394b/A71EV2A-x5394a/A71EV2A-x5394a_ligand_ref.sdf,True,1719,a17301de323ad2f4bcd19c48ff21caa6316abe4eabe1a1aaf0fa4c4d160c43dd,structures/x5394a_x5394b/A71EV2A-x5394a/A71EV2A-x5394a_ligand_prepared.sdf,True,3130,65df1d930d51626c484c1847989e8adfe92b737b6499d8f5991181ce12b18be0,2214,2145,69,38,2082,2082,,,True,1,19,19,0,C:14;Cl:1;N:2;O:2,True,1,36,19,0,C:14;Cl:1;H:17;N:2;O:2
626,A71EV2A-x5394b,x5394a_x5394b,NC(=O)[C@H]1CCCN(C(=O)Cc2ccccc2Cl)C1,,False,False,True,True,False,46.1005,95.6522,44.0962,structures/x5394a_x5394b/A71EV2A-x5394b,structures/x5394a_x5394b/A71EV2A-x5394b/A71EV2A-x5394b_complex_ref.pdb,True,379320,27a6322043d9df9bd57e7e128c11bf028d356f6918304560cdc84aad0c5927fa,structures/x5394a_x5394b/A71EV2A-x5394b/A71EV2A-x5394b_prepared.pdb,True,170009,b317c67be4fe8417b8ee8a8a6123d1208fae9002ef0afb1d9ac4097cc8063682,structures/x5394a_x5394b/A71EV2A-x5394b/A71EV2A-x5394b_ligand_ref.sdf,True,1719,c7b6de49791d8ba64775f7e00cd06f8d3c7ee1875ff4a9799b0389611c8dfeb0,structures/x5394a_x5394b/A71EV2A-x5394b/A71EV2A-x5394b_ligand_prepared.sdf,True,3130,ac466c97915c2d8e87d09996bbe0008fdd10ffe72aa3a19f6305afd97559ab95,2216,2145,71,38,2097,2097,,,True,1,19,19,0,C:14;Cl:1;N:2;O:2,True,1,36,19,0,C:14;Cl:1;H:17;N:2;O:2
627,A71EV2A-x5398a,x5398a,COC[C@]1(C)C[C@H](C(N)=O)CN1C(=O)Cc1cc(Br)ccc1SC,5.5101,False,False,True,True,False,42.9701,92.3077,39.6647,structures/x5398a/A71EV2A-x5398a,structures/x5398a/A71EV2A-x5398a/A71EV2A-x5398a_complex_ref.pdb,True,387178,8cb0b45747b9824ecc3d230d8af88f18d922c8ed4047c6386852374e28e0229c,structures/x5398a/A71EV2A-x5398a/A71EV2A-x5398a_prepared.pdb,True,170009,586e740301526476227e485abdf1d5762f57ec3bf47e5fbb46517c33a3fb308f,structures/x5398a/A71EV2A-x5398a/A71EV2A-x5398a_ligand_ref.sdf,True,2135,4753666400be314d432ec3749ea1ed7cdf015fa166967d54062738918b35d159,structures/x5398a/A71EV2A-x5398a/A71EV2A-x5398a_ligand_prepared.sdf,True,4044,dbdd4bb57dacd66d84b06232a49ab487f7ce1dfe8564bbd44314df92a095018b,2244,2198,46,24,2097,2097,,,True,1,24,24,0,Br:1;C:17;N:2;O:3;S:1,True,1,47,24,0,Br:1;C:17;H:23;N:2;O:3;S:1
628,A71EV2A-x5401a,x5401a,NC(=O)[C@H]1CCCN(C(=O)Oc2ccccc2)C1,,False,False,True,True,False,44.2452,95,42.033,structures/x5401a/A71EV2A-x5401a,structures/x5401a/A71EV2A-x5401a/A71EV2A-x5401a_complex_ref.pdb,True,201846,361c473bce1f75d30587f5c873c74addd53ab02c745ef7d3beccf7916ae70300,structures/x5401a/A71EV2A-x5401a/A71EV2A-x5401a_prepared.pdb,True,170009,3ce30a47932e2af68bdea9c12c54b546b47590e91f825b071b8b0826a314a983,structures/x5401a/A71EV2A-x5401a/A71EV2A-x5401a_ligand_ref.sdf,True,1637,0baa793ead1bcb30693ad4a896b4887fdcafee2f396bd9b37fde8255c392de67,structures/x5401a/A71EV2A-x5401a/A71EV2A-x5401a_ligand_prepared.sdf,True,2965,e758344ea29499a31a530fb1c5e3fa01c3fd4d2246f22670f0d702b046a95a7d,1113,1077,36,18,2097,2097,,,True,1,18,18,0,C:13;N:2;O:3,True,1,34,18,0,C:13;H:16;N:2;O:3
629,A71EV2A-x5402a,x5402a,NC(=O)[C@H]1CCCN(C(=O)Oc2ccccc2F)C1,,False,False,True,True,False,43.0483,90.9091,39.1348,structures/x5402a/A71EV2A-x5402a,structures/x5402a/A71EV2A-x5402a/A71EV2A-x5402a_complex_ref.pdb,True,195852,baf7cdbfa09d3cec1c3b5de045bab15ea0aafa075bec3b1240c6d20b18699855,structures/x5402a/A71EV2A-x5402a/A71EV2A-x5402a_prepared.pdb,True,170009,154d56bce5c5369c80b00a6ac4cd581b841e81645b477ac6e9d40b1c43651ae1,structures/x5402a/A71EV2A-x5402a/A71EV2A-x5402a_ligand_ref.sdf,True,1719,5b068a2015728bc3a1a78897591329591b8d403b1d517644e2ba4efdc1d90fa7,structures/x5402a/A71EV2A-x5402a/A71EV2A-x5402a_ligand_prepared.sdf,True,2964,48b24c60eddbd84007866be1723eea28bdaebee365942027157219d63177df52,1108,1077,31,19,2097,2097,,,True,1,19,19,0,C:13;F:1;N:2;O:3,True,1,34,19,0,C:13;F:1;H:15;N:2;O:3
630,A71EV2A-x5403a,x5403a,CSc1ccc(SC(C)(C)C)cc1CC(=O)N1CCC[C@H](C(N)=O)C1,5.1112,False,False,True,True,False,43.9817,91.6667,40.3166,structures/x5403a/A71EV2A-x5403a,structures/x5403a/A71EV2A-x5403a/A71EV2A-x5403a_complex_ref.pdb,True,203873,bddf34563dd29ff0607e81f064c0929fe2933ca313d80e949a707793f26d41d6,structures/x5403a/A71EV2A-x5403a/A71EV2A-x5403a_prepared.pdb,True,170009,d97c09c49309945acc955b76bc72ff401ba3d1dedc8920f723885aa9af546072,structures/x5403a/A71EV2A-x5403a/A71EV2A-x5403a_ligand_ref.sdf,True,2218,11c45a72c85e9439f399c2ebbf44e23e20bbfc76bf0f583b175d876d5a2ac468,structures/x5403a/A71EV2A-x5403a/A71EV2A-x5403a_ligand_prepared.sdf,True,4542,0ef1cdf67e7f37f57efabbc6ef8ff8a8b9fc61149d489ab854de86f23a6ea82c,1116,1077,39,25,2097,2097,,,True,1,25,25,0,C:19;N:2;O:2;S:2,True,1,53,25,0,C:19;H:28;N:2;O:2;S:2
631,A71EV2A-x5409a,x5409a_x5409b,NC(=O)CC1CCN(C(=O)c2cccc(F)c2)CC1,4.5977,False,False,True,True,False,47.4026,92,43.6104,structures/x5409a_x5409b/A71EV2A-x5409a,structures/x5409a_x5409b/A71EV2A-x5409a/A71EV2A-x5409a_complex_ref.pdb,True,381103,0363af5fe50cfc01bde5745f3252dcc1aff01a31061bda65290645a4415b8f40,structures/x5409a_x5409b/A71EV2A-x5409a/A71EV2A-x5409a_prepared.pdb,True,170009,717aba82a9e435fde94911abf4e48db80b7f01c5015bd9ac64e314189ba4be6a,structures/x5409a_x5409b/A71EV2A-x5409a/A71EV2A-x5409a_ligand_ref.sdf,True,1720,ea4cdef30823cec8f93fc9f6fd809d2482b9b3417b42ca1792e672d202450a13,structures/x5409a_x5409b/A71EV2A-x5409a/A71EV2A-x5409a_ligand_prepared.sdf,True,3131,f4a97f9f000d03594b764efa2e62a14edb95b60d6b19db9045ce7322f5d49f9a,2204,2168,36,19,2097,2097,,,True,1,19,19,0,C:14;F:1;N:2;O:2,True,1,36,19,0,C:14;F:1;H:17;N:2;O:2
632,A71EV2A-x5409b,x5409a_x5409b,NC(=O)CC1CCN(C(=O)c2cccc(F)c2)CC1,4.5977,False,False,True,True,False,42.2993,92,38.9154,structures/x5409a_x5409b/A71EV2A-x5409b,structures/x5409a_x5409b/A71EV2A-x5409b/A71EV2A-x5409b_complex_ref.pdb,True,381103,85aebabd65f629b5438a15e705d7d1a32cdfe78115ad33b014ca38ea5cea13aa,structures/x5409a_x5409b/A71EV2A-x5409b/A71EV2A-x5409b_prepared.pdb,True,170009,2a1ac95c57145923626be3d870b4d2c9fc72ad1fd47fc2c7e51026ff287f9e30,structures/x5409a_x5409b/A71EV2A-x5409b/A71EV2A-x5409b_ligand_ref.sdf,True,1720,fd10cfdc6a8efc25253f0415d1cb32eeacc869e584c6b77a2740b76001e44ca6,structures/x5409a_x5409b/A71EV2A-x5409b/A71EV2A-x5409b_ligand_prepared.sdf,True,3131,6e4331f0d5d869677049c16ea7b950882c19dc3be459b2e521f58e598cd8a9f5,2204,2168,36,19,2097,2097,,,True,1,19,19,0,C:14;F:1;N:2;O:2,True,1,36,19,0,C:14;F:1;H:17;N:2;O:2
633,A71EV2A-x5424a,x5424a_x5424b,Cc1ccc(CC(=O)N2CCC[C@H](C(N)=O)C2)s1,4.633,False,False,True,True,False,45.4981,96,43.6782,structures/x5424a_x5424b/A71EV2A-x5424a,structures/x5424a_x5424b/A71EV2A-x5424a/A71EV2A-x5424a_complex_ref.pdb,True,377538,acb069f6a4ceb0b2668a7322967b2dc1c24b38f09dcda96700065e2296955c62,structures/x5424a_x5424b/A71EV2A-x5424a/A71EV2A-x5424a_prepared.pdb,True,170009,bf1ab2094cc4d75395f6b71d97802e14d0ad7bb50ee23c53ecc185ba83e877f2,structures/x5424a_x5424b/A71EV2A-x5424a/A71EV2A-x5424a_ligand_ref.sdf,True,1636,5d4d75511b24b8613b1b4e31a1cb47581e5d6896d55ecfebee544800f0b1cfb8,structures/x5424a_x5424b/A71EV2A-x5424a/A71EV2A-x5424a_ligand_prepared.sdf,True,3130,e79073aedce0fcb23f26c3c1edac181081da2c1e4156896df0311c5074669c96,2209,2154,55,36,2097,2097,,,True,1,18,18,0,C:13;N:2;O:2;S:1,True,1,36,18,0,C:13;H:18;N:2;O:2;S:1
634,A71EV2A-x5424b,x5424a_x5424b,Cc1ccc(CC(=O)N2CCC[C@H](C(N)=O)C2)s1,4.633,False,False,True,True,False,45.7679,95.8333,43.8609,structures/x5424a_x5424b/A71EV2A-x5424b,structures/x5424a_x5424b/A71EV2A-x5424b/A71EV2A-x5424b_complex_ref.pdb,True,377457,3e70341d61c2acc2ce1afb4205dd147d51a1edad3ad0380c5ec9157fef5698b7,structures/x5424a_x5424b/A71EV2A-x5424b/A71EV2A-x5424b_prepared.pdb,True,170009,1955c9c9bfd8fc815bfe538069e8d66c464dbb7b03015a4c376cb7d4749baa04,structures/x5424a_x5424b/A71EV2A-x5424b/A71EV2A-x5424b_ligand_ref.sdf,True,1636,b1353ff79acb457f675a37e70915cfc42b956ef5756669fae0d03222fc2ec707,structures/x5424a_x5424b/A71EV2A-x5424b/A71EV2A-x5424b_ligand_prepared.sdf,True,3130,f37851a70142dbea065de8303a6d887014ad0bbbec4910003bf62509e933a0c5,2208,2154,54,36,2097,2097,,,True,1,18,18,0,C:13;N:2;O:2;S:1,True,1,36,18,0,C:13;H:18;N:2;O:2;S:1
635,A71EV2A-x5425a,x5425a_x5425b,NC(=O)[C@H]1CCCN(C(=O)Cc2ccsc2)C1,4.5897,False,False,True,True,False,42.899,95.4545,40.949,structures/x5425a_x5425b/A71EV2A-x5425a,structures/x5425a_x5425b/A71EV2A-x5425a/A71EV2A-x5425a_complex_ref.pdb,True,377848,3a3b6b4205f7eeb054030ffd87896ae526cc45bec6f70bf5776793c9d0508ac4,structures/x5425a_x5425b/A71EV2A-x5425a/A71EV2A-x5425a_prepared.pdb,True,170009,a413e3ea600f532bd45b1fd148bbfa96acadb2eb54e4298caa29ae558eb9fe24,structures/x5425a_x5425b/A71EV2A-x5425a/A71EV2A-x5425a_ligand_ref.sdf,True,1553,81b3f55175cbd798b4c05b13181eb7d3ee4f0d98f26e0bea858e9aa603477694,structures/x5425a_x5425b/A71EV2A-x5425a/A71EV2A-x5425a_ligand_prepared.sdf,True,2881,b895c76c403600050053aa2caa553d2917516a0e83d3a5224cf0a6b0364ddd80,2210,2157,53,34,2097,2097,,,True,1,17,17,0,C:12;N:2;O:2;S:1,True,1,33,17,0,C:12;H:16;N:2;O:2;S:1
636,A71EV2A-x5425b,x5425a_x5425b,NC(=O)[C@H]1CCCN(C(=O)Cc2ccsc2)C1,4.5897,False,False,True,True,False,43.1369,95.4545,41.1761,structures/x5425a_x5425b/A71EV2A-x5425b,structures/x5425a_x5425b/A71EV2A-x5425b/A71EV2A-x5425b_complex_ref.pdb,True,377848,abcad73909caa435a8b18868e43e98c4880737d24550dd063ba0c3b30668a11b,structures/x5425a_x5425b/A71EV2A-x5425b/A71EV2A-x5425b_prepared.pdb,True,170009,a2288a990bc04c479c3fccaae0ad86a98a3d38be7f3f004dee4de3048e3f5398,structures/x5425a_x5425b/A71EV2A-x5425b/A71EV2A-x5425b_ligand_ref.sdf,True,1553,9e864e4fad03a168c5df050c23bc2372932ed5c613b0df599369fd01edca9293,structures/x5425a_x5425b/A71EV2A-x5425b/A71EV2A-x5425b_ligand_prepared.sdf,True,2881,8f6aaed066613e43e62ae8df449ee497bd9362009da007527d91e7b83675cb75,2210,2157,53,34,2097,2097,,,True,1,17,17,0,C:12;N:2;O:2;S:1,True,1,33,17,0,C:12;H:16;N:2;O:2;S:1
637,A71EV2A-x5427a,x5427a,NC(=O)[C@H]1CCN(C(=O)Cc2c(Cl)cccc2Cl)C1,4.7545,False,False,True,True,False,46.3023,90.9091,42.093,structures/x5427a/A71EV2A-x5427a,structures/x5427a/A71EV2A-x5427a/A71EV2A-x5427a_complex_ref.pdb,True,199579,0ec01ab3b79657224c6429b0eb9e11636293edb7949865612a9c39a4585f40bd,structures/x5427a/A71EV2A-x5427a/A71EV2A-x5427a_prepared.pdb,True,170009,1adeacb5f36bbb19f00996fe85d5511686f0009f55b7fd2b0e8428086dafe52e,structures/x5427a/A71EV2A-x5427a/A71EV2A-x5427a_ligand_ref.sdf,True,1719,77b419f2ccbd2fc67cd38b756ad6fd6d3eb3f04112f6dc44d1815487b189742b,structures/x5427a/A71EV2A-x5427a/A71EV2A-x5427a_ligand_prepared.sdf,True,2881,a9179007a40f8e4ca65b14b806cd7118263f2d6242e42b1975d14fcca73a012f,1122,1080,42,19,2097,2097,,,True,1,19,19,0,C:13;Cl:2;N:2;O:2,True,1,33,19,0,C:13;Cl:2;H:14;N:2;O:2
638,A71EV2A-x5431a,x5431a_x5431b,NC(=O)[C@H]1CCN(C(=O)[C@@H]2SCCc3sccc32)C1,4.4301,False,False,True,True,False,44.4955,95.8333,42.6415,structures/x5431a_x5431b/A71EV2A-x5431a,structures/x5431a_x5431b/A71EV2A-x5431a/A71EV2A-x5431a_complex_ref.pdb,True,203629,03d3e1fb224e60112af6d7cf25838a58ac36a5202ceb454fe2d35bea59a0726c,structures/x5431a_x5431b/A71EV2A-x5431a/A71EV2A-x5431a_prepared.pdb,True,171224,e000983b56b198debcd19039403b7671511275e56463796bdab355d6b68678f3,structures/x5431a_x5431b/A71EV2A-x5431a/A71EV2A-x5431a_ligand_ref.sdf,True,1733,cef1fa36b98e9f3f1fb627680272ffc352fe7e902463927af181484b721bacd4,structures/x5431a_x5431b/A71EV2A-x5431a/A71EV2A-x5431a_ligand_prepared.sdf,True,3061,c557ba901567387b75da1dfc58d7788a18f3045a7f7173d30dca1d89cbf22c93,1124,1092,32,19,2112,2112,,,True,1,19,19,0,C:13;N:2;O:2;S:2,True,1,35,19,0,C:13;H:16;N:2;O:2;S:2
639,A71EV2A-x5431b,x5431a_x5431b,NC(=O)[C@H]1CCN(C(=O)[C@@H]2SCCc3sccc32)C1,4.4301,False,False,True,True,True,41.3726,15.3846,6.365,structures/x5431a_x5431b/A71EV2A-x5431b,structures/x5431a_x5431b/A71EV2A-x5431b/A71EV2A-x5431b_complex_ref.pdb,True,203224,44f90a29196f529c8f57933872a65996fbeed7066db33c68d73f15b630a14322,structures/x5431a_x5431b/A71EV2A-x5431b/A71EV2A-x5431b_prepared.pdb,True,171224,b815dd4a1a8210924d0a01c2b5dc416a8de93077ac074c5b131f6e4d177e7abf,structures/x5431a_x5431b/A71EV2A-x5431b/A71EV2A-x5431b_ligand_ref.sdf,True,1733,c5613d9f7b9e49e718508f9fa0192c9f09d12b728a45a7e249c777f7be3fa1b8,structures/x5431a_x5431b/A71EV2A-x5431b/A71EV2A-x5431b_ligand_prepared.sdf,True,3061,7f6dfe252e0b7eb649cdcd5207396b743481ba64047cec75bb5a0d13a07ab944,1119,1092,27,19,2112,2112,,,True,1,19,19,0,C:13;N:2;O:2;S:2,True,1,35,19,0,C:13;H:16;N:2;O:2;S:2
640,A71EV2A-x5448a,x5448a,N#Cc1nccc(CC(=O)N2CCC[C@H](C(N)=O)C2)n1,4.0064,False,False,True,True,False,44.8075,95.6522,42.8593,structures/x5448a/A71EV2A-x5448a,structures/x5448a/A71EV2A-x5448a/A71EV2A-x5448a_complex_ref.pdb,True,201038,ccb6da7c51779b262242c36353411a6f452e576b5b696d033aaf45e4a4b9c203,structures/x5448a/A71EV2A-x5448a/A71EV2A-x5448a_prepared.pdb,True,170009,2363192a8dcead7354acdfb3653a9b0d6ea9cde9b6d77ae4bafec2326f039feb,structures/x5448a/A71EV2A-x5448a/A71EV2A-x5448a_ligand_ref.sdf,True,1803,f0120da3c7f32e60fc8e9dd769423489ab92d84e8b4bb25dea3a043f448d2eb0,structures/x5448a/A71EV2A-x5448a/A71EV2A-x5448a_ligand_prepared.sdf,True,3048,e379561290296da7974b95449b065b3536fd118a68f3ac660a76cd78137551e9,1108,1077,31,20,2097,2097,,,True,1,20,20,0,C:13;N:5;O:2,True,1,35,20,0,C:13;H:15;N:5;O:2
641,A71EV2A-x5449a,x5449a_x5449b,CSc1ccc(S(C)(=O)=O)cc1CC(=O)N1CCC[C@H](C(N)=O)C1,5.6097,False,False,True,True,False,40.2329,88.4615,35.5907,structures/x5449a_x5449b/A71EV2A-x5449a,structures/x5449a_x5449b/A71EV2A-x5449a/A71EV2A-x5449a_complex_ref.pdb,True,381573,f9a70a2cdf951b608f60cbe4ba151938ad12296ac388ae7353bd910ad6ff0e88,structures/x5449a_x5449b/A71EV2A-x5449a/A71EV2A-x5449a_prepared.pdb,True,170009,a9b84ac755ea2c470e7a91813cd1405b977bfa18c772f0f58b61252c914240d4,structures/x5449a_x5449b/A71EV2A-x5449a/A71EV2A-x5449a_ligand_ref.sdf,True,2134,6a0ee53d2d0b09ef409e7b77049b176415997cba2ae8e861249b64f97d257c5a,structures/x5449a_x5449b/A71EV2A-x5449a/A71EV2A-x5449a_ligand_prepared.sdf,True,3960,a8f8e300fb5f89a8694c20759d7d8119484b23fcdb35e0352507169eebd448f1,2240,2157,83,48,2097,2097,,,True,1,24,24,0,C:16;N:2;O:4;S:2,True,1,46,24,0,C:16;H:22;N:2;O:4;S:2
642,A71EV2A-x5449b,x5449a_x5449b,CSc1ccc(S(C)(=O)=O)cc1CC(=O)N1CCC[C@H](C(N)=O)C1,5.6097,False,False,True,True,False,40.2049,92.3077,37.1122,structures/x5449a_x5449b/A71EV2A-x5449b,structures/x5449a_x5449b/A71EV2A-x5449b/A71EV2A-x5449b_complex_ref.pdb,True,381411,70c8db6722fbd8ae241e99fa17a43563d3a4fcb7129f92975e707253008f3b18,structures/x5449a_x5449b/A71EV2A-x5449b/A71EV2A-x5449b_prepared.pdb,True,170009,7a64545839a3242849ffc92d9bf51f179ecfe95d7ed4872d0efa6a7049ed75c0,structures/x5449a_x5449b/A71EV2A-x5449b/A71EV2A-x5449b_ligand_ref.sdf,True,2134,aea680bd779c64f42598b4c5ddd230bbe4cad4357e640d8adbb7dcfef2a7b505,structures/x5449a_x5449b/A71EV2A-x5449b/A71EV2A-x5449b_ligand_prepared.sdf,True,3960,4a2b6e9de65dcc997baebf16d9cffc4b5c5d6fb4fd36a8664196b6a9033ca8e6,2238,2157,81,48,2097,2097,,,True,1,24,24,0,C:16;N:2;O:4;S:2,True,1,46,24,0,C:16;H:22;N:2;O:4;S:2
643,A71EV2A-x5452a,x5452a_x5452b,CSc1ccc2c(c1)[C@@H](C(=O)N1CCC[C@H](C(N)=O)C1)CCO2,,False,False,True,True,False,48.2752,92,44.4132,structures/x5452a_x5452b/A71EV2A-x5452a,structures/x5452a_x5452b/A71EV2A-x5452a/A71EV2A-x5452a_complex_ref.pdb,True,398762,a3a8b20f2588be17cdf8fe737acc118715db7e16e3edaa9902c660e8f6704de6,structures/x5452a_x5452b/A71EV2A-x5452a/A71EV2A-x5452a_prepared.pdb,True,170009,c5ee0d2e634caf7709533c46da021c091a78e651173fea75788cbe159729ac79,structures/x5452a_x5452b/A71EV2A-x5452a/A71EV2A-x5452a_ligand_ref.sdf,True,2064,4ddac28365195fe64e778ea430e95687421c0ffe4181421e4268e7a89cfaff48,structures/x5452a_x5452b/A71EV2A-x5452a/A71EV2A-x5452a_ligand_prepared.sdf,True,3890,8b2ce60d5d73550aec7ce3aa4b2b19fe2cd6bfbd7353198a2fb96e80e06b07e8,2295,2224,71,46,2097,2097,,,True,1,23,23,0,C:17;N:2;O:3;S:1,True,1,45,23,0,C:17;H:22;N:2;O:3;S:1
644,A71EV2A-x5452b,x5452a_x5452b,CSc1ccc2c(c1)[C@@H](C(=O)N1CCC[C@H](C(N)=O)C1)CCO2,,False,False,True,True,False,47.9928,95.6522,45.9062,structures/x5452a_x5452b/A71EV2A-x5452b,structures/x5452a_x5452b/A71EV2A-x5452b/A71EV2A-x5452b_complex_ref.pdb,True,398357,1b2eaa60ef4f6e89a8b41a159db644a555299a702afb45b3cb50f44d466f91b0,structures/x5452a_x5452b/A71EV2A-x5452b/A71EV2A-x5452b_prepared.pdb,True,170009,3464dc732dfbd1f3affdb13287df8b5b1e0659183d03917219902f71529b7043,structures/x5452a_x5452b/A71EV2A-x5452b/A71EV2A-x5452b_ligand_ref.sdf,True,2065,732ba484ba3eb16b2f5263730a9b21e4a939ed355c0bc553bd1dbbf2280b26c7,structures/x5452a_x5452b/A71EV2A-x5452b/A71EV2A-x5452b_ligand_prepared.sdf,True,3891,4eb78461695fcd3a52641fc9390743e172168eb8f36e56fe972ded0cf2b70964,2290,2224,66,46,2097,2097,,,True,1,23,23,0,C:17;N:2;O:3;S:1,True,1,45,23,0,C:17;H:22;N:2;O:3;S:1
645,A71EV2A-x5460a,x5460a,NC(=O)[C@H]1CCC(=O)N(c2cccc3ccccc23)C1,,False,False,True,True,False,41.8932,95.4545,39.9889,structures/x5460a/A71EV2A-x5460a,structures/x5460a/A71EV2A-x5460a/A71EV2A-x5460a_complex_ref.pdb,True,196743,d765d1003159726dd027a8421fa5a831dd74b1fe27497dbbfac70371a00caee6,structures/x5460a/A71EV2A-x5460a/A71EV2A-x5460a_prepared.pdb,True,170009,1d16cbaaf0d64944170473011ea0e9e6eaac3f4d904fe96625b788aa57b7a9ea,structures/x5460a/A71EV2A-x5460a/A71EV2A-x5460a_ligand_ref.sdf,True,1815,e4bccb1ae215d6628c871e31846386f80a75b40a070811b809bbd413a854a61b,structures/x5460a/A71EV2A-x5460a/A71EV2A-x5460a_ligand_prepared.sdf,True,3143,e9e04c1a52012ff24395dce5cf396084402e0c621591cb11fadd6b3a99c586a2,1110,1077,33,20,2097,2097,,,True,1,20,20,0,C:16;N:2;O:2,True,1,36,20,0,C:16;H:16;N:2;O:2
646,A71EV2A-x5461a,x5461a,CSc1ccccc1[C@@H]([NH3+])C(=O)N1CC[C@H](C(N)=O)C1,,False,False,True,True,False,39.4635,92.3077,36.4279,structures/x5461a/A71EV2A-x5461a,structures/x5461a/A71EV2A-x5461a/A71EV2A-x5461a_complex_ref.pdb,True,206465,4a6916c79eaa6f82e9769447c7394fd02e335fccba2e50fbb1127ef6b9ffa64f,structures/x5461a/A71EV2A-x5461a/A71EV2A-x5461a_prepared.pdb,True,171224,d6d4381fa313c422876e174802c494e045ba790e57814673e7b7a45b98ef3ce5,structures/x5461a/A71EV2A-x5461a/A71EV2A-x5461a_ligand_ref.sdf,True,1821,a9ef320b38c76d53e0e5a2ea5ad3c4f7d33f5db47577d995d71fd2e0a816be38,structures/x5461a/A71EV2A-x5461a/A71EV2A-x5461a_ligand_prepared.sdf,True,3481,73461ff3d3a193fba5960a71380d390f8f0c6b8929880a0c3f4104b9e33b3a35,1150,1103,47,20,2112,2112,,,True,1,20,20,1,C:14;N:3;O:2;S:1,True,1,40,20,1,C:14;H:20;N:3;O:2;S:1
647,A71EV2A-x5462a,x5462a,Cc1cccc2cccc(N3C[C@@H](C(N)=O)CCC3=O)c12,,False,False,True,True,False,41.6839,95,39.5997,structures/x5462a/A71EV2A-x5462a,structures/x5462a/A71EV2A-x5462a/A71EV2A-x5462a_complex_ref.pdb,True,203467,545c73ae585febdd211b6bd8a5c8074016ea0a4020f0325a81ee66405aadbb9c,structures/x5462a/A71EV2A-x5462a/A71EV2A-x5462a_prepared.pdb,True,170009,4df93ff3224865e41e7e1421cc1524cce166425f50a064e8af77fc35c11575e9,structures/x5462a/A71EV2A-x5462a/A71EV2A-x5462a_ligand_ref.sdf,True,1899,3d783325e7f27bc0d8de8969de8808e7e5c47c9949a139e7a9efe05b05109d8e,structures/x5462a/A71EV2A-x5462a/A71EV2A-x5462a_ligand_prepared.sdf,True,3393,a3321669dc4da78a2c2acbd26cf82c9f28547079f9b1f6084dee99b572d8a851,1128,1084,44,21,2097,2097,,,True,1,21,21,0,C:17;N:2;O:2,True,1,39,21,0,C:17;H:18;N:2;O:2
648,A71EV2A-x5466a,x5466a,C#Cc1ccc(C)c(OC(=O)N2CCC[C@H](C(N)=O)C2)c1,3.8964,False,False,True,True,False,41.0464,91.3043,37.4772,structures/x5466a/A71EV2A-x5466a,structures/x5466a/A71EV2A-x5466a/A71EV2A-x5466a_complex_ref.pdb,True,196825,a5b10291fb3148f5ecbb6ff275d80ca1fbbfe96e58c28020739bb2b11c2a100f,structures/x5466a/A71EV2A-x5466a/A71EV2A-x5466a_prepared.pdb,True,170009,d7889efc1c4e82abeef8f3a48ef59a2182750feec9ae452b77a29d9f0e97d280,structures/x5466a/A71EV2A-x5466a/A71EV2A-x5466a_ligand_ref.sdf,True,1885,d3270f794bbe8b587e87958d9403d3c8516e9267df36c7d5da35dd76c365dc90,structures/x5466a/A71EV2A-x5466a/A71EV2A-x5466a_ligand_prepared.sdf,True,3379,a3fa8723e6a6701d643d069ac34f25bc92af4f3e8eb42921756933b821865c07,1113,1077,36,21,2097,2097,,,True,1,21,21,0,C:16;N:2;O:3,True,1,39,21,0,C:16;H:18;N:2;O:3
649,A71EV2A-x5475a,x5475a_x5475b,CSc1ccc2c(c1)[C@H](C(=O)N1CCC[C@H](C(N)=O)C1)CCO2,4.0605,False,False,True,True,False,38.9155,91.3043,35.5315,structures/x5475a_x5475b/A71EV2A-x5475a,structures/x5475a_x5475b/A71EV2A-x5475a/A71EV2A-x5475a_complex_ref.pdb,True,382399,dc4fc5450e470c3a74e8199208074e045233981608e6881dd7cc8149b7d748c3,structures/x5475a_x5475b/A71EV2A-x5475a/A71EV2A-x5475a_prepared.pdb,True,170009,307d2e81dfaf21e089ef2916ab346bb60bb23fde36c56440ebb6fc2f52034832,structures/x5475a_x5475b/A71EV2A-x5475a/A71EV2A-x5475a_ligand_ref.sdf,True,2064,0b53f04cb63c537d65b3cae1b9d9d8fbbd86d18005874f0abb0c363ca60432de,structures/x5475a_x5475b/A71EV2A-x5475a/A71EV2A-x5475a_ligand_prepared.sdf,True,3890,51ea8066c94c483db8dcaccccb9cce6b6a845ea90b0ff6689641aa9641ad7a7d,2237,2168,69,46,2097,2097,,,True,1,23,23,0,C:17;N:2;O:3;S:1,True,1,45,23,0,C:17;H:22;N:2;O:3;S:1
650,A71EV2A-x5475b,x5475a_x5475b,CSc1ccc2c(c1)[C@H](C(=O)N1CCC[C@H](C(N)=O)C1)CCO2,4.0605,False,False,True,True,False,38.7127,91.6667,35.4866,structures/x5475a_x5475b/A71EV2A-x5475b,structures/x5475a_x5475b/A71EV2A-x5475b/A71EV2A-x5475b_complex_ref.pdb,True,382561,4bd98fc40b90e18254e45b957e7d4d1c23d71d3188ca008c5b135ce6afac3160,structures/x5475a_x5475b/A71EV2A-x5475b/A71EV2A-x5475b_prepared.pdb,True,170009,4652ef7460b58494441c71f3818df9601b70b974f3d072194c70b4340e50b1f5,structures/x5475a_x5475b/A71EV2A-x5475b/A71EV2A-x5475b_ligand_ref.sdf,True,2064,e3c03d4f693fa3431ff52b314f556208223b3bb01cf8ac7b27739cb2ade17f4b,structures/x5475a_x5475b/A71EV2A-x5475b/A71EV2A-x5475b_ligand_prepared.sdf,True,3890,2deb0e0e308362016ea68de78dd59752d1cfd50da420ff1bea461e510137db15,2239,2168,71,46,2097,2097,,,True,1,23,23,0,C:17;N:2;O:3;S:1,True,1,45,23,0,C:17;H:22;N:2;O:3;S:1
651,A71EV2A-x5479a,x5479a,Cc1ccc2cccnc2c1OC(=O)N1CCC[C@H](C(N)=O)C1,4.5975,False,False,True,True,False,45.4389,91.3043,41.4877,structures/x5479a/A71EV2A-x5479a,structures/x5479a/A71EV2A-x5479a/A71EV2A-x5479a_complex_ref.pdb,True,208244,041df3aa96e0322d301152a4bac101ecf2911fb69fdbae5b4a121fbdf7649b1d,structures/x5479a/A71EV2A-x5479a/A71EV2A-x5479a_prepared.pdb,True,171224,757a9e4cbec55313a787c2a08d6c1287b83af7ec38791bc8b094cdb73761d020,structures/x5479a/A71EV2A-x5479a/A71EV2A-x5479a_ligand_ref.sdf,True,2065,a59997e88aa07960218795309b1467bf27845e3fed623c2c8db993b68dab56ae,structures/x5479a/A71EV2A-x5479a/A71EV2A-x5479a_ligand_prepared.sdf,True,3642,0564da3832b080aa913ccb598f69ae8c339a260415c57a5ec2ad79ebfe5cf420,1145,1100,45,23,2112,2112,,,True,1,23,23,0,C:17;N:3;O:3,True,1,42,23,0,C:17;H:19;N:3;O:3
652,A71EV2A-x5482a,x5482a,Cc1cc2sccc2c(Cl)c1OC(=O)N1CCC[C@H](C(N)=O)C1,4.2151,False,False,True,True,False,44.9228,91.3043,41.0165,structures/x5482a/A71EV2A-x5482a,structures/x5482a/A71EV2A-x5482a/A71EV2A-x5482a_complex_ref.pdb,True,205249,35c7daf41029a342beca5ed5136fdefe9946f2795cf2ed695dc9dc6c55139027,structures/x5482a/A71EV2A-x5482a/A71EV2A-x5482a_prepared.pdb,True,170009,9fd237ccfa907b4a741a946c8de774347ead1779481a4f6d9ae1b7eb0c3849e3,structures/x5482a/A71EV2A-x5482a/A71EV2A-x5482a_ligand_ref.sdf,True,2065,e3f3be294fd92b6db84c39aa8a31110047b7769979de6b0f26fbca6cc1662d0e,structures/x5482a/A71EV2A-x5482a/A71EV2A-x5482a_ligand_prepared.sdf,True,3476,febb2c727ce632a691b6188d133f6d0eda112a2a23450430c966482d0deb7790,1135,1092,43,23,2097,2097,,,True,1,23,23,0,C:16;Cl:1;N:2;O:3;S:1,True,1,40,23,0,C:16;Cl:1;H:17;N:2;O:3;S:1
653,A71EV2A-x5488a,x5488a,COC[C@H]1CC[C@H](C(N)=O)CN1C(=O)Cc1ccccc1SC,4.0115,False,False,True,True,False,43.6157,92.5926,40.3849,structures/x5488a/A71EV2A-x5488a,structures/x5488a/A71EV2A-x5488a/A71EV2A-x5488a_complex_ref.pdb,True,196177,de755829c399c4d06bd4b1d3e1f41c8b8d5708a1fe72e2e63e87a3c55d3ce7e5,structures/x5488a/A71EV2A-x5488a/A71EV2A-x5488a_prepared.pdb,True,170009,3e181982ba098f4b05e1614f3ac74e6cb79f8c2c9d57e59ebb4042ca0176c4e5,structures/x5488a/A71EV2A-x5488a/A71EV2A-x5488a_ligand_ref.sdf,True,2051,f7d30d39ca1c0ae4e6a6c2cbebb3b7a1ca58abf654e80f3aeb3bb671e36a5b90,structures/x5488a/A71EV2A-x5488a/A71EV2A-x5488a_ligand_prepared.sdf,True,4043,0666c97bf7a7dc5d5e6bf70da48e147d665767b043bedafb9227faf22012db9f,1108,1077,31,23,2097,2097,,,True,1,23,23,0,C:17;N:2;O:3;S:1,True,1,47,23,0,C:17;H:24;N:2;O:3;S:1
654,A71EV2A-x5489a,x5489a_x5489b,N#Cc1ccccc1CC(=O)N1CCC[C@H](C(N)=O)C1,,False,False,True,True,False,47.5221,91.3043,43.3898,structures/x5489a_x5489b/A71EV2A-x5489a,structures/x5489a_x5489b/A71EV2A-x5489a/A71EV2A-x5489a_complex_ref.pdb,True,391310,a9c79263b753da28b6afcb6f37048151603a5499dd659df020afc07b7ea98424,structures/x5489a_x5489b/A71EV2A-x5489a/A71EV2A-x5489a_prepared.pdb,True,170009,8e1664d688ea4f5b6db7409e273e26af61c7da8e4945a4a3fd630ebee444abdd,structures/x5489a_x5489b/A71EV2A-x5489a/A71EV2A-x5489a_ligand_ref.sdf,True,1803,9b49ac68c64d79beb4fc6dfa3809de3fec142f92c7336d5c5fc1138f634c8a88,structures/x5489a_x5489b/A71EV2A-x5489a/A71EV2A-x5489a_ligand_prepared.sdf,True,3214,0da456f94371d33e1d5e9c2141723ea44bf8995019aa7326e023b6247834940f,2262,2189,73,40,2097,2097,,,True,1,20,20,0,C:15;N:3;O:2,True,1,37,20,0,C:15;H:17;N:3;O:2
655,A71EV2A-x5489b,x5489a_x5489b,N#Cc1ccccc1CC(=O)N1CCC[C@H](C(N)=O)C1,,False,False,True,True,False,47.0361,95.6522,44.991,structures/x5489a_x5489b/A71EV2A-x5489b,structures/x5489a_x5489b/A71EV2A-x5489b/A71EV2A-x5489b_complex_ref.pdb,True,391148,91c1c23625a49ebdb54b41b6a24964ed7c63441d9aaa43ad3db67e7107587762,structures/x5489a_x5489b/A71EV2A-x5489b/A71EV2A-x5489b_prepared.pdb,True,170009,7a7a3d5641c69d55065ef734722c82342147d42a847fb381c41c54f2884d9f17,structures/x5489a_x5489b/A71EV2A-x5489b/A71EV2A-x5489b_ligand_ref.sdf,True,1803,afbed83e1c0969813758c97ca0ea7a913e71693811cff6aacd5495b04f461d5b,structures/x5489a_x5489b/A71EV2A-x5489b/A71EV2A-x5489b_ligand_prepared.sdf,True,3214,7938db3b7b2961862b8fd3c7fa70f1dfc4462c085aa019895d18461a24fc5bbb,2260,2189,71,40,2097,2097,,,True,1,20,20,0,C:15;N:3;O:2,True,1,37,20,0,C:15;H:17;N:3;O:2
656,A71EV2A-x5494a,x5494a,CSc1ccc(Br)cc1CC(=O)N1CCC[C@H](C(N)=O)[C@@H]1C,4.0112,False,False,True,True,False,40.808,88,35.9111,structures/x5494a/A71EV2A-x5494a,structures/x5494a/A71EV2A-x5494a/A71EV2A-x5494a_complex_ref.pdb,True,204198,e683ca17266a087a806002e77ae58867faac44831cb4407d18f35b8eee507bf6,structures/x5494a/A71EV2A-x5494a/A71EV2A-x5494a_prepared.pdb,True,170009,cd0cce27603822d3f2f1bd26e7c481e7483be3e0b4d39d71cb96fece344a326d,structures/x5494a/A71EV2A-x5494a/A71EV2A-x5494a_ligand_ref.sdf,True,1969,0d93d6428c4ee3f91ac49c840558158e3c69951c59f4104db0c91a3cef8efb0e,structures/x5494a/A71EV2A-x5494a/A71EV2A-x5494a_ligand_prepared.sdf,True,3712,80b9b8d8a344dadad81c4a5f74efff6ec874390a048669e40db9005a77140e70,1106,1074,32,22,2097,2097,,,True,1,22,22,0,Br:1;C:16;N:2;O:2;S:1,True,1,43,22,0,Br:1;C:16;H:21;N:2;O:2;S:1
657,A71EV2A-x5497a,x5497a,CN(C)C(=O)[C@@H](c1ccccc1)N1C[C@@H](C(N)=O)CC1=O,4.0031,False,False,True,True,False,39.9161,95.6522,38.1806,structures/x5497a/A71EV2A-x5497a,structures/x5497a/A71EV2A-x5497a/A71EV2A-x5497a_complex_ref.pdb,True,206223,3514b8658a22591408e0b2058ae4a781bcf434ed6ee4e0c2b2ee8b5f6606eded,structures/x5497a/A71EV2A-x5497a/A71EV2A-x5497a_prepared.pdb,True,171224,d4ac697f99272ad5154159b045425b8b2a613bea3db6307bb155d9c6665b1a9b,structures/x5497a/A71EV2A-x5497a/A71EV2A-x5497a_ligand_ref.sdf,True,1886,7e868b519912f44297b1c8b52492eab164d47168de2ff162254eadd83c31fe92,structures/x5497a/A71EV2A-x5497a/A71EV2A-x5497a_ligand_prepared.sdf,True,3463,37717f1fe4a5cbd6b2f424e336d8e122297e7e494e17457e8ddc9203abd90160,1148,1098,50,21,2112,2112,,,True,1,21,21,0,C:15;N:3;O:3,True,1,40,21,0,C:15;H:19;N:3;O:3
658,A71EV2A-x5509a,x5509a,CSc1ccc(-c2ccncc2)cc1CC(=O)N1CCC[C@H](C(N)=O)C1,5.9835,False,False,True,True,False,41.9274,88.4615,37.0897,structures/x5509a/A71EV2A-x5509a,structures/x5509a/A71EV2A-x5509a/A71EV2A-x5509a_complex_ref.pdb,True,196661,16e68bc48879e71f8e8a85832d0e6535e73220ca8167a3060acb6f589520ad58,structures/x5509a/A71EV2A-x5509a/A71EV2A-x5509a_prepared.pdb,True,170009,a478b8e6f996c66696faa7236871d6711e7ef92411ba651239205b0f5c4754a0,structures/x5509a/A71EV2A-x5509a/A71EV2A-x5509a_ligand_ref.sdf,True,2313,b4e52c9f839af195f6c0a7ae28136422c21c7f11574125e467d24c9c94dbb271,structures/x5509a/A71EV2A-x5509a/A71EV2A-x5509a_ligand_prepared.sdf,True,4222,e35b684de38160302e27730bf0216544c1d6492e0c702e22e1f1ae406d57897c,1111,1077,34,26,2097,2097,,,True,1,26,26,0,C:20;N:3;O:2;S:1,True,1,49,26,0,C:20;H:23;N:3;O:2;S:1
659,A71EV2A-x5512a,x5512a_x5512b,CSc1ccc(C(=O)Nc2ccncc2)cc1CC(=O)N1CCC[C@H](C(N)=O)C1,6.0583,False,False,True,True,False,38.246,76.9231,29.42,structures/x5512a_x5512b/A71EV2A-x5512a,structures/x5512a_x5512b/A71EV2A-x5512a/A71EV2A-x5512a_complex_ref.pdb,True,382153,556f7a4914cb2ca21cafd87b145c1258e7e0b0edabe1691668c079949b717406,structures/x5512a_x5512b/A71EV2A-x5512a/A71EV2A-x5512a_prepared.pdb,True,170009,8f7a211d6adc7748640e3057534e2c67f35f7a86287927a312c7b2f208d82b98,structures/x5512a_x5512b/A71EV2A-x5512a/A71EV2A-x5512a_ligand_ref.sdf,True,2562,5e6e9de1d49d853b7d1e784a6339646d13e8ab55219b3d7463913bbe133b29a2,structures/x5512a_x5512b/A71EV2A-x5512a/A71EV2A-x5512a_ligand_prepared.sdf,True,4554,10a5986fa66784554204c2a114c0c3803ba79a4e95405f7dc3aaf685daf939a9,2243,2154,89,58,2097,2097,,,True,1,29,29,0,C:21;N:4;O:3;S:1,True,1,53,29,0,C:21;H:24;N:4;O:3;S:1
660,A71EV2A-x5512b,x5512a_x5512b,CSc1ccc(C(=O)Nc2ccncc2)cc1CC(=O)N1CCC[C@H](C(N)=O)C1,6.0583,False,False,True,True,False,33.2499,88.8889,29.5555,structures/x5512a_x5512b/A71EV2A-x5512b,structures/x5512a_x5512b/A71EV2A-x5512b/A71EV2A-x5512b_complex_ref.pdb,True,381667,b2fda78e27707048faf847a1005e773e0723bec865ae53efa972d7e402001041,structures/x5512a_x5512b/A71EV2A-x5512b/A71EV2A-x5512b_prepared.pdb,True,170009,ef8b7f54718505a75a54fa98b6c3292db014c9294041351c7e0c9211ad2514e6,structures/x5512a_x5512b/A71EV2A-x5512b/A71EV2A-x5512b_ligand_ref.sdf,True,2562,d36518126c15d79628a132895b9bf93f98eeac6d1b94122b090ee89841619dc2,structures/x5512a_x5512b/A71EV2A-x5512b/A71EV2A-x5512b_ligand_prepared.sdf,True,4554,6a3029d7656a89efff610c418ee4a2e52c02d778510c144e58853d490ae4cbe4,2237,2154,83,58,2097,2097,,,True,1,29,29,0,C:21;N:4;O:3;S:1,True,1,53,29,0,C:21;H:24;N:4;O:3;S:1
661,A71EV2A-x5525a,x5525a_x5525b,CSc1ccc(-c2cc[nH]n2)cc1CC(=O)N1CCC[C@H](C(N)=O)C1,5.9559,False,False,True,True,False,40.0018,88.4615,35.3862,structures/x5525a_x5525b/A71EV2A-x5525a,structures/x5525a_x5525b/A71EV2A-x5525a/A71EV2A-x5525a_complex_ref.pdb,True,378672,c1272d7dc72c7b5d93f45c434a0573b5fb7a9aa9b1517a0773508954766ea83f,structures/x5525a_x5525b/A71EV2A-x5525a/A71EV2A-x5525a_prepared.pdb,True,170009,b5ce203c6004a19afa068f1a603314cd96e36e9b154ed678c457469e1877e94f,structures/x5525a_x5525b/A71EV2A-x5525a/A71EV2A-x5525a_ligand_ref.sdf,True,2230,99d82a7a73eb303bfa8e1441c7e041a608a06036a3e4fed1474dc878918af7a3,structures/x5525a_x5525b/A71EV2A-x5525a/A71EV2A-x5525a_ligand_prepared.sdf,True,4056,a7565e1d939c682df55b3c2f5f0e9cca85ed721e0a097866649b27a48ac6ba9f,2229,2154,75,50,2097,2097,,,True,1,25,25,0,C:18;N:4;O:2;S:1,True,1,47,25,0,C:18;H:22;N:4;O:2;S:1
662,A71EV2A-x5525b,x5525a_x5525b,CSc1ccc(-c2cc[nH]n2)cc1CC(=O)N1CCC[C@H](C(N)=O)C1,5.9559,False,False,True,True,False,40.5605,92.3077,37.4405,structures/x5525a_x5525b/A71EV2A-x5525b,structures/x5525a_x5525b/A71EV2A-x5525b/A71EV2A-x5525b_complex_ref.pdb,True,378186,49e783a9c00ad8b8e7bab2aafdabe1f72373dd6df24e7856bf6c5bf0c86daf38,structures/x5525a_x5525b/A71EV2A-x5525b/A71EV2A-x5525b_prepared.pdb,True,170009,b72d24161c19b931cf6304f3227a7aaf0890572e30abb73fef38ced1634ca247,structures/x5525a_x5525b/A71EV2A-x5525b/A71EV2A-x5525b_ligand_ref.sdf,True,2230,f006b3722a88f93536b4cf9e5baf20a44fac22a7e66faf184c0bae9bded3dffa,structures/x5525a_x5525b/A71EV2A-x5525b/A71EV2A-x5525b_ligand_prepared.sdf,True,4056,29812cecdd1f2ce987bbfe664a39e0f9838fc7ff8f56c18c80199e10120172ea,2223,2154,69,50,2097,2097,,,True,1,25,25,0,C:18;N:4;O:2;S:1,True,1,47,25,0,C:18;H:22;N:4;O:2;S:1
663,A71EV2A-x5526a,x5526a,CSc1ccc(-c2ccccc2)cc1CC(=O)N1CCC[C@H](C(N)=O)C1,5.7576,False,False,True,True,False,44.795,88,39.4196,structures/x5526a/A71EV2A-x5526a,structures/x5526a/A71EV2A-x5526a/A71EV2A-x5526a_complex_ref.pdb,True,203063,81611509463e019af1d3c8306b5773c896adfe26320686df32196c5c17ba6d66,structures/x5526a/A71EV2A-x5526a/A71EV2A-x5526a_prepared.pdb,True,170009,dc7b152eebb0e552530fa3ce7d61eb8c9e4d6cfc95d0aa49c00e92ae1fcff51e,structures/x5526a/A71EV2A-x5526a/A71EV2A-x5526a_ligand_ref.sdf,True,2314,a66508199b15792b6fd02fbc1aa2c6bf0d98347a29a832612173b53ed88cc86a,structures/x5526a/A71EV2A-x5526a/A71EV2A-x5526a_ligand_prepared.sdf,True,4306,f55de30af77b546dfc4461d4c19fba6fedfe4bf0486c0329a83efb8060d27a87,1117,1077,40,26,2097,2097,,,True,1,26,26,0,C:21;N:2;O:2;S:1,True,1,50,26,0,C:21;H:24;N:2;O:2;S:1
664,A71EV2A-x5533a,x5533a,CSc1ccc(OC2CC2)cc1NC(=O)N1CCC[C@H](C(N)=O)C1,4.6744,False,False,True,True,False,39.4428,92,36.2874,structures/x5533a/A71EV2A-x5533a,structures/x5533a/A71EV2A-x5533a/A71EV2A-x5533a_complex_ref.pdb,True,205329,51451f8f6620a8127c27ab3f771e3c38345ba68e94c6ef082140eb9fe12a53e3,structures/x5533a/A71EV2A-x5533a/A71EV2A-x5533a_prepared.pdb,True,170009,1177e79944c401fc44f1da1d7bab52d3ff5e0bb52724100806aee9c3e5f588f2,structures/x5533a/A71EV2A-x5533a/A71EV2A-x5533a_ligand_ref.sdf,True,2148,28ac4f91c0aa2bc59559680418541ada594df952f8b90f4dae9481f7f6dc290e,structures/x5533a/A71EV2A-x5533a/A71EV2A-x5533a_ligand_prepared.sdf,True,4057,c2765d8dd43d42bf51c4c5a696dedf9fe61e9c7f6faa1da95e2d220d89479f12,1115,1077,38,24,2097,2097,,,True,1,24,24,0,C:17;N:3;O:3;S:1,True,1,47,24,0,C:17;H:23;N:3;O:3;S:1
665,A71EV2A-x5539a,x5539a_x5539b,CCSc1ccccc1OC(=O)N1CCC[C@H](C(N)=O)C1,,False,False,True,True,False,43.9174,92,40.4041,structures/x5539a_x5539b/A71EV2A-x5539a,structures/x5539a_x5539b/A71EV2A-x5539a/A71EV2A-x5539a_complex_ref.pdb,True,380213,a50e0bcd383c6599efde677ffd877210008a6ae4c5675233ad0109ff8b37747d,structures/x5539a_x5539b/A71EV2A-x5539a/A71EV2A-x5539a_prepared.pdb,True,170009,f90a679e9d33386a3147b0c4ea7f1b066fa0b7405fe6d8c4b60202e63a104714,structures/x5539a_x5539b/A71EV2A-x5539a/A71EV2A-x5539a_ligand_ref.sdf,True,1885,e0d508e6fd7ba092344a8c06ac786eb50259693c07f914348e606d85d23ca669,structures/x5539a_x5539b/A71EV2A-x5539a/A71EV2A-x5539a_ligand_prepared.sdf,True,3545,463fa15626928a1c2ed56d4b22e4bef5182f168821ed840e4b7b8245e5f89cec,2213,2154,59,42,2097,2097,,,True,1,21,21,0,C:15;N:2;O:3;S:1,True,1,41,21,0,C:15;H:20;N:2;O:3;S:1
666,A71EV2A-x5539b,x5539a_x5539b,CCSc1ccccc1OC(=O)N1CCC[C@H](C(N)=O)C1,,False,False,True,True,False,45.4006,87.5,39.7255,structures/x5539a_x5539b/A71EV2A-x5539b,structures/x5539a_x5539b/A71EV2A-x5539b/A71EV2A-x5539b_complex_ref.pdb,True,379970,366b98b88f68228971c20de2839e8707c903c82eafb1512b9df495028c8aa3bb,structures/x5539a_x5539b/A71EV2A-x5539b/A71EV2A-x5539b_prepared.pdb,True,170009,2e484a2e64bc462b0a7a1383d3a6d33dd3cda9b2d0541881bbc4555ec1a6ae65,structures/x5539a_x5539b/A71EV2A-x5539b/A71EV2A-x5539b_ligand_ref.sdf,True,1885,f34edd541da694bd1afc50f9d2afbac437d025ab87bb85102ee749e0418db5b3,structures/x5539a_x5539b/A71EV2A-x5539b/A71EV2A-x5539b_ligand_prepared.sdf,True,3545,0f1b4417f0186ef910e076f8cb67fe4bc91372aec55f9767d252de6d3cb9f2f5,2210,2154,56,42,2097,2097,,,True,1,21,21,0,C:15;N:2;O:3;S:1,True,1,41,21,0,C:15;H:20;N:2;O:3;S:1
667,A71EV2A-x5544a,x5544a,CSc1ncnc(-c2cn[nH]c2)c1CC(=O)N1CCC[C@H](C(N)=O)C1,5.5799,False,False,True,True,False,36.5358,92.3077,33.7253,structures/x5544a/A71EV2A-x5544a,structures/x5544a/A71EV2A-x5544a/A71EV2A-x5544a_complex_ref.pdb,True,197635,ec573eb6ad037607cbda9ebc8068809c5d860eb61f54b4045ffc99c287da9a85,structures/x5544a/A71EV2A-x5544a/A71EV2A-x5544a_prepared.pdb,True,170009,cda0bfa44fba852f3490cfcc458fac4e53b52e822b5796bbcf2a3caa0dd00551,structures/x5544a/A71EV2A-x5544a/A71EV2A-x5544a_ligand_ref.sdf,True,2230,a9a3a2d275752f9c9d73dee0b1a233ca74990e6ac512b2ef0800e0cd64a9ed87,structures/x5544a/A71EV2A-x5544a/A71EV2A-x5544a_ligand_prepared.sdf,True,3890,2c3d504fd06bfe9230e1c33ad3c2700bbb8a4addb0ec5a3288469557fd9aa8cd,1116,1077,39,25,2097,2097,,,True,1,25,25,0,C:16;N:6;O:2;S:1,True,1,45,25,0,C:16;H:20;N:6;O:2;S:1
668,A71EV2A-x5550a,x5550a,NC(=O)[C@H]1CCCN(C(=O)[C@H]2CC[C@H]2c2ccc(Cl)cc2)C1,4.0009,False,False,True,True,False,43.1604,95.6522,41.2839,structures/x5550a/A71EV2A-x5550a,structures/x5550a/A71EV2A-x5550a/A71EV2A-x5550a_complex_ref.pdb,True,205655,7238a01b6147ea93cdce07eebd36d494d4cd32aa88f6419355b58fa67c29c4af,structures/x5550a/A71EV2A-x5550a/A71EV2A-x5550a_prepared.pdb,True,170009,2567fef1ff0213b920f2331ca5faa8c03fb74dc21d06b92650cd5da8e31ef0e7,structures/x5550a/A71EV2A-x5550a/A71EV2A-x5550a_ligand_ref.sdf,True,1981,ee60b6c0080ba5e07622bd391d3dfc581262bca029471dbf167cd08b655f6024,structures/x5550a/A71EV2A-x5550a/A71EV2A-x5550a_ligand_prepared.sdf,True,3724,9a9d5239027b6ce47680fc069021c91d701cc3bfe0a2f480b97064b7f538cda2,1143,1090,53,22,2097,2097,,,True,1,22,22,0,C:17;Cl:1;N:2;O:2,True,1,43,22,0,C:17;Cl:1;H:21;N:2;O:2
669,A71EV2A-x5556a,x5556a,C[C@@H](c1ccc(Cl)c(Br)c1)N1C[C@@H](C(N)=O)CCC1=O,4.0414,False,False,True,True,False,41.609,92,38.2803,structures/x5556a/A71EV2A-x5556a,structures/x5556a/A71EV2A-x5556a/A71EV2A-x5556a_complex_ref.pdb,True,207032,980bfeca1a9dd878352ee2cfb782805304521b6ecdf4deaba10418c156aab953,structures/x5556a/A71EV2A-x5556a/A71EV2A-x5556a_prepared.pdb,True,170009,4bd027c93ece8d13c7202afc5ae0849cd2c8bae54cc1f353983d69d35586295c,structures/x5556a/A71EV2A-x5556a/A71EV2A-x5556a_ligand_ref.sdf,True,1803,a7378b38923ffd8a31457093d08a7c658b98a365f352ed01a9ece77425cb7ed5,structures/x5556a/A71EV2A-x5556a/A71EV2A-x5556a_ligand_prepared.sdf,True,3131,3723d6118d970b95e2d1c0ac098375b23302658f92414875a32ec4d3fd1e9826,1123,1080,43,20,2097,2097,,,True,1,20,20,0,Br:1;C:14;Cl:1;N:2;O:2,True,1,36,20,0,Br:1;C:14;Cl:1;H:16;N:2;O:2
670,A71EV2A-x5559a,x5559a,N#Cc1ccc(Br)cc1OC(=O)N1CCC[C@H](C(N)=O)C1,4.4214,False,False,True,True,False,43.2168,91.6667,39.6154,structures/x5559a/A71EV2A-x5559a,structures/x5559a/A71EV2A-x5559a/A71EV2A-x5559a_complex_ref.pdb,True,204441,d2b8973fb97ea54a538c987d852e0d0526edef3bd989762799b11cd52ff6dcd6,structures/x5559a/A71EV2A-x5559a/A71EV2A-x5559a_prepared.pdb,True,170009,1c7a641ab56bc35c912c62f6cdfe942b430dd8baf5ccc967d0ab60a2215a6b8a,structures/x5559a/A71EV2A-x5559a/A71EV2A-x5559a_ligand_ref.sdf,True,1885,f6f825fbf7111a7219c42c6ab14eea0d916c10f4f1bdc4719405ee7cb7158144,structures/x5559a/A71EV2A-x5559a/A71EV2A-x5559a_ligand_prepared.sdf,True,3047,66769e76407cfb608d1743f373055371fea91dc4be44a487d9663289155b5510,1140,1088,52,21,2097,2097,,,True,1,21,21,0,Br:1;C:14;N:3;O:3,True,1,35,21,0,Br:1;C:14;H:14;N:3;O:3
671,A71EV2A-x5570a,x5570a,NC(=O)[C@H]1CCN(C(=O)[C@@H]2CSc3ccccc32)C1,4.129,False,False,True,True,False,45.0503,95.8333,43.1732,structures/x5570a/A71EV2A-x5570a,structures/x5570a/A71EV2A-x5570a/A71EV2A-x5570a_complex_ref.pdb,True,204764,60adc240b5672d003bc3ee1b0752c42ba907263019710de7a18f4fc47973936b,structures/x5570a/A71EV2A-x5570a/A71EV2A-x5570a_prepared.pdb,True,171224,a89a856edc98721a18e94d604c664ec2b080faf3bee3f53cff8be7b0a780d138,structures/x5570a/A71EV2A-x5570a/A71EV2A-x5570a_ligand_ref.sdf,True,1733,0b8e57dde7edc667afe5b6533fef2cced38a3e212062acca2079a942c05bc43a,structures/x5570a/A71EV2A-x5570a/A71EV2A-x5570a_ligand_prepared.sdf,True,3061,107abc6d72c694b233afb721ae7b0d0c4730aa4316b190e4d61a733e89f67a5a,1135,1098,37,19,2112,2112,,,True,1,19,19,0,C:14;N:2;O:2;S:1,True,1,35,19,0,C:14;H:16;N:2;O:2;S:1
672,A71EV2A-x5572a,x5572a,Cc1ccc2ccccc2c1N1C[C@@H](C(N)=O)CCC1=O,3.9426,False,False,True,True,False,44.5172,95.2381,42.3973,structures/x5572a/A71EV2A-x5572a,structures/x5572a/A71EV2A-x5572a/A71EV2A-x5572a_complex_ref.pdb,True,205656,ba3cf32f19767eba8109ceb0c89807a8cf64bb768e1547aa139393ec869bc7e1,structures/x5572a/A71EV2A-x5572a/A71EV2A-x5572a_prepared.pdb,True,170009,67f5bb2706c3d55c3abcd6cbf41c9ffae96011c532f7bbd6258c663a46069db2,structures/x5572a/A71EV2A-x5572a/A71EV2A-x5572a_ligand_ref.sdf,True,1899,bc69dd1a951bf977e690bff7c9c006356d64f449cc7a62cc6063fa596561294e,structures/x5572a/A71EV2A-x5572a/A71EV2A-x5572a_ligand_prepared.sdf,True,3393,627f3c0c5f4acc0814a57e8a781c750097acf329bb1c4dbfc7a2b99c9d536096,1128,1090,38,21,2097,2097,,,True,1,21,21,0,C:17;N:2;O:2,True,1,39,21,0,C:17;H:18;N:2;O:2
673,A71EV2A-x5576a,x5576a_x5576b,NC(=O)[C@H]1CCCN(C(=O)Oc2ccccc2N2CCCCC2)C1,,False,False,True,True,False,36.5724,91.3043,33.3922,structures/x5576a_x5576b/A71EV2A-x5576a,structures/x5576a_x5576b/A71EV2A-x5576a/A71EV2A-x5576a_complex_ref.pdb,True,394060,95574e1baedeadb7d13ecbc61c92dbfa2d62fd4f550e824613698cc6645703f9,structures/x5576a_x5576b/A71EV2A-x5576a/A71EV2A-x5576a_prepared.pdb,True,170009,c6e937de28cf5c2041996fed3035072c8b176314cf944070db5920254ac0c370,structures/x5576a_x5576b/A71EV2A-x5576a/A71EV2A-x5576a_ligand_ref.sdf,True,2148,5253995d7cf42fdc82d5e3b910cf007f8b39a246578a9913dffdbfb40ac9e562,structures/x5576a_x5576b/A71EV2A-x5576a/A71EV2A-x5576a_ligand_prepared.sdf,True,4223,848d1ea35a07b16c6ad665702bff48c19834983fa8ba8e1565b98481728fc595,2277,2185,92,48,2097,2097,,,True,1,24,24,0,C:18;N:3;O:3,True,1,49,24,0,C:18;H:25;N:3;O:3
674,A71EV2A-x5576b,x5576a_x5576b,NC(=O)[C@H]1CCCN(C(=O)Oc2ccccc2N2CCCCC2)C1,,False,False,True,True,False,36.7336,95.4545,35.0639,structures/x5576a_x5576b/A71EV2A-x5576b,structures/x5576a_x5576b/A71EV2A-x5576b/A71EV2A-x5576b_complex_ref.pdb,True,394141,c48396d9ef7795659568bd88f19a25351fe6c77dfaa33d6abe86c082b540d9c8,structures/x5576a_x5576b/A71EV2A-x5576b/A71EV2A-x5576b_prepared.pdb,True,170009,540163305276d70ed64bd9ca9bcbc66e0501bef34455f9e059bcd72cb555e778,structures/x5576a_x5576b/A71EV2A-x5576b/A71EV2A-x5576b_ligand_ref.sdf,True,2148,f4609d6c6260d1d0a2a11e3bd0ff1568744b02ba8963c16b6e89116da1b13e1c,structures/x5576a_x5576b/A71EV2A-x5576b/A71EV2A-x5576b_ligand_prepared.sdf,True,4223,d39a5b28ef8ae97b468eeb84e5ddb3585b67f499862595955f8b4377d06d3952,2278,2185,93,48,2097,2097,,,True,1,24,24,0,C:18;N:3;O:3,True,1,49,24,0,C:18;H:25;N:3;O:3
675,A71EV2A-x5581a,x5581a,CSc1ncnc(SC)c1CC(=O)N1CCC[C@H](C(N)=O)C1,5.699,False,False,True,True,False,41.9643,92,38.6072,structures/x5581a/A71EV2A-x5581a,structures/x5581a/A71EV2A-x5581a/A71EV2A-x5581a_complex_ref.pdb,True,206626,2d2da7d3a111c11beb9e2a59041ac45d5d7b14f53634ecc3e6a1d5254886d57f,structures/x5581a/A71EV2A-x5581a/A71EV2A-x5581a_prepared.pdb,True,170009,abaa5ed1fb509c2e508b1bdf95bf0f40a98fa8b2981ea1e89dd7e00f9484d681,structures/x5581a/A71EV2A-x5581a/A71EV2A-x5581a_ligand_ref.sdf,True,1969,6c01ea04b729058a971373861352eb69c4520e69e0523b37e1f86c8b8d055962,structures/x5581a/A71EV2A-x5581a/A71EV2A-x5581a_ligand_prepared.sdf,True,3629,9a5ea619be7973a29555b1249c671fe3e4abc48f3d07ed1829a959d3e4359780,1125,1080,45,22,2097,2097,,,True,1,22,22,0,C:14;N:4;O:2;S:2,True,1,42,22,0,C:14;H:20;N:4;O:2;S:2
676,A71EV2A-x5584a,x5584a_x5584b,CN1CCc2cc(F)c(OC(=O)N3CCC[C@H](C(N)=O)C3)cc2C1,,False,False,True,True,False,41.8046,87.5,36.579,structures/x5584a_x5584b/A71EV2A-x5584a,structures/x5584a_x5584b/A71EV2A-x5584a/A71EV2A-x5584a_complex_ref.pdb,True,380535,c0595df66a1d6a296f3323afe1dbe7f194fc947d6f085818c6815215b4d96fe3,structures/x5584a_x5584b/A71EV2A-x5584a/A71EV2A-x5584a_prepared.pdb,True,168794,3a54c6e863ddd25e884100ce554b919c1d7d5c7c6bbe758852766b9f2eec9159,structures/x5584a_x5584b/A71EV2A-x5584a/A71EV2A-x5584a_ligand_ref.sdf,True,2147,72d2ea0543f9e59c1f5f633ab9286a3ed7991491d049197aaa0d5236f486b983,structures/x5584a_x5584b/A71EV2A-x5584a/A71EV2A-x5584a_ligand_prepared.sdf,True,4074,b072906b49d80c74e7b5da71483f5a550db0ad67364da8307a507605acf9192a,2233,2153,80,48,2082,2082,,,True,1,24,24,0,C:17;F:1;N:3;O:3,True,1,47,24,1,C:17;F:1;H:23;N:3;O:3
677,A71EV2A-x5584b,x5584a_x5584b,CN1CCc2cc(F)c(OC(=O)N3CCC[C@H](C(N)=O)C3)cc2C1,,False,False,True,True,False,40.8963,90.9091,37.1785,structures/x5584a_x5584b/A71EV2A-x5584b,structures/x5584a_x5584b/A71EV2A-x5584b/A71EV2A-x5584b_complex_ref.pdb,True,380130,eea9e78b2aeac287541f6fb0f224e0278869f37612b5db5ee8be7cb0401dce8a,structures/x5584a_x5584b/A71EV2A-x5584b/A71EV2A-x5584b_prepared.pdb,True,170009,6b7eec901a5d457af4d8d04691145b009df3b34c7386fcc83eb7e52aa8eb1320,structures/x5584a_x5584b/A71EV2A-x5584b/A71EV2A-x5584b_ligand_ref.sdf,True,2147,e5d6d7c9c07f3d88d2e7b1f47ee8b9e12a5334ad6fca8cb4d9febd100360c59f,structures/x5584a_x5584b/A71EV2A-x5584b/A71EV2A-x5584b_ligand_prepared.sdf,True,4074,c9b9ac0007d388887ae7df17bb3407d37abad7b764052d23e5c828149456fc55,2228,2153,75,48,2097,2097,,,True,1,24,24,0,C:17;F:1;N:3;O:3,True,1,47,24,1,C:17;F:1;H:23;N:3;O:3
678,A71EV2A-x5594a,x5594a_x5594b,N#Cc1ccncc1OC(=O)N1CCC[C@H](C(N)=O)C1,4.5043,False,False,True,True,False,47.2333,91.3043,43.1261,structures/x5594a_x5594b/A71EV2A-x5594a,structures/x5594a_x5594b/A71EV2A-x5594a/A71EV2A-x5594a_complex_ref.pdb,True,381508,2cbc35ee5255191d18bc806b49ca893e86a33783d7ac86ac8ed1afb3f42a046c,structures/x5594a_x5594b/A71EV2A-x5594a/A71EV2A-x5594a_prepared.pdb,True,170009,1456d512ec466a7632e2f4434979e2693411291cfbd31fba3d486531b136efbe,structures/x5594a_x5594b/A71EV2A-x5594a/A71EV2A-x5594a_ligand_ref.sdf,True,1802,7637580fc2f6ce0a1c5878bdd5b2716277afb99d3115f4022bb65dff7833ea9e,structures/x5594a_x5594b/A71EV2A-x5594a/A71EV2A-x5594a_ligand_prepared.sdf,True,2964,e84e0d7f90baf6b11dd0412f726ab6a76d6762f0207dbf95e2fb415c470c8d53,2234,2162,72,40,2097,2097,,,True,1,20,20,0,C:13;N:4;O:3,True,1,34,20,0,C:13;H:14;N:4;O:3
679,A71EV2A-x5594b,x5594a_x5594b,N#Cc1ccncc1OC(=O)N1CCC[C@H](C(N)=O)C1,4.5043,False,False,True,True,False,46.751,95.6522,44.7183,structures/x5594a_x5594b/A71EV2A-x5594b,structures/x5594a_x5594b/A71EV2A-x5594b/A71EV2A-x5594b_complex_ref.pdb,True,381508,e5381093c823e175948aff4cb002da18feb3dd6db3b2d368c440160516ce9798,structures/x5594a_x5594b/A71EV2A-x5594b/A71EV2A-x5594b_prepared.pdb,True,170009,2dd047e274f5fd44279639dd10758503936b4bceb980a98812b5d0f089cb7561,structures/x5594a_x5594b/A71EV2A-x5594b/A71EV2A-x5594b_ligand_ref.sdf,True,1802,bbb25a3a25657858bac47d8ae7d6f7013b65bf162c090b7313df67021fb31719,structures/x5594a_x5594b/A71EV2A-x5594b/A71EV2A-x5594b_ligand_prepared.sdf,True,2964,1d75c2c309780621af7dcc863ecf15839790f1f2eb0a2fff2a43df46e50eb0b4,2234,2162,72,40,2097,2097,,,True,1,20,20,0,C:13;N:4;O:3,True,1,34,20,0,C:13;H:14;N:4;O:3
680,A71EV2A-x5598a,x5598a_x5598b,CSc1ccc(N2CCOCC2)cc1NC(=O)N1CCC[C@H](C(N)=O)C1,4.9249,False,False,True,True,False,37.6214,88.4615,33.2804,structures/x5598a_x5598b/A71EV2A-x5598a,structures/x5598a_x5598b/A71EV2A-x5598a/A71EV2A-x5598a_complex_ref.pdb,True,379805,3632e6843b90b69ac4f444d87cb478ed4091566d817dbc1f0067d8d127a4c41a,structures/x5598a_x5598b/A71EV2A-x5598a/A71EV2A-x5598a_prepared.pdb,True,168794,9c3de8050fa3f910d7731ecfedd3f92d46612ad93525c4ca7bcb115b8b6927a2,structures/x5598a_x5598b/A71EV2A-x5598a/A71EV2A-x5598a_ligand_ref.sdf,True,2313,48093f24c746f68c419b0c0388abffcf6ffc901ea9ab60198588b6e381882f08,structures/x5598a_x5598b/A71EV2A-x5598a/A71EV2A-x5598a_ligand_prepared.sdf,True,4471,b81617b36d32801828b0c64b2e103489b633a7998bac5ae25decee85dfb1c910,2229,2145,84,52,2082,2082,,,True,1,26,26,0,C:18;N:4;O:3;S:1,True,1,52,26,0,C:18;H:26;N:4;O:3;S:1
681,A71EV2A-x5598b,x5598a_x5598b,CSc1ccc(N2CCOCC2)cc1NC(=O)N1CCC[C@H](C(N)=O)C1,4.9249,False,False,True,True,False,37.3671,92,34.3778,structures/x5598a_x5598b/A71EV2A-x5598b,structures/x5598a_x5598b/A71EV2A-x5598b/A71EV2A-x5598b_complex_ref.pdb,True,379319,c80aae6a7680836ce1745c6a1bf28d6f3578cb36fdd2459f8d51352bc9274902,structures/x5598a_x5598b/A71EV2A-x5598b/A71EV2A-x5598b_prepared.pdb,True,170009,244cc79426dfd0652aa23ccc1c1bd1ee937a69e2c1050c4c9fa8512d722b15c4,structures/x5598a_x5598b/A71EV2A-x5598b/A71EV2A-x5598b_ligand_ref.sdf,True,2313,e8a55c5a620c5bae0175582bac8ea9f77eef7b25f72bf2c8e24751184b9499aa,structures/x5598a_x5598b/A71EV2A-x5598b/A71EV2A-x5598b_ligand_prepared.sdf,True,4471,e93ca8d35a4ae504733ee91cd72f1dc328f83a4f3fa4aab489668abe757a4b6e,2223,2145,78,52,2097,2097,,,True,1,26,26,0,C:18;N:4;O:3;S:1,True,1,52,26,0,C:18;H:26;N:4;O:3;S:1
682,A71EV2A-x5599a,x5599a_x5599b,Cc1ccc2c(c1OC(=O)N1CCC[C@H](C(N)=O)C1)CCC2,4.4793,False,False,True,True,False,48.0825,91.6667,44.0756,structures/x5599a_x5599b/A71EV2A-x5599a,structures/x5599a_x5599b/A71EV2A-x5599a/A71EV2A-x5599a_complex_ref.pdb,True,379076,acd1ce23ca864082390f2b57e047c54a00fc05a85aa586100630f065c7620b27,structures/x5599a_x5599b/A71EV2A-x5599a/A71EV2A-x5599a_prepared.pdb,True,170009,ca56942c6eadaa86ae6691da8e85499f7a64eb9fad8d65de9fbdd90f78f63fae,structures/x5599a_x5599b/A71EV2A-x5599a/A71EV2A-x5599a_ligand_ref.sdf,True,1981,db37548b6864f5549e0d96b787a856b1d60d7703d29ef3f59fdfff232f6c394c,structures/x5599a_x5599b/A71EV2A-x5599a/A71EV2A-x5599a_ligand_prepared.sdf,True,3807,b7689867c11bb25f39feaba70a40f6c2e3f75bff46eb9bd011e8708db2cf7480,2220,2154,66,44,2097,2097,,,True,1,22,22,0,C:17;N:2;O:3,True,1,44,22,0,C:17;H:22;N:2;O:3
683,A71EV2A-x5599b,x5599a_x5599b,Cc1ccc2c(c1OC(=O)N1CCC[C@H](C(N)=O)C1)CCC2,4.4793,False,False,True,True,False,43.9832,95.8333,42.1506,structures/x5599a_x5599b/A71EV2A-x5599b,structures/x5599a_x5599b/A71EV2A-x5599b/A71EV2A-x5599b_complex_ref.pdb,True,378833,cd470d77f6cca6f4b8d4cd62d0e771bd77d5171f95cabae05d4289dae8656d11,structures/x5599a_x5599b/A71EV2A-x5599b/A71EV2A-x5599b_prepared.pdb,True,170009,a215ff479e6fba66fd55196ed7572a2f60c944749ffb437214bd9818b114e6f6,structures/x5599a_x5599b/A71EV2A-x5599b/A71EV2A-x5599b_ligand_ref.sdf,True,1981,2ec51ae5406a01b246b9811d007b91b02c72cf729e5191e129dbb41c07048691,structures/x5599a_x5599b/A71EV2A-x5599b/A71EV2A-x5599b_ligand_prepared.sdf,True,3807,803159c97df555c6631d2f1fce85f0b5ac759e77cf059b2753161eede7e790ac,2217,2154,63,44,2097,2097,,,True,1,22,22,0,C:17;N:2;O:3,True,1,44,22,0,C:17;H:22;N:2;O:3
684,A71EV2A-x5604a,x5604a,CSc1ccc(-n2cccn2)cc1CC(=O)N1CCC[C@H](C(N)=O)C1,6.0176,False,False,True,True,False,41.4544,88.4615,36.6712,structures/x5604a/A71EV2A-x5604a,structures/x5604a/A71EV2A-x5604a/A71EV2A-x5604a_complex_ref.pdb,True,200064,9ee97bf1e99bb10d8cee45f71a44abe6b0fcf88b38d4be0af8447ac78e44f6bf,structures/x5604a/A71EV2A-x5604a/A71EV2A-x5604a_prepared.pdb,True,170009,4e7354b023aea13bdbcdf9eaf54d9ed2709bf8617b5fb3876476d9bf97731db0,structures/x5604a/A71EV2A-x5604a/A71EV2A-x5604a_ligand_ref.sdf,True,2230,31259b866dce9b820d01518abb71bcb90da4ccc14c57da20c41bd739c4e4d04b,structures/x5604a/A71EV2A-x5604a/A71EV2A-x5604a_ligand_prepared.sdf,True,4056,8f81151294866f9b4e627214e08f5e8ee24a1e1add928f0c1e97f12df8a8b1b5,1123,1080,43,25,2097,2097,,,True,1,25,25,0,C:18;N:4;O:2;S:1,True,1,47,25,0,C:18;H:22;N:4;O:2;S:1
685,A71EV2A-x5608a,x5608a_x5608b,NC(=O)[C@H]1CCC(=O)N(Cc2ccsc2)C1,3.7741,False,False,True,True,False,44.3421,95.4545,42.3265,structures/x5608a_x5608b/A71EV2A-x5608a,structures/x5608a_x5608b/A71EV2A-x5608a/A71EV2A-x5608a_complex_ref.pdb,True,378269,e3e3f7c9fb5305980f70bb7a17fd93bbd10934daa855e63076da49c81e5012c7,structures/x5608a_x5608b/A71EV2A-x5608a/A71EV2A-x5608a_prepared.pdb,True,170009,9ec8ac1167db76d3c1a1dbf5b5e93df73f32c7c285488a6efd3056333edb7168,structures/x5608a_x5608b/A71EV2A-x5608a/A71EV2A-x5608a_ligand_ref.sdf,True,1470,5a1e33034dba42b3a07314551fbf3527a6b48451bcdc205eb8b179a62623d3f3,structures/x5608a_x5608b/A71EV2A-x5608a/A71EV2A-x5608a_ligand_prepared.sdf,True,2632,1d00f4ed4d725ad0874e0fd1b8d430d9137374c3d4c7cc512a9014e83862807f,2203,2154,49,32,2097,2097,,,True,1,16,16,0,C:11;N:2;O:2;S:1,True,1,30,16,0,C:11;H:14;N:2;O:2;S:1
686,A71EV2A-x5608b,x5608a_x5608b,NC(=O)[C@H]1CCC(=O)N(Cc2ccsc2)C1,3.7741,False,False,True,True,False,48.6779,95.2381,46.3599,structures/x5608a_x5608b/A71EV2A-x5608b,structures/x5608a_x5608b/A71EV2A-x5608b/A71EV2A-x5608b_complex_ref.pdb,True,378269,55b7194ede1c0b260c5a2482186d8ce9eeb105f9f3db27d5c773b8248c05186f,structures/x5608a_x5608b/A71EV2A-x5608b/A71EV2A-x5608b_prepared.pdb,True,170009,2a53d475998a6a56f50dac4b7d41482035ff71de870cf7c0ecc7289b982acd1c,structures/x5608a_x5608b/A71EV2A-x5608b/A71EV2A-x5608b_ligand_ref.sdf,True,1470,28ca9d417e34d80cc4ed0cf9a26f8edb1133c07834e40293abb48dff28d2b464,structures/x5608a_x5608b/A71EV2A-x5608b/A71EV2A-x5608b_ligand_prepared.sdf,True,2632,b478faba9702d093de813e5ce4ea97b6115ffb68c86c3d1c4ac0797461d76a2c,2203,2154,49,32,2097,2097,,,True,1,16,16,0,C:11;N:2;O:2;S:1,True,1,30,16,0,C:11;H:14;N:2;O:2;S:1
687,A71EV2A-x5635a,x5635a_x5635b,NC(=O)[C@H]1CCC(=O)N(Cc2cc(F)cnc2C(F)(F)F)C1,4.3155,False,False,True,True,False,48.5483,92.3077,44.8138,structures/x5635a_x5635b/A71EV2A-x5635a,structures/x5635a_x5635b/A71EV2A-x5635a/A71EV2A-x5635a_complex_ref.pdb,True,392603,11f722e8fb47b6aed2ced7809ab647ca154e2220b87fc8b6beb1b587523d1d01,structures/x5635a_x5635b/A71EV2A-x5635a/A71EV2A-x5635a_prepared.pdb,True,170009,002738adc2cce6a3aeda1bd5140b642aaf75cb74488232a536526c7370ab2eff,structures/x5635a_x5635b/A71EV2A-x5635a/A71EV2A-x5635a_ligand_ref.sdf,True,1969,9baa09359ad2bdf9f47649f23f09a729d31623b171f0c6767be63b7f9ddf5654,structures/x5635a_x5635b/A71EV2A-x5635a/A71EV2A-x5635a_ligand_prepared.sdf,True,3048,d70232448b250810915dd1d93b2584880d337f5bacfabc2e90c5135bb10bb11f,2270,2171,99,44,2097,2097,,,True,1,22,22,0,C:13;F:4;N:3;O:2,True,1,35,22,0,C:13;F:4;H:13;N:3;O:2
688,A71EV2A-x5635b,x5635a_x5635b,NC(=O)[C@H]1CCC(=O)N(Cc2cc(F)cnc2C(F)(F)F)C1,4.3155,False,False,True,True,False,48.5825,95.4545,46.3742,structures/x5635a_x5635b/A71EV2A-x5635b,structures/x5635a_x5635b/A71EV2A-x5635b/A71EV2A-x5635b_complex_ref.pdb,True,393008,0ec313dda0d0e3d79e102303525df5032e65c73d1cb7e431d0750485e5eec9fd,structures/x5635a_x5635b/A71EV2A-x5635b/A71EV2A-x5635b_prepared.pdb,True,170009,ae85b8fb867d6f749ee853d87d6d5ac1dae2a42f6837a65856a7c62bdcec3f92,structures/x5635a_x5635b/A71EV2A-x5635b/A71EV2A-x5635b_ligand_ref.sdf,True,1969,62002602e514940ddb76e1a69ade4c97c41ceb3633a6cb42bbd65bc4b3bba7a2,structures/x5635a_x5635b/A71EV2A-x5635b/A71EV2A-x5635b_ligand_prepared.sdf,True,3048,a693351e1b74fd8a12b41134c198ad04287f0b0ad4da8033929d1c123dba67d3,2275,2171,104,44,2097,2097,,,True,1,22,22,0,C:13;F:4;N:3;O:2,True,1,35,22,0,C:13;F:4;H:13;N:3;O:2
689,A71EV2A-x5665a,x5665a,NC(=O)[C@H]1CCC(=O)N([C@@H](CC(F)(F)F)c2cc(Cl)cc(Cl)c2)C1,4.328,False,False,True,True,False,37.8549,92.3077,34.943,structures/x5665a/A71EV2A-x5665a,structures/x5665a/A71EV2A-x5665a/A71EV2A-x5665a_complex_ref.pdb,True,205897,e638f48843ad56cf8db4e730875a5827a45ce45612271a2e8d09adabd8a1c871,structures/x5665a/A71EV2A-x5665a/A71EV2A-x5665a_prepared.pdb,True,170009,f601ef3198c801692ff1cf65a67e47fd67a2c9745b8aef25b33eb661df1e2b1b,structures/x5665a/A71EV2A-x5665a/A71EV2A-x5665a_ligand_ref.sdf,True,2135,18a92cb85a38423e4f3bf19b0744f4a76e4522f0650a498072cabd36d9ec43e4,structures/x5665a/A71EV2A-x5665a/A71EV2A-x5665a_ligand_prepared.sdf,True,3380,20d4683a4a6df630ab22109ecd11eba3dba19cd09c54c9f6463ddb8dcd4a12ac,1142,1084,58,24,2097,2097,,,True,1,24,24,0,C:15;Cl:2;F:3;N:2;O:2,True,1,39,24,0,C:15;Cl:2;F:3;H:15;N:2;O:2
690,A71EV2A-x5666a,x5666a,CSc1ncnc(N2CCc3ccsc3C2)c1CC(=O)N1CCC[C@H](C(N)=O)C1,5.7946,False,False,True,True,False,45.1116,88.4615,39.9064,structures/x5666a/A71EV2A-x5666a,structures/x5666a/A71EV2A-x5666a/A71EV2A-x5666a_complex_ref.pdb,True,199822,cf567c6c403b67e3be0b2f6e8ddc8e7c2001a10c087bfd62b1da28567f88f649,structures/x5666a/A71EV2A-x5666a/A71EV2A-x5666a_prepared.pdb,True,170009,aefb054abc668515e7d8ed7a2c6d23c07874ccad6574d49dc1c81f7416e5fa8e,structures/x5666a/A71EV2A-x5666a/A71EV2A-x5666a_ligand_ref.sdf,True,2575,ecbfe2db0338e76411350c8102bd71b6c3e5c8b7e4c35af3bc09fae5bf912d7a,structures/x5666a/A71EV2A-x5666a/A71EV2A-x5666a_ligand_prepared.sdf,True,4650,d166b833d63624020e18dc1b24c4eea0ba776d702835a335200ebf5094a73150,1110,1074,36,29,2097,2097,,,True,1,29,29,0,C:20;N:5;O:2;S:2,True,1,54,29,0,C:20;H:25;N:5;O:2;S:2
691,A71EV2A-x5673a,x5673a,C[C@@H](c1cccc(Cl)c1F)N1C[C@@H](C(N)=O)CCC1=O,4.6326,False,False,True,True,False,41.1901,91.6667,37.7576,structures/x5673a/A71EV2A-x5673a,structures/x5673a/A71EV2A-x5673a/A71EV2A-x5673a_complex_ref.pdb,True,203630,a86f3db3747382850a74225e99b838309216813e388ab19b4f2c03027ad70a74,structures/x5673a/A71EV2A-x5673a/A71EV2A-x5673a_prepared.pdb,True,170009,57b5100821c5f5f922530c85f8185e0093a5bbc78839f5bf6e6eb1fbb3666985,structures/x5673a/A71EV2A-x5673a/A71EV2A-x5673a_ligand_ref.sdf,True,1803,15d64fd1dccf91a37ddc8f2eefadfdb35094e0800172e4cf0e063ce325a81761,structures/x5673a/A71EV2A-x5673a/A71EV2A-x5673a_ligand_prepared.sdf,True,3131,ac0e116577cf6938cb457404bd2955304d21058937ce06cc512025ef05ec93dd,1123,1083,40,20,2097,2097,,,True,1,20,20,0,C:14;Cl:1;F:1;N:2;O:2,True,1,36,20,0,C:14;Cl:1;F:1;H:16;N:2;O:2
692,A71EV2A-x5676a,x5676a,CC[C@@H](c1ccc(Cl)c(Cl)c1)N1C[C@@H](C(N)=O)CCC1=O,4.0124,False,False,True,True,False,39.8466,95.8333,38.1863,structures/x5676a/A71EV2A-x5676a,structures/x5676a/A71EV2A-x5676a/A71EV2A-x5676a_complex_ref.pdb,True,206302,9eb52ef28d01283628809c6105604c4e6d778b415d4a4a7edaac1e0482b5c3d4,structures/x5676a/A71EV2A-x5676a/A71EV2A-x5676a_prepared.pdb,True,170009,ba00078c37db01ea81469fb837f0ad8f6e073b7321cd135e789fea1743123dcd,structures/x5676a/A71EV2A-x5676a/A71EV2A-x5676a_ligand_ref.sdf,True,1885,95452d5a2e7422d410822751cb065fda8d69e589f8f071c78533b8087cdfecb0,structures/x5676a/A71EV2A-x5676a/A71EV2A-x5676a_ligand_prepared.sdf,True,3379,d54f2a58002196b5232866e6a8a63d85f5d586080f0204e88c8a0dd762835d75,1127,1080,47,21,2097,2097,,,True,1,21,21,0,C:15;Cl:2;N:2;O:2,True,1,39,21,0,C:15;Cl:2;H:18;N:2;O:2
693,A71EV2A-x5687a,x5687a,CSc1cccc2c1[C@H](C(=O)N1CCC[C@H](C(N)=O)C1)CC2,6.1051,False,False,True,True,False,44.0906,92,40.5634,structures/x5687a/A71EV2A-x5687a,structures/x5687a/A71EV2A-x5687a/A71EV2A-x5687a_complex_ref.pdb,True,197637,5ade093d1c0a7d28a364fe1a7c2cf924a5aaa350dd799bce2248016a7d4bfc43,structures/x5687a/A71EV2A-x5687a/A71EV2A-x5687a_prepared.pdb,True,170009,192c03468acc4454643a4b6bfd6c94752f172b3975a9069b6c27e3cf183bc381,structures/x5687a/A71EV2A-x5687a/A71EV2A-x5687a_ligand_ref.sdf,True,1981,9a37b52ae6158b0af268da7ff43d86cd7d562de489298ba53944f3dd696278cf,structures/x5687a/A71EV2A-x5687a/A71EV2A-x5687a_ligand_prepared.sdf,True,3807,32837028baa56fb8b8974fd272319452649420ea8bf513221794bc79608da5ff,1107,1077,30,22,2097,2097,,,True,1,22,22,0,C:17;N:2;O:2;S:1,True,1,44,22,0,C:17;H:22;N:2;O:2;S:1
694,A71EV2A-x5699a,x5699a,CC[C@@H](c1cc(F)cc(Br)c1)N1C[C@@H](C(N)=O)CCC1=O,4.7122,False,False,True,True,False,43.8648,92.5926,40.6155,structures/x5699a/A71EV2A-x5699a,structures/x5699a/A71EV2A-x5699a/A71EV2A-x5699a_complex_ref.pdb,True,203063,e9579f07441502d7f2e034a1fad9cbab7cef7469451a0a95c3ec937f8ec12d47,structures/x5699a/A71EV2A-x5699a/A71EV2A-x5699a_prepared.pdb,True,170009,0129c3d508c8e9d7317d2621172f0731760b6eed2ebd46a6e45b6f1b9aed482e,structures/x5699a/A71EV2A-x5699a/A71EV2A-x5699a_ligand_ref.sdf,True,1886,81609590c29d1761684db6ff68c029ac0c48e19d4c388205ad400b56fd73dc95,structures/x5699a/A71EV2A-x5699a/A71EV2A-x5699a_ligand_prepared.sdf,True,3380,2df0df1f821d9723fbe30f1125f6202ede8eb8a266b8eafefb31ecf5dd87b82a,1110,1077,33,21,2097,2097,,,True,1,21,21,0,Br:1;C:15;F:1;N:2;O:2,True,1,39,21,0,Br:1;C:15;F:1;H:18;N:2;O:2
695,A71EV2A-x5705a,x5705a_x5705b,NC(=O)[C@H]1CCN(C(=O)[C@@H]2CCCN2C(=O)c2cccs2)C1,5.0123,False,False,True,True,False,46.0464,95.6522,44.0444,structures/x5705a_x5705b/A71EV2A-x5705a,structures/x5705a_x5705b/A71EV2A-x5705a/A71EV2A-x5705a_complex_ref.pdb,True,406378,e7afadff06f194af53e25df2ac37b7ed112cf0d6e8216adc6c1f9216541fd67d,structures/x5705a_x5705b/A71EV2A-x5705a/A71EV2A-x5705a_prepared.pdb,True,170009,4b04b6d51323f555ecb434c9192b859c53b28b88857325bbb8852af21c423472,structures/x5705a_x5705b/A71EV2A-x5705a/A71EV2A-x5705a_ligand_ref.sdf,True,1982,426a6ee0d4685029f22ad86fd123baa50851f6610ef188edc5c3890f10a2a677,structures/x5705a_x5705b/A71EV2A-x5705a/A71EV2A-x5705a_ligand_prepared.sdf,True,3559,d7166e50b58ff9c4ac8b81e00d15782815e9a88bf35852b13d46bae1fb8b90dc,2298,2217,81,44,2097,2097,,,True,1,22,22,0,C:15;N:3;O:3;S:1,True,1,41,22,0,C:15;H:19;N:3;O:3;S:1
696,A71EV2A-x5705b,x5705a_x5705b,NC(=O)[C@H]1CCN(C(=O)[C@@H]2CCCN2C(=O)c2cccs2)C1,5.0123,False,False,True,True,False,45.9202,95.6522,43.9236,structures/x5705a_x5705b/A71EV2A-x5705b,structures/x5705a_x5705b/A71EV2A-x5705b/A71EV2A-x5705b_complex_ref.pdb,True,406621,2f223783eedaafe2d9b7a7bc4fb12159f04e870d5c15a5e08f1f03b8a4bcd4fb,structures/x5705a_x5705b/A71EV2A-x5705b/A71EV2A-x5705b_prepared.pdb,True,170009,c6d6d012913c91131398ed0540e73895357b02bebc7bc3ac4c8b1ff9c3b1c356,structures/x5705a_x5705b/A71EV2A-x5705b/A71EV2A-x5705b_ligand_ref.sdf,True,1982,fec3b85a71ba89f0134a58164329f69c32dd080d4592359045c4f0582cf42f82,structures/x5705a_x5705b/A71EV2A-x5705b/A71EV2A-x5705b_ligand_prepared.sdf,True,3559,cdd1c74589d7aba363739abd8aed44ccdd41334a49fe3fc3d2d6b5f865dddc2f,2301,2217,84,44,2097,2097,,,True,1,22,22,0,C:15;N:3;O:3;S:1,True,1,41,22,0,C:15;H:19;N:3;O:3;S:1
697,A71EV2A-x5721a,x5721a_x5721b,Cn1ncc2ccc(CN3C[C@@H](C(N)=O)CC(C)(C)C3=O)cc21,4.0057,False,False,True,True,False,38.8848,96,37.3294,structures/x5721a_x5721b/A71EV2A-x5721a,structures/x5721a_x5721b/A71EV2A-x5721a/A71EV2A-x5721a_complex_ref.pdb,True,380212,24707ae6653711c54d4bddaa03744d979567d2ac60d74175ff386e436cab2b43,structures/x5721a_x5721b/A71EV2A-x5721a/A71EV2A-x5721a_prepared.pdb,True,170009,24a1f6b58439233a0e69663e7a9ca3371f4b86d99587289065ee406b103d515e,structures/x5721a_x5721b/A71EV2A-x5721a/A71EV2A-x5721a_ligand_ref.sdf,True,2064,f8b8938fd842b78893b3a9c68bfd33f0a938e3248e1df50427d6bfee7ff7431a,structures/x5721a_x5721b/A71EV2A-x5721a/A71EV2A-x5721a_ligand_prepared.sdf,True,3890,5baa3c64cf58cb3d93cd0c77a8736b705856fa0a8c2ffb98c4aa2d34fbc5b549,2229,2154,75,46,2097,2097,,,True,1,23,23,0,C:17;N:4;O:2,True,1,45,23,0,C:17;H:22;N:4;O:2
698,A71EV2A-x5721b,x5721a_x5721b,Cn1ncc2ccc(CN3C[C@@H](C(N)=O)CC(C)(C)C3=O)cc21,4.0057,False,False,True,True,False,40.4792,95.8333,38.7926,structures/x5721a_x5721b/A71EV2A-x5721b,structures/x5721a_x5721b/A71EV2A-x5721b/A71EV2A-x5721b_complex_ref.pdb,True,380212,d9b65d40bd03542b08f2e9616a30c75576b6e8da06c65101b19d9ebce0b1f43a,structures/x5721a_x5721b/A71EV2A-x5721b/A71EV2A-x5721b_prepared.pdb,True,170009,2108ab4c4a0a4d8a98d7039137c94c6102206221ab2c2d94ae49914b23c4c9c6,structures/x5721a_x5721b/A71EV2A-x5721b/A71EV2A-x5721b_ligand_ref.sdf,True,2064,fd5003c700e7f367347ce40aa2e53665343f1c60669b008cccced6a1f1324501,structures/x5721a_x5721b/A71EV2A-x5721b/A71EV2A-x5721b_ligand_prepared.sdf,True,3890,df42f312471a77a0c1898fe5196b532226ac0844f2a6db002badf19388918cc0,2229,2154,75,46,2097,2097,,,True,1,23,23,0,C:17;N:4;O:2,True,1,45,23,0,C:17;H:22;N:4;O:2
699,A71EV2A-x5727a,x5727a,Cc1ccc([C@H](c2nccn2C)N2C[C@@H](C(N)=O)CCC2=O)cc1,,False,False,True,True,False,38.1083,96.1538,36.6426,structures/x5727a/A71EV2A-x5727a,structures/x5727a/A71EV2A-x5727a/A71EV2A-x5727a_complex_ref.pdb,True,204683,9a141aeaf343747b2a377af8290f7ce64e8211d0dbe05e5b141805b5f3c550d5,structures/x5727a/A71EV2A-x5727a/A71EV2A-x5727a_prepared.pdb,True,170009,956626a168d6a60147f5dcab19cb29b5d812c492a55e3db43b63d89a6ad4182a,structures/x5727a/A71EV2A-x5727a/A71EV2A-x5727a_ligand_ref.sdf,True,2148,002ead2c2b61ccd57a36e2315027088ebdadd6591e2217718a5ad16fe2ca6e9e,structures/x5727a/A71EV2A-x5727a/A71EV2A-x5727a_ligand_prepared.sdf,True,3974,d12637419e806c2c9dd3dd28a8f6a99c19523af31903df7e44dc825a0085d09e,1131,1083,48,24,2097,2097,,,True,1,24,24,0,C:18;N:4;O:2,True,1,46,24,0,C:18;H:22;N:4;O:2
700,A71EV2A-x5728a,x5728a,NC(=O)[C@H]1CCN(C(=O)[C@@H]2CCOc3ccc(Cl)cc32)C1,4.4372,False,False,True,True,False,42.3862,96.1538,40.756,structures/x5728a/A71EV2A-x5728a,structures/x5728a/A71EV2A-x5728a/A71EV2A-x5728a_complex_ref.pdb,True,209466,1718339dd6eb894332f814443457a81a2ca907b0c9fa1e258227a790494f0fa5,structures/x5728a/A71EV2A-x5728a/A71EV2A-x5728a_prepared.pdb,True,170009,f1e94bc1373c18982ee8d867d9ebb946dda2eeb783b5512c9bc5ca5bfc22b5e4,structures/x5728a/A71EV2A-x5728a/A71EV2A-x5728a_ligand_ref.sdf,True,1899,c40a0ca08b6f4e5bca39ec94dee946a92b4c7629bb861274faeeaab7037cdf55,structures/x5728a/A71EV2A-x5728a/A71EV2A-x5728a_ligand_prepared.sdf,True,3310,711484e41d4582c79ce4901151bcdca325d30906c497b44333fae1d16446c8b2,1146,1083,63,21,2097,2097,,,True,1,21,21,0,C:15;Cl:1;N:2;O:3,True,1,38,21,0,C:15;Cl:1;H:17;N:2;O:3
701,A71EV2A-x5744a,x5744a,C[C@@H](c1ccc2[nH]ncc2c1)N1C[C@@H](C(N)=O)CCC1=O,4.1801,False,False,True,True,False,42.5449,96,40.8431,structures/x5744a/A71EV2A-x5744a,structures/x5744a/A71EV2A-x5744a/A71EV2A-x5744a_complex_ref.pdb,True,207522,205db87ecd680e752af64a6832641452a7d8c7b75fa5023f1ad91110dce01026,structures/x5744a/A71EV2A-x5744a/A71EV2A-x5744a_prepared.pdb,True,170009,e382d6ea4c6371942a0bb59f8efe6fb8794f43c05380f8455147550d39b654f0,structures/x5744a/A71EV2A-x5744a/A71EV2A-x5744a_ligand_ref.sdf,True,1899,ea20dad6778f9b40be7ebbe6c09e7e5fe149880fcb319aaf02e35654b9efdea2,structures/x5744a/A71EV2A-x5744a/A71EV2A-x5744a_ligand_prepared.sdf,True,3393,720493c8faa401cf0785a16856ff96d4231f9827d8d16100d26e956fcef1196a,1123,1080,43,21,2097,2097,,,True,1,21,21,0,C:15;N:4;O:2,True,1,39,21,0,C:15;H:18;N:4;O:2
702,A71EV2A-x5747a,x5747a,C#C[C@@H]1CCCC[C@H]1OC(=O)N1CCC[C@H](C(N)=O)C1,4.0119,False,False,True,True,False,51.1277,90.9091,46.4797,structures/x5747a/A71EV2A-x5747a,structures/x5747a/A71EV2A-x5747a/A71EV2A-x5747a_complex_ref.pdb,True,210111,4652bd09ee01a39f6de76d557539c69df124dbf0f1a1ab50e62d495803f98e77,structures/x5747a/A71EV2A-x5747a/A71EV2A-x5747a_prepared.pdb,True,168794,3ac6d045033a87ed2f740051effab308e3a06cdbf2e50504e1787cbaa3fe14fc,structures/x5747a/A71EV2A-x5747a/A71EV2A-x5747a_ligand_ref.sdf,True,1803,71991759b28e79907c2dbfe87a5f05c051d4ec574ef86086912a9c9ccddfc79d,structures/x5747a/A71EV2A-x5747a/A71EV2A-x5747a_ligand_prepared.sdf,True,3629,98ff72536353352de2ff2196dcfd1cfac6d956aa8972a0430ec112245478862e,1135,1081,54,20,2082,2082,,,True,1,20,20,0,C:15;N:2;O:3,True,1,42,20,0,C:15;H:22;N:2;O:3
703,A71EV2A-x5753a,x5753a,CCn1ncc2c1C[C@@H](C(=O)N1CC[C@H](C(N)=O)C1)CC2,,False,False,True,True,False,44.9131,91.6667,41.1703,structures/x5753a/A71EV2A-x5753a,structures/x5753a/A71EV2A-x5753a/A71EV2A-x5753a_complex_ref.pdb,True,395360,0c8b806b67e300378c91124988bf6b10641b93d69a64648e4ea40a4982248d55,structures/x5753a/A71EV2A-x5753a/A71EV2A-x5753a_prepared.pdb,True,170009,66ebc9535de78bafb63c29adc75544217f4c992d962b80972b7320b61f540b4f,structures/x5753a/A71EV2A-x5753a/A71EV2A-x5753a_ligand_ref.sdf,True,1899,5cc7f0d99d873c7011d79e90d3f3a6aa3bce45901157149d46d29591db77229e,structures/x5753a/A71EV2A-x5753a/A71EV2A-x5753a_ligand_prepared.sdf,True,3725,9efec74b837402488f781a111da59b0621aca8708040f7e9ea0f05e44ca3d506,2293,2229,64,21,2097,2097,,,True,1,21,21,0,C:15;N:4;O:2,True,1,43,21,0,C:15;H:22;N:4;O:2
704,A71EV2A-x5758a,x5758a_x5758b,CSc1ccc(Br)cc1CC(=O)N1[C@H]2CC[C@H](C(N)=O)[C@@H]1CC2,4.0227,False,False,True,True,False,43.0145,92.5926,39.8283,structures/x5758a_x5758b/A71EV2A-x5758a,structures/x5758a_x5758b/A71EV2A-x5758a/A71EV2A-x5758a_complex_ref.pdb,True,384503,610e032944d7411ae64c48b1a8061e9ad1bedc763b09fd0c316f115849bf2c79,structures/x5758a_x5758b/A71EV2A-x5758a/A71EV2A-x5758a_prepared.pdb,True,168794,aa588c1d5f297438f13182f9985a2be064717baa968510f17d44e3b43bfd49c3,structures/x5758a_x5758b/A71EV2A-x5758a/A71EV2A-x5758a_ligand_ref.sdf,True,2065,1ca89da398f9787dace1d9a06feb63efd30a0709f95e1480bdfafcfdfc792983,structures/x5758a_x5758b/A71EV2A-x5758a/A71EV2A-x5758a_ligand_prepared.sdf,True,3808,a8660e667a6b44d82daa9b850bb8ace94a144fd12c1bbd55c5f3a562d317dc2e,2239,2158,81,46,2082,2082,,,True,1,23,23,0,Br:1;C:17;N:2;O:2;S:1,True,1,44,23,0,Br:1;C:17;H:21;N:2;O:2;S:1
705,A71EV2A-x5758b,x5758a_x5758b,CSc1ccc(Br)cc1CC(=O)N1[C@H]2CC[C@H](C(N)=O)[C@@H]1CC2,4.0227,False,False,True,True,False,42.9267,92.5926,39.7469,structures/x5758a_x5758b/A71EV2A-x5758b,structures/x5758a_x5758b/A71EV2A-x5758b/A71EV2A-x5758b_complex_ref.pdb,True,384827,db341ea9509b97ab20cf60c3d59b6bfa578bc17cfdedebc7cba1ab8b1e6cd0ba,structures/x5758a_x5758b/A71EV2A-x5758b/A71EV2A-x5758b_prepared.pdb,True,170009,618e117f39f5257fc231dd71b7d37cb1d5d531f9706a7ef6d859774968f4502b,structures/x5758a_x5758b/A71EV2A-x5758b/A71EV2A-x5758b_ligand_ref.sdf,True,2065,f3ebee18ccd73933d2325a72b68f79f48ab4ffb1ffdcab60c71ed8383ec32e51,structures/x5758a_x5758b/A71EV2A-x5758b/A71EV2A-x5758b_ligand_prepared.sdf,True,3808,a6bd9cb986a424136b03275fe8ba6d84ffbe9557ea6bb6cb382558d47b24a7f1,2243,2158,85,46,2097,2097,,,True,1,23,23,0,Br:1;C:17;N:2;O:2;S:1,True,1,44,23,0,Br:1;C:17;H:21;N:2;O:2;S:1
706,A71EV2A-x5764a,x5764a_x5764b,NC(=O)[C@H]1CCN(C(=O)[C@@H]2CCc3cccc(Br)c32)C1,,False,False,True,True,False,42.5631,95.4545,40.6284,structures/x5764a_x5764b/A71EV2A-x5764a,structures/x5764a_x5764b/A71EV2A-x5764a/A71EV2A-x5764a_complex_ref.pdb,True,398680,9a378ccdb2054fa23f794c5b9f8bdcee5fe62716673e348728eaa217725fe8b1,structures/x5764a_x5764b/A71EV2A-x5764a/A71EV2A-x5764a_prepared.pdb,True,170009,b86f573bad3bab1e01c8f814f6cdb00a4a9752142dc7d283773a319a1461624f,structures/x5764a_x5764b/A71EV2A-x5764a/A71EV2A-x5764a_ligand_ref.sdf,True,1816,d05ba07f028826411cce04b357a75e900acb1a7f9aad04444316084541fa8be6,structures/x5764a_x5764b/A71EV2A-x5764a/A71EV2A-x5764a_ligand_prepared.sdf,True,3227,db038e3a74c1b8936f46d81726d549e34759d4ed4a1369d654bb67f6fbe390c9,2283,2193,90,40,2097,2097,,,True,1,20,20,0,Br:1;C:15;N:2;O:2,True,1,37,20,0,Br:1;C:15;H:17;N:2;O:2
707,A71EV2A-x5764b,x5764a_x5764b,NC(=O)[C@H]1CCN(C(=O)[C@@H]2CCc3cccc(Br)c32)C1,,False,False,True,True,False,45.0095,95,42.759,structures/x5764a_x5764b/A71EV2A-x5764b,structures/x5764a_x5764b/A71EV2A-x5764b/A71EV2A-x5764b_complex_ref.pdb,True,398599,5824a1aef1994a1e701c9193096694372a732257de44ad6110ed0b182c15f2eb,structures/x5764a_x5764b/A71EV2A-x5764b/A71EV2A-x5764b_prepared.pdb,True,170009,5ff1bf6c978dc2d66dedca15af35b973e26f5ee55ce2d6117c72ca4c71d50195,structures/x5764a_x5764b/A71EV2A-x5764b/A71EV2A-x5764b_ligand_ref.sdf,True,1816,56ee633f7d1bf4bef27a03be9b8ad29fd5c999f7e3395de9f83fece55a402e78,structures/x5764a_x5764b/A71EV2A-x5764b/A71EV2A-x5764b_ligand_prepared.sdf,True,3227,d249b0c40c2433e7bf7b8a14424b12c1a69b6cb2961de72bfefb4168bfbcc7eb,2282,2193,89,40,2097,2097,,,True,1,20,20,0,Br:1;C:15;N:2;O:2,True,1,37,20,0,Br:1;C:15;H:17;N:2;O:2
708,A71EV2A-x5766a,x5766a,C[C@H]1CC(=O)N(Cc2ccc3cnn(C)c3c2)C[C@H]1C(N)=O,4.2079,False,False,True,True,False,39.2305,96,37.6613,structures/x5766a/A71EV2A-x5766a,structures/x5766a/A71EV2A-x5766a/A71EV2A-x5766a_complex_ref.pdb,True,224852,f6a3d7a437b069dbf1586329b4063dcbad83bb22ba424bd9a2bef1d5650251e5,structures/x5766a/A71EV2A-x5766a/A71EV2A-x5766a_prepared.pdb,True,170009,017ed4ed54db128b167591851fa260a7867a87593ec0d934b7ca0885be91b17e,structures/x5766a/A71EV2A-x5766a/A71EV2A-x5766a_ligand_ref.sdf,True,1982,44047a9733d005f3bd2315b0b66014dcc80641b3373921195717206c70546b16,structures/x5766a/A71EV2A-x5766a/A71EV2A-x5766a_ligand_prepared.sdf,True,3642,3769944edd4b6559538ff92c74fe20edbce30f6169d806e06936ca0cf7fd532b,1202,1137,65,22,2097,2097,,,True,1,22,22,0,C:16;N:4;O:2,True,1,42,22,0,C:16;H:20;N:4;O:2
709,A71EV2A-x5777a,x5777a_x5777b,C[C@@H]1CC(=O)N(Cc2ccc3cnn(C)c3c2)C[C@H]1C(N)=O,4.7643,False,False,True,True,False,39.9791,92,36.7808,structures/x5777a_x5777b/A71EV2A-x5777a,structures/x5777a_x5777b/A71EV2A-x5777a/A71EV2A-x5777a_complex_ref.pdb,True,398356,443026d674fd042e285ab3e47bca5931eb84921eaede5d11fb2bfaccf71a42b7,structures/x5777a_x5777b/A71EV2A-x5777a/A71EV2A-x5777a_prepared.pdb,True,170009,c4ffd485870c7af865998ef29fec652156c20abe563b0fe86025033aee09f873,structures/x5777a_x5777b/A71EV2A-x5777a/A71EV2A-x5777a_ligand_ref.sdf,True,1982,501c777315d55426e342b406fffaedf8a654feba873a0c2187120b5c0930426f,structures/x5777a_x5777b/A71EV2A-x5777a/A71EV2A-x5777a_ligand_prepared.sdf,True,3642,bfddb39232a4f098f16e6573ba47df4b2af4923af86ca3184d5cdfb537d53494,2301,2215,86,44,2097,2097,,,True,1,22,22,0,C:16;N:4;O:2,True,1,42,22,0,C:16;H:20;N:4;O:2
710,A71EV2A-x5777b,x5777a_x5777b,C[C@@H]1CC(=O)N(Cc2ccc3cnn(C)c3c2)C[C@H]1C(N)=O,4.7643,False,False,True,True,False,39.5429,95.6522,37.8237,structures/x5777a_x5777b/A71EV2A-x5777b,structures/x5777a_x5777b/A71EV2A-x5777b/A71EV2A-x5777b_complex_ref.pdb,True,398437,887b548995bafc9fb4cf030ea66d58b3154a8aeabb9fa88b0beb90ba20004654,structures/x5777a_x5777b/A71EV2A-x5777b/A71EV2A-x5777b_prepared.pdb,True,170009,de687202b6f1e1cfd1f061f4a9f768ca1a08606edc392d6992d7153d494ac103,structures/x5777a_x5777b/A71EV2A-x5777b/A71EV2A-x5777b_ligand_ref.sdf,True,1982,16d9b3eca10755087a8eb1cb3828578aca69855a5a1fa41bb15fc9bab607a604,structures/x5777a_x5777b/A71EV2A-x5777b/A71EV2A-x5777b_ligand_prepared.sdf,True,3642,31f960c703b4bf9feb1a57a86e9e6a179770791681ceb00ebcb043376cd0a449,2302,2215,87,44,2097,2097,,,True,1,22,22,0,C:16;N:4;O:2,True,1,42,22,0,C:16;H:20;N:4;O:2
711,A71EV2A-x5779a,x5779a,NC(=O)[C@H]1CCN(C(=O)Cn2cc(Br)cc(Cl)c2=O)C1,4.0249,False,False,True,True,False,42.2573,88.8889,37.562,structures/x5779a/A71EV2A-x5779a,structures/x5779a/A71EV2A-x5779a/A71EV2A-x5779a_complex_ref.pdb,True,208327,cb836f4e3cac3290d2a3c288bd28a4159cc777080ec66a6ece0d669d375e9491,structures/x5779a/A71EV2A-x5779a/A71EV2A-x5779a_prepared.pdb,True,170009,5e56f41d3abc4ca418f6bf6b0b2c351b849334d074a78588f6f1729bc254fc4b,structures/x5779a/A71EV2A-x5779a/A71EV2A-x5779a_ligand_ref.sdf,True,1803,b7b178d32ea410a053891eb1bea117fbad8cce9f8df015c3d5913409125d5252,structures/x5779a/A71EV2A-x5779a/A71EV2A-x5779a_ligand_prepared.sdf,True,2882,19d116ff2d9cdf7198c5c3444a528ee9ba057073d469740c7a62d1dc69f8f9e1,1122,1080,42,20,2097,2097,,,True,1,20,20,0,Br:1;C:12;Cl:1;N:3;O:3,True,1,33,20,0,Br:1;C:12;Cl:1;H:13;N:3;O:3
712,A71EV2A-x5788a,x5788a,CSc1cccc(-n2ccnc2)c1CC(=O)N1CCC[C@H](C(N)=O)C1,5.5089,False,False,True,True,False,37.2224,91.6667,34.1206,structures/x5788a/A71EV2A-x5788a,structures/x5788a/A71EV2A-x5788a/A71EV2A-x5788a_complex_ref.pdb,True,199984,6a6b3ee91b0960f77f6749b6dec4aa0a077e422623bc98a52296d0dd94923230,structures/x5788a/A71EV2A-x5788a/A71EV2A-x5788a_prepared.pdb,True,170009,0b324aa908a5bce19eb0c3e2975f5ce4d3522b6de874ac41d6a75e7d28d57efa,structures/x5788a/A71EV2A-x5788a/A71EV2A-x5788a_ligand_ref.sdf,True,2231,04b2a2e7f7780fc9fbac78613d287f505c860d7c0a4a9b05106092a155034e88,structures/x5788a/A71EV2A-x5788a/A71EV2A-x5788a_ligand_prepared.sdf,True,4057,e4c9025c033d234aab75fb947ffa52ad1f0afe4baffa5fa042eb99795052a359,1114,1074,40,25,2097,2097,,,True,1,25,25,0,C:18;N:4;O:2;S:1,True,1,47,25,0,C:18;H:22;N:4;O:2;S:1
713,A71EV2A-x5793a,x5793a_x5793b,NC(=O)[C@H]1CCCN(C(=O)Nc2ccccc2Cl)C1,,False,False,True,True,False,49.145,91.6667,45.0495,structures/x5793a_x5793b/A71EV2A-x5793a,structures/x5793a_x5793b/A71EV2A-x5793a/A71EV2A-x5793a_complex_ref.pdb,True,393251,b21b62c9de26318fc4da011409b6dc7c37d3a66fd673cf5eb398546d6108cbc0,structures/x5793a_x5793b/A71EV2A-x5793a/A71EV2A-x5793a_prepared.pdb,True,168794,993799081f8ac6dae130197b4b5cfa6bf326f1d9100689d72658460634a6df0b,structures/x5793a_x5793b/A71EV2A-x5793a/A71EV2A-x5793a_ligand_ref.sdf,True,1720,60d8adaf88bd521d6f61315b7f42c0ba19e466fb43c8ebc55b7ecf10b80fafb1,structures/x5793a_x5793b/A71EV2A-x5793a/A71EV2A-x5793a_ligand_prepared.sdf,True,3048,6eec735feff8b096fb4fa586e2a47acaadb91d5748ee4cbe297402168ea1c44c,2249,2154,95,38,2082,2082,,,True,1,19,19,0,C:13;Cl:1;N:3;O:2,True,1,35,19,0,C:13;Cl:1;H:16;N:3;O:2
714,A71EV2A-x5793b,x5793a_x5793b,NC(=O)[C@H]1CCCN(C(=O)Nc2ccccc2Cl)C1,,False,False,True,True,False,48.3414,95.4545,46.1441,structures/x5793a_x5793b/A71EV2A-x5793b,structures/x5793a_x5793b/A71EV2A-x5793b/A71EV2A-x5793b_complex_ref.pdb,True,392927,8cd04da7a3714876c9d4bb188b4ddcb4acb2943f1f155653409264bf84f04b52,structures/x5793a_x5793b/A71EV2A-x5793b/A71EV2A-x5793b_prepared.pdb,True,170009,60ffd0cbd8ab6d7ee133ce269f8e4dd76cb94563046965bdc0bf02de1ff12e61,structures/x5793a_x5793b/A71EV2A-x5793b/A71EV2A-x5793b_ligand_ref.sdf,True,1720,9e643295b19b84f6e188e93181483bb74de59cbf743ca14b9a508bb1586db62e,structures/x5793a_x5793b/A71EV2A-x5793b/A71EV2A-x5793b_ligand_prepared.sdf,True,3048,925afd0f380ddb60facaf9f48211aed6c2a778ea3ac48ee2378e81cc9f57fb1f,2245,2154,91,38,2097,2097,,,True,1,19,19,0,C:13;Cl:1;N:3;O:2,True,1,35,19,0,C:13;Cl:1;H:16;N:3;O:2
715,A71EV2A-x5798a,x5798a_x5798b,NC(=O)[C@H]1C[C@H]2C[C@H]2N(C(=O)Cc2ccccc2Cl)C1,4.4763,False,False,True,True,False,45.7086,91.6667,41.8996,structures/x5798a_x5798b/A71EV2A-x5798a,structures/x5798a_x5798b/A71EV2A-x5798a/A71EV2A-x5798a_complex_ref.pdb,True,410025,d026717d1165832b2dd506d6a0cd9cdc956c8e0a1f0a03466c11e8159af5d026,structures/x5798a_x5798b/A71EV2A-x5798a/A71EV2A-x5798a_prepared.pdb,True,168794,a6989578ae36dcc1a15e08d85184f66f28a0c7726c638cdfc2d857eeef4f028a,structures/x5798a_x5798b/A71EV2A-x5798a/A71EV2A-x5798a_ligand_ref.sdf,True,1816,98b07fde80d388de1dbb3f59425e70bb104c0c51793dd13b13af5dc2b4a238a8,structures/x5798a_x5798b/A71EV2A-x5798a/A71EV2A-x5798a_ligand_prepared.sdf,True,3227,c1eb5b0781e3f5041a58d5a4a3d609752fa04771daa111b813898513080dab11,2310,2181,129,40,2082,2082,,,True,1,20,20,0,C:15;Cl:1;N:2;O:2,True,1,37,20,0,C:15;Cl:1;H:17;N:2;O:2
716,A71EV2A-x5798b,x5798a_x5798b,NC(=O)[C@H]1C[C@H]2C[C@H]2N(C(=O)Cc2ccccc2Cl)C1,4.4763,False,False,True,True,False,45.7036,95.6522,43.7165,structures/x5798a_x5798b/A71EV2A-x5798b,structures/x5798a_x5798b/A71EV2A-x5798b/A71EV2A-x5798b_complex_ref.pdb,True,409782,94c9fd44c62b2bd08254758ea1ece6067439041f5f490b0a3fec96226cafc17d,structures/x5798a_x5798b/A71EV2A-x5798b/A71EV2A-x5798b_prepared.pdb,True,170009,c968f9cede6b5074b5a62b4e1905dca94bfa3ca8eeb159f5445286e088a478a5,structures/x5798a_x5798b/A71EV2A-x5798b/A71EV2A-x5798b_ligand_ref.sdf,True,1816,8495464307e59ba06e4d0e57a86f3f2be4752d49f81cb1231392718ba5d3dedb,structures/x5798a_x5798b/A71EV2A-x5798b/A71EV2A-x5798b_ligand_prepared.sdf,True,3227,1933637d319b4b9a0c9402bc832de7c86e49f1abb8c010deac0156b910a76d18,2307,2181,126,40,2097,2097,,,True,1,20,20,0,C:15;Cl:1;N:2;O:2,True,1,37,20,0,C:15;Cl:1;H:17;N:2;O:2
717,A71EV2A-x5802a,x5802a_x5802b,NC(=O)[C@H]1C[C@@H]2C[C@@H]2N(C(=O)Cc2ccccc2Cl)C1,4.5797,False,False,True,True,False,45.2646,91.6667,41.4926,structures/x5802a_x5802b/A71EV2A-x5802a,structures/x5802a_x5802b/A71EV2A-x5802a/A71EV2A-x5802a_complex_ref.pdb,True,413181,2ff7f67d880092d37d1b92aea9c5e2f42ed859e891df67abff11a785ad660c40,structures/x5802a_x5802b/A71EV2A-x5802a/A71EV2A-x5802a_prepared.pdb,True,170009,c2f25020f29e969287e0a2e0462c1e422eb9e0ca79b2e8d1d804064e01fe69d8,structures/x5802a_x5802b/A71EV2A-x5802a/A71EV2A-x5802a_ligand_ref.sdf,True,1816,5f1885ff662f100b7c6e61cfd2db4898b68c337bf3a89a41fb05693301fcb4be,structures/x5802a_x5802b/A71EV2A-x5802a/A71EV2A-x5802a_ligand_prepared.sdf,True,3227,05d4806f2f83607c0ea4eef6c464b72dbf499fd6f345844aad2d3fae74e3d25e,2334,2190,144,40,2097,2097,,,True,1,20,20,0,C:15;Cl:1;N:2;O:2,True,1,37,20,0,C:15;Cl:1;H:17;N:2;O:2
718,A71EV2A-x5802b,x5802a_x5802b,NC(=O)[C@H]1C[C@@H]2C[C@@H]2N(C(=O)Cc2ccccc2Cl)C1,4.5797,False,False,True,True,False,45.1806,95.6522,43.2162,structures/x5802a_x5802b/A71EV2A-x5802b,structures/x5802a_x5802b/A71EV2A-x5802b/A71EV2A-x5802b_complex_ref.pdb,True,413181,664a68ee757a4500fae12726041a346bf5b6851d4aef51f006b7b9d62b9979d4,structures/x5802a_x5802b/A71EV2A-x5802b/A71EV2A-x5802b_prepared.pdb,True,170009,1d3a0cb777339bc1d3252e8f1503c9feb055aa56111db2fcc34715b85debace8,structures/x5802a_x5802b/A71EV2A-x5802b/A71EV2A-x5802b_ligand_ref.sdf,True,1816,2c8c94a126567e23e717ca17b04c8b1cd016bbc00df526e381dcf97a50c79dd3,structures/x5802a_x5802b/A71EV2A-x5802b/A71EV2A-x5802b_ligand_prepared.sdf,True,3227,52b86aae1a0d8cd3a8de3ab47646dcd7ff459dd157707c079a279a68673d4064,2334,2190,144,40,2097,2097,,,True,1,20,20,0,C:15;Cl:1;N:2;O:2,True,1,37,20,0,C:15;Cl:1;H:17;N:2;O:2
719,A71EV2A-x5808a,x5808a_x5808b,CSc1ncnc(N2CC(c3nncn3C)C2)c1CC(=O)N1CCC[C@H](C(N)=O)C1,6.3262,False,False,True,True,False,33.3624,92.5926,30.8911,structures/x5808a_x5808b/A71EV2A-x5808a,structures/x5808a_x5808b/A71EV2A-x5808a/A71EV2A-x5808a_complex_ref.pdb,True,398440,e6dd658195ad49864a9b324fdb033b2e4210b088cbc8b41c2987a59a95fac216,structures/x5808a_x5808b/A71EV2A-x5808a/A71EV2A-x5808a_prepared.pdb,True,168794,2a1275b871414cbeee90f54c39008ef9c5d645dcf28686ce02f83eb8199f5ee5,structures/x5808a_x5808b/A71EV2A-x5808a/A71EV2A-x5808a_ligand_ref.sdf,True,2659,95bfa7f03963b5314684df26b3671232b580c31c49abf57a80ed58a4cfcdb667,structures/x5808a_x5808b/A71EV2A-x5808a/A71EV2A-x5808a_ligand_prepared.sdf,True,4817,6e94690a28cf9dc58c9613f740b55d60c7119ce7af649845962ae86305e4c7a8,2298,2181,117,60,2082,2082,,,True,1,30,30,0,C:19;N:8;O:2;S:1,True,1,56,30,0,C:19;H:26;N:8;O:2;S:1
720,A71EV2A-x5808b,x5808a_x5808b,CSc1ncnc(N2CC(c3nncn3C)C2)c1CC(=O)N1CCC[C@H](C(N)=O)C1,6.3262,False,False,True,True,False,33.8242,96.1538,32.5233,structures/x5808a_x5808b/A71EV2A-x5808b,structures/x5808a_x5808b/A71EV2A-x5808b/A71EV2A-x5808b_complex_ref.pdb,True,398440,c09e60e0e4a81775f0812d6209d60982a882cc8a421219f07151800d7649660b,structures/x5808a_x5808b/A71EV2A-x5808b/A71EV2A-x5808b_prepared.pdb,True,170009,33ef47396ac6113520b14efeb4c04c8e40c6dde86d43ce5c17441819e99dc250,structures/x5808a_x5808b/A71EV2A-x5808b/A71EV2A-x5808b_ligand_ref.sdf,True,2659,53a4331d8962181d79be1017007cf64426c7407190d34e94e4db4ce0b550e2b2,structures/x5808a_x5808b/A71EV2A-x5808b/A71EV2A-x5808b_ligand_prepared.sdf,True,4817,82aa6958be7ed71f4818d6dcbbdd70385d53e07b1da230f609d7ea1d5b5da683,2298,2181,117,60,2097,2097,,,True,1,30,30,0,C:19;N:8;O:2;S:1,True,1,56,30,0,C:19;H:26;N:8;O:2;S:1
721,A71EV2A-x5819a,x5819a_x5819b,CSc1ccc(Br)cc1OC(=O)N1C[C@H](C(N)=O)CC[C@@H]1C,4.7579,False,False,True,True,False,45.0214,92,41.4197,structures/x5819a_x5819b/A71EV2A-x5819a,structures/x5819a_x5819b/A71EV2A-x5819a/A71EV2A-x5819a_complex_ref.pdb,True,405002,79fc1598d944255edb22095490ae8171ed548303c6622e13dd4842003d3a31c1,structures/x5819a_x5819b/A71EV2A-x5819a/A71EV2A-x5819a_prepared.pdb,True,168794,4a649d8f5fff6f830f42a8d82208953887fa2d03e3be42f5dc5a8b65199f42cb,structures/x5819a_x5819b/A71EV2A-x5819a/A71EV2A-x5819a_ligand_ref.sdf,True,1969,cb936e5ae1836bffd907d27b09e79272a7eaddbc87f04d6bb794cc3d6de7b202,structures/x5819a_x5819b/A71EV2A-x5819a/A71EV2A-x5819a_ligand_prepared.sdf,True,3546,da219f91b32332a8ae3bfbbeb681deec390407de0ff136f61a39bc738d0953b5,2308,2192,116,44,2082,2082,,,True,1,22,22,0,Br:1;C:15;N:2;O:3;S:1,True,1,41,22,0,Br:1;C:15;H:19;N:2;O:3;S:1
722,A71EV2A-x5819b,x5819a_x5819b,CSc1ccc(Br)cc1OC(=O)N1C[C@H](C(N)=O)CC[C@@H]1C,4.7579,False,False,True,True,False,45.0378,92,41.4348,structures/x5819a_x5819b/A71EV2A-x5819b,structures/x5819a_x5819b/A71EV2A-x5819b/A71EV2A-x5819b_complex_ref.pdb,True,404921,2b85efe58ca69cc3387ca7847467d353d14313ecbd2a2c901a8210b76a16b961,structures/x5819a_x5819b/A71EV2A-x5819b/A71EV2A-x5819b_prepared.pdb,True,170009,d01633bd5ec2e09cf63bd52d50ad7d19fdbf07ed491169388261b258e69f9cc8,structures/x5819a_x5819b/A71EV2A-x5819b/A71EV2A-x5819b_ligand_ref.sdf,True,1969,301fd7265e548119521e69f9c357bcaadba0194976cc2e173cb3733382d794dd,structures/x5819a_x5819b/A71EV2A-x5819b/A71EV2A-x5819b_ligand_prepared.sdf,True,3546,fe5c8a418234f6d206c271c33c901eac18df86a1ea66506d57f37296bbae9704,2307,2192,115,44,2097,2097,,,True,1,22,22,0,Br:1;C:15;N:2;O:3;S:1,True,1,41,22,0,Br:1;C:15;H:19;N:2;O:3;S:1
723,A71EV2A-x5822a,x5822a,NC(=O)[C@H]1CCN(C(=O)C2(c3ccc4c(c3)OCO4)CCOCC2)C1,,False,False,True,True,False,35.002,95.8333,33.5436,structures/x5822a/A71EV2A-x5822a,structures/x5822a/A71EV2A-x5822a/A71EV2A-x5822a_complex_ref.pdb,True,213759,6b65facf682e8e1d4800a26a5c6e2f586ef0f48604fd36d5f406c3e74c4ab8bf,structures/x5822a/A71EV2A-x5822a/A71EV2A-x5822a_prepared.pdb,True,170009,9cc58052408b29a9a68c19ffbd2d8aba1efa962a9d307b9d641a3cd7d0bb7943,structures/x5822a/A71EV2A-x5822a/A71EV2A-x5822a_ligand_ref.sdf,True,2243,7d3132db636d7b9b205c20b1ed70a69e11cc158a7f8f57f2755542334ad2d284,structures/x5822a/A71EV2A-x5822a/A71EV2A-x5822a_ligand_prepared.sdf,True,4069,1adf8c35048f3e0852b4b37310c86e334492ab5dc9a825e91db3130bec7fb459,1130,1087,43,25,2097,2097,,,True,1,25,25,0,C:18;N:2;O:5,True,1,47,25,0,C:18;H:22;N:2;O:5
724,A71EV2A-x5824a,x5824a_x5824b,NC(=O)[C@H]1CCN(C(=O)Cn2c(=O)sc3ccc(Cl)cc32)C1,4.0017,False,False,True,True,False,48.9528,92,45.0366,structures/x5824a_x5824b/A71EV2A-x5824a,structures/x5824a_x5824b/A71EV2A-x5824a/A71EV2A-x5824a_complex_ref.pdb,True,392118,eb7c76c72856d3005103660dbfdb143017f1f1251cbe2efc228289873dc4c9fc,structures/x5824a_x5824b/A71EV2A-x5824a/A71EV2A-x5824a_prepared.pdb,True,168794,3293c1f594f7bc4315ed085c4f96cfff43141c52e611da63c4aba969b74a7afc,structures/x5824a_x5824b/A71EV2A-x5824a/A71EV2A-x5824a_ligand_ref.sdf,True,1982,960e0825b7162d489a7b5affd5a43753dbcbe5549de9ff938a06e55bcc2aac96,structures/x5824a_x5824b/A71EV2A-x5824a/A71EV2A-x5824a_ligand_prepared.sdf,True,3144,68c6abe0e2846686e25f3d7a54d915b21efb98e0d2a1feaffbf2c06cb7ecd2d0,2258,2182,76,44,2082,2082,,,True,1,22,22,0,C:14;Cl:1;N:3;O:3;S:1,True,1,36,22,0,C:14;Cl:1;H:14;N:3;O:3;S:1
725,A71EV2A-x5824b,x5824a_x5824b,NC(=O)[C@H]1CCN(C(=O)Cn2c(=O)sc3ccc(Cl)cc32)C1,4.0017,False,False,True,True,False,44.8349,95.8333,42.9668,structures/x5824a_x5824b/A71EV2A-x5824b,structures/x5824a_x5824b/A71EV2A-x5824b/A71EV2A-x5824b_complex_ref.pdb,True,391956,ce9770b142ca8c6199c96b177cc236758dc891c5b044e31a9370e9a2f1245dd3,structures/x5824a_x5824b/A71EV2A-x5824b/A71EV2A-x5824b_prepared.pdb,True,170009,c541ba70cdf09494defc38562195c984e8f211c8b41e9682e50b4bb694d3d33f,structures/x5824a_x5824b/A71EV2A-x5824b/A71EV2A-x5824b_ligand_ref.sdf,True,1982,4135d345fcac7084855120362bbaa33ecb487123aa61cdf4b92adc20117f1f94,structures/x5824a_x5824b/A71EV2A-x5824b/A71EV2A-x5824b_ligand_prepared.sdf,True,3144,645c9acfe9b02f61c42496883908b0b6d77decf7ba862954330520eb262cac5f,2256,2182,74,44,2097,2097,,,True,1,22,22,0,C:14;Cl:1;N:3;O:3;S:1,True,1,36,22,0,C:14;Cl:1;H:14;N:3;O:3;S:1
726,A71EV2A-x5830a,x5830a,CSc1ccc(Br)cc1OC(=O)N1C[C@@H](C(N)=O)C[C@@H]2C[C@@H]21,6.135,False,False,True,True,False,42.5294,92,39.127,structures/x5830a/A71EV2A-x5830a,structures/x5830a/A71EV2A-x5830a/A71EV2A-x5830a_complex_ref.pdb,True,210438,2b5ee331b568cab8dae9fb42f95f43c87ce9589bcdecc04a757491930da66811,structures/x5830a/A71EV2A-x5830a/A71EV2A-x5830a_prepared.pdb,True,170009,31340f53e4e7d9772b2ffb41c6ef28d2bda73206ab7368c737e96613e60405d2,structures/x5830a/A71EV2A-x5830a/A71EV2A-x5830a_ligand_ref.sdf,True,1982,1e29d757dd620dd5661f190397ec0788485c5ccd2dea6680368fa2c081dffa60,structures/x5830a/A71EV2A-x5830a/A71EV2A-x5830a_ligand_prepared.sdf,True,3393,06220dc7cd47bcee9e6d1a34af70c72335063f424daa46fbae9f9833fef5e29f,1133,1083,50,22,2097,2097,,,True,1,22,22,0,Br:1;C:15;N:2;O:3;S:1,True,1,39,22,0,Br:1;C:15;H:17;N:2;O:3;S:1
727,A71EV2A-x5833a,x5833a,CSc1ccc(-n2ccnc2)cc1CC(=O)N1CCC[C@H](C(N)=O)C1,5.8167,False,False,True,True,False,40.2012,88,35.377,structures/x5833a/A71EV2A-x5833a,structures/x5833a/A71EV2A-x5833a/A71EV2A-x5833a_complex_ref.pdb,True,205411,d025bee083db25f0598ed00e4fcc78afd0ea59dfcd281f77bd8695d2d6a74c29,structures/x5833a/A71EV2A-x5833a/A71EV2A-x5833a_prepared.pdb,True,170009,a68a7e0ff3f380ae3f77e18cbc4f3ce1402381564bd66e588da3fa8c05e953c9,structures/x5833a/A71EV2A-x5833a/A71EV2A-x5833a_ligand_ref.sdf,True,2231,77295003603a15188ff228510f3d5ef2a021f52be048e961b2b1ac69ce6e6704,structures/x5833a/A71EV2A-x5833a/A71EV2A-x5833a_ligand_prepared.sdf,True,4057,d7c989b6b81569cd6047120942e82a3d333264c8f6bcae79023899b922b7ed81,1129,1083,46,25,2097,2097,,,True,1,25,25,0,C:18;N:4;O:2;S:1,True,1,47,25,0,C:18;H:22;N:4;O:2;S:1
728,A71EV2A-x5836a,x5836a,CSc1ccc(-c2cn[nH]c2)cc1CC(=O)N1C[C@@H](C([NH3+])=O)C[C@@H]2C[C@@H]21,6.4383,False,False,True,True,False,42.8104,88.8889,38.0537,structures/x5836a/A71EV2A-x5836a,structures/x5836a/A71EV2A-x5836a/A71EV2A-x5836a_complex_ref.pdb,True,199418,cefde7f0c4de674ff8813d192edfe8e1e1ab42854b49951c050964eecb73caf5,structures/x5836a/A71EV2A-x5836a/A71EV2A-x5836a_prepared.pdb,True,170009,f579ceca3128a999ef1b32de3838f6e795be3b6d1b6f322a405f564370b3db8b,structures/x5836a/A71EV2A-x5836a/A71EV2A-x5836a_ligand_ref.sdf,True,2344,29dc4c7ee6c3216192d9cfb47521aa05802b49bbfb9c3c65ce00fa2b0b556ce0,structures/x5836a/A71EV2A-x5836a/A71EV2A-x5836a_ligand_prepared.sdf,True,4253,a710bdc8003bb3cf7efb281530824957c559c00cbb33e8bbe7684354bce9c32b,1120,1077,43,26,2097,2097,,,True,1,26,26,1,C:19;N:4;O:2;S:1,True,1,49,26,1,C:19;H:23;N:4;O:2;S:1
729,A71EV2A-x5850a,x5850a,CSc1cccc2c1[C@@H](C(=O)N1CCC[C@H](C(N)=O)C1)CCC2,4.9132,False,False,True,True,False,42.5227,92,39.1209,structures/x5850a/A71EV2A-x5850a,structures/x5850a/A71EV2A-x5850a/A71EV2A-x5850a_complex_ref.pdb,True,209623,0a00ee581d6b40713a7322025df3c921111b9ac13c3f22ff7b55062feb60e88c,structures/x5850a/A71EV2A-x5850a/A71EV2A-x5850a_prepared.pdb,True,171224,154b4d4a8b09e3cef07012451419cea516f87aaab34ad669f0b856db99d1d847,structures/x5850a/A71EV2A-x5850a/A71EV2A-x5850a_ligand_ref.sdf,True,2065,13965bc5fc64a44ae12d6ae7530784578d35586c8569f50e4b23b416e5175870,structures/x5850a/A71EV2A-x5850a/A71EV2A-x5850a_ligand_prepared.sdf,True,4057,7df75337f8982718857d766db2bab60a120694005d613d5a7cf7d0c838b572db,1147,1102,45,23,2112,2112,,,True,1,23,23,0,C:18;N:2;O:2;S:1,True,1,47,23,0,C:18;H:24;N:2;O:2;S:1
730,A71EV2A-x5854a,x5854a_x6877a,CSc1ccc2ncccc2c1NC(=O)N1C[C@@H](C(N)=O)C[C@@H]2C[C@@H]21,6.1556,False,False,True,True,False,42.1776,92.3077,38.9332,structures/x5854a_x6877a/A71EV2A-x5854a,structures/x5854a_x6877a/A71EV2A-x5854a/A71EV2A-x5854a_complex_ref.pdb,True,212945,ce1835268b9b68cbc30a0ab96fb6e7cb388d752fe93b007c038fd76e4c3a5df3,structures/x5854a_x6877a/A71EV2A-x5854a/A71EV2A-x5854a_prepared.pdb,True,170009,659e173fd33ce26554ee4e05f7c49192d82667ea75ebf1d1eb3107fafdc48df4,structures/x5854a_x6877a/A71EV2A-x5854a/A71EV2A-x5854a_ligand_ref.sdf,True,2244,2db01e856f927d99eeb8b9abf545d61007ce1d782e2dd72de923b98c58dabdce,structures/x5854a_x6877a/A71EV2A-x5854a/A71EV2A-x5854a_ligand_prepared.sdf,True,3904,899a5d4afad94d17c12c54a6f88635d2bbb57d84a4a938cda7b9c1b9e1fd55eb,1122,1083,39,25,2097,2097,,,True,1,25,25,0,C:18;N:4;O:2;S:1,True,1,45,25,0,C:18;H:20;N:4;O:2;S:1
731,A71EV2A-x5857a,x5857a,CSc1cccc(-c2ccc(C(F)(F)F)o2)c1CC(=O)N1CCC[C@H](C(N)=O)C1,5.7858,False,False,True,True,False,39.4226,91.6667,36.1374,structures/x5857a/A71EV2A-x5857a,structures/x5857a/A71EV2A-x5857a/A71EV2A-x5857a_complex_ref.pdb,True,213509,be92b4c9f48b764ed496322f8cc002711cd6efa05d550f47c36f44cf3d1d7cef,structures/x5857a/A71EV2A-x5857a/A71EV2A-x5857a_prepared.pdb,True,170009,60cfe1d7c846e30879c8ebdbfcd4cd2ff74dc66bb535debeb03dc58110f781ed,structures/x5857a/A71EV2A-x5857a/A71EV2A-x5857a_ligand_ref.sdf,True,2563,659573fb04312d907e51dbaf97cc7aedc3da72afe300c27d93f6b189ef216071,structures/x5857a/A71EV2A-x5857a/A71EV2A-x5857a_ligand_prepared.sdf,True,4306,6b5d348caa83bc837dc58682ca5181c7fd29491d739980fc07f90116717f5a30,1133,1077,56,29,2097,2097,,,True,1,29,29,0,C:20;F:3;N:2;O:3;S:1,True,1,50,29,0,C:20;F:3;H:21;N:2;O:3;S:1
732,A71EV2A-x5864a,x5864a,CSc1ccc(-c2csc(C(F)F)c2)cc1CC(=O)N1CCC[C@H](C(N)=O)C1,6.1046,False,False,True,True,False,41.2378,88.4615,36.4796,structures/x5864a/A71EV2A-x5864a,structures/x5864a/A71EV2A-x5864a/A71EV2A-x5864a_complex_ref.pdb,True,211891,7651722555182e2e42d0c39cb8c16c4bd862aa2fa5be636fc0708639bc16b4da,structures/x5864a/A71EV2A-x5864a/A71EV2A-x5864a_prepared.pdb,True,171224,a9385a406953db076acd35ee7e1dfb04bc3ad8882a1d17cda2ae608427c584f7,structures/x5864a/A71EV2A-x5864a/A71EV2A-x5864a_ligand_ref.sdf,True,2479,85b572d48c1b69d34e6f393fb4505f483a94bcaa2552f3685f53c2dc7cc146f3,structures/x5864a/A71EV2A-x5864a/A71EV2A-x5864a_ligand_prepared.sdf,True,4305,df0a6b5b1feb8d0fb8a823ec3cd44c3dc2398c32b72fa98c7ac23a98ed0a8b0a,1151,1101,50,28,2112,2112,,,True,1,28,28,0,C:20;F:2;N:2;O:2;S:2,True,1,50,28,0,C:20;F:2;H:22;N:2;O:2;S:2
733,A71EV2A-x5868a,x5868a,CC(C)[C@@H](c1cc(Cl)cc(Br)c1)N1C[C@@H](C(N)=O)CCC1=O,4.5644,False,False,True,True,False,43.8317,92.5926,40.5849,structures/x5868a/A71EV2A-x5868a,structures/x5868a/A71EV2A-x5868a/A71EV2A-x5868a_complex_ref.pdb,True,398194,6be87c6fbf7c8fb5fc22272faac7bb707e71bfef91ca5bd77c71033916e242c8,structures/x5868a/A71EV2A-x5868a/A71EV2A-x5868a_prepared.pdb,True,171224,b5dae94a359bc768be805fc44f4e986e046a9f5caa27a0c4c67a56181f47ca45,structures/x5868a/A71EV2A-x5868a/A71EV2A-x5868a_ligand_ref.sdf,True,1969,68193310743ad05fa8ef9b6a348b67ce6f382ac20c8f07a6306af7b3e3663379,structures/x5868a/A71EV2A-x5868a/A71EV2A-x5868a_ligand_prepared.sdf,True,3629,04cac6124b16cabd4187d1affd1d339fb39e569ed7a96267ee6f1ff7d9bf26a4,2286,2216,70,22,2112,2112,,,True,1,22,22,0,Br:1;C:16;Cl:1;N:2;O:2,True,1,42,22,0,Br:1;C:16;Cl:1;H:20;N:2;O:2
734,A71EV2A-x5877a,x5877a,COc1ncc(-c2ccc(SC)c(CC(=O)N3CCC[C@H](C(N)=O)C3)c2)cc1C#N,5.6129,False,False,True,True,False,37.4107,88,32.9214,structures/x5877a/A71EV2A-x5877a,structures/x5877a/A71EV2A-x5877a/A71EV2A-x5877a_complex_ref.pdb,True,218617,9fab81662237f6353a7bc85601c747401546064b3b22aaccf1415ef0faf17c80,structures/x5877a/A71EV2A-x5877a/A71EV2A-x5877a_prepared.pdb,True,168794,810daf7e2b6fb30cb94add2d066bf1f4ba9d76dc21444878be0d3b62ac9c0d95,structures/x5877a/A71EV2A-x5877a/A71EV2A-x5877a_ligand_ref.sdf,True,2646,357dd2edd121ffef890d4b4f4706af17eb085102b28e193804b77358c8548072,structures/x5877a/A71EV2A-x5877a/A71EV2A-x5877a_ligand_prepared.sdf,True,4638,19dbb8be3e282ccb998a293d8298b26ad6f5d2c6f4cba704144e355c71c169c2,1124,1068,56,30,2082,2082,,,True,1,30,30,0,C:22;N:4;O:3;S:1,True,1,54,30,0,C:22;H:24;N:4;O:3;S:1
735,A71EV2A-x5879a,x5879a_x5879b,CSc1ccc(-c2cc(C)c(=O)n(C)c2)cc1CC(=O)N1CCC[C@H](C(N)=O)C1,6.031,False,False,True,True,False,38.3361,88.4615,33.9127,structures/x5879a_x5879b/A71EV2A-x5879a,structures/x5879a_x5879b/A71EV2A-x5879a/A71EV2A-x5879a_complex_ref.pdb,True,379806,305a26c21359371d237c67dc5b0b83be8893c28fe968f5b491f54fd38276618a,structures/x5879a_x5879b/A71EV2A-x5879a/A71EV2A-x5879a_prepared.pdb,True,170009,99f51e791d1d1bf9417b2c55000833a208499e57a0d71312dead300177fd5209,structures/x5879a_x5879b/A71EV2A-x5879a/A71EV2A-x5879a_ligand_ref.sdf,True,2562,9cc3c5d676d3b57573207265d7e7a13ce06c0f0f66066420149f8c8b76950e74,structures/x5879a_x5879b/A71EV2A-x5879a/A71EV2A-x5879a_ligand_prepared.sdf,True,4803,b49d9103823f24fa34c87016f61c15c5c18501c0e89fe8b499137505d7ae1b2b,2236,2154,82,58,2097,2097,,,True,1,29,29,0,C:22;N:3;O:3;S:1,True,1,56,29,0,C:22;H:27;N:3;O:3;S:1
736,A71EV2A-x5879b,x5879a_x5879b,CSc1ccc(-c2cc(C)c(=O)n(C)c2)cc1CC(=O)N1CCC[C@H](C(N)=O)C1,6.031,False,False,True,True,False,37.6051,92.3077,34.7124,structures/x5879a_x5879b/A71EV2A-x5879b,structures/x5879a_x5879b/A71EV2A-x5879b/A71EV2A-x5879b_complex_ref.pdb,True,379239,7d112688777ff1d5b3303f4a9ff2265383b8d85202691ed6d725d162e7bf981a,structures/x5879a_x5879b/A71EV2A-x5879b/A71EV2A-x5879b_prepared.pdb,True,170009,5aca39913e421c98f729c0f9ef257e47e1bbe2f3b751233acd40eaddc8c87820,structures/x5879a_x5879b/A71EV2A-x5879b/A71EV2A-x5879b_ligand_ref.sdf,True,2562,5b96467a5e0a3026148b076362eadbd622282c9f28498bc91401305b38368cc9,structures/x5879a_x5879b/A71EV2A-x5879b/A71EV2A-x5879b_ligand_prepared.sdf,True,4803,99f68317d6e18c765f9f3f577fb772759eadb425881001fcfde3b96dafb53b6b,2229,2154,75,58,2097,2097,,,True,1,29,29,0,C:22;N:3;O:3;S:1,True,1,56,29,0,C:22;H:27;N:3;O:3;S:1
737,A71EV2A-x5884a,x5884a,CSc1cccc(-c2ccc(C(F)(F)F)cc2C#N)c1CC(=O)N1CCC[C@H](C(N)=O)C1,5.6569,False,False,True,True,False,37.394,92.3077,34.5176,structures/x5884a/A71EV2A-x5884a,structures/x5884a/A71EV2A-x5884a/A71EV2A-x5884a_complex_ref.pdb,True,199011,bcc03e374aff64a9e51e794d0718ebb56246e8171cb19e81a40934676438cddc,structures/x5884a/A71EV2A-x5884a/A71EV2A-x5884a_prepared.pdb,True,170009,efc71e0bbe010427b473c4d1947508c874b15325e1ec3cdd798f90e06202f653,structures/x5884a/A71EV2A-x5884a/A71EV2A-x5884a_ligand_ref.sdf,True,2811,9581ec0e214901ae7d500d8eeea64d9469cde3513476df52d76445a1c0d1d185,structures/x5884a/A71EV2A-x5884a/A71EV2A-x5884a_ligand_prepared.sdf,True,4637,8a80a91ec822130511148cd9dfcd164c984000ba432fb01467a406d7b4680595,1119,1074,45,32,2097,2097,,,True,1,32,32,0,C:23;F:3;N:3;O:2;S:1,True,1,54,32,0,C:23;F:3;H:22;N:3;O:2;S:1
738,A71EV2A-x5891a,x5891a,CSc1ccc(Br)cc1[C@@H](NC(=O)OC(C)(C)C)C(=O)N1CC[C@H](C(N)=O)C1,4.6163,False,False,True,True,False,32.9917,88.4615,29.1849,structures/x5891a/A71EV2A-x5891a,structures/x5891a/A71EV2A-x5891a/A71EV2A-x5891a_complex_ref.pdb,True,399165,f993ceb2204b7b99560604b5719ff73b3e690b094996b6beaa9643d9bf1e4919,structures/x5891a/A71EV2A-x5891a/A71EV2A-x5891a_prepared.pdb,True,171224,df0b9f7cb92e2fe0e1eb3cb39f8908e4e96e2cd9d7125508b0e7e42f14f6862d,structures/x5891a/A71EV2A-x5891a/A71EV2A-x5891a_ligand_ref.sdf,True,2467,f38041abc5bbff7ef95f0211baa27fb4f279e9b784ee9eaa21ded456590f5555,structures/x5891a/A71EV2A-x5891a/A71EV2A-x5891a_ligand_prepared.sdf,True,4625,85bc69ed01eb24f6453ad2df390aef280a6f95e3e856fba7de24c085edd691e2,2290,2206,84,28,2112,2112,,,True,1,28,28,0,Br:1;C:19;N:3;O:4;S:1,True,1,54,28,0,Br:1;C:19;H:26;N:3;O:4;S:1
739,A71EV2A-x5894a,x5894a,C[C@@H](c1nccc2ccccc12)N1C[C@@H](C(N)=O)CCC1=O,,False,False,True,True,False,46.1777,92,42.4835,structures/x5894a/A71EV2A-x5894a,structures/x5894a/A71EV2A-x5894a/A71EV2A-x5894a_complex_ref.pdb,True,399899,6e316c495e82082c75aa9fb47c2225de0460bf43c17e8dcaba6fe7410993145f,structures/x5894a/A71EV2A-x5894a/A71EV2A-x5894a_prepared.pdb,True,170009,7f4297fb31f01d745c63d7a4ffe9f9f647cdbb092901fb494bbd87ed0d019c80,structures/x5894a/A71EV2A-x5894a/A71EV2A-x5894a_ligand_ref.sdf,True,1982,0d436825203bdd83ca863592c0ae6df49d1c98004869d94e0d68c3468da0fc57,structures/x5894a/A71EV2A-x5894a/A71EV2A-x5894a_ligand_prepared.sdf,True,3559,1be762928a414863c68e22aadb320d22ccdb12f6a3cd874d821b773db689866e,2251,2189,62,22,2097,2097,,,True,1,22,22,0,C:17;N:3;O:2,True,1,41,22,0,C:17;H:19;N:3;O:2
740,A71EV2A-x5898a,x5898a,Cn1ccnc1[C@@H](c1ccccc1)[N@H+]1C[C@H]2C[C@@](C(N)=O)(C1)C2,,False,False,True,True,False,38.6461,95.4545,36.8895,structures/x5898a/A71EV2A-x5898a,structures/x5898a/A71EV2A-x5898a/A71EV2A-x5898a_complex_ref.pdb,True,215700,c03603f207d03013902846a262abaacce6f663a96498cb2f66925d436f484677,structures/x5898a/A71EV2A-x5898a/A71EV2A-x5898a_prepared.pdb,True,170009,5af841ac14ac5a4a6f660b4262a62bc53bada0fad20f67b7430e6e99812ab73f,structures/x5898a/A71EV2A-x5898a/A71EV2A-x5898a_ligand_ref.sdf,True,2095,36265bd653624a1d3d64753f24d3aaaac56e2bd287783606be582a53ad81bb32,structures/x5898a/A71EV2A-x5898a/A71EV2A-x5898a_ligand_prepared.sdf,True,4004,fee98449f76242077e3f8c3ca19b87f17e658fd836df71927d2783278af05886,1128,1083,45,23,2097,2097,,,True,1,23,23,1,C:18;N:4;O:1,True,1,46,23,1,C:18;H:23;N:4;O:1
741,A71EV2A-x5949a,x5949a,CN(C)c1cccc2c1C[C@@H](C(=O)N1CC[C@H](C(N)=O)C1)S2,,False,False,True,True,False,41.1777,90.4762,37.256,structures/x5949a/A71EV2A-x5949a,structures/x5949a/A71EV2A-x5949a/A71EV2A-x5949a_complex_ref.pdb,True,383047,3467cbe1d8ac3ce17438ce40ac86178b14e503daf66b5c9356ea0eae178fadc9,structures/x5949a/A71EV2A-x5949a/A71EV2A-x5949a_prepared.pdb,True,168794,2405923e873d6133a2ec2f7e9af8cfb3f83cba1c00fa6d3c66e96a4e46260978,structures/x5949a/A71EV2A-x5949a/A71EV2A-x5949a_ligand_ref.sdf,True,1982,54a76fc266897e854babce8a78db53e5baf3b0bf0b5f96b83be7beab6099ee54,structures/x5949a/A71EV2A-x5949a/A71EV2A-x5949a_ligand_prepared.sdf,True,3725,6eb319711c646d70a155a0d13a03881e773d4f58ebd599a69d1ef5b68d1f48c7,2211,2171,40,22,2082,2082,,,True,1,22,22,0,C:16;N:3;O:2;S:1,True,1,43,22,0,C:16;H:21;N:3;O:2;S:1
742,A71EV2A-x5992a,x5992a_x5992b,CSc1ccccc1CC(=O)N1C[C@@H](C(N)=O)CC[C@@H]1CO,4.5997,False,False,True,True,False,41.7113,92.3077,38.5027,structures/x5992a_x5992b/A71EV2A-x5992a,structures/x5992a_x5992b/A71EV2A-x5992a/A71EV2A-x5992a_complex_ref.pdb,True,392363,c4ae75db21751d992aa60bb0a811a7cf06767fadc92b268b78e32807af0a34ac,structures/x5992a_x5992b/A71EV2A-x5992a/A71EV2A-x5992a_prepared.pdb,True,170009,035d3e99b8d8d4a92dc15d0c607f2eaac8237b75824f78266551a49952e40d50,structures/x5992a_x5992b/A71EV2A-x5992a/A71EV2A-x5992a_ligand_ref.sdf,True,1969,65c53044c6fe1bba2d72ae7b846ac752d48b4393610ec21f9f869a776f844eb0,structures/x5992a_x5992b/A71EV2A-x5992a/A71EV2A-x5992a_ligand_prepared.sdf,True,3795,d2143f459e02f8a00b3b3d04c15e830a79de1c46e17c7e7ea9d545cf17c35049,2252,2172,80,44,2097,2097,,,True,1,22,22,0,C:16;N:2;O:3;S:1,True,1,44,22,0,C:16;H:22;N:2;O:3;S:1
743,A71EV2A-x5992b,x5992a_x5992b,CSc1ccccc1CC(=O)N1C[C@@H](C(N)=O)CC[C@@H]1CO,4.5997,False,False,True,True,False,37.8121,96.1538,36.3578,structures/x5992a_x5992b/A71EV2A-x5992b,structures/x5992a_x5992b/A71EV2A-x5992b/A71EV2A-x5992b_complex_ref.pdb,True,392687,f92c841908077d2b4cfd061ed4697c2079c264bf39e0616306d8ebad6133577e,structures/x5992a_x5992b/A71EV2A-x5992b/A71EV2A-x5992b_prepared.pdb,True,170009,3c3cfb5f1c165647c50f194e32516bca4ad964257a826a8378c8943b770bcc64,structures/x5992a_x5992b/A71EV2A-x5992b/A71EV2A-x5992b_ligand_ref.sdf,True,1969,817bc15bda828da4fc344b8958eb174ec18ebdffe629a91c92a2320f752dcb81,structures/x5992a_x5992b/A71EV2A-x5992b/A71EV2A-x5992b_ligand_prepared.sdf,True,3795,10ed49ff7e7509d50a7380a309e972b143078c158492c9a6c48797432ec95409,2256,2172,84,44,2097,2097,,,True,1,22,22,0,C:16;N:2;O:3;S:1,True,1,44,22,0,C:16;H:22;N:2;O:3;S:1
744,A71EV2A-x5995a,x5995a_x5995b,CSc1cccc2c1[C@H](C(=O)N1CCC[C@H](C(N)=O)C1)CCC2,4.9132,False,False,True,True,False,40.2959,91.6667,36.9379,structures/x5995a_x5995b/A71EV2A-x5995a,structures/x5995a_x5995b/A71EV2A-x5995a/A71EV2A-x5995a_complex_ref.pdb,True,411482,d5344b89317e4b2ab99eb44d08ea08ac3c05c1c9cbe7e47b62785c38b6585224,structures/x5995a_x5995b/A71EV2A-x5995a/A71EV2A-x5995a_prepared.pdb,True,170009,8a8d8315ebaf6e7f72ebce350bce8579af525b4f83a0d4c09a1200a5598e1ced,structures/x5995a_x5995b/A71EV2A-x5995a/A71EV2A-x5995a_ligand_ref.sdf,True,2065,60294f0f7a8e82d87df94e2e64e64e84448e971060d75d1722d04f314d59a5a3,structures/x5995a_x5995b/A71EV2A-x5995a/A71EV2A-x5995a_ligand_prepared.sdf,True,4057,8a35038a9f9a674ee93287fc7be84c78d37a98b0d49aa9752b18b5b0b082eecc,2349,2250,99,46,2097,2097,,,True,1,23,23,0,C:18;N:2;O:2;S:1,True,1,47,23,0,C:18;H:24;N:2;O:2;S:1
745,A71EV2A-x5995b,x5995a_x5995b,CSc1cccc2c1[C@H](C(=O)N1CCC[C@H](C(N)=O)C1)CCC2,4.9132,False,False,True,True,False,40.5043,92,37.264,structures/x5995a_x5995b/A71EV2A-x5995b,structures/x5995a_x5995b/A71EV2A-x5995b/A71EV2A-x5995b_complex_ref.pdb,True,411158,c4cf9615a1f67e99596f2c8799535a5f38f26f11ad1ce6e65079b5b9ffff2924,structures/x5995a_x5995b/A71EV2A-x5995b/A71EV2A-x5995b_prepared.pdb,True,170009,3a841f7ce04dfac1363801681d31361e02beb3d9242e2e4d2ce866a10739746a,structures/x5995a_x5995b/A71EV2A-x5995b/A71EV2A-x5995b_ligand_ref.sdf,True,2065,c2b3e9153896ec2fded24820b51360c5a627c7f3de5ccd77e9eb324b06602a44,structures/x5995a_x5995b/A71EV2A-x5995b/A71EV2A-x5995b_ligand_prepared.sdf,True,4057,668ca8dfd5c5d9e67aa4296256e7f5d27aa8875565c864086168a9e2594c13ea,2345,2250,95,46,2097,2097,,,True,1,23,23,0,C:18;N:2;O:2;S:1,True,1,47,23,0,C:18;H:24;N:2;O:2;S:1
746,A71EV2A-x6021a,x6021a,CNc1ncnc(SC)c1CC(=O)N1CCC[C@H](C(N)=O)C1,5.472,False,False,True,True,False,42.7886,92.3077,39.4971,structures/x6021a/A71EV2A-x6021a,structures/x6021a/A71EV2A-x6021a/A71EV2A-x6021a_complex_ref.pdb,True,207764,eb123ecce5fb5b2f405490aa54001e1d0964de6361287e1d62435da412346fc2,structures/x6021a/A71EV2A-x6021a/A71EV2A-x6021a_prepared.pdb,True,171224,1635d21020eeff40f8f8a62a004edd036f3a943f06cbca6164db5e39e57956fb,structures/x6021a/A71EV2A-x6021a/A71EV2A-x6021a_ligand_ref.sdf,True,1968,bb1189eae1c87bb8a9b79d4c33d43102505b30b66a4211024f2818a366403f2a,structures/x6021a/A71EV2A-x6021a/A71EV2A-x6021a_ligand_prepared.sdf,True,3711,ccf81a101f9a05cbc87b76af942622efb9d2bdde3b9cd3841271e95a17968993,1136,1092,44,22,2112,2112,,,True,1,22,22,0,C:14;N:5;O:2;S:1,True,1,43,22,0,C:14;H:21;N:5;O:2;S:1
747,A71EV2A-x6025a,x6025a,CSc1ccc(-c2cccc3cnn(C)c23)cc1CC(=O)N1CCC[C@H](C(N)=O)C1,4.8525,False,False,True,True,False,40.4346,88.4615,35.769,structures/x6025a/A71EV2A-x6025a,structures/x6025a/A71EV2A-x6025a/A71EV2A-x6025a_complex_ref.pdb,True,217403,b691e6322e7b8272a0315987187a1265229ebea1df06c8c52e65dd924e4f9fc6,structures/x6025a/A71EV2A-x6025a/A71EV2A-x6025a_prepared.pdb,True,171224,c306f2ba9f743a7e911e533e80d77fa5e931ef212b07eae18084e61c24c385e8,structures/x6025a/A71EV2A-x6025a/A71EV2A-x6025a_ligand_ref.sdf,True,2659,8146d87d68167f501ebd6142a84d3a5f0881518e4d6bc0b3359484e5717d99ab,structures/x6025a/A71EV2A-x6025a/A71EV2A-x6025a_ligand_prepared.sdf,True,4817,9cf34f0d6bc66620885992ea7e46303b5fb2018504bbcf42486dff6f33439bef,1169,1108,61,30,2112,2112,,,True,1,30,30,0,C:23;N:4;O:2;S:1,True,1,56,30,0,C:23;H:26;N:4;O:2;S:1
748,A71EV2A-x6027a,x6027a,C=C(C)c1cccc(SC)c1CC(=O)N1CCC[C@H](C(N)=O)C1,5.4359,False,False,True,True,False,44.4934,92,40.9339,structures/x6027a/A71EV2A-x6027a,structures/x6027a/A71EV2A-x6027a/A71EV2A-x6027a_complex_ref.pdb,True,210356,b65a5ccbcea7e2d6c04ec397802d5b4f181169f99769e4ba68c4a24496a12ad5,structures/x6027a/A71EV2A-x6027a/A71EV2A-x6027a_prepared.pdb,True,171224,b0014963303c36c37eb4bcc3914e8b493f40ef8cd5b5d1c2e02965a0fdaa8c7b,structures/x6027a/A71EV2A-x6027a/A71EV2A-x6027a_ligand_ref.sdf,True,2052,7ff847d02a419f71cfa9f01dde21fe9a16315f18be37416216b1efe647adaa7d,structures/x6027a/A71EV2A-x6027a/A71EV2A-x6027a_ligand_prepared.sdf,True,4044,7951e8b2fb1026e800adf322f255a815a91a377d83f1a5e068f114876dab75fe,1132,1095,37,23,2112,2112,,,True,1,23,23,0,C:18;N:2;O:2;S:1,True,1,47,23,0,C:18;H:24;N:2;O:2;S:1
749,A71EV2A-x6028a,x6028a,CSc1cccc(-c2cn(C)c(=O)c3ccccc23)c1CC(=O)N1CCC[C@H](C(N)=O)C1,6.0863,False,False,True,True,False,34.8176,77.7778,27.0803,structures/x6028a/A71EV2A-x6028a,structures/x6028a/A71EV2A-x6028a/A71EV2A-x6028a_complex_ref.pdb,True,211001,38f2cb11bf7cc7895e8bbce29426a9976aa485c60e59d4701bcdb79beac4af84,structures/x6028a/A71EV2A-x6028a/A71EV2A-x6028a_prepared.pdb,True,171224,fe2c0b5be10c676c362d39148c2a83e18d0c0146e94959a34b9267054955b5d3,structures/x6028a/A71EV2A-x6028a/A71EV2A-x6028a_ligand_ref.sdf,True,2825,f4c3abcfaae42bad78b26064785ae682d42b6e28a7f0d3de8d703d3de424c7bd,structures/x6028a/A71EV2A-x6028a/A71EV2A-x6028a_ligand_prepared.sdf,True,5066,3bb112f576ae106d1fa88e642368f12145bd45b5426cda62d3fc87b4282dffec,1156,1101,55,32,2112,2112,,,True,1,32,32,0,C:25;N:3;O:3;S:1,True,1,59,32,0,C:25;H:27;N:3;O:3;S:1
750,A71EV2A-x6032a,x6032a,CSc1ccc(-c2cncc(C)c2C)cc1CC(=O)N1CCC[C@H](C(N)=O)C1,5.402,False,False,True,True,False,43.1241,88.4615,38.1483,structures/x6032a/A71EV2A-x6032a,structures/x6032a/A71EV2A-x6032a/A71EV2A-x6032a_complex_ref.pdb,True,208895,8da7a73629bc6bc9d55d5db8e89f608b21e3c5d4808163a2ad9de37ea747fed9,structures/x6032a/A71EV2A-x6032a/A71EV2A-x6032a_prepared.pdb,True,171224,029b508150b34c4a2e751dffa983300053c226c283d038165a3d2e3ffbf9fa0d,structures/x6032a/A71EV2A-x6032a/A71EV2A-x6032a_ligand_ref.sdf,True,2480,c06100a735574e97f53553a9b43fc91ea5b4f732d0ad20d49029545b5fd6ce55,structures/x6032a/A71EV2A-x6032a/A71EV2A-x6032a_ligand_prepared.sdf,True,4721,dc24bccafa53ed7a39756a98e1fdde2ef462f9b45635918a7e87a760c437a487,1144,1092,52,28,2112,2112,,,True,1,28,28,0,C:22;N:3;O:2;S:1,True,1,55,28,0,C:22;H:27;N:3;O:2;S:1
751,A71EV2A-x6035a,x6035a,CSc1ccc(-c2cncc3ccccc23)cc1CC(=O)N1CCC[C@H](C(N)=O)C1,5.4841,False,False,True,True,False,44.2734,88,38.9606,structures/x6035a/A71EV2A-x6035a,structures/x6035a/A71EV2A-x6035a/A71EV2A-x6035a_complex_ref.pdb,True,224207,42e222e47108a8ddff813de1edc003b3c1961473cd18b6a1a256a1bb7c574b20,structures/x6035a/A71EV2A-x6035a/A71EV2A-x6035a_prepared.pdb,True,171224,abaf8bc27e3acf8fcb0f6b58a890ba6e1898664b2f00be2e96827c17839d5af7,structures/x6035a/A71EV2A-x6035a/A71EV2A-x6035a_ligand_ref.sdf,True,2658,ddec0ad648285053e272c528b4c58d94641e320910fc9685e485fa0309a62e7f,structures/x6035a/A71EV2A-x6035a/A71EV2A-x6035a_ligand_prepared.sdf,True,4733,30af1f585372079f0f6210f89a4d3a06e0a7cf0684c12fa19a04787a7e4d904e,1194,1113,81,30,2112,2112,,,True,1,30,30,0,C:24;N:3;O:2;S:1,True,1,55,30,0,C:24;H:25;N:3;O:2;S:1
752,A71EV2A-x6714a,x6714a,NC(=O)[C@H]1CCC(=O)N(c2cc3cnccc3c(F)c2F)C1,4.8017,False,False,True,True,False,52.1209,91.6667,47.7775,structures/x6714a/A71EV2A-x6714a,structures/x6714a/A71EV2A-x6714a/A71EV2A-x6714a_complex_ref.pdb,True,397142,baf0a1f2324eeea9b91f9985d7efc58160e6f38869546d4c55995c3d654320dc,structures/x6714a/A71EV2A-x6714a/A71EV2A-x6714a_prepared.pdb,True,171224,be2b459585cb949a66a455d2a2ba1460da2a55ce9d3bec5a0a8aee9a8f1f33f9,structures/x6714a/A71EV2A-x6714a/A71EV2A-x6714a_ligand_ref.sdf,True,1982,132743365e4a36159fe3a512325dcc345866c217ddab2a716bb88bc59343986c,structures/x6714a/A71EV2A-x6714a/A71EV2A-x6714a_ligand_prepared.sdf,True,3061,47d559d69601b85a5faf82b8bd85ea9641fc1de209f3ad86883d6ac7ef34a788,2274,2202,72,22,2112,2112,,,True,1,22,22,0,C:15;F:2;N:3;O:2,True,1,35,22,0,C:15;F:2;H:13;N:3;O:2
753,A71EV2A-x6726a,x6726a,CSc1ccccc1[C@H](NC(=O)CC1CC1)C(=O)N1CC[C@H](C(N)=O)C1,4.2873,False,False,True,True,False,39.1487,92.5926,36.2488,structures/x6726a/A71EV2A-x6726a,structures/x6726a/A71EV2A-x6726a/A71EV2A-x6726a_complex_ref.pdb,True,397064,067b9991b91512a84b4f2f814a313ace7e014c1418485f55e7a60d58116123e7,structures/x6726a/A71EV2A-x6726a/A71EV2A-x6726a_prepared.pdb,True,170009,19010d0b30a8fb49376186a1c30e17d6ed948a8e628b08de3ecbb63e2ac2be3c,structures/x6726a/A71EV2A-x6726a/A71EV2A-x6726a_ligand_ref.sdf,True,2314,6b14abab8cfd82fbb4d7afe4ea5ce1f511aac1214a93e837cc66dbc19b1d2d77,structures/x6726a/A71EV2A-x6726a/A71EV2A-x6726a_ligand_prepared.sdf,True,4389,d166c150d9482356cf13f3b3c270557229cec157c257563cf76d89e167425cae,2277,2210,67,26,2097,2097,,,True,1,26,26,0,C:19;N:3;O:3;S:1,True,1,51,26,0,C:19;H:25;N:3;O:3;S:1
754,A71EV2A-x6730a,x6730a,Cc1sc([C@H](C)N2C[C@@H](C(N)=O)CCC2=O)nc1-c1ccco1,4.6043,False,False,True,True,False,39.424,92.3077,36.3914,structures/x6730a/A71EV2A-x6730a,structures/x6730a/A71EV2A-x6730a/A71EV2A-x6730a_complex_ref.pdb,True,397873,35f452be1f3bd3cf5d6f17fd2c3db6ea0b8efdbf43bdca9f5d8538a7c9feda92,structures/x6730a/A71EV2A-x6730a/A71EV2A-x6730a_prepared.pdb,True,171224,c235539c702d714188814029941e7872fff046eb172a881c3b7b0c8eabb122f9,structures/x6730a/A71EV2A-x6730a/A71EV2A-x6730a_ligand_ref.sdf,True,2065,c14db7211e9c7c249fb80afab903199109e4d7952b6c53aa2498aa987e217f94,structures/x6730a/A71EV2A-x6730a/A71EV2A-x6730a_ligand_prepared.sdf,True,3642,a7620dd0723523dbcfe315924a51bb460e6670ba2f17d650491a37a242c2bc1b,2264,2210,54,23,2112,2112,,,True,1,23,23,0,C:16;N:3;O:3;S:1,True,1,42,23,0,C:16;H:19;N:3;O:3;S:1
755,A71EV2A-x6736a,x6736a,COc1ncccc1-c1ccc(SC)c(CC(=O)N2CCC[C@H](C(N)=O)C2)c1,5.9263,False,False,True,True,False,40.032,88.8889,35.584,structures/x6736a/A71EV2A-x6736a,structures/x6736a/A71EV2A-x6736a/A71EV2A-x6736a_complex_ref.pdb,True,211972,86e31f73f3f9b3784e246f87b3751f6882309bbb56d530eaf9408cd71166fd35,structures/x6736a/A71EV2A-x6736a/A71EV2A-x6736a_prepared.pdb,True,171224,e7a4742167ce469d440da4defa017a13494e6443d195a739b25620990a68a231,structures/x6736a/A71EV2A-x6736a/A71EV2A-x6736a_ligand_ref.sdf,True,2480,d2cb7d437d31a581be08576f26b6e26119c0e6c94832a76d97c10954c997cc28,structures/x6736a/A71EV2A-x6736a/A71EV2A-x6736a_ligand_prepared.sdf,True,4555,41bbaa36c34e156fd040c84278a75d804e2808efa47c52774abfa1e54d333e58,1138,1092,46,28,2112,2112,,,True,1,28,28,0,C:21;N:3;O:3;S:1,True,1,53,28,0,C:21;H:25;N:3;O:3;S:1
756,A71EV2A-x6738a,x6738a,CCC1(CC)CCN(c2ncnc(SC)c2CC(=O)N2CCC[C@H](C(N)=O)C2)C1,6.266,False,False,True,True,False,37.2982,92.5926,34.5353,structures/x6738a/A71EV2A-x6738a,structures/x6738a/A71EV2A-x6738a/A71EV2A-x6738a_complex_ref.pdb,True,201768,47777565e29016d825448936f02015b0bfc4acc63cfe4f95174e232b28c7242e,structures/x6738a/A71EV2A-x6738a/A71EV2A-x6738a_prepared.pdb,True,170009,50b9b059cb46d8e88eebabfe06a8585edad00110244d9931e92739847715428a,structures/x6738a/A71EV2A-x6738a/A71EV2A-x6738a_ligand_ref.sdf,True,2562,b4e04a92768e91f1775835498d790214ab93742013cabf9aca0c0a093c137af9,structures/x6738a/A71EV2A-x6738a/A71EV2A-x6738a_ligand_prepared.sdf,True,5301,0057d0220601311ba41bc31f2e13ffe9fd92ff6b1a1f0325d89a431f3a5d1f47,1123,1077,46,29,2097,2097,,,True,1,29,29,0,C:21;N:5;O:2;S:1,True,1,62,29,0,C:21;H:33;N:5;O:2;S:1
757,A71EV2A-x6739a,x6739a,CSc1ccc(C(=O)N2Cc3nccc(C)c3C2)cc1CC(=O)N1CCC[C@H](C(N)=O)C1,5.7321,False,False,True,True,False,29.6691,85.7143,25.4306,structures/x6739a/A71EV2A-x6739a,structures/x6739a/A71EV2A-x6739a/A71EV2A-x6739a_complex_ref.pdb,True,213758,71dfe08d558e27afb5f562fd9fd75ab726e1e69b0dd5753dcb53b18f05fdd580,structures/x6739a/A71EV2A-x6739a/A71EV2A-x6739a_prepared.pdb,True,171224,52d6a5a7ca062d0bb42d0511491879b72e2537aba4cf9fc0c05423507feabbc0,structures/x6739a/A71EV2A-x6739a/A71EV2A-x6739a_ligand_ref.sdf,True,2824,cf79636e5b0e5ab9de6ae9353828179330683fb0b5ee21b0fa5d517b33611cee,structures/x6739a/A71EV2A-x6739a/A71EV2A-x6739a_ligand_prepared.sdf,True,5148,510cf4364eba781ba7fb3c1e3c3dd34294fec0781358bbdd3901e15ed1a45bb1,1141,1092,49,32,2112,2112,,,True,1,32,32,0,C:24;N:4;O:3;S:1,True,1,60,32,0,C:24;H:28;N:4;O:3;S:1
758,A71EV2A-x6746a,x6746a,CSc1ccc(-c2ccncc2)cc1NC(=O)N1C[C@@H](C(N)=O)C[C@@H]2C[C@@H]21,5.742,False,False,True,True,False,45.0965,88.4615,39.893,structures/x6746a/A71EV2A-x6746a,structures/x6746a/A71EV2A-x6746a/A71EV2A-x6746a_complex_ref.pdb,True,208331,f3e37f0df19f3186fdd21890b7e941f8ca21bf96e5507202302dfaaf3dab7c55,structures/x6746a/A71EV2A-x6746a/A71EV2A-x6746a_prepared.pdb,True,171224,dd2be1250afdc153a5329c0001572ddf8758e8d0652937e57fdcee842c63541b,structures/x6746a/A71EV2A-x6746a/A71EV2A-x6746a_ligand_ref.sdf,True,2409,e630909d6330dcc0778c801d9be6f1ca46dbb1ef797053d73d0a80d604e78658,structures/x6746a/A71EV2A-x6746a/A71EV2A-x6746a_ligand_prepared.sdf,True,4235,f3a305b9ad3eae932217781840b4eea9fbd83c98372daff47b9ca87194a63384,1125,1086,39,27,2112,2112,,,True,1,27,27,0,C:20;N:4;O:2;S:1,True,1,49,27,0,C:20;H:22;N:4;O:2;S:1
759,A71EV2A-x6769a,x6769a,CSc1ccc(-c2cc(C#N)ncc2F)cc1CC(=O)N1CCC[C@H](C(N)=O)C1,5.6827,False,False,True,True,False,38.7558,88,34.1051,structures/x6769a/A71EV2A-x6769a,structures/x6769a/A71EV2A-x6769a/A71EV2A-x6769a_complex_ref.pdb,True,212220,ad068e4c9cb604d16bf3dfeaa649a208916d1426ac36c9c1f6c3d6760173ec5f,structures/x6769a/A71EV2A-x6769a/A71EV2A-x6769a_prepared.pdb,True,171224,778a7fd07f0509f97ea5165bec5b4f3cc2875788a20432fe9b7922730539bf6d,structures/x6769a/A71EV2A-x6769a/A71EV2A-x6769a_ligand_ref.sdf,True,2563,98f16893e72174eb20c40f50c9def764084ca4d5b1cc8b9c23307874c12c5475,structures/x6769a/A71EV2A-x6769a/A71EV2A-x6769a_ligand_prepared.sdf,True,4306,be6e4ef61e88459356360015d8ba718c44dcb17dd6d52dd20373862df87c9248,1144,1099,45,29,2112,2112,,,True,1,29,29,0,C:21;F:1;N:4;O:2;S:1,True,1,50,29,0,C:21;F:1;H:21;N:4;O:2;S:1
760,A71EV2A-x6776a,x6776a,CSc1ccccc1[C@@H](NC(=O)C[NH+](C)C)C(=O)N1CC[C@H](C(N)=O)C1,,False,False,True,True,False,37.0027,89.2857,33.0381,structures/x6776a/A71EV2A-x6776a,structures/x6776a/A71EV2A-x6776a/A71EV2A-x6776a_complex_ref.pdb,True,391393,838f2868001dd00e2557138591bd02e78aae314f339c00c893ad535161e3f03e,structures/x6776a/A71EV2A-x6776a/A71EV2A-x6776a_prepared.pdb,True,170009,9e4a50debc8cc14e66810ab0d0be3e7feffd6667233ed4ffc49550863fab6854,structures/x6776a/A71EV2A-x6776a/A71EV2A-x6776a_ligand_ref.sdf,True,2319,38402e39a1061b1ad1a88a0ef5c5fdaf27dd14215ee7ddea3bb7377b03a3622e,structures/x6776a/A71EV2A-x6776a/A71EV2A-x6776a_ligand_prepared.sdf,True,4560,9618e84997259712fb2053f1032fc54b04c4c1abeb55c49218c46702367bbf71,2223,2179,44,26,2097,2097,,,True,1,26,26,1,C:18;N:4;O:3;S:1,True,1,53,26,1,C:18;H:27;N:4;O:3;S:1
761,A71EV2A-x6778a,x6778a,CSc1ccc(-c2cccnc2C(C)C)cc1CC(=O)N1CCC[C@H](C(N)=O)C1,5.633,False,False,True,True,False,41.0691,88.4615,36.3303,structures/x6778a/A71EV2A-x6778a,structures/x6778a/A71EV2A-x6778a/A71EV2A-x6778a_complex_ref.pdb,True,209220,0087f2ba2b6d1a9b6bd598a3a3ad68303c923e072acfc5cfb82734cc2d37c354,structures/x6778a/A71EV2A-x6778a/A71EV2A-x6778a_prepared.pdb,True,170009,7395b81708d7c8b3efa9b7f4eba58881ca2db6ca1293fde986ac6ca645efb9d8,structures/x6778a/A71EV2A-x6778a/A71EV2A-x6778a_ligand_ref.sdf,True,2563,ac7445205d4baf4249e2cdb1d7695db467a1d5cad8b0f5915d95d4f7d8cd750e,structures/x6778a/A71EV2A-x6778a/A71EV2A-x6778a_ligand_prepared.sdf,True,4970,e5486d8290fe68edcc963aa839cf3bae5a89a2599f50e334576ebcb0afe3bf54,1135,1092,43,29,2097,2097,,,True,1,29,29,0,C:23;N:3;O:2;S:1,True,1,58,29,0,C:23;H:29;N:3;O:2;S:1
762,A71EV2A-x6791a,x6791a,CSc1ccc(-c2ccnc(N(C)C)c2)cc1CC(=O)N1CCC[C@H](C(N)=O)C1,6.2127,False,False,True,True,False,37.466,88.8889,33.3031,structures/x6791a/A71EV2A-x6791a,structures/x6791a/A71EV2A-x6791a/A71EV2A-x6791a_complex_ref.pdb,True,217484,895a64b00a3125c115ab266686b63eea85db2fa177610dd48ab222ed011ffffb,structures/x6791a/A71EV2A-x6791a/A71EV2A-x6791a_prepared.pdb,True,170009,fbd9ea78a61311f336f7e4cf2a6a91d3dc8b46724fc1f789b2575a63d9f525f7,structures/x6791a/A71EV2A-x6791a/A71EV2A-x6791a_ligand_ref.sdf,True,2562,c5c8e0b22bc357bd69cb7d376626bf21287dd2b6f26979dcd56e65d3e42b68b2,structures/x6791a/A71EV2A-x6791a/A71EV2A-x6791a_ligand_prepared.sdf,True,4886,a4aca2a27c96634d16293066da6adffa3c02e36e381c9af75a014513c0af698e,1138,1092,46,29,2097,2097,,,True,1,29,29,0,C:22;N:4;O:2;S:1,True,1,57,29,0,C:22;H:28;N:4;O:2;S:1
763,A71EV2A-x6794a,x6794a,CSc1cccc(-c2sccc2C2CC2)c1CC(=O)N1CCC[C@H](C(N)=O)C1,5.5086,False,False,True,False,False,37.124,92.3077,34.2683,structures/x6794a/A71EV2A-x6794a,structures/x6794a/A71EV2A-x6794a/A71EV2A-x6794a_complex_ref.pdb,True,202333,aa52faa56f800496c17a77d010f70ff37ac5506f7dd0fab2201d76abbb81410b,structures/x6794a/A71EV2A-x6794a/A71EV2A-x6794a_prepared.pdb,True,170009,9655349e4936b27d3ef4f59f9931d69850302b911a4d23d3d3a484b250e3736d,structures/x6794a/A71EV2A-x6794a/A71EV2A-x6794a_ligand_ref.sdf,True,2493,e6231eaf9dd0deb0ee5418c23b1af7b56cc7baf3fe733fa6c6b1bdbeb1d3237f,structures/x6794a/A71EV2A-x6794a/A71EV2A-x6794a_ligand_prepared.sdf,True,4651,f0bae909693ba8ddef91520a994d48ac036da870d40055a20adce0aff5055569,1120,1083,37,28,2097,2097,,,True,1,28,28,0,C:22;N:2;O:2;S:2,True,1,54,28,0,C:22;H:26;N:2;O:2;S:2
764,A71EV2A-x6797a,x6797a,CCn1cc(C(=O)N[C@H](C(=O)N2CC[C@H](C(N)=O)C2)c2ccccc2SC)cn1,,False,False,True,True,False,35.7678,92.5926,33.1184,structures/x6797a/A71EV2A-x6797a,structures/x6797a/A71EV2A-x6797a/A71EV2A-x6797a_complex_ref.pdb,True,398196,f29b31539b2776e57db7beddc55bc4f98d94c20e630d4951308b7258fbc88bbd,structures/x6797a/A71EV2A-x6797a/A71EV2A-x6797a_prepared.pdb,True,170009,d616d01a263305e72cc48694381d1b1623d0fd94ddb9a909f29d2d45479435ab,structures/x6797a/A71EV2A-x6797a/A71EV2A-x6797a_ligand_ref.sdf,True,2563,8e7dd30623151fe53991f331edcfb15980dd6087ff961701b252f34a88403437,structures/x6797a/A71EV2A-x6797a/A71EV2A-x6797a_ligand_prepared.sdf,True,4638,7a9a559f226af19c7f1e848de36e3bb0da09450906679562069f12a562875171,2241,2187,54,29,2097,2097,,,True,1,29,29,0,C:20;N:5;O:3;S:1,True,1,54,29,0,C:20;H:25;N:5;O:3;S:1
765,A71EV2A-x6802a,x6802a,CSc1ncnc(N2CCN(c3ccccn3)CC2)c1CC(=O)N1CCC[C@H](C(N)=O)C1,6.4862,False,False,True,True,False,33.4203,92.3077,30.8495,structures/x6802a/A71EV2A-x6802a,structures/x6802a/A71EV2A-x6802a/A71EV2A-x6802a_complex_ref.pdb,True,211647,5f8e96a789ddbb7b8c58309f5fc5a1e4c8214ceff6bbb8294a90cececb5385c7,structures/x6802a/A71EV2A-x6802a/A71EV2A-x6802a_prepared.pdb,True,170009,f439945973e563e7c68696299350efa8817f2d208b096f4e611f01a1793e93ee,structures/x6802a/A71EV2A-x6802a/A71EV2A-x6802a_ligand_ref.sdf,True,2825,0ab1622757ac89d0fe56733541cfb2d7260e1838584438616bb6debadc17cedd,structures/x6802a/A71EV2A-x6802a/A71EV2A-x6802a_ligand_prepared.sdf,True,5232,6f7ced58a76019c888873d6db9dbfffbfa86abe1381489a6b6a1bbe9ad2c33e3,1150,1092,58,32,2097,2097,,,True,1,32,32,0,C:22;N:7;O:2;S:1,True,1,61,32,0,C:22;H:29;N:7;O:2;S:1
766,A71EV2A-x6808a,x6808a,CSc1ncnc(N2Cc3ccccc3C2)c1CC(=O)N1CCC[C@H](C(N)=O)C1,6.0069,False,False,True,True,False,42.5395,92.3077,39.2673,structures/x6808a/A71EV2A-x6808a,structures/x6808a/A71EV2A-x6808a/A71EV2A-x6808a_complex_ref.pdb,True,208812,f05c77c886bd071f0d84af35595840ead14ca237213af50f2cd236b6a2983f4b,structures/x6808a/A71EV2A-x6808a/A71EV2A-x6808a_prepared.pdb,True,170009,84e48580f49a48f95157c01ae32f625a5efd20196bcc7c5549e1f6dd336a7640,structures/x6808a/A71EV2A-x6808a/A71EV2A-x6808a_ligand_ref.sdf,True,2576,0d8d5790d31a080f4783e79281ad0cce1949492c37a0f959a6ea5f536affe0b1,structures/x6808a/A71EV2A-x6808a/A71EV2A-x6808a_ligand_prepared.sdf,True,4651,b5fcfaed9b87b0b1efffc3c26d1207a464ba7a0f584f90d0aeb1d9a5edb368b5,1131,1091,40,29,2097,2097,,,True,1,29,29,0,C:21;N:5;O:2;S:1,True,1,54,29,0,C:21;H:25;N:5;O:2;S:1
767,A71EV2A-x6816a,x6816a_x6816b,CSc1ccccc1[C@@H](NC(=O)Cn1cccn1)C(=O)N1CC[C@H](C(N)=O)C1,4.7305,False,False,True,True,False,31.8125,92.3077,29.3653,structures/x6816a_x6816b/A71EV2A-x6816a,structures/x6816a_x6816b/A71EV2A-x6816a/A71EV2A-x6816a_complex_ref.pdb,True,393092,e93528be45161726999601359fb4790db2ef2a3d9cd834ff780b14abe32c4e9f,structures/x6816a_x6816b/A71EV2A-x6816a/A71EV2A-x6816a_prepared.pdb,True,168794,90c38703c3f902632ba14d04e9f89648cf104009c2cf0d5fe4f77fb59f3bcc0e,structures/x6816a_x6816b/A71EV2A-x6816a/A71EV2A-x6816a_ligand_ref.sdf,True,2480,00894f7aa27f1bd322bc92fe7cfeeed49eea65507ca98e02515bbdd75e56ccec,structures/x6816a_x6816b/A71EV2A-x6816a/A71EV2A-x6816a_ligand_prepared.sdf,True,4389,8666159a506ae077b02b6ab9ce8fc56b936a22d4cab50b1aa71e8fe9cce33654,2245,2155,90,56,2082,2082,,,True,1,28,28,0,C:19;N:5;O:3;S:1,True,1,51,28,0,C:19;H:23;N:5;O:3;S:1
768,A71EV2A-x6816b,x6816a_x6816b,CSc1ccccc1[C@@H](NC(=O)Cn1cccn1)C(=O)N1CC[C@H](C(N)=O)C1,4.7305,False,False,True,True,False,35.7617,96,34.3312,structures/x6816a_x6816b/A71EV2A-x6816b,structures/x6816a_x6816b/A71EV2A-x6816b/A71EV2A-x6816b_complex_ref.pdb,True,393011,efbc40f70024f74fcd570ebbbf97ebf9a5ecceca1b0b0eb897234299f888349d,structures/x6816a_x6816b/A71EV2A-x6816b/A71EV2A-x6816b_prepared.pdb,True,170009,acb595823f7302c5da5e506746b2b0fa12780957b4ad73ec56849c6465ed4872,structures/x6816a_x6816b/A71EV2A-x6816b/A71EV2A-x6816b_ligand_ref.sdf,True,2480,2a0691ac598d4b0b8e0b5aa7159bea5752d583a02a7dfc595c1262f8939ad6ce,structures/x6816a_x6816b/A71EV2A-x6816b/A71EV2A-x6816b_ligand_prepared.sdf,True,4389,273ba178797dd8dd724bf11c7982952745fa658b6995d783ec10dc6532a35026,2244,2155,89,56,2097,2097,,,True,1,28,28,0,C:19;N:5;O:3;S:1,True,1,51,28,0,C:19;H:23;N:5;O:3;S:1
769,A71EV2A-x6818a,x6818a,CSc1ccccc1[C@@H](NC(=O)CC(F)(F)F)C(=O)N1CC[C@H](C(N)=O)C1,4.1569,False,False,True,True,False,34.5456,92.3077,31.8883,structures/x6818a/A71EV2A-x6818a,structures/x6818a/A71EV2A-x6818a/A71EV2A-x6818a_complex_ref.pdb,True,212057,508122f8e8906c58d48f552d0090f87bcd84c28cce46915a53bb9e43118abefe,structures/x6818a/A71EV2A-x6818a/A71EV2A-x6818a_prepared.pdb,True,170009,ea6506e620bf61720f59ac30f9652567bca8be72c70ca4a0eddb89f6ce04df83,structures/x6818a/A71EV2A-x6818a/A71EV2A-x6818a_ligand_ref.sdf,True,2384,9ce0cbcaf32c0735b063d81cec94f659b16482afd61aecdd8b16b9d19f9648c4,structures/x6818a/A71EV2A-x6818a/A71EV2A-x6818a_ligand_prepared.sdf,True,4044,1fbbf6d0c3aa4b585f505e9cb797a948b1f7e0aa8cfeeabf3a05799b59aac60e,1121,1083,38,27,2097,2097,,,True,1,27,27,0,C:17;F:3;N:3;O:3;S:1,True,1,47,27,0,C:17;F:3;H:20;N:3;O:3;S:1
770,A71EV2A-x6819a,x6819a,CSc1ccccc1[C@@H](NC(=O)Cc1ccccc1)C(=O)N1CC[C@H](C(N)=O)C1,4.5053,False,False,True,True,False,39.3594,89.2857,35.1423,structures/x6819a/A71EV2A-x6819a,structures/x6819a/A71EV2A-x6819a/A71EV2A-x6819a_complex_ref.pdb,True,214568,0b483afc03a910e0fa7e518cc49cafb1134a31c36587aa2f8ace3c32ee8cc3a1,structures/x6819a/A71EV2A-x6819a/A71EV2A-x6819a_prepared.pdb,True,170009,e2ae42b543adffa81b9f6a1f901df911f4549c6d77ced647dd8315b3e3546a2b,structures/x6819a/A71EV2A-x6819a/A71EV2A-x6819a_ligand_ref.sdf,True,2563,96351e4f31d81f476a8717c490e8e4538c186d461c859a3e08004df124a9369c,structures/x6819a/A71EV2A-x6819a/A71EV2A-x6819a_ligand_prepared.sdf,True,4638,879f6e2e13f949c2d82c4c2ca2ca7ecda24462c854a1834fa3d9c99a18071747,1124,1077,47,29,2097,2097,,,True,1,29,29,0,C:22;N:3;O:3;S:1,True,1,54,29,0,C:22;H:25;N:3;O:3;S:1
771,A71EV2A-x6821a,x6821a,CSc1ccccc1[C@@H](NC(=O)CNC(C)=O)C(=O)N1CC[C@H](C(N)=O)C1,5.1996,False,False,True,True,False,30.9776,89.2857,27.6586,structures/x6821a/A71EV2A-x6821a,structures/x6821a/A71EV2A-x6821a/A71EV2A-x6821a_complex_ref.pdb,True,224693,baa0e9d2cdb04ebb4fe7637e8957fb4edcfb77dfc6fb894ff508deee5b87e50c,structures/x6821a/A71EV2A-x6821a/A71EV2A-x6821a_prepared.pdb,True,171224,6f2a75ae0e104a9e29eafe556b9f51935e4fc1d3a1a383aefb17a9080684f994,structures/x6821a/A71EV2A-x6821a/A71EV2A-x6821a_ligand_ref.sdf,True,2384,aa727566842043c3fe557ff98d645b29d62613cb45230bfcc6c5ed9de7fe3b4f,structures/x6821a/A71EV2A-x6821a/A71EV2A-x6821a_ligand_prepared.sdf,True,4376,466c87fa65fe82d1eed3c4489ac3bebb263fe0e0714e702a193a69da64950a00,1142,1092,50,27,2112,2112,,,True,1,27,27,0,C:18;N:4;O:4;S:1,True,1,51,27,0,C:18;H:24;N:4;O:4;S:1
772,A71EV2A-x6827a,x6827a,CSc1ccc(C2=CC[NH2+]CC2)cc1CC(=O)N1CCC[C@H](C(N)=O)C1,6.3598,False,False,True,True,False,37.5896,88.4615,33.2523,structures/x6827a/A71EV2A-x6827a,structures/x6827a/A71EV2A-x6827a/A71EV2A-x6827a_complex_ref.pdb,True,217971,5338fcab52878e9ad493d8509af2087c8e4025b330ed0ffe5218ad13db3b510c,structures/x6827a/A71EV2A-x6827a/A71EV2A-x6827a_prepared.pdb,True,171224,aba334ed2531214179a064ff554cb424373f327f878fac9d5cd0f95838aadef7,structures/x6827a/A71EV2A-x6827a/A71EV2A-x6827a_ligand_ref.sdf,True,2332,c186260bdd0b1e1a0f01f662a498504d8f7b250ca8654b40309514544b59fb3b,structures/x6827a/A71EV2A-x6827a/A71EV2A-x6827a_ligand_prepared.sdf,True,4656,80a51fb6fcba11b0de2400db2622dc32441f1b227308fc7581b5f4be9cf0eed4,1127,1092,35,26,2112,2112,,,True,1,26,26,1,C:20;N:3;O:2;S:1,True,1,54,26,1,C:20;H:28;N:3;O:2;S:1
773,A71EV2A-x6832a,x6832a,CSc1ncnc(N2CCC[C@@H]2C(N)=O)c1CC(=O)N1CCC[C@H](C(N)=O)C1,7.7144,False,False,True,True,False,40.5085,92.3077,37.3924,structures/x6832a/A71EV2A-x6832a,structures/x6832a/A71EV2A-x6832a/A71EV2A-x6832a_complex_ref.pdb,True,212461,050740869be10696b1c34f2bb0d0603ede096d14c01f60893512501fbc29986b,structures/x6832a/A71EV2A-x6832a/A71EV2A-x6832a_prepared.pdb,True,170009,1890488a82ff8758506f33223f4d61b9f26d258d080708e3943c8ff2d39b3989,structures/x6832a/A71EV2A-x6832a/A71EV2A-x6832a_ligand_ref.sdf,True,2479,315ed5c0d670bde4c493da5f2a26f858329c242e711327244d33940bb81c3cf2,structures/x6832a/A71EV2A-x6832a/A71EV2A-x6832a_ligand_prepared.sdf,True,4637,51a899d5e1fefefda8909d53e78dd1fb37f45da8ab3d0b8a0fe4804db46764ec,1120,1077,43,28,2097,2097,,,True,1,28,28,0,C:18;N:6;O:3;S:1,True,1,54,28,0,C:18;H:26;N:6;O:3;S:1
774,A71EV2A-x6838a,x6838a,CSc1ncnc(N2CCCC2)c1CC(=O)N1C[C@@H](C([NH3+])=O)C[C@@H]2C[C@@H]21,6.5697,False,False,True,True,False,40.7036,92.5926,37.6885,structures/x6838a/A71EV2A-x6838a,structures/x6838a/A71EV2A-x6838a/A71EV2A-x6838a_complex_ref.pdb,True,202736,54826992484c646d1f2e7cdf46393a9e1e6bf7a65df07d2a9968e91b8e3c31bd,structures/x6838a/A71EV2A-x6838a/A71EV2A-x6838a_prepared.pdb,True,170009,395ccc37774ab49f939332cdad090c8b3021d6bea9d9aa7b94a09130737f2cbc,structures/x6838a/A71EV2A-x6838a/A71EV2A-x6838a_ligand_ref.sdf,True,2344,fac903075b029584c664bdc25717be08ebe911c2d1d509c8cc3e17d30c9f7c8f,structures/x6838a/A71EV2A-x6838a/A71EV2A-x6838a_ligand_prepared.sdf,True,4502,26203624a54aada2b3d6f2b477ef37d89ee5e8fce6d052d120165ef7c6793a4a,1121,1077,44,26,2097,2097,,,True,1,26,26,1,C:18;N:5;O:2;S:1,True,1,52,26,1,C:18;H:26;N:5;O:2;S:1
775,A71EV2A-x6841a,x6841a,CCOC(=O)N[C@@H](C(=O)N1CC[C@H](C(N)=O)C1)c1ccccc1SC,,False,False,True,True,False,35.6258,89.2857,31.8087,structures/x6841a/A71EV2A-x6841a,structures/x6841a/A71EV2A-x6841a/A71EV2A-x6841a_complex_ref.pdb,True,396661,593d310a0718948e45ffaefca1c8f07114088f72aeaf77dfc34deeafb189754d,structures/x6841a/A71EV2A-x6841a/A71EV2A-x6841a_prepared.pdb,True,171224,35a475195740077caaffbd0e3a5fe5747c5f6400d50738149d4adf43add901b8,structures/x6841a/A71EV2A-x6841a/A71EV2A-x6841a_ligand_ref.sdf,True,2218,5e024431a7120f4639d35a6955cd38817cd656e732fe6506d7776f7430d06501,structures/x6841a/A71EV2A-x6841a/A71EV2A-x6841a_ligand_prepared.sdf,True,4127,6c472a94c0085c11da649342379a0e91ad43b9a7535ca7af84f2717b9622aecb,2266,2207,59,25,2112,2112,,,True,1,25,25,0,C:17;N:3;O:4;S:1,True,1,48,25,0,C:17;H:23;N:3;O:4;S:1
776,A71EV2A-x6844a,x6844a,CCOC(=O)N[C@H](C(=O)N1CC[C@H](C(N)=O)C1)c1ccccc1SC,4.6063,False,False,True,True,False,43.2234,84,36.3077,structures/x6844a/A71EV2A-x6844a,structures/x6844a/A71EV2A-x6844a/A71EV2A-x6844a_complex_ref.pdb,True,399006,b943777227b884b4c046906f76bddc26a8dcc92be071ccb6c79d8a5327488c27,structures/x6844a/A71EV2A-x6844a/A71EV2A-x6844a_prepared.pdb,True,170009,ea938f4ae8cdda2c8bac144c53ee6f028a44bde61505487e0aad47d2ffb707a1,structures/x6844a/A71EV2A-x6844a/A71EV2A-x6844a_ligand_ref.sdf,True,2218,c26de76ce1a22971e7853cce5c21b7c3df1949b71cdb98a9ab6ae7f04558c98e,structures/x6844a/A71EV2A-x6844a/A71EV2A-x6844a_ligand_prepared.sdf,True,4127,a9cf2cbe0e0ed607daf0c8c5459711ab08ea65e0a812fb995d33985abf121d74,2251,2203,48,25,2097,2097,,,True,1,25,25,0,C:17;N:3;O:4;S:1,True,1,48,25,0,C:17;H:23;N:3;O:4;S:1
777,A71EV2A-x6847a,x6847a,CSc1ccccc1[C@@H](NC(=O)OC(C)(C)C)C(=O)N1CC[C@H](C(N)=O)C1,4.6216,False,False,True,True,False,34.0873,88.4615,30.1542,structures/x6847a/A71EV2A-x6847a,structures/x6847a/A71EV2A-x6847a/A71EV2A-x6847a_complex_ref.pdb,True,403299,9e16a7ce25e9487c706d14b9c20f3d57b6a220778e2a961cca346c099ac37c5c,structures/x6847a/A71EV2A-x6847a/A71EV2A-x6847a_prepared.pdb,True,171224,f80f080239c71c8a59ff93acbd87680a95b60c7a6974a115c02e0e51f8b7cae1,structures/x6847a/A71EV2A-x6847a/A71EV2A-x6847a_ligand_ref.sdf,True,2384,5560b22d57a16e1eda193d0b92c4145138c8f7619f98ae4d66f84e5b4e7a198d,structures/x6847a/A71EV2A-x6847a/A71EV2A-x6847a_ligand_prepared.sdf,True,4625,4318fde984a65d08c0ee2025108327e8958406b08f1cb700c37c0cd70afeb163,2274,2217,57,27,2112,2112,,,True,1,27,27,0,C:19;N:3;O:4;S:1,True,1,54,27,0,C:19;H:27;N:3;O:4;S:1
778,A71EV2A-x6851a,x6851a,CSc1ccccc1[C@H](NC(=O)OC(C)(C)C)C(=O)N1CC[C@H](C(N)=O)C1,4.6216,False,False,True,True,False,44.4962,80.7692,35.9392,structures/x6851a/A71EV2A-x6851a,structures/x6851a/A71EV2A-x6851a/A71EV2A-x6851a_complex_ref.pdb,True,390986,c185b599b45a6f30c0417621db180a689ea2d125f1970fada6060b9c9854925a,structures/x6851a/A71EV2A-x6851a/A71EV2A-x6851a_prepared.pdb,True,171224,be1cad7dac5cb995cee2d2d7fdfa6049c21aec5ed2696822f2736da5f0f033d3,structures/x6851a/A71EV2A-x6851a/A71EV2A-x6851a_ligand_ref.sdf,True,2384,964dace65965b22250e767c5d54e2f0ee364f67cd5eef98cbd470754632b1bc4,structures/x6851a/A71EV2A-x6851a/A71EV2A-x6851a_ligand_prepared.sdf,True,4625,4d5a1f236848c4d65345afbe060f8b11ea6c5e14ee3ee73cb13f690e9dee7d49,2246,2197,49,27,2112,2112,,,True,1,27,27,0,C:19;N:3;O:4;S:1,True,1,54,27,0,C:19;H:27;N:3;O:4;S:1
779,A71EV2A-x6853a,x6853a,CCC(=O)N[C@@H](C(=O)N1CC[C@H](C(N)=O)C1)c1ccccc1SC,4.5565,False,False,True,True,False,35.3739,89.2857,31.5838,structures/x6853a/A71EV2A-x6853a,structures/x6853a/A71EV2A-x6853a/A71EV2A-x6853a_complex_ref.pdb,True,207194,275caffb2ef49a247a525312e310efc891286595d8c3cd409860cdb4c5a649c6,structures/x6853a/A71EV2A-x6853a/A71EV2A-x6853a_prepared.pdb,True,170009,06fdd6421edd077388c9817456e79b21f7c714619feefe7f1f8e7d4b4edadf25,structures/x6853a/A71EV2A-x6853a/A71EV2A-x6853a_ligand_ref.sdf,True,2135,4822972f63727b4ad4304478bbfcd11e32a74518b81841d4bb3c8f6258d6d3dc,structures/x6853a/A71EV2A-x6853a/A71EV2A-x6853a_ligand_prepared.sdf,True,4044,66c4670a281cc376db14023a71fa62111388817500fa62cc4136835a34070598,1132,1083,49,24,2097,2097,,,True,1,24,24,0,C:17;N:3;O:3;S:1,True,1,47,24,0,C:17;H:23;N:3;O:3;S:1
780,A71EV2A-x6856a,x6856a,CSc1ccccc1[C@@H](NC(=O)Cc1cccnc1)C(=O)N1CC[C@H](C(N)=O)C1,4.6078,False,False,True,True,False,30.828,92.5926,28.5444,structures/x6856a/A71EV2A-x6856a,structures/x6856a/A71EV2A-x6856a/A71EV2A-x6856a_complex_ref.pdb,True,208975,b696bd65447c96af6c2e05e696e1dae5442707023f269488afece5c30ba1de1f,structures/x6856a/A71EV2A-x6856a/A71EV2A-x6856a_prepared.pdb,True,171224,213f594b0d2c3c6f682e25da18d61b5e41dff3cf979d546398dd2206d09b6120,structures/x6856a/A71EV2A-x6856a/A71EV2A-x6856a_ligand_ref.sdf,True,2563,994a74d57745bcfa8e0017c4a12403e0f759df5c3318306d015d762189e75792,structures/x6856a/A71EV2A-x6856a/A71EV2A-x6856a_ligand_prepared.sdf,True,4555,b7a6d03aec5a403a741ab59e0274d9774ba7c7e426498dcc8814402ca3afee54,1140,1092,48,29,2112,2112,,,True,1,29,29,0,C:21;N:4;O:3;S:1,True,1,53,29,0,C:21;H:24;N:4;O:3;S:1
781,A71EV2A-x6877a,x5854a_x6877a,CSc1ccc2ncccc2c1NC(=O)N1C[C@@H](C(N)=O)C[C@@H]2C[C@@H]21,5.6695,False,False,True,True,False,42.2151,92,38.8379,structures/x5854a_x6877a/A71EV2A-x6877a,structures/x5854a_x6877a/A71EV2A-x6877a/A71EV2A-x6877a_complex_ref.pdb,True,200956,a8d9e455adbe757aba32c625f8820f8442b71f2e18fa26720c3d63285b8df076,structures/x5854a_x6877a/A71EV2A-x6877a/A71EV2A-x6877a_prepared.pdb,True,170009,ed9a6020a40156e6cbd314c9e61810bb747d59ecca235e8c348c3636f397ffa2,structures/x5854a_x6877a/A71EV2A-x6877a/A71EV2A-x6877a_ligand_ref.sdf,True,2244,8d692632d4f3b44f1c077463dfa83d5f0a9edd90a3e9fed320c8fb43ceea571a,structures/x5854a_x6877a/A71EV2A-x6877a/A71EV2A-x6877a_ligand_prepared.sdf,True,3904,c483bb64417fba767b5ea65c21fe8fdf49cb376fa644b5f2d882180eb943eef6,1112,1077,35,25,2097,2097,,,True,1,25,25,0,C:18;N:4;O:2;S:1,True,1,45,25,0,C:18;H:20;N:4;O:2;S:1
782,A71EV2A-x6895a,x6895a,CSc1ncnc(N2CC(CC3CCC3)C2)c1CC(=O)N1CCC[C@H](C(N)=O)C1,5.6927,False,False,True,True,False,43.2128,76.9231,33.2406,structures/x6895a/A71EV2A-x6895a,structures/x6895a/A71EV2A-x6895a/A71EV2A-x6895a_complex_ref.pdb,True,203629,54058112f15108614a428b94bd792108bf38bc2ce65506b3f89b194eb6fe2376,structures/x6895a/A71EV2A-x6895a/A71EV2A-x6895a_prepared.pdb,True,170009,883fdcad3eabd8af25d89c8b4033c10d73c24c56f9aa7eb1a20e985299b7cac0,structures/x6895a/A71EV2A-x6895a/A71EV2A-x6895a_ligand_ref.sdf,True,2576,c303e0a049c1157781c87cb3d2336347b0b29b8657ecee7814576a3516d13397,structures/x6895a/A71EV2A-x6895a/A71EV2A-x6895a_ligand_prepared.sdf,True,5149,5a2aeffdd7f5be22e5695ca811c44c0a0245bbbdde835cb80ec9e4da9e35b0cc,1129,1077,52,29,2097,2097,,,True,1,29,29,0,C:21;N:5;O:2;S:1,True,1,60,29,0,C:21;H:31;N:5;O:2;S:1
783,A71EV2A-x6914a,x6914a,CSc1ncnc(N(C)Cc2nn(C)cc2Cl)c1CC(=O)N1CCC[C@H](C(N)=O)C1,7.1505,False,False,True,True,False,35.7345,92.5926,33.0875,structures/x6914a/A71EV2A-x6914a,structures/x6914a/A71EV2A-x6914a/A71EV2A-x6914a_complex_ref.pdb,True,207684,351698409a3321642aa98e24fb6cf33d31a54353d30aa35f867de76373525206,structures/x6914a/A71EV2A-x6914a/A71EV2A-x6914a_prepared.pdb,True,170009,6b10cc0a83a1dcc595491bd3f9450f064726ba9b454c864c0f36005a67a84d19,structures/x6914a/A71EV2A-x6914a/A71EV2A-x6914a_ligand_ref.sdf,True,2646,ff9d7eb9aa0c9c754a41ffc7938269fa8fc4d46ec2725f7ae77a538769359488,structures/x6914a/A71EV2A-x6914a/A71EV2A-x6914a_ligand_prepared.sdf,True,4804,448b5219f001ef7a65d82a7c1c416e9551ae32f67e0b77a8603c1cc67f4e9f8a,1134,1083,51,30,2097,2097,,,True,1,30,30,0,C:19;Cl:1;N:7;O:2;S:1,True,1,56,30,0,C:19;Cl:1;H:26;N:7;O:2;S:1
784,A71EV2A-x6920a,x6920a,CSc1ncnc(N2CC(C)C2)c1CC(=O)N1CCC[C@H](C(N)=O)C1,6.5269,False,False,True,True,False,36.2956,92,33.392,structures/x6920a/A71EV2A-x6920a,structures/x6920a/A71EV2A-x6920a/A71EV2A-x6920a_complex_ref.pdb,True,207517,4ef38e7cf9945601989a13b0b31747361192d450fa0d654c546224f5c9fca7da,structures/x6920a/A71EV2A-x6920a/A71EV2A-x6920a_prepared.pdb,True,170009,abe1d3eeae789cde401371501cbd6e877b9530eefad8c1592ba65435d3ea643e,structures/x6920a/A71EV2A-x6920a/A71EV2A-x6920a_ligand_ref.sdf,True,2231,ba6058976d1109984884651bad9a80e05a9b86399c9195a94ee9509448d8bcdf,structures/x6920a/A71EV2A-x6920a/A71EV2A-x6920a_ligand_prepared.sdf,True,4306,677978080031f73587521ea450098804904f1f80974eaf2dc2c4f1ff0aad5de4,1121,1077,44,25,2097,2097,,,True,1,25,25,0,C:17;N:5;O:2;S:1,True,1,50,25,0,C:17;H:25;N:5;O:2;S:1
785,A71EV2A-x6925a,x6925a,CSc1ccc(-c2cnnn2C)cc1CC(=O)N1CCC[C@H](C(N)=O)C1,5.4379,False,False,True,True,False,40.0234,88,35.2206,structures/x6925a/A71EV2A-x6925a,structures/x6925a/A71EV2A-x6925a/A71EV2A-x6925a_complex_ref.pdb,True,208980,efd314a860787c3202c4ec33d3ed2116706c620ce29009dbb9783f97e6a51d43,structures/x6925a/A71EV2A-x6925a/A71EV2A-x6925a_prepared.pdb,True,170009,2289408bfee641ddc56df0c7335985a6a0c207ab2bad180a47d9e940fe5e9c4e,structures/x6925a/A71EV2A-x6925a/A71EV2A-x6925a_ligand_ref.sdf,True,2314,31bf2bc03245905d7ad25681a6cb8a74ece698df1b6f70ba7e057ae3cacdd82c,structures/x6925a/A71EV2A-x6925a/A71EV2A-x6925a_ligand_prepared.sdf,True,4223,0820c056563f0e3d656b7dffa1a002883045419076f3970349a6c08d9e70b13b,1122,1083,39,26,2097,2097,,,True,1,26,26,0,C:18;N:5;O:2;S:1,True,1,49,26,0,C:18;H:23;N:5;O:2;S:1
786,A71EV2A-x6932a,x6932a,CSc1ccc(Br)cc1OC(=O)N1C[C@H](C(N)=O)C[C@H]2C[C@H]21,6.4428,False,False,True,True,False,40.569,92,37.3235,structures/x6932a/A71EV2A-x6932a,structures/x6932a/A71EV2A-x6932a/A71EV2A-x6932a_complex_ref.pdb,True,385399,8b951b4e323e091b67326c5deaeda169e6cf8b9a9a8f7f7711b2d2243087bb25,structures/x6932a/A71EV2A-x6932a/A71EV2A-x6932a_prepared.pdb,True,168794,ab04cf167c8d5d5bf53b161568a54057ac05784f2dd4428f19245855607ae425,structures/x6932a/A71EV2A-x6932a/A71EV2A-x6932a_ligand_ref.sdf,True,1982,da125e0ccafdf2fecdecf6a2c0d3db025fa279455fe8bdfff97b200b5c313d8c,structures/x6932a/A71EV2A-x6932a/A71EV2A-x6932a_ligand_prepared.sdf,True,3393,d1a9087f30f6f88acfce68554cc6a257d6620c1728153c265f40457170f80a18,2217,2174,43,22,2082,2082,,,True,1,22,22,0,Br:1;C:15;N:2;O:3;S:1,True,1,39,22,0,Br:1;C:15;H:17;N:2;O:3;S:1
787,A71EV2A-x6934a,x6934a,CSc1ccccc1[C@@H](NC(=O)C1CC1)C(=O)N1CC[C@H](C(N)=O)C1,4.612,False,False,True,True,False,34.7922,92.3077,32.1158,structures/x6934a/A71EV2A-x6934a,structures/x6934a/A71EV2A-x6934a/A71EV2A-x6934a_complex_ref.pdb,True,387986,ee39fdcfefd7606af0d1065b1069cfd43a65ca2ffc532ccfc6456c1b9f3c1f79,structures/x6934a/A71EV2A-x6934a/A71EV2A-x6934a_prepared.pdb,True,171224,e9564de18c6827240968d6f64cb557b9bfb5c6a1eb14cd8ae08c74ad1ae4b259,structures/x6934a/A71EV2A-x6934a/A71EV2A-x6934a_ligand_ref.sdf,True,2231,ec07af0a0c0ec6126951fd2e18aa11c3241fc8408178d1e6892acd78f6362adb,structures/x6934a/A71EV2A-x6934a/A71EV2A-x6934a_ligand_prepared.sdf,True,4140,01028d52e5b67d3282ca6681a335ee126119b096e70898b1715c47e2ceb6f0ef,2253,2207,46,25,2112,2112,,,True,1,25,25,0,C:18;N:3;O:3;S:1,True,1,48,25,0,C:18;H:23;N:3;O:3;S:1
788,A71EV2A-x6938a,x6938a,CSc1cccc(C2=CCCCC2)c1CC(=O)N1CCC[C@H](C(N)=O)C1,5.3585,False,False,True,True,False,38.1952,92.3077,35.2571,structures/x6938a/A71EV2A-x6938a,structures/x6938a/A71EV2A-x6938a/A71EV2A-x6938a_complex_ref.pdb,True,219753,eb0ddc4b43b0b1753285f7600a293ab92056e7b4ee973920190b998c155bc4ff,structures/x6938a/A71EV2A-x6938a/A71EV2A-x6938a_prepared.pdb,True,171224,48bfad5fabb37d73c8d0f62a1e469a11ac0132574f262d5304fbc1032ec118bd,structures/x6938a/A71EV2A-x6938a/A71EV2A-x6938a_ligand_ref.sdf,True,2314,bf9b64dd8b9bcf7927cab207bde7460b846cd5b04f5c83f7788a74e60cc85ddf,structures/x6938a/A71EV2A-x6938a/A71EV2A-x6938a_ligand_prepared.sdf,True,4638,afc0bf0da4d5bc474fe1f67426357eb359cb229b985ec606cbc7b98794f20101,1135,1086,49,26,2112,2112,,,True,1,26,26,0,C:21;N:2;O:2;S:1,True,1,54,26,0,C:21;H:28;N:2;O:2;S:1
789,A71EV2A-x6944a,x6944a,CSc1ccccc1[C@@H](NC(=O)C1COC1)C(=O)N1CC[C@H](C(N)=O)C1,,False,False,True,True,False,35.6415,89.2857,31.8227,structures/x6944a/A71EV2A-x6944a,structures/x6944a/A71EV2A-x6944a/A71EV2A-x6944a_complex_ref.pdb,True,402084,560d3554c92148b312001c5c40b8e1b37d168c34122fb8255e0a0b5178150c43,structures/x6944a/A71EV2A-x6944a/A71EV2A-x6944a_prepared.pdb,True,171224,700fb45fe70db1095ee23dcca117ea0f9d98528a83dc36dd219d26a90022211f,structures/x6944a/A71EV2A-x6944a/A71EV2A-x6944a_ligand_ref.sdf,True,2314,20b85dc995147c13586284f434c51dc0ecf0feee947fb3d1361da57b8798b74e,structures/x6944a/A71EV2A-x6944a/A71EV2A-x6944a_ligand_prepared.sdf,True,4223,a983884e3ccb8aca8ad3e83bd7a8d945ff5aff3a39fe2a8f6622ce8e08f0fdcd,2257,2195,62,26,2112,2112,,,True,1,26,26,0,C:18;N:3;O:4;S:1,True,1,49,26,0,C:18;H:23;N:3;O:4;S:1
790,A71EV2A-x6945a,x6945a,CCn1nccc1C(=O)N[C@@H](C(=O)N1CC[C@H](C(N)=O)C1)c1ccccc1SC,4.1977,False,False,True,True,False,32.8594,80,26.2875,structures/x6945a/A71EV2A-x6945a,structures/x6945a/A71EV2A-x6945a/A71EV2A-x6945a_complex_ref.pdb,True,403625,0d3d20b3d2c5e0e0a35cebba5d077a826e7b3dabe81c5ccd4bae5bcafb37529e,structures/x6945a/A71EV2A-x6945a/A71EV2A-x6945a_prepared.pdb,True,170009,287b79a3934edf2419658666394008c2383301d832732a05735cf908e60d2244,structures/x6945a/A71EV2A-x6945a/A71EV2A-x6945a_ligand_ref.sdf,True,2563,aeea925987deeeda7cc250cf7f7c7d3fd69e88869677d27f56518c704f20c8eb,structures/x6945a/A71EV2A-x6945a/A71EV2A-x6945a_ligand_prepared.sdf,True,4638,43a8765313cd30a6cceb4a2fdfd90ccb3bb9b4f89419ce5d1b271e6aa5978f0b,2279,2223,56,29,2097,2097,,,True,1,29,29,0,C:20;N:5;O:3;S:1,True,1,54,29,0,C:20;H:25;N:5;O:3;S:1
791,A71EV2A-x6948a,x6948a_x6948b,CSc1ccc(-c2cncc(S(C)(=O)=O)c2)cc1CC(=O)N1CCC[C@H](C(N)=O)C1,5.6878,False,False,True,True,False,35.96,88.4615,31.8108,structures/x6948a_x6948b/A71EV2A-x6948a,structures/x6948a_x6948b/A71EV2A-x6948a/A71EV2A-x6948a_complex_ref.pdb,True,214974,443a3d42e159b9b147b2cb0339d7da46578e1655e0a5320f34353658c16ac35e,structures/x6948a_x6948b/A71EV2A-x6948a/A71EV2A-x6948a_prepared.pdb,True,171224,e90fe73cc090dce5b4e2762f24e275fc19befb983c7ce3b02717f3ba096a49c4,structures/x6948a_x6948b/A71EV2A-x6948a/A71EV2A-x6948a_ligand_ref.sdf,True,2646,3a6ffa2c1256edc3473556e0a2460cb4637c3f43abf76f8811677eca16736ccc,structures/x6948a_x6948b/A71EV2A-x6948a/A71EV2A-x6948a_ligand_prepared.sdf,True,4721,caa903d2f765b9d2161fb4e4d12e580d2322e7c4c3163f9a39366236f4eb31b7,1138,1086,52,30,2112,2112,,,True,1,30,30,0,C:21;N:3;O:4;S:2,True,1,55,30,0,C:21;H:25;N:3;O:4;S:2
792,A71EV2A-x6948b,x6948a_x6948b,CSc1ccc(-c2cncc(S(C)(=O)=O)c2)cc1CC(=O)N1CCC[C@H](C(N)=O)C1,5.6878,False,False,True,True,False,36.4693,88.4615,32.2613,structures/x6948a_x6948b/A71EV2A-x6948b,structures/x6948a_x6948b/A71EV2A-x6948b/A71EV2A-x6948b_complex_ref.pdb,True,214974,cce858f024244818d446961a6dd544d5839a38ef196d9a23dd0be6c16db91283,structures/x6948a_x6948b/A71EV2A-x6948b/A71EV2A-x6948b_prepared.pdb,True,171224,f8c666808a41443dd17630a32bf79b9253d5f73e6f665ad7f7c4812d5b264e3a,structures/x6948a_x6948b/A71EV2A-x6948b/A71EV2A-x6948b_ligand_ref.sdf,True,2646,ee12d99e9edbffbe54a708463b028936890b71e386e03f0d9fea1deee39e021b,structures/x6948a_x6948b/A71EV2A-x6948b/A71EV2A-x6948b_ligand_prepared.sdf,True,4721,81e1e5ef1afeeb266235d2ba00d6351b6c3f9fe1d2351f26586c527a529389e2,1138,1086,52,30,2112,2112,,,True,1,30,30,0,C:21;N:3;O:4;S:2,True,1,55,30,0,C:21;H:25;N:3;O:4;S:2
793,A71EV2A-x6955a,x6955a_x6955b,CSc1cccc(-c2cc(C(F)(F)F)nn2C)c1CC(=O)N1CCC[C@H](C(N)=O)C1,5.1507,False,False,True,True,False,36.9853,92,34.0265,structures/x6955a_x6955b/A71EV2A-x6955a,structures/x6955a_x6955b/A71EV2A-x6955a/A71EV2A-x6955a_complex_ref.pdb,True,396171,4252701d3f22b4729dc1d3b1eedc2032e90b62f40fcfcaf95e133fe05b77415b,structures/x6955a_x6955b/A71EV2A-x6955a/A71EV2A-x6955a_prepared.pdb,True,170009,c40a073953109e6336bdff0f92f105dc34e7bf8f1a7e1f57a89410f37f64a532,structures/x6955a_x6955b/A71EV2A-x6955a/A71EV2A-x6955a_ligand_ref.sdf,True,2646,a0d59dd9df1e959ffe59cf9fc500635a397b0a2c6f33a9a1ab8b0f6844345820,structures/x6955a_x6955b/A71EV2A-x6955a/A71EV2A-x6955a_ligand_prepared.sdf,True,4555,4a7e6cb35c25316dc6c6375566b91766654cccc0014a5d22120b2450cf8986bf,2259,2161,98,60,2097,2097,,,True,1,30,30,0,C:20;F:3;N:4;O:2;S:1,True,1,53,30,0,C:20;F:3;H:23;N:4;O:2;S:1
794,A71EV2A-x6955b,x6955a_x6955b,CSc1cccc(-c2cc(C(F)(F)F)nn2C)c1CC(=O)N1CCC[C@H](C(N)=O)C1,5.1507,False,False,True,True,False,35.9481,96.1538,34.5655,structures/x6955a_x6955b/A71EV2A-x6955b,structures/x6955a_x6955b/A71EV2A-x6955b/A71EV2A-x6955b_complex_ref.pdb,True,395442,738d0047c81280de4f1a27280585b37f1ae782cbc949cec8b92c7134c3d6f949,structures/x6955a_x6955b/A71EV2A-x6955b/A71EV2A-x6955b_prepared.pdb,True,170009,928f7dd352f42846c02e8e4f959413d45d5f0de065874ea1134ce19021e09d76,structures/x6955a_x6955b/A71EV2A-x6955b/A71EV2A-x6955b_ligand_ref.sdf,True,2646,7c900ddd10bb1ad6c8996268134bf445419c07f058ba3e8f4cb4f9bb86c438cc,structures/x6955a_x6955b/A71EV2A-x6955b/A71EV2A-x6955b_ligand_prepared.sdf,True,4555,9cc3021e6b2ea8f2fb01ed9d1c7ff4d0bcc56a151217fc5c5332803d84ddff8c,2250,2161,89,60,2097,2097,,,True,1,30,30,0,C:20;F:3;N:4;O:2;S:1,True,1,53,30,0,C:20;F:3;H:23;N:4;O:2;S:1
795,A71EV2A-x6973a,x6973a,COC(C)(C)C(=O)N[C@@H](C(=O)N1CC[C@H](C(N)=O)C1)c1ccccc1SC,,False,False,True,True,False,32.9236,88.8889,29.2654,structures/x6973a/A71EV2A-x6973a,structures/x6973a/A71EV2A-x6973a/A71EV2A-x6973a_complex_ref.pdb,True,387421,a63ab985f531b151fd6caec332cbd48d43179dc8f7d45f20a0b8cc451d7aaae2,structures/x6973a/A71EV2A-x6973a/A71EV2A-x6973a_prepared.pdb,True,170009,97c3b300c5048760ee85722af19498b811211a5c8223215ad6d6cfddc352234b,structures/x6973a/A71EV2A-x6973a/A71EV2A-x6973a_ligand_ref.sdf,True,2384,f5f8225b470fc923dc886b9844788b71e7e5a9a8ade2155a63584a8abbf2ecd4,structures/x6973a/A71EV2A-x6973a/A71EV2A-x6973a_ligand_prepared.sdf,True,4625,065de4196711eb3c3940ebd82d74537e21e64710b92d322d9274fa5b7de3f27b,2243,2185,58,27,2097,2097,,,True,1,27,27,0,C:19;N:3;O:4;S:1,True,1,54,27,0,C:19;H:27;N:3;O:4;S:1
796,A71EV2A-x6980a,x6980a,CSc1ccc2ncccc2c1NC(=O)N1C[C@@H](C(N)=O)C[C@H]2C[C@H]21,5.6695,False,False,True,True,False,42.4377,92.3077,39.1733,structures/x6980a/A71EV2A-x6980a,structures/x6980a/A71EV2A-x6980a/A71EV2A-x6980a_complex_ref.pdb,True,209463,b0c341f6f9787503cd76bbb85a92f12f038d7c2341c12c8fee90e880fba58fa7,structures/x6980a/A71EV2A-x6980a/A71EV2A-x6980a_prepared.pdb,True,171224,88b472f738104728b26c1c7d57acaf44d4b72c2ac8d7407ad807958ba00ce9fe,structures/x6980a/A71EV2A-x6980a/A71EV2A-x6980a_ligand_ref.sdf,True,2244,2dc2ea3e1354a53ce45b3613eef94f0743113253edace05f52f1632e605fb125,structures/x6980a/A71EV2A-x6980a/A71EV2A-x6980a_ligand_prepared.sdf,True,3904,c4f150d3f7bd384fa7cb654a45a0b7cf6e92509d97174f2f3f5db30f90c9fde3,1133,1086,47,25,2112,2112,,,True,1,25,25,0,C:18;N:4;O:2;S:1,True,1,45,25,0,C:18;H:20;N:4;O:2;S:1
797,A71EV2A-x6991a,x6991a,CSc1ccccc1[C@@H](NC(=O)C1(C)CCC1)C(=O)N1CC[C@H](C(N)=O)C1,4.6109,False,False,True,True,False,34.7629,88.8889,30.9004,structures/x6991a/A71EV2A-x6991a,structures/x6991a/A71EV2A-x6991a/A71EV2A-x6991a_complex_ref.pdb,True,385152,3090879cd65e21c419254463487ca8ce210d008691be4b6e9ccda47bc4132ff3,structures/x6991a/A71EV2A-x6991a/A71EV2A-x6991a_prepared.pdb,True,170009,ad0795d47a13a7f60a14c91a8ff113bead6057d81d73b70cc6cb6706e0109c4b,structures/x6991a/A71EV2A-x6991a/A71EV2A-x6991a_ligand_ref.sdf,True,2397,79f3e9a564376edda8df42a25537dced4d2f986b547a6050e1a0f86205507010,structures/x6991a/A71EV2A-x6991a/A71EV2A-x6991a_ligand_prepared.sdf,True,4638,968b5b45c98b35c8f09cd95f52a76e8206f7153b0a6b434b7352fd56a44724c8,2239,2186,53,27,2097,2097,,,True,1,27,27,0,C:20;N:3;O:3;S:1,True,1,54,27,0,C:20;H:27;N:3;O:3;S:1
798,A71EV2A-x7021a,x7021a,CSc1ccc(C2=CCOCC2)cc1OC(=O)N1C[C@@H](C(N)=O)C[C@@H]2C[C@@H]21,6.2782,False,False,True,True,False,42.9782,88.4615,38.0192,structures/x7021a/A71EV2A-x7021a,structures/x7021a/A71EV2A-x7021a/A71EV2A-x7021a_complex_ref.pdb,True,205816,7eee8d90c058318d7055e97e85b06a8af4f8748fa8867c407fc3dc0eb64656cb,structures/x7021a/A71EV2A-x7021a/A71EV2A-x7021a_prepared.pdb,True,170009,50eb9583af0d48414dbc5c60cf062420c4cb67879f4916cd26def761a8f36535,structures/x7021a/A71EV2A-x7021a/A71EV2A-x7021a_ligand_ref.sdf,True,2410,087886acf8641766f399cf681a3bd59fd5ecd0d091b23aad9c2d2f74e0b9832b,structures/x7021a/A71EV2A-x7021a/A71EV2A-x7021a_ligand_prepared.sdf,True,4402,79920f35cb2762bbd4ed072b6cbda9a35c8b47229727838f60a595d42ac0f18a,1124,1083,41,27,2097,2097,,,True,1,27,27,0,C:20;N:2;O:4;S:1,True,1,51,27,0,C:20;H:24;N:2;O:4;S:1
799,A71EV2A-x7002a,x7002a,CSc1ccc(-c2cnco2)cc1OC(=O)N1C[C@H](C(N)=O)C[C@H]2C[C@H]21,6.623,False,False,True,True,False,44.8068,85.7143,38.4059,structures/x7002a/A71EV2A-x7002a,structures/x7002a/A71EV2A-x7002a/A71EV2A-x7002a_complex_ref.pdb,True,398197,8d9d9c12cadf9afeffdf2357c117aaa786f56594ba8b2bffdbd8374e00db610b,structures/x7002a/A71EV2A-x7002a/A71EV2A-x7002a_prepared.pdb,True,171224,5e7b96423fcb9deeb80396c922c8319e4eb205e38cafe7f42c833c08451d33d4,structures/x7002a/A71EV2A-x7002a/A71EV2A-x7002a_ligand_ref.sdf,True,2327,10279c39dcbfaea4baafc9881e1ba21120ded01480efce4a30e611f947deb0ae,structures/x7002a/A71EV2A-x7002a/A71EV2A-x7002a_ligand_prepared.sdf,True,3904,215f384d7c7d91f0a394fdc4a9f50777b8b58e46968ec833bb590d3ed12d535f,2272,2210,62,26,2112,2112,,,True,1,26,26,0,C:18;N:3;O:4;S:1,True,1,45,26,0,C:18;H:19;N:3;O:4;S:1
800,A71EV2A-x7008a,x7008a,CSc1ncnc(N2CCC(N(C)S(C)(=O)=O)CC2)c1CC(=O)N1CCC[C@H](C(N)=O)C1,6.5122,False,False,True,True,False,31.8357,92.3077,29.3868,structures/x7008a/A71EV2A-x7008a,structures/x7008a/A71EV2A-x7008a/A71EV2A-x7008a_complex_ref.pdb,True,210756,0d35f928b7459731429f3a3acc338c3b15360372c7688bd99be428c68ea97893,structures/x7008a/A71EV2A-x7008a/A71EV2A-x7008a_prepared.pdb,True,170009,544282de1fbcfda64127ec73c2c495c4d7f06332da7731c35ba64ccdc1c254b0,structures/x7008a/A71EV2A-x7008a/A71EV2A-x7008a_ligand_ref.sdf,True,2812,b17a9bfc3b395e402dfe56a1667ed76bb63b9871475858e89b0021cf8ce7bd8e,structures/x7008a/A71EV2A-x7008a/A71EV2A-x7008a_ligand_prepared.sdf,True,5468,90718b279ad213020d6a510434875b490f4c988fac9b2fac8d340e7283c23e34,1152,1088,64,32,2097,2097,,,True,1,32,32,0,C:20;N:6;O:4;S:2,True,1,64,32,0,C:20;H:32;N:6;O:4;S:2
801,A71EV2A-x7011a,x7011a,CC[C@H]1CCCN1c1ncnc(SC)c1CC(=O)N1CCC[C@H](C(N)=O)C1,7.3026,False,False,True,True,False,36.6061,92.3077,33.7902,structures/x7011a/A71EV2A-x7011a,structures/x7011a/A71EV2A-x7011a/A71EV2A-x7011a_complex_ref.pdb,True,199822,731c37d72daab5b67e6f7d51efc0a300e64521e0bade937852f8f393a9a46f9c,structures/x7011a/A71EV2A-x7011a/A71EV2A-x7011a_prepared.pdb,True,170009,ca99d4c6d00b10c26b4eebb4aab3dd092ae1ebf62dc9fc5716f6c9f4fc9ebbfc,structures/x7011a/A71EV2A-x7011a/A71EV2A-x7011a_ligand_ref.sdf,True,2397,27f378a4e82f198cdd80da265fa3499148bc506015ae0fbd656903c9e388694c,structures/x7011a/A71EV2A-x7011a/A71EV2A-x7011a_ligand_prepared.sdf,True,4804,b2006142dd00ca088de5378b30dde334d5703f5a282ecc3862732727e64c1788,1116,1077,39,27,2097,2097,,,True,1,27,27,0,C:19;N:5;O:2;S:1,True,1,56,27,0,C:19;H:29;N:5;O:2;S:1
802,A71EV2A-x7015a,x7015a,CSc1ncnc(N2CCc3ccccc3CC2)c1CC(=O)N1CCC[C@H](C(N)=O)C1,6.483,False,False,True,True,False,35.9192,92.5926,33.2585,structures/x7015a/A71EV2A-x7015a,structures/x7015a/A71EV2A-x7015a/A71EV2A-x7015a_complex_ref.pdb,True,203142,044c24719c3624f585c31cd0333f8d80813de54d3b00c765417e50480d992a85,structures/x7015a/A71EV2A-x7015a/A71EV2A-x7015a_prepared.pdb,True,170009,c6c5582e8e5749498ad71c7f32e3d708eb4d055278d4b8eda7cdb262fa3936a3,structures/x7015a/A71EV2A-x7015a/A71EV2A-x7015a_ligand_ref.sdf,True,2742,7f5318edfd8ff9b3360141fa998214aee256b76c797adbe2eda3426dc8cfe149,structures/x7015a/A71EV2A-x7015a/A71EV2A-x7015a_ligand_prepared.sdf,True,5149,a9e29f424e3e62b758601315798f4203eb4bdd7703493b5054f55fb71f96c0f7,1127,1083,44,31,2097,2097,,,True,1,31,31,0,C:23;N:5;O:2;S:1,True,1,60,31,0,C:23;H:29;N:5;O:2;S:1
803,A71EV2A-x7018a,x7018a,COC(=O)N1CCCN(c2ncnc(SC)c2CC(=O)N2CCC[C@H](C(N)=O)C2)CC1,5.7455,False,False,True,True,False,32.6415,92.3077,30.1306,structures/x7018a/A71EV2A-x7018a,structures/x7018a/A71EV2A-x7018a/A71EV2A-x7018a_complex_ref.pdb,True,215781,12d2bf2eb89a46b6faba68498d6cc9ff73cf61c2b77de140a6c9157e40b3f93c,structures/x7018a/A71EV2A-x7018a/A71EV2A-x7018a_prepared.pdb,True,170009,93c2e62ab2c80ee37f82ed515fca38a858bcba5d0da8f5a26a574195b51d6e83,structures/x7018a/A71EV2A-x7018a/A71EV2A-x7018a_ligand_ref.sdf,True,2729,6ef1bf88e32fb8afaaea22ee4f943245f05cf4f3832245a10b42356b7563ec4f,structures/x7018a/A71EV2A-x7018a/A71EV2A-x7018a_ligand_prepared.sdf,True,5219,a9ec79f4ec5d2fb630887d2ca48b1714ad215f5abb5406eb9ae0a98b6fe159f4,1177,1117,60,31,2097,2097,,,True,1,31,31,0,C:20;N:6;O:4;S:1,True,1,61,31,0,C:20;H:30;N:6;O:4;S:1
804,A71EV2A-x7024a,x7024a,CSc1ncnc(N2CCC3(CCCC3)C2)c1CC(=O)N1CCC[C@H](C(N)=O)C1,6.4622,False,False,True,True,False,43.1507,80,34.5206,structures/x7024a/A71EV2A-x7024a,structures/x7024a/A71EV2A-x7024a/A71EV2A-x7024a_complex_ref.pdb,True,218534,851930b0093745db0d0e1073e21b863427cd2a7fd8a213c2ce7e975a1cd4c791,structures/x7024a/A71EV2A-x7024a/A71EV2A-x7024a_prepared.pdb,True,170009,53cddb320ac5e2ea666bc7251a890496b3d0b664e01a03da5f3104e0366684b6,structures/x7024a/A71EV2A-x7024a/A71EV2A-x7024a_ligand_ref.sdf,True,2576,1215faeefe521fb5592f5b6820c6fdbae28befde01700750cfb5032267795fd4,structures/x7024a/A71EV2A-x7024a/A71EV2A-x7024a_ligand_prepared.sdf,True,5149,fc17d413ac083899b78d426e0953cb979f88401b45bea8ae1f396442f6cc718e,1203,1147,56,29,2097,2097,,,True,1,29,29,0,C:21;N:5;O:2;S:1,True,1,60,29,0,C:21;H:31;N:5;O:2;S:1
805,A71EV2A-x7025a,x7025a,CSc1ncnc(N2CC[C@@H](OC(F)F)C2)c1CC(=O)N1CCC[C@H](C(N)=O)C1,6.0481,False,False,True,True,False,34.9845,92.3077,32.2934,structures/x7025a/A71EV2A-x7025a,structures/x7025a/A71EV2A-x7025a/A71EV2A-x7025a_complex_ref.pdb,True,214729,a01f2d6bab94c9c8d49151b299eb51faa2773ffa6cd5a5f9d87b88e5e5a482db,structures/x7025a/A71EV2A-x7025a/A71EV2A-x7025a_prepared.pdb,True,170009,d6b51c50862c83f0670470b3c0d0afbbb02e23e3de1fd484a4ff39ee5e215984,structures/x7025a/A71EV2A-x7025a/A71EV2A-x7025a_ligand_ref.sdf,True,2563,65ed4dd3acd1d8cccb558554a3a9b2dc85caf753badcbf103d086cb473426c24,structures/x7025a/A71EV2A-x7025a/A71EV2A-x7025a_ligand_prepared.sdf,True,4638,1ec23cb929788d97a7bbd73c3ff2ed5aaa8b0d0092bec26a72dfe4bb7c4f910a,1147,1096,51,29,2097,2097,,,True,1,29,29,0,C:18;F:2;N:5;O:3;S:1,True,1,54,29,0,C:18;F:2;H:25;N:5;O:3;S:1
806,A71EV2A-x7026a,x7026a_x7026b,CSc1ncnc(N2CC[C@H](C)C2)c1CC(=O)N1CCC[C@H](C(N)=O)C1,6.2935,False,False,True,True,False,34.9921,92,32.1927,structures/x7026a_x7026b/A71EV2A-x7026a,structures/x7026a_x7026b/A71EV2A-x7026a/A71EV2A-x7026a_complex_ref.pdb,True,213269,d9600b8e0a456541620b096f2485d8089ee385eb95d99d085802ef14413fc6a3,structures/x7026a_x7026b/A71EV2A-x7026a/A71EV2A-x7026a_prepared.pdb,True,170009,c22552706fd66739bb5215d87d437a981aa49d6280cc621c8febf8ba8ab088fa,structures/x7026a_x7026b/A71EV2A-x7026a/A71EV2A-x7026a_ligand_ref.sdf,True,2313,475af3b124db3593093108c22011e2e41ef3e4d8b1efb9ca0085f932b3609cc6,structures/x7026a_x7026b/A71EV2A-x7026a/A71EV2A-x7026a_ligand_prepared.sdf,True,4554,901035720c0aa28977243bee844441e21a21914ae5be8770422fdab1ee719a51,1173,1113,60,26,2097,2097,,,True,1,26,26,0,C:18;N:5;O:2;S:1,True,1,53,26,0,C:18;H:27;N:5;O:2;S:1
807,A71EV2A-x7026b,x7026a_x7026b,CSc1ncnc(N2CC[C@H](C)C2)c1CC(=O)N1CCC[C@H](C(N)=O)C1,6.2935,False,False,True,True,False,35.5663,92,32.721,structures/x7026a_x7026b/A71EV2A-x7026b,structures/x7026a_x7026b/A71EV2A-x7026b/A71EV2A-x7026b_complex_ref.pdb,True,213269,eac0551fbf86739f4178401174d557dd097ff4ea777872fa47eb04e9fb4e697f,structures/x7026a_x7026b/A71EV2A-x7026b/A71EV2A-x7026b_prepared.pdb,True,170009,7db0ee585a08c2b222fbf936ae174617b420a57bd7301a7696ff92059c402c66,structures/x7026a_x7026b/A71EV2A-x7026b/A71EV2A-x7026b_ligand_ref.sdf,True,2313,0c5e5aa6b349283a14f9e353245ff3eecf328564288d50f7afc571d549bab9e5,structures/x7026a_x7026b/A71EV2A-x7026b/A71EV2A-x7026b_ligand_prepared.sdf,True,4554,8bd1335ff80976f62894242c04390ee878df2f022cb3c95064e7c92f1047c6e4,1173,1113,60,26,2097,2097,,,True,1,26,26,0,C:18;N:5;O:2;S:1,True,1,53,26,0,C:18;H:27;N:5;O:2;S:1
808,A71EV2A-x7031a,x7031a,CSc1ncnc(N2CC[C@H](OC(F)F)C2)c1CC(=O)N1CCC[C@H](C(N)=O)C1,6.9258,False,False,True,True,False,34.6722,92.3077,32.0051,structures/x7031a/A71EV2A-x7031a,structures/x7031a/A71EV2A-x7031a/A71EV2A-x7031a_complex_ref.pdb,True,206060,c36e32371b5049c68bb542605fc9488442d0c32fa544b21c61627490ce1c839d,structures/x7031a/A71EV2A-x7031a/A71EV2A-x7031a_prepared.pdb,True,170009,a052f507f3e8010beb0f813d3e583b4c4d40c75aa7e5ef39a83311fb1a51b2ad,structures/x7031a/A71EV2A-x7031a/A71EV2A-x7031a_ligand_ref.sdf,True,2563,909996c8f0a38ab1188eeccc0522a465eb710922fd1cabb9cad10fc218bd2f10,structures/x7031a/A71EV2A-x7031a/A71EV2A-x7031a_ligand_prepared.sdf,True,4638,14606922959bce86035f51f53296445920712c3ceb345a2a1695d04ca3a6e2ba,1133,1083,50,29,2097,2097,,,True,1,29,29,0,C:18;F:2;N:5;O:3;S:1,True,1,54,29,0,C:18;F:2;H:25;N:5;O:3;S:1
809,A71EV2A-x7032a,x7032a,CSc1ccc(-c2cccnc2)cc1OC(=O)N1C[C@@H](C(N)=O)C[C@H]2C[C@H]21,6.0254,False,False,True,True,False,45.935,88.8889,40.8311,structures/x7032a/A71EV2A-x7032a,structures/x7032a/A71EV2A-x7032a/A71EV2A-x7032a_complex_ref.pdb,True,202658,670852e28a339db6730c99d82432225af198c1cbec0adae5167af8642ddd0493,structures/x7032a/A71EV2A-x7032a/A71EV2A-x7032a_prepared.pdb,True,170009,2e59bea2efef7221e9fffd1a36a01b24417b3d2985ad9f2c144ced04a3e4e1ff,structures/x7032a/A71EV2A-x7032a/A71EV2A-x7032a_ligand_ref.sdf,True,2410,baf3b7d4a66022f2d829bafcf29bcab6f55940bcea83013230c32ab82e2140a0,structures/x7032a/A71EV2A-x7032a/A71EV2A-x7032a_ligand_prepared.sdf,True,4153,290fd9cf9b41ca08d4c6e59eb26348f807feefdfafb8a633b215956762f81424,1125,1083,42,27,2097,2097,,,True,1,27,27,0,C:20;N:3;O:3;S:1,True,1,48,27,0,C:20;H:21;N:3;O:3;S:1
810,A71EV2A-x7035a,x7035a,CSc1ccccc1[C@@H](NC(=O)C(C)C)C(=O)N1CC[C@H](C(N)=O)C1,4.6166,False,False,True,True,False,34.6723,92.5926,32.104,structures/x7035a/A71EV2A-x7035a,structures/x7035a/A71EV2A-x7035a/A71EV2A-x7035a_complex_ref.pdb,True,401680,f1fc4ac85ab28134f650c5dcc9016c9b229b022e58e4d2d122ec94a9f766fff4,structures/x7035a/A71EV2A-x7035a/A71EV2A-x7035a_prepared.pdb,True,171224,1ddda51db8577412b5ba7113c8061b8761e66d27b0eb184714932d040b8db266,structures/x7035a/A71EV2A-x7035a/A71EV2A-x7035a_ligand_ref.sdf,True,2217,c92823b7f11e12805480b7b3d8f4a66b122274fce55238afbcb3c02097557979,structures/x7035a/A71EV2A-x7035a/A71EV2A-x7035a_ligand_prepared.sdf,True,4292,282318ffa9312a659667e7dec04cc143ad295cf5bd2d024c32ece1b1007cd20f,2283,2218,65,25,2112,2112,,,True,1,25,25,0,C:18;N:3;O:3;S:1,True,1,50,25,0,C:18;H:25;N:3;O:3;S:1
811,A71EV2A-x7038a,x7038a,CSc1ccccc1[C@H](C(=O)N1CC[C@H](C(N)=O)C1)N1CCCC1=O,7.1943,False,False,True,True,False,33.8708,92.3077,31.2654,structures/x7038a/A71EV2A-x7038a,structures/x7038a/A71EV2A-x7038a/A71EV2A-x7038a_complex_ref.pdb,True,199660,47b60deac5638b7fffd503defc252671f3746e5598ab94bc6f143e8270b43d35,structures/x7038a/A71EV2A-x7038a/A71EV2A-x7038a_prepared.pdb,True,170009,8c205df0fe7431a6f8873b5a1866918456ce0aca5fa2d8aef9029b4c06d8af90,structures/x7038a/A71EV2A-x7038a/A71EV2A-x7038a_ligand_ref.sdf,True,2230,17bcc2d8949330db8692f2207ada5ed53ffc453e61e4e7f04c54ee8f83825b92,structures/x7038a/A71EV2A-x7038a/A71EV2A-x7038a_ligand_prepared.sdf,True,4139,fa43c33aa8402ad6234e0b245dab492006d7c83a3171ab2fdad8b24f5dba94a8,1121,1077,44,25,2097,2097,,,True,1,25,25,0,C:18;N:3;O:3;S:1,True,1,48,25,0,C:18;H:23;N:3;O:3;S:1
812,A71EV2A-x7043a,x7043a_x7043b,CSc1ncnc(N2CCn3nc4c(c3C2)CCC4)c1CC(=O)N1CCC[C@H](C(N)=O)C1,5.6019,False,False,True,True,False,36.0843,92,33.1976,structures/x7043a_x7043b/A71EV2A-x7043a,structures/x7043a_x7043b/A71EV2A-x7043a/A71EV2A-x7043a_complex_ref.pdb,True,209948,21bf2d05aba375dd439596b90b5f06cdba3d2d93cd6b8838f9a0f90f815042d0,structures/x7043a_x7043b/A71EV2A-x7043a/A71EV2A-x7043a_prepared.pdb,True,170009,c202e6d6509ea90530d30a0366341abbc61a9b556dd3af7e4456cb7c53f0887f,structures/x7043a_x7043b/A71EV2A-x7043a/A71EV2A-x7043a_ligand_ref.sdf,True,2838,cff4aae0bfe29319f6f51850fa73b1d253fd1a243d22c40e140d9e3e5b2a8117,structures/x7043a_x7043b/A71EV2A-x7043a/A71EV2A-x7043a_ligand_prepared.sdf,True,5245,fc8e430851df50ccd9886b2af616b972c27d05e4ddc270fcd49fe8a5eed60d57,1148,1093,55,32,2097,2097,,,True,1,32,32,0,C:22;N:7;O:2;S:1,True,1,61,32,0,C:22;H:29;N:7;O:2;S:1
813,A71EV2A-x7043b,x7043a_x7043b,CSc1ncnc(N2CCn3nc4c(c3C2)CCC4)c1CC(=O)N1CCC[C@H](C(N)=O)C1,5.6019,False,False,True,True,False,37.4965,91.6667,34.3718,structures/x7043a_x7043b/A71EV2A-x7043b,structures/x7043a_x7043b/A71EV2A-x7043b/A71EV2A-x7043b_complex_ref.pdb,True,209948,72df7967d963bd673946c0a78bd11430131e616ddff6268764e9353243017160,structures/x7043a_x7043b/A71EV2A-x7043b/A71EV2A-x7043b_prepared.pdb,True,170009,9870a2b1d2b49cc4fa0307d265a6fdff4f157759a88c7fe8637f2c422f87bb9f,structures/x7043a_x7043b/A71EV2A-x7043b/A71EV2A-x7043b_ligand_ref.sdf,True,2838,2ab7f5fa2c73c483766417e809e58527b9b8cb7c595f2ebbe95c813343061f3d,structures/x7043a_x7043b/A71EV2A-x7043b/A71EV2A-x7043b_ligand_prepared.sdf,True,5245,710ce7423210fde4762e74c45b3362827833d5513f07da31430be859b20fab72,1148,1093,55,32,2097,2097,,,True,1,32,32,0,C:22;N:7;O:2;S:1,True,1,61,32,0,C:22;H:29;N:7;O:2;S:1
814,A71EV2A-x7044a,x7044a,CSc1ccc(-c2ccnn2C2CCC2)cc1OC(=O)N1C[C@H](C(N)=O)C[C@H]2C[C@H]21,6.6438,False,False,True,True,False,39.2586,89.2857,35.0524,structures/x7044a/A71EV2A-x7044a,structures/x7044a/A71EV2A-x7044a/A71EV2A-x7044a_complex_ref.pdb,True,406136,bb65b51e8e32ef77faf190cb7884cfdfb412a560a6a1914fd4f7ffe0b6b46250,structures/x7044a/A71EV2A-x7044a/A71EV2A-x7044a_prepared.pdb,True,171224,0bdd5a00499e5fc2ff8279b8fef7b13d3d1c60e235f1eaa3b26bcfbbbdb7ecca,structures/x7044a/A71EV2A-x7044a/A71EV2A-x7044a_ligand_ref.sdf,True,2671,6a3b8faf81aad6068dc89dc0c84a4a34a73e2802c16edf3a415e3a9f2978c348,structures/x7044a/A71EV2A-x7044a/A71EV2A-x7044a_ligand_prepared.sdf,True,4829,99168c55d7d806d311b4328fc2a319e0d9ff91329a1e0fac46922967d44f3e36,2316,2233,83,30,2112,2112,,,True,1,30,30,0,C:22;N:4;O:3;S:1,True,1,56,30,0,C:22;H:26;N:4;O:3;S:1
815,A71EV2A-x7046a,x7046a,CSc1ccc(C2=CC[N@@H+](C)CC2)cc1OC(=O)N1C[C@@H](C(N)=O)C[C@H]2C[C@H]21,6.4554,False,False,True,True,False,40.1792,92.3077,37.0885,structures/x7046a/A71EV2A-x7046a,structures/x7046a/A71EV2A-x7046a/A71EV2A-x7046a_complex_ref.pdb,True,213755,8e28a0893946aa8f30b0da3345af5c98148c1ce4553a428a639903e15eacad9f,structures/x7046a/A71EV2A-x7046a/A71EV2A-x7046a_prepared.pdb,True,170009,866400af2b4a8c2d81e2d6ec866372fd0a81b0117f8e9906698608668dabde68,structures/x7046a/A71EV2A-x7046a/A71EV2A-x7046a_ligand_ref.sdf,True,2511,2615d957fd8b8761bd5f2390f221373c929bcd3b163d24a80ffeeda4078b6873,structures/x7046a/A71EV2A-x7046a/A71EV2A-x7046a_ligand_prepared.sdf,True,4835,d7ea9186c483bc83ed25df9bdf3d8d40a5276e3779e35696f20e8cf3c312337d,1144,1087,57,28,2097,2097,,,True,1,28,28,1,C:21;N:3;O:3;S:1,True,1,56,28,1,C:21;H:28;N:3;O:3;S:1
816,A71EV2A-x7050a,x7050a,CSc1ncnc(N2CCc3ccsc3C2)c1CC(=O)N1C[C@@H](C(N)=O)C[C@@H]2C[C@@H]21,,False,False,True,True,False,46.7936,88.8889,41.5943,structures/x7050a/A71EV2A-x7050a,structures/x7050a/A71EV2A-x7050a/A71EV2A-x7050a_complex_ref.pdb,True,213674,48db88ef25ed8eed6084bd27964865b37a0bedbda6cea645f063c17478ead7a7,structures/x7050a/A71EV2A-x7050a/A71EV2A-x7050a_prepared.pdb,True,170009,d18a6da7f30ecd3a343bb2362e90f39c13337588e33d934da2f1793ceca579e2,structures/x7050a/A71EV2A-x7050a/A71EV2A-x7050a_ligand_ref.sdf,True,2672,a688e382d42e8118f6be5f5a78fc005afc78d8c1073d5340f35c6dd383a14df8,structures/x7050a/A71EV2A-x7050a/A71EV2A-x7050a_ligand_prepared.sdf,True,4747,f1ece78c417a4f7f3a85dfa5bed429412472e07e3204782b7e2b5e4b476840ed,1142,1087,55,30,2097,2097,,,True,1,30,30,0,C:21;N:5;O:2;S:2,True,1,55,30,0,C:21;H:25;N:5;O:2;S:2
817,A71EV2A-x7056a,x7056a,CSc1ncnc(N2CCC3(CCC3)C2)c1CC(=O)N1CCC[C@H](C(N)=O)C1,6.1312,False,False,True,True,False,37.8188,92.3077,34.9097,structures/x7056a/A71EV2A-x7056a,structures/x7056a/A71EV2A-x7056a/A71EV2A-x7056a_complex_ref.pdb,True,206059,7e0927bdf3c2b016610b95cd2861164cb451de17c1189e10d07d7ba720a4366d,structures/x7056a/A71EV2A-x7056a/A71EV2A-x7056a_prepared.pdb,True,170009,5c66b1155a8c47ccb17734c7014fd948fc140139af0a042eb321f610c2a8f778,structures/x7056a/A71EV2A-x7056a/A71EV2A-x7056a_ligand_ref.sdf,True,2493,02c521fa0609b93acafe8279497dc1f0331b07b7f681f11c9d6076799c84499d,structures/x7056a/A71EV2A-x7056a/A71EV2A-x7056a_ligand_prepared.sdf,True,4900,c2ecbbefa51f56a65c6b313b9a4b4cd7199f48d5e1fa33c5e685c398a3007349,1120,1077,43,28,2097,2097,,,True,1,28,28,0,C:20;N:5;O:2;S:1,True,1,57,28,0,C:20;H:29;N:5;O:2;S:1
818,A71EV2A-x7070a,x7070a,CSc1ccc(-c2cccnc2)cc1OC(=O)N1C[C@@H](C(N)=O)C[C@@H]2C[C@@H]21,6.615,False,False,True,True,False,45.2787,88.8889,40.2477,structures/x7070a/A71EV2A-x7070a,structures/x7070a/A71EV2A-x7070a/A71EV2A-x7070a_complex_ref.pdb,True,207436,2c3c3cb8002f41b71f503898fdb8845dff9bdae4bc78d54752fcd3f6971cd286,structures/x7070a/A71EV2A-x7070a/A71EV2A-x7070a_prepared.pdb,True,170009,9d26cd1916659731ebb2c5786869573eb72b354a432bf086e292d63cd01b5dd0,structures/x7070a/A71EV2A-x7070a/A71EV2A-x7070a_ligand_ref.sdf,True,2410,1213c36c05bcbf736bed270a31a4817665eae12c248f0ab44844519b419b6a82,structures/x7070a/A71EV2A-x7070a/A71EV2A-x7070a_ligand_prepared.sdf,True,4153,7f4cd5852bd582e0e435134c60d28b29abd3bdecfc279eeea28cc01ad90588c7,1148,1095,53,27,2097,2097,,,True,1,27,27,0,C:20;N:3;O:3;S:1,True,1,48,27,0,C:20;H:21;N:3;O:3;S:1
819,A71EV2A-x7071a,x7071a,CSc1ccccc1[C@@H](NS(C)(=O)=O)C(=O)N1CC[C@H](C(N)=O)C1,,False,False,True,True,False,36.4925,92.5926,33.7894,structures/x7071a/A71EV2A-x7071a,structures/x7071a/A71EV2A-x7071a/A71EV2A-x7071a_complex_ref.pdb,True,394304,2802adfd0220b641286b85485edff5eaa7cc74073a18ad22c88462c874caf939,structures/x7071a/A71EV2A-x7071a/A71EV2A-x7071a_prepared.pdb,True,171224,819111c1686f409b38985f71592f574a0ce969ba25bc7a2ec1e1973a39b37e13,structures/x7071a/A71EV2A-x7071a/A71EV2A-x7071a_ligand_ref.sdf,True,2135,c5cda46fdd9ca3f7614f059e0f148d1ae4a47b0f1d8665881e8fbc0386ce7795,structures/x7071a/A71EV2A-x7071a/A71EV2A-x7071a_ligand_prepared.sdf,True,3878,e8054f70c0e0f212a1b6cd614b53c8ed05da9ca47a8ffc29fd80ef9b36252c37,2250,2186,64,24,2112,2112,,,True,1,24,24,0,C:15;N:3;O:4;S:2,True,1,45,24,0,C:15;H:21;N:3;O:4;S:2
820,A71EV2A-x7093a,x7093a,CSc1ncnc(N2CC[C@@H](SC)C2)c1CC(=O)N1CCC[C@H](C(N)=O)C1,6.9071,False,False,True,True,False,33.1783,96.1538,31.9022,structures/x7093a/A71EV2A-x7093a,structures/x7093a/A71EV2A-x7093a/A71EV2A-x7093a_complex_ref.pdb,True,214812,507707bf5cff1b9cc83f77ddbb0f647c2da1ad577e93de063725e960aa143922,structures/x7093a/A71EV2A-x7093a/A71EV2A-x7093a_prepared.pdb,True,170009,018f81f50410fba08797463a288549f709eded5a2d0a985b8e59170a12627b5e,structures/x7093a/A71EV2A-x7093a/A71EV2A-x7093a_ligand_ref.sdf,True,2397,1892e8e76febdf9882ae88b9e1be0272f4e1cfab39965385fe8696e69265d236,structures/x7093a/A71EV2A-x7093a/A71EV2A-x7093a_ligand_prepared.sdf,True,4638,b987fee4eab4a4395230fac23284c4c05cd6e6cc6b8dd2a191bb50e699a207ca,1136,1088,48,27,2097,2097,,,True,1,27,27,0,C:18;N:5;O:2;S:2,True,1,54,27,0,C:18;H:27;N:5;O:2;S:2
821,A71EV2A-x7095a,x7095a,CSc1ncnc(N2CC(Oc3ccccc3Cl)C2)c1CC(=O)N1CCC[C@H](C(N)=O)C1,6.0787,False,False,True,True,False,41.7459,80,33.3967,structures/x7095a/A71EV2A-x7095a,structures/x7095a/A71EV2A-x7095a/A71EV2A-x7095a_complex_ref.pdb,True,215618,a3f1bce3c4637d12069e3d911b53fb6215549f2038a77015b255789f1ca35509,structures/x7095a/A71EV2A-x7095a/A71EV2A-x7095a_prepared.pdb,True,170009,0b93708bac7fa25afd130a27a42103712f5c8a4e3814e2e396f504d29628a4bf,structures/x7095a/A71EV2A-x7095a/A71EV2A-x7095a_ligand_ref.sdf,True,2825,d49d6903ca7903c5f5763df65c97c8551e16c4d8a6514001713eb6a4bca8f2bd,structures/x7095a/A71EV2A-x7095a/A71EV2A-x7095a_ligand_prepared.sdf,True,4983,e6cc5f4817bceb4d7a63e66262cc397079381ef3a37391a553cb92741b988413,1174,1105,69,32,2097,2097,,,True,1,32,32,0,C:22;Cl:1;N:5;O:3;S:1,True,1,58,32,0,C:22;Cl:1;H:26;N:5;O:3;S:1
822,A71EV2A-x7096a,x7096a,CSc1ncnc(N2CCC(C(=O)N(C(C)C)C(C)C)CC2)c1CC(=O)N1CCC[C@H](C(N)=O)C1,6.2253,False,False,True,True,False,29.7878,92.3077,27.4964,structures/x7096a/A71EV2A-x7096a,structures/x7096a/A71EV2A-x7096a/A71EV2A-x7096a_complex_ref.pdb,True,209377,84a7f476bcaedb663aa2a431cec26c5878349be68a3f4c6abfe63bea857f2a33,structures/x7096a/A71EV2A-x7096a/A71EV2A-x7096a_prepared.pdb,True,170009,33b41af77a89b5160c18ac615b077bbd6aa9a4761c8b692c1fb1478f64e40e75,structures/x7096a/A71EV2A-x7096a/A71EV2A-x7096a_ligand_ref.sdf,True,3061,ce6fce358347c548376a3106ecc8fee415226aee6f774093e47950764fb38875,structures/x7096a/A71EV2A-x7096a/A71EV2A-x7096a_ligand_prepared.sdf,True,6381,f6fc43712d7224980e5827e6f5a7cb33884ca08839ccced1fd6b528122e05504,1131,1080,51,35,2097,2097,,,True,1,35,35,0,C:25;N:6;O:3;S:1,True,1,75,35,0,C:25;H:40;N:6;O:3;S:1
823,A71EV2A-x7101a,x7101a,CSc1ncnc(N2CCC3(CCCCC3)C2)c1CC(=O)N1CCC[C@H](C(N)=O)C1,6.3886,False,False,True,True,False,35.6063,92.3077,32.8673,structures/x7101a/A71EV2A-x7101a,structures/x7101a/A71EV2A-x7101a/A71EV2A-x7101a_complex_ref.pdb,True,213349,6d3b9a44cebb326532e9ffa245b2bc93936d5f79c249f0467510ebb52a700a9e,structures/x7101a/A71EV2A-x7101a/A71EV2A-x7101a_prepared.pdb,True,170009,e2ff0b086d30e34b3a431665326349cdcade8a1ea82ba169933687e555181858,structures/x7101a/A71EV2A-x7101a/A71EV2A-x7101a_ligand_ref.sdf,True,2659,5a021e382b753af31a272b40b330b470a3205343171e8e257de8250eb9c957ba,structures/x7101a/A71EV2A-x7101a/A71EV2A-x7101a_ligand_prepared.sdf,True,5398,a71da1429eff2668e44ff3b7cf1584deff0f693b63aba04ae771a2b34eae9f04,1154,1097,57,30,2097,2097,,,True,1,30,30,0,C:22;N:5;O:2;S:1,True,1,63,30,0,C:22;H:33;N:5;O:2;S:1
824,A71EV2A-x7127a,x7127a,CSc1ncnc(N2CCC[C@@H]2Cn2cccn2)c1CC(=O)N1CCC[C@H](C(N)=O)C1,6.1893,False,False,True,True,False,40.0679,92.3077,36.9858,structures/x7127a/A71EV2A-x7127a,structures/x7127a/A71EV2A-x7127a/A71EV2A-x7127a_complex_ref.pdb,True,215055,8c019e9b9e61b46ad6afa8800ccc8bde4bfa87bb5a87263f85e47b2507df6b88,structures/x7127a/A71EV2A-x7127a/A71EV2A-x7127a_prepared.pdb,True,168794,622873a8ae5d0ba3732e036ed1acb9c12a05c3866358132a36c51abb7d8d9d9c,structures/x7127a/A71EV2A-x7127a/A71EV2A-x7127a_ligand_ref.sdf,True,2742,e2c52849f20a07d6e39b367251f1f6a9cdaa1d6b3b7c0d39916725eb99e6e98d,structures/x7127a/A71EV2A-x7127a/A71EV2A-x7127a_ligand_prepared.sdf,True,5149,34b9b4947dae8cf5131ee887c104f7d734e91afc5ef4ce2253bd3dd7af63b55a,1129,1071,58,31,2082,2082,,,True,1,31,31,0,C:21;N:7;O:2;S:1,True,1,60,31,0,C:21;H:29;N:7;O:2;S:1
825,A71EV2A-x7130a,x7130a,CSc1ncnc(N2CCn3ncc(C#N)c3C2)c1CC(=O)N1CCC[C@H](C(N)=O)C1,6.1311,False,False,True,True,False,38.3945,92,35.323,structures/x7130a/A71EV2A-x7130a,structures/x7130a/A71EV2A-x7130a/A71EV2A-x7130a_complex_ref.pdb,True,206788,b56a5e5d88eb761f1faa0b37d151542152c96a2f38704504e5e85b96409bd828,structures/x7130a/A71EV2A-x7130a/A71EV2A-x7130a_prepared.pdb,True,170009,7ac71ad3ed38d71059d130c159117e56b2083c2cd9826c2822d6d8afd31fc44c,structures/x7130a/A71EV2A-x7130a/A71EV2A-x7130a_ligand_ref.sdf,True,2742,69df9f7482c67212ff5b489f4993417239b6b1dc4781d9a6952279b15afd7f0e,structures/x7130a/A71EV2A-x7130a/A71EV2A-x7130a_ligand_prepared.sdf,True,4734,a5e95d56142253be1c9cbc1292ad6b951f5b5fe838f8747635b65b00c1f96eea,1141,1083,58,31,2097,2097,,,True,1,31,31,0,C:20;N:8;O:2;S:1,True,1,55,31,0,C:20;H:24;N:8;O:2;S:1
826,A71EV2A-x7132a,x7132a,CSc1ncnc(N2CCC[C@@H]2Cc2ccnn2C)c1CC(=O)N1CCC[C@H](C(N)=O)C1,7.3594,False,False,True,True,False,38.1587,92.3077,35.2235,structures/x7132a/A71EV2A-x7132a,structures/x7132a/A71EV2A-x7132a/A71EV2A-x7132a_complex_ref.pdb,True,200227,2de6b2a29e78e4601994e9a5fb8d503638807048330cfff27d4535f869eca547,structures/x7132a/A71EV2A-x7132a/A71EV2A-x7132a_prepared.pdb,True,170009,1f77bddcf60c4fce15b92f8f94cc4a8d98e253b85fb6c7b54c4dc0bcff2bb0b7,structures/x7132a/A71EV2A-x7132a/A71EV2A-x7132a_ligand_ref.sdf,True,2824,fcb7d2306a7d3339e4d99d60eef4f6bb45627ff6d8a807ad2a887c169cb3dff4,structures/x7132a/A71EV2A-x7132a/A71EV2A-x7132a_ligand_prepared.sdf,True,5397,4d43d3de6226233cbb4f5b2ebfa4163d9ece8709174d75c5ee7f50e414d6eb68,1129,1077,52,32,2097,2097,,,True,1,32,32,0,C:22;N:7;O:2;S:1,True,1,63,32,0,C:22;H:31;N:7;O:2;S:1
827,A71EV2A-x7135a,x7135a,CSc1ncnc(N2CCC[C@@H]2C(C)C)c1CC(=O)N1CCC[C@H](C(N)=O)C1,7.7602,False,False,True,True,False,37.3312,92.3077,34.4596,structures/x7135a/A71EV2A-x7135a,structures/x7135a/A71EV2A-x7135a/A71EV2A-x7135a_complex_ref.pdb,True,209952,e5fb13b20edc09cfeb7f881b1f3ec3c2e35224a3a03b2eb9985e8a362c296ab3,structures/x7135a/A71EV2A-x7135a/A71EV2A-x7135a_prepared.pdb,True,170009,cf549ce575af8e5762fb3decf8d4e0d3ec59d4b7a75890391ab41c010fb24dcc,structures/x7135a/A71EV2A-x7135a/A71EV2A-x7135a_ligand_ref.sdf,True,2479,288956fe8f3ab7f7592bba249e387b4bc43071b360e4770c02e05d3cd72155f9,structures/x7135a/A71EV2A-x7135a/A71EV2A-x7135a_ligand_prepared.sdf,True,5052,515c06141fd17b9c9c29e309d9831610b85bde2a78f69d78c38ad7add4937ae0,1138,1092,46,28,2097,2097,,,True,1,28,28,0,C:20;N:5;O:2;S:1,True,1,59,28,0,C:20;H:31;N:5;O:2;S:1
828,A71EV2A-x7147a,x7147a,CSc1ncnc(N2CCC[C@@H]2CC(C)C)c1CC(=O)N1CCC[C@H](C(N)=O)C1,7.1999,False,False,True,True,False,37.4292,92.3077,34.55,structures/x7147a/A71EV2A-x7147a,structures/x7147a/A71EV2A-x7147a/A71EV2A-x7147a_complex_ref.pdb,True,209380,dc344e929aa8fc5cb66890dac31069911f4a35148a9b5a674eb1f8de4d510656,structures/x7147a/A71EV2A-x7147a/A71EV2A-x7147a_prepared.pdb,True,170009,0b5b78948e12f088979f8e594a6e01e6b9660fd3acb40125201a1964e901c53c,structures/x7147a/A71EV2A-x7147a/A71EV2A-x7147a_ligand_ref.sdf,True,2562,405d007909d9224e8827f41d5fdd9bbf749554e90181ff5a908eac0466b739e0,structures/x7147a/A71EV2A-x7147a/A71EV2A-x7147a_ligand_prepared.sdf,True,5301,c7771f97449e4d31d4d59eca58c5daaab70f7c8c0e7ab7758946769722d6b08a,1142,1083,59,29,2097,2097,,,True,1,29,29,0,C:21;N:5;O:2;S:1,True,1,62,29,0,C:21;H:33;N:5;O:2;S:1
829,A71EV2A-x7151a,x7151a,CSc1ncnc(N2CCc3cnc(C(C)C)nc3C2)c1CC(=O)N1CCC[C@H](C(N)=O)C1,5.9127,False,False,True,True,False,30.2504,92.3077,27.9234,structures/x7151a/A71EV2A-x7151a,structures/x7151a/A71EV2A-x7151a/A71EV2A-x7151a_complex_ref.pdb,True,210029,e2aaccfc0fc4fed0f4594d6f11245ad67c680a687831a6a470b53adb7b6308ed,structures/x7151a/A71EV2A-x7151a/A71EV2A-x7151a_prepared.pdb,True,170009,8571c70e2d12441027ee6b7e7bc1a955728c402b168894fcadedd36d96adb3a9,structures/x7151a/A71EV2A-x7151a/A71EV2A-x7151a_ligand_ref.sdf,True,2908,e78d644bf3232485091f252e31d9a37a59e2e0e34dfb317550f8052bfb3ae897,structures/x7151a/A71EV2A-x7151a/A71EV2A-x7151a_ligand_prepared.sdf,True,5481,ae241ba392d6b3b515bb8287875ed58c7837ebfa8e4b1c64f16f0f0c9f081adb,1146,1085,61,33,2097,2097,,,True,1,33,33,0,C:23;N:7;O:2;S:1,True,1,64,33,0,C:23;H:31;N:7;O:2;S:1
830,A71EV2A-x7154a,x7154a,CSc1ncnc(N2CCC(N3CCOC3=O)CC2)c1CC(=O)N1CCC[C@H](C(N)=O)C1,5.9235,False,False,True,True,False,33.1294,92.3077,30.581,structures/x7154a/A71EV2A-x7154a,structures/x7154a/A71EV2A-x7154a/A71EV2A-x7154a_complex_ref.pdb,True,208570,44a227965ac6a9076bdeb44c931e6c62180106d6194225d85eb4cf6613832231,structures/x7154a/A71EV2A-x7154a/A71EV2A-x7154a_prepared.pdb,True,170009,b8495d812f6c73ad9430901da2eea90e7e6fda81964d03b4f0a072f0e4a82cfd,structures/x7154a/A71EV2A-x7154a/A71EV2A-x7154a_ligand_ref.sdf,True,2825,6e8c0828fd5ecc189d5ae7efc63233226449b2eb06d344926f12db81a1afcab7,structures/x7154a/A71EV2A-x7154a/A71EV2A-x7154a_ligand_prepared.sdf,True,5315,2809ff741672777122d16d23a0d21dd7fffa037df917654e4be537b1cfb32cf2,1153,1091,62,32,2097,2097,,,True,1,32,32,0,C:21;N:6;O:4;S:1,True,1,62,32,0,C:21;H:30;N:6;O:4;S:1
831,A71EV2A-x7161a,x7161a,COC[C@@H]1CCCN1c1ncnc(SC)c1CC(=O)N1CCC[C@H](C(N)=O)C1,5.029,False,False,True,True,False,35.9276,92.3077,33.1639,structures/x7161a/A71EV2A-x7161a,structures/x7161a/A71EV2A-x7161a/A71EV2A-x7161a_complex_ref.pdb,True,208246,272da7e6bc38a00bd3c0833bc6b1cd00520dce8cc4bee1aabcb1557960a8e672,structures/x7161a/A71EV2A-x7161a/A71EV2A-x7161a_prepared.pdb,True,170009,4ac7849d00ba8800b0776ca169e31201c0c6488f512a3c69f5f7fa88d5d97e0f,structures/x7161a/A71EV2A-x7161a/A71EV2A-x7161a_ligand_ref.sdf,True,2480,7e4198bc818be263a50ced5081b1a55a7a026037cea5e0b23b3e1a85459276fe,structures/x7161a/A71EV2A-x7161a/A71EV2A-x7161a_ligand_prepared.sdf,True,4887,b970af3a1e53c9f3c92026fa21845379173f230d3aae87d67efd3ec77a545ac5,1140,1096,44,28,2097,2097,,,True,1,28,28,0,C:19;N:5;O:3;S:1,True,1,57,28,0,C:19;H:29;N:5;O:3;S:1
832,A71EV2A-x7167a,x7167a_x7167b,CSc1ccc(-c2ccnn2C(C)(C)C)cc1OC(=O)N1CCC[C@H](C(N)=O)C1,4.9121,False,False,True,True,False,38.9332,92,35.8185,structures/x7167a_x7167b/A71EV2A-x7167a,structures/x7167a_x7167b/A71EV2A-x7167a/A71EV2A-x7167a_complex_ref.pdb,True,400786,8f980311e7c50ebac97bc058008048200ea71fb93b4d6bb3c423e9e85a12d930,structures/x7167a_x7167b/A71EV2A-x7167a/A71EV2A-x7167a_prepared.pdb,True,170009,3665765ee1746d43f1c4b9c81f525bcd2390fb4568c77637cbd40aa6f40cea2e,structures/x7167a_x7167b/A71EV2A-x7167a/A71EV2A-x7167a_ligand_ref.sdf,True,2562,6157f7fa905ed5c0eff18802720d1b8832495cac3fb0b2efc8ce0bcc0be5a273,structures/x7167a_x7167b/A71EV2A-x7167a/A71EV2A-x7167a_ligand_prepared.sdf,True,4886,b4affe0d3d59ff22ec81d3a2324eece2c69be7d5c217d008c8c3008d46e22283,2293,2200,93,58,2097,2097,,,True,1,29,29,0,C:21;N:4;O:3;S:1,True,1,57,29,0,C:21;H:28;N:4;O:3;S:1
833,A71EV2A-x7167b,x7167a_x7167b,CSc1ccc(-c2ccnn2C(C)(C)C)cc1OC(=O)N1CCC[C@H](C(N)=O)C1,4.9121,False,False,True,True,False,39.3747,92.3077,36.3459,structures/x7167a_x7167b/A71EV2A-x7167b,structures/x7167a_x7167b/A71EV2A-x7167b/A71EV2A-x7167b_complex_ref.pdb,True,401434,924d8b50ba4156a9655fabf69eb71ddb1a655e1d0f71db1ae77a8bf8a70052b7,structures/x7167a_x7167b/A71EV2A-x7167b/A71EV2A-x7167b_prepared.pdb,True,170009,1e23a1f1d784f64bda21d6382a869623ce8627f97494d8244a7304e9cd1ed1cc,structures/x7167a_x7167b/A71EV2A-x7167b/A71EV2A-x7167b_ligand_ref.sdf,True,2563,d93c2d8a087a0b34a8b4ee56210ab098adf45a7c7d03c56752421e0145290713,structures/x7167a_x7167b/A71EV2A-x7167b/A71EV2A-x7167b_ligand_prepared.sdf,True,4887,d2662501ed679c63d38fc66a35cd609e13fc5fe27425e2d3a39cdab36f3070ac,2301,2200,101,58,2097,2097,,,True,1,29,29,0,C:21;N:4;O:3;S:1,True,1,57,29,0,C:21;H:28;N:4;O:3;S:1
834,A71EV2A-x7169a,x7169a,CCC1(CC)CN(c2ncnc(SC)c2CC(=O)N2CCC[C@H](C(N)=O)C2)CCS1(=O)=O,6.0704,False,False,True,True,False,30.7296,92.5926,28.4533,structures/x7169a/A71EV2A-x7169a,structures/x7169a/A71EV2A-x7169a/A71EV2A-x7169a_complex_ref.pdb,True,210595,f877ef0f5ebb5585dc474cb2214b44ce3e80ba8235a3aec9379fb14729595ccc,structures/x7169a/A71EV2A-x7169a/A71EV2A-x7169a_prepared.pdb,True,170009,931c2004729e86461037f1918c2c4ecf05db42268173b579e0d76be3cd7d1c1c,structures/x7169a/A71EV2A-x7169a/A71EV2A-x7169a_ligand_ref.sdf,True,2812,90fb3f2104ac4b8f87c3e7f53ebdda7c4369f86433af6cc4c40c9ecdf1d505c0,structures/x7169a/A71EV2A-x7169a/A71EV2A-x7169a_ligand_prepared.sdf,True,5551,e893858c131a80d6252cc789c4873fbe9e24e478e873439d1695ee60d1e08d79,1152,1097,55,32,2097,2097,,,True,1,32,32,0,C:21;N:5;O:4;S:2,True,1,65,32,0,C:21;H:33;N:5;O:4;S:2
835,A71EV2A-x7170a,x7170a,CSc1ncnc(N2CCC(C#N)(CC(C)C)CC2)c1CC(=O)N1CCC[C@H](C(N)=O)C1,6.2651,False,False,True,True,False,34.9324,92.3077,32.2453,structures/x7170a/A71EV2A-x7170a,structures/x7170a/A71EV2A-x7170a/A71EV2A-x7170a_complex_ref.pdb,True,209381,0d733670b5defbe504687704889fc745f8f793193fdb142fa9795cf358dc4a2d,structures/x7170a/A71EV2A-x7170a/A71EV2A-x7170a_prepared.pdb,True,170009,2ca72b63c13ca86f79a9242a5daa23508c62fb8209d82dc7240caca2c61fc491,structures/x7170a/A71EV2A-x7170a/A71EV2A-x7170a_ligand_ref.sdf,True,2812,f8a8063b96f4aad772832f6104b165b49659e696a3d3503e3e4e29817f8311fe,structures/x7170a/A71EV2A-x7170a/A71EV2A-x7170a_ligand_prepared.sdf,True,5634,3fe7b599b68d2e2bf57a03b01136940866117f0077cf3e41884d0183e473d9c6,1168,1107,61,32,2097,2097,,,True,1,32,32,0,C:23;N:6;O:2;S:1,True,1,66,32,0,C:23;H:34;N:6;O:2;S:1
836,A71EV2A-x7172a,x7172a,CSc1ncnc(N(C)C2CCC2)c1CC(=O)N1CCC[C@H](C(N)=O)C1,6.3234,False,False,True,True,False,36.2623,92,33.3613,structures/x7172a/A71EV2A-x7172a,structures/x7172a/A71EV2A-x7172a/A71EV2A-x7172a_complex_ref.pdb,True,204115,253240f1d3803e30225017e93be92b9ca7df0b23f6f2ff3abdc0aeb88c7208a4,structures/x7172a/A71EV2A-x7172a/A71EV2A-x7172a_prepared.pdb,True,170009,89a13ef4eb14981c48a51b76b41d8a65fe208ec2ea0964d4f5164ce91c75ca82,structures/x7172a/A71EV2A-x7172a/A71EV2A-x7172a_ligand_ref.sdf,True,2313,30d78aeec1147fc1c668207f3f10f270fbe727c0ee982f909f1bbfca46887215,structures/x7172a/A71EV2A-x7172a/A71EV2A-x7172a_ligand_prepared.sdf,True,4554,07297f01edd17e15a64e31168513ace95c286407899e52753a555acf673e78ff,1127,1081,46,26,2097,2097,,,True,1,26,26,0,C:18;N:5;O:2;S:1,True,1,53,26,0,C:18;H:27;N:5;O:2;S:1
837,A71EV2A-x7175a,x7175a,COC[C@H]1CCCN1c1ncnc(SC)c1CC(=O)N1CCC[C@H](C(N)=O)C1,7.1973,False,False,True,True,False,35.9478,92,33.0719,structures/x7175a/A71EV2A-x7175a,structures/x7175a/A71EV2A-x7175a/A71EV2A-x7175a_complex_ref.pdb,True,203629,b4e247a1df65a4966c87718821006428070c5a634d66ffef6179615bc9eb31cf,structures/x7175a/A71EV2A-x7175a/A71EV2A-x7175a_prepared.pdb,True,170009,69661cd6b53dc00a2a80d5c3b60e2b399c0b243ad50543bed57cca46411349c4,structures/x7175a/A71EV2A-x7175a/A71EV2A-x7175a_ligand_ref.sdf,True,2479,0c4cabf14a2bc3867f8a2e194ab8bdc1f7118df4cc9ebb10f0da73f87b0b78c4,structures/x7175a/A71EV2A-x7175a/A71EV2A-x7175a_ligand_prepared.sdf,True,4886,3bd57c07fa1e314c5b50782fae2a255aa84522a862ea0eefefe97f4ea7144c2e,1139,1084,55,28,2097,2097,,,True,1,28,28,0,C:19;N:5;O:3;S:1,True,1,57,28,0,C:19;H:29;N:5;O:3;S:1
838,A71EV2A-x7176a,x7176a,CSc1ncnc(N(C)Cc2cc(F)c(F)c(F)c2)c1CC(=O)N1CCC[C@H](C(N)=O)C1,6.245,False,False,True,True,False,37.8071,92,34.7825,structures/x7176a/A71EV2A-x7176a,structures/x7176a/A71EV2A-x7176a/A71EV2A-x7176a_complex_ref.pdb,True,208733,2498e33aad26b09de409a72bb66d262c81fc559d92f3579a88ae8bd7acf34b2c,structures/x7176a/A71EV2A-x7176a/A71EV2A-x7176a_prepared.pdb,True,170009,dd711f97da4431269132541ccf46aa9fe4da614e0d58b55491d00f03a906b208,structures/x7176a/A71EV2A-x7176a/A71EV2A-x7176a_ligand_ref.sdf,True,2811,f768e473c4bab5bed67c7e2100d49ba68176febb5902d4a032db5e3313e0282c,structures/x7176a/A71EV2A-x7176a/A71EV2A-x7176a_ligand_prepared.sdf,True,4803,bfc83d97158a45f6ebfdb71cbf127cb1df5ed8b8b71b42988ed19a8860c4a8a6,1149,1090,59,32,2097,2097,,,True,1,32,32,0,C:21;F:3;N:5;O:2;S:1,True,1,56,32,0,C:21;F:3;H:24;N:5;O:2;S:1
839,A71EV2A-x7184a,x7184a,CSc1ccc(-c2ccncc2)cc1OC(=O)N1C[C@H](C(N)=O)C[C@H]2C[C@H]21,6.0584,False,False,True,True,False,45.6663,85.7143,39.1426,structures/x7184a/A71EV2A-x7184a,structures/x7184a/A71EV2A-x7184a/A71EV2A-x7184a_complex_ref.pdb,True,392766,e7502708c515e4829e2f8c23d30d09997bc1dce3493749baa3f22245a5b202a8,structures/x7184a/A71EV2A-x7184a/A71EV2A-x7184a_prepared.pdb,True,171224,09abc749ede54e8f2d5cb9ad77d404a4b1e6127e4ac041536788b96adf084f74,structures/x7184a/A71EV2A-x7184a/A71EV2A-x7184a_ligand_ref.sdf,True,2410,9f0ddbe4a5475f06734cabcf6eb4ee001d65846a7849ff2fb1bf53fe164e3d99,structures/x7184a/A71EV2A-x7184a/A71EV2A-x7184a_ligand_prepared.sdf,True,4153,2cb58d87da93cfcad896f99a12d499bcd44d4ff8ea168f3464a0423034466005,2258,2202,56,27,2112,2112,,,True,1,27,27,0,C:20;N:3;O:3;S:1,True,1,48,27,0,C:20;H:21;N:3;O:3;S:1
840,A71EV2A-x7190a,x7190a,CSc1ncnc(N2CC[C@H](C(=O)N3CCC(C)CC3)C2)c1CC(=O)N1CCC[C@H](C(N)=O)C1,6.0817,False,False,True,True,False,33.7185,92.3077,31.1247,structures/x7190a/A71EV2A-x7190a,structures/x7190a/A71EV2A-x7190a/A71EV2A-x7190a_complex_ref.pdb,True,206465,9db805ca66b51ef06d77b0954fde3a5931d1f5d6e46f5337db61b3a388bb1f06,structures/x7190a/A71EV2A-x7190a/A71EV2A-x7190a_prepared.pdb,True,170009,e4148fb726dfaeb5240134bd4e63f6d2c4a896c074d226cae888bd87356d3ef3,structures/x7190a/A71EV2A-x7190a/A71EV2A-x7190a_ligand_ref.sdf,True,2990,eb2448358368ca38322b165c189fed0516123e1003121edc3274808ab05e0827,structures/x7190a/A71EV2A-x7190a/A71EV2A-x7190a_ligand_prepared.sdf,True,5978,2228b94a6aa401e666cb7e9422aedc406d9192cc5095791d85be15c4284a3f0e,1145,1087,58,34,2097,2097,,,True,1,34,34,0,C:24;N:6;O:3;S:1,True,1,70,34,0,C:24;H:36;N:6;O:3;S:1
841,A71EV2A-x7238a,x7238a,CO[C@@H]1CCCN(c2ncnc(SC)c2CC(=O)N2CCC[C@H](C(N)=O)C2)C1,6.1701,False,False,True,True,False,33.8484,92.3077,31.2446,structures/x7238a/A71EV2A-x7238a,structures/x7238a/A71EV2A-x7238a/A71EV2A-x7238a_complex_ref.pdb,True,201360,1731bb816aa8f8d8d9c4af3df5cd5f52229b3f7ae105e368d441d5b440b92635,structures/x7238a/A71EV2A-x7238a/A71EV2A-x7238a_prepared.pdb,True,170009,226647f43bd7f5d847c303c6bf0bbed1deea5fc00d8e8a10562db4ebf504fc6f,structures/x7238a/A71EV2A-x7238a/A71EV2A-x7238a_ligand_ref.sdf,True,2479,48f163fb8aadb20bd8f79f70e69bb89135fa09b3e5e8e8610ea1febaea234e3b,structures/x7238a/A71EV2A-x7238a/A71EV2A-x7238a_ligand_prepared.sdf,True,4886,815f5a371baa86868a25335698754b4fc5f2ca20cd3d255729c72cdb91a12079,1121,1083,38,28,2097,2097,,,True,1,28,28,0,C:19;N:5;O:3;S:1,True,1,57,28,0,C:19;H:29;N:5;O:3;S:1
842,A71EV2A-x7246a,x7246a,CSc1ncnc(N2CCC[C@H](C(F)(F)F)C2)c1CC(=O)N1CCC[C@H](C(N)=O)C1,6.2111,False,False,True,True,False,36.5958,92,33.6681,structures/x7246a/A71EV2A-x7246a,structures/x7246a/A71EV2A-x7246a/A71EV2A-x7246a_complex_ref.pdb,True,207113,6e997f4170810ceafc28ee37b4e90c3c6a5117a5c3e63d4e5eca30bb29bf207d,structures/x7246a/A71EV2A-x7246a/A71EV2A-x7246a_prepared.pdb,True,168794,a7e1a747c248d26707a2abad3f63bc7f312b43bf66b67a40f79897f76329fa78,structures/x7246a/A71EV2A-x7246a/A71EV2A-x7246a_ligand_ref.sdf,True,2646,f59dc46dec9c54e43c330f1b8a230da462a9006dcf61eaf49510f28c97748546,structures/x7246a/A71EV2A-x7246a/A71EV2A-x7246a_ligand_prepared.sdf,True,4804,035a47bb2519be01fc132f017268af7cbf0ca3059bb01fb767f9f9fe2f357c3f,1131,1077,54,30,2082,2082,,,True,1,30,30,0,C:19;F:3;N:5;O:2;S:1,True,1,56,30,0,C:19;F:3;H:26;N:5;O:2;S:1
843,A71EV2A-x7247a,x7247a,CSc1ncnc(N2CCC[C@H]2Cc2ccnn2C)c1CC(=O)N1CCC[C@H](C(N)=O)C1,5.214,False,False,True,True,False,31.8361,88.4615,28.1627,structures/x7247a/A71EV2A-x7247a,structures/x7247a/A71EV2A-x7247a/A71EV2A-x7247a_complex_ref.pdb,True,213189,bf70ce07d45a62212180ed706c613b19225f135755fb9302d354986826ef08b6,structures/x7247a/A71EV2A-x7247a/A71EV2A-x7247a_prepared.pdb,True,170009,579044549788cfd0db780f473035b72c344fb6c793e374bf1321598340ce20be,structures/x7247a/A71EV2A-x7247a/A71EV2A-x7247a_ligand_ref.sdf,True,2824,c78bd1744830454821dcf92af30e62e66ba8a5c0be7d81b9715340b036cf5c26,structures/x7247a/A71EV2A-x7247a/A71EV2A-x7247a_ligand_prepared.sdf,True,5397,e866ebe7f9934f4b4c0b302991469915db6d0fd4d6ce518728e15c7d64c2cc71,1162,1099,63,32,2097,2097,,,True,1,32,32,0,C:22;N:7;O:2;S:1,True,1,63,32,0,C:22;H:31;N:7;O:2;S:1
844,A71EV2A-x7250a,x7250a,CSc1ncnc(N2CCC[C@H](C)C2)c1CC(=O)N1CCC[C@H](C(N)=O)C1,6.1739,False,False,True,True,False,43.5289,73.0769,31.8096,structures/x7250a/A71EV2A-x7250a,structures/x7250a/A71EV2A-x7250a/A71EV2A-x7250a_complex_ref.pdb,True,207355,78164be60a2c590daaf32350d89645b4493caec6e6c288e7d6d549368de86fc8,structures/x7250a/A71EV2A-x7250a/A71EV2A-x7250a_prepared.pdb,True,170009,0604b81799a5ebadef8c74617321c97c57476285e597679ba5273753a4b5fdb0,structures/x7250a/A71EV2A-x7250a/A71EV2A-x7250a_ligand_ref.sdf,True,2397,08057bb507cdd452a9b2439bb98ae9619998af419519fa0e4e70e0af353fb880,structures/x7250a/A71EV2A-x7250a/A71EV2A-x7250a_ligand_prepared.sdf,True,4804,069d365911501025b865b469d471569deda4c085d9641097cdf75f72aa016285,1130,1084,46,27,2097,2097,,,True,1,27,27,0,C:19;N:5;O:2;S:1,True,1,56,27,0,C:19;H:29;N:5;O:2;S:1
845,A71EV2A-x7251a,x7251a,CSc1ncnc(N(C)CC(C)(C)O)c1CC(=O)N1CCC[C@H](C(N)=O)C1,6.1347,False,False,True,True,False,36.3027,92,33.3985,structures/x7251a/A71EV2A-x7251a,structures/x7251a/A71EV2A-x7251a/A71EV2A-x7251a_complex_ref.pdb,True,203952,f22c6f1a2880a075906924548a2d54849a6fa2139709d6613dbe5bf7be82fc7a,structures/x7251a/A71EV2A-x7251a/A71EV2A-x7251a_prepared.pdb,True,170009,08f16f5db13b00721c7c80c041180d4dfddead9be2dea09f06204faae6b131d7,structures/x7251a/A71EV2A-x7251a/A71EV2A-x7251a_ligand_ref.sdf,True,2384,24ebe57e4e78b77e706f99f1939254d95caea3bfc04ae0ff599dc448578d815d,structures/x7251a/A71EV2A-x7251a/A71EV2A-x7251a_ligand_prepared.sdf,True,4791,64887c910dd786b0f43e7e31db5eed2145d800ffc1fa441bf3352a1ebc07e6ee,1129,1083,46,27,2097,2097,,,True,1,27,27,0,C:18;N:5;O:3;S:1,True,1,56,27,0,C:18;H:29;N:5;O:3;S:1
846,A71EV2A-x7254a,x7254a,CSc1ncnc(N(C)CC2CCCC2)c1CC(=O)N1CCC[C@H](C(N)=O)C1,6.3047,False,False,True,True,False,38.6032,92,35.515,structures/x7254a/A71EV2A-x7254a,structures/x7254a/A71EV2A-x7254a/A71EV2A-x7254a_complex_ref.pdb,True,203549,cd14542ae5f6f5be68332c45f3f7a5866cd5fb6e1b73aaa0a3d8c68303586d7b,structures/x7254a/A71EV2A-x7254a/A71EV2A-x7254a_prepared.pdb,True,170009,520601f2f95c86491fef13ddf5542b361cacf42dea08e6bb34d236526a4496fc,structures/x7254a/A71EV2A-x7254a/A71EV2A-x7254a_ligand_ref.sdf,True,2480,70df5f7905f43a505ffe3c62a551a3a5b43df1152503d19adc8681ede1223c8b,structures/x7254a/A71EV2A-x7254a/A71EV2A-x7254a_ligand_prepared.sdf,True,5053,401e00cd7d9ea54975c6283bb5b1bfe0af73fe26620a885be1e0f13c1d1f9927,1137,1089,48,28,2097,2097,,,True,1,28,28,0,C:20;N:5;O:2;S:1,True,1,59,28,0,C:20;H:31;N:5;O:2;S:1
847,A71EV2A-x7256a,x7256a,CSc1ccc(-c2ccncc2)cc1CC(=O)N1C[C@@H](C(N)=O)C[C@@H]2C[C@@H]21,6.7438,False,False,True,True,False,43.6213,88.8889,38.7745,structures/x7256a/A71EV2A-x7256a,structures/x7256a/A71EV2A-x7256a/A71EV2A-x7256a_complex_ref.pdb,True,209057,cb6922e0d8a0adff51995095894b55350d287428fd070a754ee509fbd8993a1f,structures/x7256a/A71EV2A-x7256a/A71EV2A-x7256a_prepared.pdb,True,170009,3c6bd7a7d27e8134bb97f71b4109d34f14b5e2396fbb86f56fbe9ee59d130441,structures/x7256a/A71EV2A-x7256a/A71EV2A-x7256a_ligand_ref.sdf,True,2410,7a786d6738b3ad6d0195fe28cce2389feaddef39d6d5a88fb4efb204701bde5d,structures/x7256a/A71EV2A-x7256a/A71EV2A-x7256a_ligand_prepared.sdf,True,4319,261f9e44a3fef65774e6006a19a5c97989d4919c62ace5e950c785776a403e8a,1157,1110,47,27,2097,2097,,,True,1,27,27,0,C:21;N:3;O:2;S:1,True,1,50,27,0,C:21;H:23;N:3;O:2;S:1
848,A71EV2A-x7257a,x7257a,CSc1ncnc(N2CCC[C@H]2CC(C)C)c1CC(=O)N1CCC[C@H](C(N)=O)C1,5.8238,False,False,True,True,False,31.884,92.5926,29.5222,structures/x7257a/A71EV2A-x7257a,structures/x7257a/A71EV2A-x7257a/A71EV2A-x7257a_complex_ref.pdb,True,209058,c319698cf39f18759d627773557638783b95a0d35cb6c713c34af1a99efd0da1,structures/x7257a/A71EV2A-x7257a/A71EV2A-x7257a_prepared.pdb,True,170009,40c34c8d06ad9c2d757861a3313d47e20050450bc70d0fa87ca7d78052fc5fc1,structures/x7257a/A71EV2A-x7257a/A71EV2A-x7257a_ligand_ref.sdf,True,2562,ff7a0e1402a9301106a24c0cad6301f6639ef7395f68c856e1647f5b82bbe131,structures/x7257a/A71EV2A-x7257a/A71EV2A-x7257a_ligand_prepared.sdf,True,5301,2297c7a764b96f5ab7c633c8921809dbf4d8c12e37421eb1e94f2768d4828dce,1147,1099,48,29,2097,2097,,,True,1,29,29,0,C:21;N:5;O:2;S:1,True,1,62,29,0,C:21;H:33;N:5;O:2;S:1
849,A71EV2A-x7259a,x7259a,CSc1ncnc(N2CCC[C@@H]2C2CC2)c1CC(=O)N1CCC[C@H](C(N)=O)C1,7.938,False,False,True,True,False,37.4535,92.3077,34.5725,structures/x7259a/A71EV2A-x7259a,structures/x7259a/A71EV2A-x7259a/A71EV2A-x7259a_complex_ref.pdb,True,202819,445ffc85113b89e35835e03f2b8dad033f0511957c00b7f9d6b0f0c809330a0b,structures/x7259a/A71EV2A-x7259a/A71EV2A-x7259a_prepared.pdb,True,170009,2f464515129efde693120a564e7dcf2505068578b8319e17b48ce672bc8bc8e4,structures/x7259a/A71EV2A-x7259a/A71EV2A-x7259a_ligand_ref.sdf,True,2493,d4ebe9665a24e756bb940bc3fd470a7c5eded464804cea4afbd20ba2c87ce578,structures/x7259a/A71EV2A-x7259a/A71EV2A-x7259a_ligand_prepared.sdf,True,4900,421a292ce78e20a3e976779a79a01a250a804f326d9c6f00e9958c717397dac0,1127,1082,45,28,2097,2097,,,True,1,28,28,0,C:20;N:5;O:2;S:1,True,1,57,28,0,C:20;H:29;N:5;O:2;S:1
850,A71EV2A-x7260a,x7260a,CSc1ccc(-c2cc(C)nn2C)cc1OC(=O)N1CCC[C@H](C(N)=O)C1,5.4369,False,False,True,True,False,40.1429,88.4615,35.511,structures/x7260a/A71EV2A-x7260a,structures/x7260a/A71EV2A-x7260a/A71EV2A-x7260a_complex_ref.pdb,True,220319,7cd03e63dbfbf8f8af990cbafa3e6381fd28e5a6b5172fbc2962431fbb64a79f,structures/x7260a/A71EV2A-x7260a/A71EV2A-x7260a_prepared.pdb,True,171224,333f881258f9dffc7c4527c8affc22a0cd722fcfd6c8cff4c4775abfc108c70e,structures/x7260a/A71EV2A-x7260a/A71EV2A-x7260a_ligand_ref.sdf,True,2397,1ebe7fcb3f7f8a06be57caafc2fa1a6f7f737034f0dc4dd6eeea0bd28afcbe7b,structures/x7260a/A71EV2A-x7260a/A71EV2A-x7260a_ligand_prepared.sdf,True,4389,3a48dc8a19284985a625a9925cd6838ecd8fe91e96481ef9e018fe0b6dc35f42,1159,1101,58,27,2112,2112,,,True,1,27,27,0,C:19;N:4;O:3;S:1,True,1,51,27,0,C:19;H:24;N:4;O:3;S:1
851,A71EV2A-x7261a,x7261a,CSc1ccc(-c2ccc(N3CCN(C)CC3)nc2)cc1OC(=O)N1CCC[C@H](C(N)=O)C1,6.6463,False,False,True,True,False,34.0453,88.4615,30.117,structures/x7261a/A71EV2A-x7261a,structures/x7261a/A71EV2A-x7261a/A71EV2A-x7261a_complex_ref.pdb,True,212540,60972422878d5f33b02fde514ab6608e571e639c0d5a1b9ddca32003cc6d8d15,structures/x7261a/A71EV2A-x7261a/A71EV2A-x7261a_prepared.pdb,True,170009,72624d32658c2c7efb1c19ea8223a878a383eb185946f3570813b14760741837,structures/x7261a/A71EV2A-x7261a/A71EV2A-x7261a_ligand_ref.sdf,True,2907,244c998fcf575d2f98a7d9dd28f04130d58ae05b902e3d1f208cb227855e7efd,structures/x7261a/A71EV2A-x7261a/A71EV2A-x7261a_ligand_prepared.sdf,True,5581,a6f1bc3a5b9fe68334f336ceac7f8d1b2b84c01f6125e3dec32557aa7371d80e,1155,1096,59,33,2097,2097,,,True,1,33,33,0,C:24;N:5;O:3;S:1,True,1,65,33,1,C:24;H:32;N:5;O:3;S:1
852,A71EV2A-x7263a,x7263a,CSc1ncnc(N2CC(C)(c3ccccc3F)C2)c1CC(=O)N1CCC[C@H](C(N)=O)C1,6.4392,False,False,True,True,False,42.6542,92.3077,39.3731,structures/x7263a/A71EV2A-x7263a,structures/x7263a/A71EV2A-x7263a/A71EV2A-x7263a_complex_ref.pdb,True,212944,f08297972d22eef703722d9d3a1273451d4ec334b17db7ad77a095bf0754adc9,structures/x7263a/A71EV2A-x7263a/A71EV2A-x7263a_prepared.pdb,True,170009,1ba86e77f672caa68f414a05938a8e933d2d9cdbaf4046fe2d348e58343ff1c1,structures/x7263a/A71EV2A-x7263a/A71EV2A-x7263a_ligand_ref.sdf,True,2825,eb39148e7ff5ea9c0395b605f22e745c7bfa1f629aaf98f54142d5d566871f9a,structures/x7263a/A71EV2A-x7263a/A71EV2A-x7263a_ligand_prepared.sdf,True,5149,2043fe6cb8fb20c6fe251b6ed6375755b2634a4df52a6ed4a80906feedaabf46,1180,1117,63,32,2097,2097,,,True,1,32,32,0,C:23;F:1;N:5;O:2;S:1,True,1,60,32,0,C:23;F:1;H:28;N:5;O:2;S:1
853,A71EV2A-x7284a,x7284a,CSc1ncnc(N2CCC3(CCCO3)CC2)c1CC(=O)N1CCC[C@H](C(N)=O)C1,6.4667,False,False,True,True,False,34.5924,92.3077,31.9315,structures/x7284a/A71EV2A-x7284a,structures/x7284a/A71EV2A-x7284a/A71EV2A-x7284a_complex_ref.pdb,True,211164,05eaad29fd1ae9312950e473cb92b29a513f2c691dc096afe76e378905cb5bac,structures/x7284a/A71EV2A-x7284a/A71EV2A-x7284a_prepared.pdb,True,170009,f87f627fdcf36bc8f2ffc7bb1d5be7c1be3d8f1e0f7891913084adef7b2987b8,structures/x7284a/A71EV2A-x7284a/A71EV2A-x7284a_ligand_ref.sdf,True,2658,f563314f62db72379e5d598617a7507d2adcbbee92b24f1e78b60f40859f92da,structures/x7284a/A71EV2A-x7284a/A71EV2A-x7284a_ligand_prepared.sdf,True,5231,c3b9cd28443417293346d12458615f848899b4b62c85979f0d6ab548e00761b0,1153,1096,57,30,2097,2097,,,True,1,30,30,0,C:21;N:5;O:3;S:1,True,1,61,30,0,C:21;H:31;N:5;O:3;S:1
854,A71EV2A-x7287a,x7287a,CSc1ccc(-c2ocnc2C)cc1OC(=O)N1C[C@@H](C(N)=O)C[C@@H]2C[C@@H]21,5.9643,False,False,True,True,False,44.4985,88.8889,39.5542,structures/x7287a/A71EV2A-x7287a,structures/x7287a/A71EV2A-x7287a/A71EV2A-x7287a_complex_ref.pdb,True,207597,b8f26121110978df75796f42d64f0d708a5eafff6d05636e2b1690eed0fefde2,structures/x7287a/A71EV2A-x7287a/A71EV2A-x7287a_prepared.pdb,True,170009,d519ee1cfd3358a3d62f677e9156cccfca909aafe3f7859b40d8e923bf3b742c,structures/x7287a/A71EV2A-x7287a/A71EV2A-x7287a_ligand_ref.sdf,True,2410,35697069a3c1f231bbf2ce157cbc17e2e67050386808657ceae3d44ff52b1a21,structures/x7287a/A71EV2A-x7287a/A71EV2A-x7287a_ligand_prepared.sdf,True,4153,180e0190191259ad260455e53957aa4a3e953aa8cb61f7906080d10c9ccf995d,1132,1083,49,27,2097,2097,,,True,1,27,27,0,C:19;N:3;O:4;S:1,True,1,48,27,0,C:19;H:21;N:3;O:4;S:1
855,A71EV2A-x7297a,x7297a,CNC(=O)[C@@H]1CCN1c1ncnc(SC)c1CC(=O)N1CCC[C@H](C(N)=O)C1,5.5531,False,False,True,True,False,34.8212,92.5926,32.2418,structures/x7297a/A71EV2A-x7297a,structures/x7297a/A71EV2A-x7297a/A71EV2A-x7297a_complex_ref.pdb,True,206950,4479f22087a10789ef74a1e474bf0f613fb189d991dc89852f019bedcab0234b,structures/x7297a/A71EV2A-x7297a/A71EV2A-x7297a_prepared.pdb,True,170009,a6b13bd32ae33ee53c691b1006f097b7f7321b5a8fb2d2425fef7f43b2f4b43d,structures/x7297a/A71EV2A-x7297a/A71EV2A-x7297a_ligand_ref.sdf,True,2480,a954e8acde3302122d029c19335a52c3b47594a79d844ac69c631526a2a40144,structures/x7297a/A71EV2A-x7297a/A71EV2A-x7297a_ligand_prepared.sdf,True,4638,3c88f10dfcb19c68b5f18f410844e4f77dc16b101cf05a8341d49ec2bf0cdfb9,1138,1090,48,28,2097,2097,,,True,1,28,28,0,C:18;N:6;O:3;S:1,True,1,54,28,0,C:18;H:26;N:6;O:3;S:1
856,A71EV2A-x7301a,x7301a_x7301b,CSc1ccc(-c2cccnc2N)cc1OC(=O)N1CCC[C@H](C(N)=O)C1,6.4678,False,False,True,True,False,41.9489,92,38.593,structures/x7301a_x7301b/A71EV2A-x7301a,structures/x7301a_x7301b/A71EV2A-x7301a/A71EV2A-x7301a_complex_ref.pdb,True,395521,b95d95642e7f01d3424f751a949970af2cb30c064fef6fa7d55747aef233a5f3,structures/x7301a_x7301b/A71EV2A-x7301a/A71EV2A-x7301a_prepared.pdb,True,170009,fbad1d14206e94959035f386a33adc61c511c360aba9da7ba4a1ccd8a8ba0477,structures/x7301a_x7301b/A71EV2A-x7301a/A71EV2A-x7301a_ligand_ref.sdf,True,2397,b9cab3e17002aa8bfe05d551d21ccbc393f618727cf8856fa684bf6cc4a51a22,structures/x7301a_x7301b/A71EV2A-x7301a/A71EV2A-x7301a_ligand_prepared.sdf,True,4223,b42a95f040ace29b005d9f04671a2cf7f039113e6594f008b3a6dc24508ed19e,2272,2180,92,54,2097,2097,,,True,1,27,27,0,C:19;N:4;O:3;S:1,True,1,49,27,0,C:19;H:22;N:4;O:3;S:1
857,A71EV2A-x7301b,x7301a_x7301b,CSc1ccc(-c2cccnc2N)cc1OC(=O)N1CCC[C@H](C(N)=O)C1,6.4678,False,False,True,True,False,41.8364,92,38.4895,structures/x7301a_x7301b/A71EV2A-x7301b,structures/x7301a_x7301b/A71EV2A-x7301b/A71EV2A-x7301b_complex_ref.pdb,True,395440,13a0473e663db7afebaaba42a5f4f1d91e160e5b00455d65b6dbfab075dd8158,structures/x7301a_x7301b/A71EV2A-x7301b/A71EV2A-x7301b_prepared.pdb,True,170009,9b221c21aee517f7b547a831726ae7dc30722429ad601c53273999d01d24ce31,structures/x7301a_x7301b/A71EV2A-x7301b/A71EV2A-x7301b_ligand_ref.sdf,True,2397,dd2e9a02ecd49b1a96eabec572360a56c2c4eff59e6f0787595afeee26c8231b,structures/x7301a_x7301b/A71EV2A-x7301b/A71EV2A-x7301b_ligand_prepared.sdf,True,4223,90d166440f81940ae3eb96fec481c1ae252eaceed360b417999376eaa26a4c17,2271,2180,91,54,2097,2097,,,True,1,27,27,0,C:19;N:4;O:3;S:1,True,1,49,27,0,C:19;H:22;N:4;O:3;S:1
858,A71EV2A-x7307a,x7307a,CSc1ccc(C(=O)N(C)C2CCC(C)(C)CC2)cc1CC(=O)N1CCC[C@H](C(N)=O)C1,4.8542,False,False,True,True,False,34.6907,76.9231,26.6852,structures/x7307a/A71EV2A-x7307a,structures/x7307a/A71EV2A-x7307a/A71EV2A-x7307a_complex_ref.pdb,True,206304,da5891c069a591545f48910126eb516d4a36cd1d0c82edb5e331fb319e957baa,structures/x7307a/A71EV2A-x7307a/A71EV2A-x7307a_prepared.pdb,True,170009,7ab8dcec4a7533c0e3bc53756387c74ccc396ee54e453f234251d35b200cc95b,structures/x7307a/A71EV2A-x7307a/A71EV2A-x7307a_ligand_ref.sdf,True,2812,0551f297a9c70a28f3e282a3d40d2838826fe1cca51d7201ca3bb6639c9a5997,structures/x7307a/A71EV2A-x7307a/A71EV2A-x7307a_ligand_prepared.sdf,True,5883,318d5b2efd7d4377e0d41de884cf14c19016636a8826abc805bc1d35765cb9ae,1139,1089,50,32,2097,2097,,,True,1,32,32,0,C:25;N:3;O:3;S:1,True,1,69,32,0,C:25;H:37;N:3;O:3;S:1
859,A71EV2A-x7309a,x7309a,CSc1ncnc(N2CCC[C@@H]2C(=O)N(C)C)c1CC(=O)N1CCC[C@H](C(N)=O)C1,6.6677,False,False,True,True,False,34.7855,92.3077,32.1097,structures/x7309a/A71EV2A-x7309a,structures/x7309a/A71EV2A-x7309a/A71EV2A-x7309a_complex_ref.pdb,True,205331,34d5018d7329d3673fdad51ea86f7f3c944ac9f2f83c9b2ac593680f03038928,structures/x7309a/A71EV2A-x7309a/A71EV2A-x7309a_prepared.pdb,True,170009,1d532f79957ca1ce6b5a892a0659de65da90f31dc8f67f9785ea738b02bce9b5,structures/x7309a/A71EV2A-x7309a/A71EV2A-x7309a_ligand_ref.sdf,True,2646,2825a1f2f821018bf61dc4055c0aec3baeb1a0243f99730e37f7c1fc4ae8627c,structures/x7309a/A71EV2A-x7309a/A71EV2A-x7309a_ligand_prepared.sdf,True,5136,380ab3a1db1dec739e8759d3cce13130aca646ce84328d2c0a240247d70d1fe5,1143,1083,60,30,2097,2097,,,True,1,30,30,0,C:20;N:6;O:3;S:1,True,1,60,30,0,C:20;H:30;N:6;O:3;S:1
860,A71EV2A-x7316a,x7316a,CSc1ncnc(N2CC[C@H](OC3CC3)C2)c1CC(=O)N1CCC[C@H](C(N)=O)C1,7.1595,False,False,True,True,False,35.0411,92.3077,32.3457,structures/x7316a/A71EV2A-x7316a,structures/x7316a/A71EV2A-x7316a/A71EV2A-x7316a_complex_ref.pdb,True,207112,5d7117e17364d8dd228b263058c566ed10388b52e5faacdb82166ce7fc52057a,structures/x7316a/A71EV2A-x7316a/A71EV2A-x7316a_prepared.pdb,True,170009,e29ebe44a52922a875fb0d9595314e311eb8e6a9f931b34fe5a801afa0005edc,structures/x7316a/A71EV2A-x7316a/A71EV2A-x7316a_ligand_ref.sdf,True,2576,45aa7386d74cab1f5f39cb1dde2c922bf0e1f0438a7a57824b30398bee9e9650,structures/x7316a/A71EV2A-x7316a/A71EV2A-x7316a_ligand_prepared.sdf,True,4983,0510d944b00d2a70ced102a68444817587aa1fa41a6ea6fb98fd4913805fc3e5,1152,1097,55,29,2097,2097,,,True,1,29,29,0,C:20;N:5;O:3;S:1,True,1,58,29,0,C:20;H:29;N:5;O:3;S:1
861,A71EV2A-x7317a,x7317a_x7317b_x7372a,CSc1ncnc(N2C[C@H]3C[C@H]3C2)c1CC(=O)N1CCC[C@H](C(N)=O)C1,6.5585,False,False,True,True,False,34.584,92.3077,31.9237,structures/x7317a_x7317b_x7372a/A71EV2A-x7317a,structures/x7317a_x7317b_x7372a/A71EV2A-x7317a/A71EV2A-x7317a_complex_ref.pdb,True,205009,f4f8f980a09d89a3865bdf0307ce90e6f34f653123f23ce5c24ae4394cde369d,structures/x7317a_x7317b_x7372a/A71EV2A-x7317a/A71EV2A-x7317a_prepared.pdb,True,170009,e6881c4898b741f304947e37c3a96f05db31421f6b94e1e8e2e0a2f95d2dc935,structures/x7317a_x7317b_x7372a/A71EV2A-x7317a/A71EV2A-x7317a_ligand_ref.sdf,True,2327,308edf2bfbc2649817d5af855fc546d10bea214dc014e97f2a86f5295a2f8b1b,structures/x7317a_x7317b_x7372a/A71EV2A-x7317a/A71EV2A-x7317a_ligand_prepared.sdf,True,4402,a7ae7e69abe4710634ff7597a07d5d8496dc7437ebf2ecc704db489f262b2bcf,1121,1077,44,26,2097,2097,,,True,1,26,26,0,C:18;N:5;O:2;S:1,True,1,51,26,0,C:18;H:25;N:5;O:2;S:1
862,A71EV2A-x7317b,x7317a_x7317b_x7372a,CSc1ncnc(N2C[C@H]3C[C@H]3C2)c1CC(=O)N1CCC[C@H](C(N)=O)C1,6.5585,False,False,True,True,False,39.5856,92.3077,36.5405,structures/x7317a_x7317b_x7372a/A71EV2A-x7317b,structures/x7317a_x7317b_x7372a/A71EV2A-x7317b/A71EV2A-x7317b_complex_ref.pdb,True,205009,da90433dddfd6e1e2c2cb9e2bf90256160244453a93767dd07cbb7af99719d55,structures/x7317a_x7317b_x7372a/A71EV2A-x7317b/A71EV2A-x7317b_prepared.pdb,True,170009,4771069b5ee4cbefeeb4e5555c91de8bdee03771b6e063576578e1917c14a079,structures/x7317a_x7317b_x7372a/A71EV2A-x7317b/A71EV2A-x7317b_ligand_ref.sdf,True,2327,23e7c987c1f0f26d4da9f8422829c598d2bc7dc080dc6c2303d750f7232bffb7,structures/x7317a_x7317b_x7372a/A71EV2A-x7317b/A71EV2A-x7317b_ligand_prepared.sdf,True,4402,b2027d5f1a6ef8fa64321163742b73523bf19243d7dde92ac02aed044e8a6c49,1121,1077,44,26,2097,2097,,,True,1,26,26,0,C:18;N:5;O:2;S:1,True,1,51,26,0,C:18;H:25;N:5;O:2;S:1
863,A71EV2A-x7318a,x7318a,CSc1ccc(C(=O)N2CC=CCC23CCC3)cc1CC(=O)N1CCC[C@H](C(N)=O)C1,5.7273,False,False,True,True,False,35.2489,92,32.4289,structures/x7318a/A71EV2A-x7318a,structures/x7318a/A71EV2A-x7318a/A71EV2A-x7318a_complex_ref.pdb,True,208408,572afdd8faa2189edec04bfa55d7a56e86a0b3fcbebb01b261f9fb6926f68741,structures/x7318a/A71EV2A-x7318a/A71EV2A-x7318a_prepared.pdb,True,170009,8022028226bd69843d8d2c1517cc52d94d02f846a783d5a45a9e80e76f0ac4ff,structures/x7318a/A71EV2A-x7318a/A71EV2A-x7318a_ligand_ref.sdf,True,2742,92dc2bd0c9e66028e4da991ad350d0e3bc2e943471e67b970a8e36f3280fbd0b,structures/x7318a/A71EV2A-x7318a/A71EV2A-x7318a_ligand_prepared.sdf,True,5315,9d4d77de632f3251ea69a166a3aa3aadaed8eb3b7a0e71ce9bc0c04ded3a1579,1148,1095,53,31,2097,2097,,,True,1,31,31,0,C:24;N:3;O:3;S:1,True,1,62,31,0,C:24;H:31;N:3;O:3;S:1
864,A71EV2A-x7321a,x7321a,CC[C@H]1CS[C@H](C(N)=O)CN1C(=O)Oc1cc(Br)ccc1SC,4.1702,False,False,True,True,False,41.2326,92.5926,38.1783,structures/x7321a/A71EV2A-x7321a,structures/x7321a/A71EV2A-x7321a/A71EV2A-x7321a_complex_ref.pdb,True,203144,5f6bf673b41e76475a6d5d0bd2903064789051dd1573af0aa8e5d85d191c8bb8,structures/x7321a/A71EV2A-x7321a/A71EV2A-x7321a_prepared.pdb,True,170009,34056a3b2d9c6d6a82065ec249cef69c189b3d7a6f69720696d836abd5372ad0,structures/x7321a/A71EV2A-x7321a/A71EV2A-x7321a_ligand_ref.sdf,True,2052,be94642cf24045982dbdb7d47614d111fc43e8abc8fa513b782ce0f7d8b09bfb,structures/x7321a/A71EV2A-x7321a/A71EV2A-x7321a_ligand_prepared.sdf,True,3629,6c37be77d8ba832f8872d6e3f09a7abddf32196246aa9039795174c5d2a77567,1123,1083,40,23,2097,2097,,,True,1,23,23,0,Br:1;C:15;N:2;O:3;S:2,True,1,42,23,0,Br:1;C:15;H:19;N:2;O:3;S:2
865,A71EV2A-x7323a,x7323a,CSc1ccc(-c2cn[nH]c2)cc1OC(=O)N1C[C@@H](C(N)=O)C[C@@H]2C[C@@H]21,6.7751,False,False,True,True,False,44.9055,88.8889,39.916,structures/x7323a/A71EV2A-x7323a,structures/x7323a/A71EV2A-x7323a/A71EV2A-x7323a_complex_ref.pdb,True,204360,517add97f53495ade6c8f9a69c366b4f768d532f41be2d8012912ad8712bceab,structures/x7323a/A71EV2A-x7323a/A71EV2A-x7323a_prepared.pdb,True,170009,895bf4a750da721d01732636405db3536cf6b22244f4472469844bb7210675d1,structures/x7323a/A71EV2A-x7323a/A71EV2A-x7323a_ligand_ref.sdf,True,2327,737b14eb498d22839c818936e1593ce26a3b65b7186a58ad617916d0941d1a10,structures/x7323a/A71EV2A-x7323a/A71EV2A-x7323a_ligand_prepared.sdf,True,3987,62e55a0a0a15747c4125a5904f2c3450232850490feb108d470067fd1d628d41,1135,1083,52,26,2097,2097,,,True,1,26,26,0,C:18;N:4;O:3;S:1,True,1,46,26,0,C:18;H:20;N:4;O:3;S:1
866,A71EV2A-x7333a,x7333a,CSc1ncnc(N(C)CC(C)(F)F)c1CC(=O)N1CCC[C@H](C(N)=O)C1,6.9943,False,False,True,True,False,43.3153,92,39.85,structures/x7333a/A71EV2A-x7333a,structures/x7333a/A71EV2A-x7333a/A71EV2A-x7333a_complex_ref.pdb,True,218050,abaf73e7bc2b5ca9fb30038d2d9d8d574ffe614d18611a43e3e7d3cfe0d32e0b,structures/x7333a/A71EV2A-x7333a/A71EV2A-x7333a_prepared.pdb,True,168794,e9abb560b203c7b83677b74ed695468d02057afbdaaf4c0bd9c53856c75fb984,structures/x7333a/A71EV2A-x7333a/A71EV2A-x7333a_ligand_ref.sdf,True,2383,df23f37a84b210ae8a9adad77bc2c4675db17d10dea01a0dee5d5dc19749d13f,structures/x7333a/A71EV2A-x7333a/A71EV2A-x7333a_ligand_prepared.sdf,True,4458,0b359adfc1225ac09405f80847a7d3f0d563ce5c0dbd3b77befac18b090fe596,1117,1074,43,27,2082,2082,,,True,1,27,27,0,C:17;F:2;N:5;O:2;S:1,True,1,52,27,0,C:17;F:2;H:25;N:5;O:2;S:1
867,A71EV2A-x7334a,x7334a_x7334b_x7389a,CSc1ncnc(N2CC(O)C2)c1CC(=O)N1CCC[C@H](C(N)=O)C1,6.4262,False,False,True,True,False,44.198,92,40.6622,structures/x7334a_x7334b_x7389a/A71EV2A-x7334a,structures/x7334a_x7334b_x7389a/A71EV2A-x7334a/A71EV2A-x7334a_complex_ref.pdb,True,205250,f5be7e7fad5cefa0a8e4012fd0fb1068f9c3b9ac0c0eb6643d0ee8e8c3ca5a6f,structures/x7334a_x7334b_x7389a/A71EV2A-x7334a/A71EV2A-x7334a_prepared.pdb,True,170009,e9e5dba8fc44ea465bf36280c243f7bb5be46c4aa5cab84c84b1c0177cc78e2f,structures/x7334a_x7334b_x7389a/A71EV2A-x7334a/A71EV2A-x7334a_ligand_ref.sdf,True,2231,adc0a57395340063b3604fa359e6f02c824d99c7480608141bf9a825a8f6d419,structures/x7334a_x7334b_x7389a/A71EV2A-x7334a/A71EV2A-x7334a_ligand_prepared.sdf,True,4140,4f8dcc5b57ccb15309d3d8fb85792bc2804aa42f96ba53ca1a55e4acb383da8d,1140,1090,50,25,2097,2097,,,True,1,25,25,0,C:16;N:5;O:3;S:1,True,1,48,25,0,C:16;H:23;N:5;O:3;S:1
868,A71EV2A-x7334b,x7334a_x7334b_x7389a,CSc1ncnc(N2CC(O)C2)c1CC(=O)N1CCC[C@H](C(N)=O)C1,6.4262,False,False,True,True,False,36.2655,92.3077,33.4758,structures/x7334a_x7334b_x7389a/A71EV2A-x7334b,structures/x7334a_x7334b_x7389a/A71EV2A-x7334b/A71EV2A-x7334b_complex_ref.pdb,True,205250,5ba77aada0500ba67df6ea418c237e80a025950ac4302acd3241418b6fbc0116,structures/x7334a_x7334b_x7389a/A71EV2A-x7334b/A71EV2A-x7334b_prepared.pdb,True,170009,5de997160ae4ba8e81c4e0c39f1a76cbb88f0a6d01504f35a35ff04173e4d9ed,structures/x7334a_x7334b_x7389a/A71EV2A-x7334b/A71EV2A-x7334b_ligand_ref.sdf,True,2231,ae73ade7382254623b556ca2ea72794b147b3e688d398e5cc857d57e4aad3a55,structures/x7334a_x7334b_x7389a/A71EV2A-x7334b/A71EV2A-x7334b_ligand_prepared.sdf,True,4140,e8e8c85d5f8b45b0bfca93702ee9c58d077782e5dc781a9e7db3358b54054d5a,1140,1090,50,25,2097,2097,,,True,1,25,25,0,C:16;N:5;O:3;S:1,True,1,48,25,0,C:16;H:23;N:5;O:3;S:1
869,A71EV2A-x7338a,x7338a,CSc1ncnc(N(C)CCC(F)(F)F)c1CC(=O)N1CCC[C@H](C(N)=O)C1,5.7488,False,False,True,True,False,36.8005,92,33.8564,structures/x7338a/A71EV2A-x7338a,structures/x7338a/A71EV2A-x7338a/A71EV2A-x7338a_complex_ref.pdb,True,213917,398576c3df3bc87efa8c3b22cd4b87727b647acc7f5e292fcde4503617a32259,structures/x7338a/A71EV2A-x7338a/A71EV2A-x7338a_prepared.pdb,True,170009,27f6a709e0230cdff6c3c3eb4c9000d0ec978925ede36f7d6aef30c37c3cfdde,structures/x7338a/A71EV2A-x7338a/A71EV2A-x7338a_ligand_ref.sdf,True,2467,13ebd8791e58002bc051da394b09a94cc6cc39681fc4f268f48186830771ba8f,structures/x7338a/A71EV2A-x7338a/A71EV2A-x7338a_ligand_prepared.sdf,True,4459,1d3e85f1d27a6e1477c0a89254d7db24c7a9e0b5b6e5be5cec82cb56a8ec2d1e,1172,1122,50,28,2097,2097,,,True,1,28,28,0,C:17;F:3;N:5;O:2;S:1,True,1,52,28,0,C:17;F:3;H:24;N:5;O:2;S:1
870,A71EV2A-x7339a,x7339a,CSc1ncnc(N2CC[C@H]2C)c1CC(=O)N1CCC[C@H](C(N)=O)C1,6.6955,False,False,True,True,False,39.3593,92,36.2106,structures/x7339a/A71EV2A-x7339a,structures/x7339a/A71EV2A-x7339a/A71EV2A-x7339a_complex_ref.pdb,True,205006,dc0343088982190763134f5023d36cf19061bd39ae2c6edf7d9e8c144f2e64c3,structures/x7339a/A71EV2A-x7339a/A71EV2A-x7339a_prepared.pdb,True,170009,08946235c585777a803117dfac9df85c9f55aabf2575fb96f55bd05fd26b728f,structures/x7339a/A71EV2A-x7339a/A71EV2A-x7339a_ligand_ref.sdf,True,2231,74c7556393e5e0da6eb744bf2661dbddcb94e838825a481960a95804affd7936,structures/x7339a/A71EV2A-x7339a/A71EV2A-x7339a_ligand_prepared.sdf,True,4306,5110686d23cfe8938fb24197effd57f1726d618d240947ef114457237ec7f917,1137,1090,47,25,2097,2097,,,True,1,25,25,0,C:17;N:5;O:2;S:1,True,1,50,25,0,C:17;H:25;N:5;O:2;S:1
871,A71EV2A-x7350a,x7350a_x7350b,CSc1ccc(-c2ccccn2)cc1OC(=O)N1C[C@H](C(N)=O)C[C@H]2C[C@H]21,6.7702,False,False,True,True,False,44.2339,88.8889,39.319,structures/x7350a_x7350b/A71EV2A-x7350a,structures/x7350a_x7350b/A71EV2A-x7350a/A71EV2A-x7350a_complex_ref.pdb,True,385961,8857255bc158d3620b349f829f0a6fbb068cc87210cdeb589f3074e1e2abb808,structures/x7350a_x7350b/A71EV2A-x7350a/A71EV2A-x7350a_prepared.pdb,True,171224,b1a40a3400c221d4e07d14f6b903b04c611d356077de4571097f5c4a5cd137a9,structures/x7350a_x7350b/A71EV2A-x7350a/A71EV2A-x7350a_ligand_ref.sdf,True,2410,098f20e8b428902dbf510b77af7a670922cd3f8b319a882fc52fe10dd2e39036,structures/x7350a_x7350b/A71EV2A-x7350a/A71EV2A-x7350a_ligand_prepared.sdf,True,4153,ba83644d1535fee2def798e1a91a9a4792c0a43c97407df27c5bf796beea0602,2236,2180,56,27,2112,2112,,,True,1,27,27,0,C:20;N:3;O:3;S:1,True,1,48,27,0,C:20;H:21;N:3;O:3;S:1
872,A71EV2A-x7350b,x7350a_x7350b,CSc1ccc(-c2ccccn2)cc1OC(=O)N1C[C@H](C(N)=O)C[C@H]2C[C@H]21,6.7702,False,False,True,True,False,44.3921,88.8889,39.4597,structures/x7350a_x7350b/A71EV2A-x7350b,structures/x7350a_x7350b/A71EV2A-x7350b/A71EV2A-x7350b_complex_ref.pdb,True,385961,e816a2675fa897bfc441e40f9e5e1f44537d1237e7e65acb907be05260607da8,structures/x7350a_x7350b/A71EV2A-x7350b/A71EV2A-x7350b_prepared.pdb,True,171224,9ee0ab107d023f12af2d4cdcd575a8823ebe681bb17d407558378d38c24d4dfe,structures/x7350a_x7350b/A71EV2A-x7350b/A71EV2A-x7350b_ligand_ref.sdf,True,2410,a980767511c51241d48d4478f4bca56cd9e4ee2b2627ab231af84fc4d691d54e,structures/x7350a_x7350b/A71EV2A-x7350b/A71EV2A-x7350b_ligand_prepared.sdf,True,4153,331384c5a1adbf83a6a8dfd12a541ad65cbab2c74fe1b2b12ee49f223eb36f06,2236,2180,56,27,2112,2112,,,True,1,27,27,0,C:20;N:3;O:3;S:1,True,1,48,27,0,C:20;H:21;N:3;O:3;S:1
873,A71EV2A-x7353a,x7353a_x7353b,COC[C@@H]1CCN1c1ncnc(SC)c1CC(=O)N1CCC[C@H](C(N)=O)C1,5.358,False,False,True,True,False,35.0988,92,32.2909,structures/x7353a_x7353b/A71EV2A-x7353a,structures/x7353a_x7353b/A71EV2A-x7353a/A71EV2A-x7353a_complex_ref.pdb,True,209852,d35fbf4a020f046b7ca52dacd0f0a8fb23571808113858a49cfd4947a4ddf925,structures/x7353a_x7353b/A71EV2A-x7353a/A71EV2A-x7353a_prepared.pdb,True,170009,8b1426a7941cf296c8283331936c5c4e18f64f6623d9a7d80f5c6627f60c9dae,structures/x7353a_x7353b/A71EV2A-x7353a/A71EV2A-x7353a_ligand_ref.sdf,True,2397,08bdcc4a03bd9ea2d8f46caaee783e9328ed9354be25cc4c84439098286a9b68,structures/x7353a_x7353b/A71EV2A-x7353a/A71EV2A-x7353a_ligand_prepared.sdf,True,4638,1877813cf53991162c7c7ea2382e646bbfce34dcf5097f9a6773b9acabcb13eb,1147,1096,51,27,2097,2097,,,True,1,27,27,0,C:18;N:5;O:3;S:1,True,1,54,27,0,C:18;H:27;N:5;O:3;S:1
874,A71EV2A-x7353b,x7353a_x7353b,COC[C@@H]1CCN1c1ncnc(SC)c1CC(=O)N1CCC[C@H](C(N)=O)C1,5.358,False,False,True,True,False,39.6612,92.3077,36.6104,structures/x7353a_x7353b/A71EV2A-x7353b,structures/x7353a_x7353b/A71EV2A-x7353b/A71EV2A-x7353b_complex_ref.pdb,True,209852,7f1d915f74baafc2a5ff711bc9281461c2bde1c66e2784738c125e2e5124f2ff,structures/x7353a_x7353b/A71EV2A-x7353b/A71EV2A-x7353b_prepared.pdb,True,170009,89e5df716d5b3dbb2a0c3d72474b0964a8f27074076100b9cd6262ec7892c7c5,structures/x7353a_x7353b/A71EV2A-x7353b/A71EV2A-x7353b_ligand_ref.sdf,True,2397,492b9de3e478527417bad84ddaeb30b3118116a76213a458effd019dd44deffd,structures/x7353a_x7353b/A71EV2A-x7353b/A71EV2A-x7353b_ligand_prepared.sdf,True,4638,21824e525bf062a45c54e5a27fe20ebacff3a4c9685b95cc8f41d47b17d0777a,1147,1096,51,27,2097,2097,,,True,1,27,27,0,C:18;N:5;O:3;S:1,True,1,54,27,0,C:18;H:27;N:5;O:3;S:1
875,A71EV2A-x7359a,x7359a,CSc1ccc(Br)cc1CC(=O)N1C[C@@H](C(N)=O)[C@@H]2C[C@@H]21,4.5901,False,False,True,True,False,43.4133,92.3077,40.0738,structures/x7359a/A71EV2A-x7359a,structures/x7359a/A71EV2A-x7359a/A71EV2A-x7359a_complex_ref.pdb,True,392119,9aeec88419b3e077d3ea2a263d56a045289f6168929b2cc0298d0ee5bb42313a,structures/x7359a/A71EV2A-x7359a/A71EV2A-x7359a_prepared.pdb,True,171224,98205a8da339fe4a77f1438122962794e7cc9c6630aeb23b685e00265f4e2126,structures/x7359a/A71EV2A-x7359a/A71EV2A-x7359a_ligand_ref.sdf,True,1899,e36639bbbe0864ab4ef674650c8094907c4d6a57518c62802fc6c8075792d49e,structures/x7359a/A71EV2A-x7359a/A71EV2A-x7359a_ligand_prepared.sdf,True,3310,f9f458fe41521d7ffd004b687a83d7877568dcd60d333f1d13f72f9d18df7c4b,2250,2206,44,21,2112,2112,,,True,1,21,21,0,Br:1;C:15;N:2;O:2;S:1,True,1,38,21,0,Br:1;C:15;H:17;N:2;O:2;S:1
876,A71EV2A-x7368a,x7368a,CSc1ccc(C2=CC[N@@H+](C)CC2)cc1OC(=O)N1C[C@@H](C(N)=O)C[C@@H]2C[C@@H]21,6.6168,False,False,True,True,False,39.7183,88.8889,35.3051,structures/x7368a/A71EV2A-x7368a,structures/x7368a/A71EV2A-x7368a/A71EV2A-x7368a_complex_ref.pdb,True,204035,0da9d6775c3a0489f27f4596387a78a26ab902d34ff912947a32adea83154a9b,structures/x7368a/A71EV2A-x7368a/A71EV2A-x7368a_prepared.pdb,True,170009,176152398263d7eb1dc5be72c2203a4e3063f31127c2f839afc134ef5af79a80,structures/x7368a/A71EV2A-x7368a/A71EV2A-x7368a_ligand_ref.sdf,True,2511,c8fba6ed74826cf4db29e535b5b30c1cc0bc1bcb21f4d9d64655543f75d9642b,structures/x7368a/A71EV2A-x7368a/A71EV2A-x7368a_ligand_prepared.sdf,True,4835,e587e66bcab32359697fb4c001c7a5120121bf786f039c45ce327e339315aa62,1122,1083,39,28,2097,2097,,,True,1,28,28,1,C:21;N:3;O:3;S:1,True,1,56,28,1,C:21;H:28;N:3;O:3;S:1
877,A71EV2A-x7369a,x7369a_x7369b,CSc1ccc(C2=CC[N@@H+](C)CC2)cc1CC(=O)N1C[C@@H](C(N)=O)C[C@@H]2C[C@@H]21,6.218,False,False,True,True,False,39.7108,88.8889,35.2985,structures/x7369a_x7369b/A71EV2A-x7369a,structures/x7369a_x7369b/A71EV2A-x7369a/A71EV2A-x7369a_complex_ref.pdb,True,405488,b56a83dcccf9e5cd354680e339987ad64d523ef3cc208b2d8b5859cf4048b346,structures/x7369a_x7369b/A71EV2A-x7369a/A71EV2A-x7369a_prepared.pdb,True,170009,0e04a421f310130f0771e327cc00139ac2a7d231a5378f82fb2147c495df17ec,structures/x7369a_x7369b/A71EV2A-x7369a/A71EV2A-x7369a_ligand_ref.sdf,True,2511,f7cfff9a682a20d5b49d3ff2094bcbe25bf560c72de14f3302d47720285bf61d,structures/x7369a_x7369b/A71EV2A-x7369a/A71EV2A-x7369a_ligand_prepared.sdf,True,5001,74923f393ad593c24224ebbc286456d1a2afa06bd4ed9c97f66fc0ad174cfc95,2312,2220,92,56,2097,2097,,,True,1,28,28,1,C:22;N:3;O:2;S:1,True,1,58,28,1,C:22;H:30;N:3;O:2;S:1
878,A71EV2A-x7369b,x7369a_x7369b,CSc1ccc(C2=CC[N@@H+](C)CC2)cc1CC(=O)N1C[C@@H](C(N)=O)C[C@@H]2C[C@@H]21,6.218,False,False,True,True,False,39.1963,88.8889,34.8412,structures/x7369a_x7369b/A71EV2A-x7369b,structures/x7369a_x7369b/A71EV2A-x7369b/A71EV2A-x7369b_complex_ref.pdb,True,405488,018de60f7e7e7bb0336b247286b50f0ce3bef6cb2dc1b392a72c749851e3b8d1,structures/x7369a_x7369b/A71EV2A-x7369b/A71EV2A-x7369b_prepared.pdb,True,170009,eeee0448b5aea4220bc79ed98854d145c32ba6414dde571159bed4ea5d0bd962,structures/x7369a_x7369b/A71EV2A-x7369b/A71EV2A-x7369b_ligand_ref.sdf,True,2510,215204cd9cd717e6dd463e4618703d2cd93a16711e8d2b19ac6093d27205a5ed,structures/x7369a_x7369b/A71EV2A-x7369b/A71EV2A-x7369b_ligand_prepared.sdf,True,5000,9ce094fe0d4a168d6b7d8753a3e64fa3617a07084eccc19a837702c5f5a34673,2312,2220,92,56,2097,2097,,,True,1,28,28,1,C:22;N:3;O:2;S:1,True,1,58,28,1,C:22;H:30;N:3;O:2;S:1
879,A71EV2A-x7372a,x7317a_x7317b_x7372a,CSc1ncnc(N2C[C@H]3C[C@H]3C2)c1CC(=O)N1CCC[C@H](C(N)=O)C1,6.5585,False,False,True,True,False,37.3897,92.3077,34.5136,structures/x7317a_x7317b_x7372a/A71EV2A-x7372a,structures/x7317a_x7317b_x7372a/A71EV2A-x7372a/A71EV2A-x7372a_complex_ref.pdb,True,203225,371e521f70bb979bf489fc0cc934fea7e09393dd0cb7349033cff41e46bf801e,structures/x7317a_x7317b_x7372a/A71EV2A-x7372a/A71EV2A-x7372a_prepared.pdb,True,170009,94de481764e27ce13d8e1bbd8e12b7b732417d698ab3ed7261b0f700d6056846,structures/x7317a_x7317b_x7372a/A71EV2A-x7372a/A71EV2A-x7372a_ligand_ref.sdf,True,2327,2a81ad8f56cbf44e49374923eae212fc681a56a7284a2b1aade21b3b1e141cee,structures/x7317a_x7317b_x7372a/A71EV2A-x7372a/A71EV2A-x7372a_ligand_prepared.sdf,True,4402,698255bda76204fb183bc736c91a5d1fb76668148e01f746da04e03bb12d6e25,1124,1080,44,26,2097,2097,,,True,1,26,26,0,C:18;N:5;O:2;S:1,True,1,51,26,0,C:18;H:25;N:5;O:2;S:1
880,A71EV2A-x7379a,x7379a,CSc1ccc(-c2cn[nH]c2)cc1OC(=O)N1C[C@@H](C(N)=O)C[C@H]2C[C@H]21,5.6262,False,False,True,True,False,45.8877,88.8889,40.7891,structures/x7379a/A71EV2A-x7379a,structures/x7379a/A71EV2A-x7379a/A71EV2A-x7379a_complex_ref.pdb,True,202982,b86311213f709fed4cbde9c3f3617e0e6b1c18e3485dffa554481ddc8551f75c,structures/x7379a/A71EV2A-x7379a/A71EV2A-x7379a_prepared.pdb,True,170009,1e0ed9fe05b69bb9cce4f08b907a037b11934c84011f78e142c8125f5e565e50,structures/x7379a/A71EV2A-x7379a/A71EV2A-x7379a_ligand_ref.sdf,True,2327,fedb0b33f33ec52966f265c5110bca98e57e0fdfe62e9e60a059af62cb1fcb7d,structures/x7379a/A71EV2A-x7379a/A71EV2A-x7379a_ligand_prepared.sdf,True,3987,25519e05ad53812a13970d5a06a0a33e1cc1047ebc99d16defe19bb8d8319c7e,1124,1077,47,26,2097,2097,,,True,1,26,26,0,C:18;N:4;O:3;S:1,True,1,46,26,0,C:18;H:20;N:4;O:3;S:1
881,A71EV2A-x7389a,x7334a_x7334b_x7389a,CSc1ncnc(N2CC(O)C2)c1CC(=O)N1CCC[C@H](C(N)=O)C1,6.4262,False,False,True,True,False,36.2107,92.3077,33.4252,structures/x7334a_x7334b_x7389a/A71EV2A-x7389a,structures/x7334a_x7334b_x7389a/A71EV2A-x7389a/A71EV2A-x7389a_complex_ref.pdb,True,206303,7857de81f3ebd5facbd22502db1124f33346a958b4c3629ac331e81cfc6ad14b,structures/x7334a_x7334b_x7389a/A71EV2A-x7389a/A71EV2A-x7389a_prepared.pdb,True,170009,f5bc6b3bbbb1a4c7d292c023eed59d414081ac1c352eb77e6ee26ea577d134ae,structures/x7334a_x7334b_x7389a/A71EV2A-x7389a/A71EV2A-x7389a_ligand_ref.sdf,True,2231,887e2baf30ec96c849dee79c0499eff87112a0e4f9001f16cb49eb0145380932,structures/x7334a_x7334b_x7389a/A71EV2A-x7389a/A71EV2A-x7389a_ligand_prepared.sdf,True,4140,415e1f364037bd25f7213f948d35af28ff1a69af03ac1c0ca2adce811a177164,1146,1097,49,25,2097,2097,,,True,1,25,25,0,C:16;N:5;O:3;S:1,True,1,48,25,0,C:16;H:23;N:5;O:3;S:1
882,A71EV2A-x7410a,x7410a,CSc1ccc(-c2cnn[nH]2)cc1OC(=O)N1C[C@@H](C(N)=O)C[C@@H]2C[C@@H]21,6.8211,False,False,True,True,False,43.4574,88.8889,38.6288,structures/x7410a/A71EV2A-x7410a,structures/x7410a/A71EV2A-x7410a/A71EV2A-x7410a_complex_ref.pdb,True,204926,c3fa50f84a1e13d3d79a2c2488f80a55a8ad2ed26ec879bfa45c4d52aee264ef,structures/x7410a/A71EV2A-x7410a/A71EV2A-x7410a_prepared.pdb,True,170009,e81ecfa7eb0b77b4e47c3c84aacb2d373d7aaaa5106096d4119410a7e53178a2,structures/x7410a/A71EV2A-x7410a/A71EV2A-x7410a_ligand_ref.sdf,True,2327,1903b0d7898f917e11347e158f62afb833e92bd5f28a181c31731209b073e753,structures/x7410a/A71EV2A-x7410a/A71EV2A-x7410a_ligand_prepared.sdf,True,3904,ec912dd605e8de426eb0bfcf6c27800851e54795cc5fc823f6d40489d4bb4f60,1141,1096,45,26,2097,2097,,,True,1,26,26,0,C:17;N:5;O:3;S:1,True,1,45,26,0,C:17;H:19;N:5;O:3;S:1
883,A71EV2A-x7420a,x7420a,CSc1ncnc(N2CCCC[C@@H]2C(C)C)c1CC(=O)N1CCC[C@H](C(N)=O)C1,6.3722,False,False,True,True,False,35.8576,92,32.989,structures/x7420a/A71EV2A-x7420a,structures/x7420a/A71EV2A-x7420a/A71EV2A-x7420a_complex_ref.pdb,True,207599,568e31737a3718ddadb2a9acbd115888875f0c6dde45149f5a2f086416925143,structures/x7420a/A71EV2A-x7420a/A71EV2A-x7420a_prepared.pdb,True,170009,9e3ed85a36de6ae7672a50160bb04087c3a9610609c5e542cd795b1e36888593,structures/x7420a/A71EV2A-x7420a/A71EV2A-x7420a_ligand_ref.sdf,True,2563,caccfaa31c415d2352184c21d871add1daf0230d3c975a182ff6d70323c9f4a8,structures/x7420a/A71EV2A-x7420a/A71EV2A-x7420a_ligand_prepared.sdf,True,5302,0ed9483e8e2dce2b88800790c4b282b12a837e920adb6fba7989a69edf71454b,1138,1089,49,29,2097,2097,,,True,1,29,29,0,C:21;N:5;O:2;S:1,True,1,62,29,0,C:21;H:33;N:5;O:2;S:1
884,A71EV2A-x7424a,x7424a,CSc1ncnc(N(C)C2CCOCC2)c1CC(=O)N1CCC[C@H](C(N)=O)C1,5.7864,False,False,True,True,False,35.543,92,32.6995,structures/x7424a/A71EV2A-x7424a,structures/x7424a/A71EV2A-x7424a/A71EV2A-x7424a_complex_ref.pdb,True,207681,1fbdff738b24231ec0f07e1c577e1a02b61844407ddb1ace5fc3148c7110df15,structures/x7424a/A71EV2A-x7424a/A71EV2A-x7424a_prepared.pdb,True,170009,06dcca2e4ad411bf9b3b42e06b602f8b06a9b16f31fe66a49bea841dac9f3e53,structures/x7424a/A71EV2A-x7424a/A71EV2A-x7424a_ligand_ref.sdf,True,2480,2084e67bea410e3bcc0f4d3897a52d46eeefd7f9747ba58c164249cbed297278,structures/x7424a/A71EV2A-x7424a/A71EV2A-x7424a_ligand_prepared.sdf,True,4887,a34d505ed68f50f2f8aed60d563daf201504196ca908141899e0042a5015b362,1145,1092,53,28,2097,2097,,,True,1,28,28,0,C:19;N:5;O:3;S:1,True,1,57,28,0,C:19;H:29;N:5;O:3;S:1
885,A71EV2A-x7427a,x7427a,CSc1ncnc(N2CC[C@H](C(=O)N(C)C)C2)c1CC(=O)N1CCC[C@H](C(N)=O)C1,5.9744,False,False,True,True,False,35.2517,92.3077,32.54,structures/x7427a/A71EV2A-x7427a,structures/x7427a/A71EV2A-x7427a/A71EV2A-x7427a_complex_ref.pdb,True,206140,95684fb82b0e1ca83536127e5addc238b0329e09d951a90945277d40d36bff7c,structures/x7427a/A71EV2A-x7427a/A71EV2A-x7427a_prepared.pdb,True,170009,c5cb0b4e18b12313c1dff2a7cb83185c783ade40cd7b3d4d99df048e461557bf,structures/x7427a/A71EV2A-x7427a/A71EV2A-x7427a_ligand_ref.sdf,True,2646,9d6a962af098996ddb6b7f908f0a4018cd984553d459469499a5906a3d735f83,structures/x7427a/A71EV2A-x7427a/A71EV2A-x7427a_ligand_prepared.sdf,True,5136,6d589fe8dfd251822bfbdfb86fb7cbb9e3685c539177c92487eda1477dc8ad6a,1133,1083,50,30,2097,2097,,,True,1,30,30,0,C:20;N:6;O:3;S:1,True,1,60,30,0,C:20;H:30;N:6;O:3;S:1
886,A71EV2A-x7430a,x7430a,CSc1ncnc(N2CCCC[C@H]2CO)c1CC(=O)N1CCC[C@H](C(N)=O)C1,5.8673,False,False,True,True,False,36.6703,92.3077,33.8495,structures/x7430a/A71EV2A-x7430a,structures/x7430a/A71EV2A-x7430a/A71EV2A-x7430a_complex_ref.pdb,True,207032,f27d30fe05231cdf909439beb7688f3695f28b7c2dd8701318e8d0abc1f42216,structures/x7430a/A71EV2A-x7430a/A71EV2A-x7430a_prepared.pdb,True,170009,7563a48f0a904baf124e67e861db7234ca52edf3b2ef2c056def4a363232a80e,structures/x7430a/A71EV2A-x7430a/A71EV2A-x7430a_ligand_ref.sdf,True,2480,1d3b76c1af29e0358e8dafed0c458f965b8517a3d7ca0ddb12c9fe2311a45315,structures/x7430a/A71EV2A-x7430a/A71EV2A-x7430a_ligand_prepared.sdf,True,4887,975f408d822539c63bb19c9b98a39f7c8cee44e96275c829def49cf7c5d572a7,1126,1083,43,28,2097,2097,,,True,1,28,28,0,C:19;N:5;O:3;S:1,True,1,57,28,0,C:19;H:29;N:5;O:3;S:1
887,A71EV2A-x7432a,x7432a,CCN(c1ncnc(SC)c1CC(=O)N1CCC[C@H](C(N)=O)C1)C(C)C,5.9414,False,False,True,True,False,39.9352,92.3077,36.8633,structures/x7432a/A71EV2A-x7432a,structures/x7432a/A71EV2A-x7432a/A71EV2A-x7432a_complex_ref.pdb,True,202981,aa895365793a80eda3790fabac53cab124e6ad7c881e852e7d44e21b9a4828a3,structures/x7432a/A71EV2A-x7432a/A71EV2A-x7432a_prepared.pdb,True,170009,48b28e6f58e5a57a116f70dd2768f7db3dae621b5de1ac0e2cbcb5eb68c60d77,structures/x7432a/A71EV2A-x7432a/A71EV2A-x7432a_ligand_ref.sdf,True,2301,4419dd50f5e3f69491a4e3be12e23dfeee903634fd699a7d45e7656457173972,structures/x7432a/A71EV2A-x7432a/A71EV2A-x7432a_ligand_prepared.sdf,True,4708,8ae4a7204817afe82c31860e7f56682369764de53de33c83f481d6502eaeff73,1118,1083,35,26,2097,2097,,,True,1,26,26,0,C:18;N:5;O:2;S:1,True,1,55,26,0,C:18;H:29;N:5;O:2;S:1
888,A71EV2A-x7433a,x7433a,CSc1ncnc(N2CCC[C@H]2Cc2ccccc2)c1CC(=O)N1CCC[C@H](C(N)=O)C1,5.1382,False,False,True,True,False,33.1009,88.8889,29.4231,structures/x7433a/A71EV2A-x7433a,structures/x7433a/A71EV2A-x7433a/A71EV2A-x7433a_complex_ref.pdb,True,212054,e503c8a74198733e98aae0a8e439583057210773ef82dc68c0097109eb4b7902,structures/x7433a/A71EV2A-x7433a/A71EV2A-x7433a_prepared.pdb,True,170009,11419fe5d9bbda540d0f64eb937d3071f9fc7e0c156f19cc3e634d9ab039a70b,structures/x7433a/A71EV2A-x7433a/A71EV2A-x7433a_ligand_ref.sdf,True,2825,c647597f51defa5b6b8f655ba691bfec6efc1307022c4a736a370d0b53e90cbd,structures/x7433a/A71EV2A-x7433a/A71EV2A-x7433a_ligand_prepared.sdf,True,5398,1cd6f9f7b2929de9d5183ef0bd87eac1b742390dc2f95f94cb58824a2b2390a8,1150,1097,53,32,2097,2097,,,True,1,32,32,0,C:24;N:5;O:2;S:1,True,1,63,32,0,C:24;H:31;N:5;O:2;S:1
889,A71EV2A-x7436a,x7436a_x7436b,CSc1ncnc(N(C)[C@@H](C)c2ccccc2)c1CC(=O)N1CCC[C@H](C(N)=O)C1,6.5807,False,False,True,True,False,41.5372,92,38.2142,structures/x7436a_x7436b/A71EV2A-x7436a,structures/x7436a_x7436b/A71EV2A-x7436a/A71EV2A-x7436a_complex_ref.pdb,True,207356,94647ba80aae5cffb769be93a0dd67322a7353d4f65a385d49077fcf794bbf11,structures/x7436a_x7436b/A71EV2A-x7436a/A71EV2A-x7436a_prepared.pdb,True,170009,1b1ae3ab1866feb7f102144ae233f498d10790d72a2b107bccffa6bf215651e3,structures/x7436a_x7436b/A71EV2A-x7436a/A71EV2A-x7436a_ligand_ref.sdf,True,2646,f8e2e3d1c0f74b0fd1481bb8f118de2aa2b180e0811d1c49e347b8a55e08ee68,structures/x7436a_x7436b/A71EV2A-x7436a/A71EV2A-x7436a_ligand_prepared.sdf,True,5053,90fbbd13ba2e2518d584098ce4e546761303920b48216a4dd3c613886ed1fdf9,1132,1090,42,30,2097,2097,,,True,1,30,30,0,C:22;N:5;O:2;S:1,True,1,59,30,0,C:22;H:29;N:5;O:2;S:1
890,A71EV2A-x7436b,x7436a_x7436b,CSc1ncnc(N(C)[C@@H](C)c2ccccc2)c1CC(=O)N1CCC[C@H](C(N)=O)C1,6.5807,False,False,True,True,False,32.9981,92.5926,30.5538,structures/x7436a_x7436b/A71EV2A-x7436b,structures/x7436a_x7436b/A71EV2A-x7436b/A71EV2A-x7436b_complex_ref.pdb,True,207356,8227c4f69d3b5ea9b02423d67284b0f7a36f2634cf8a2ec7373d93b24a7d67cb,structures/x7436a_x7436b/A71EV2A-x7436b/A71EV2A-x7436b_prepared.pdb,True,170009,34a2c4c95f2937f252d304e10ee3972c466e08d193694c6818132e7fc17661ec,structures/x7436a_x7436b/A71EV2A-x7436b/A71EV2A-x7436b_ligand_ref.sdf,True,2646,5375624bc7991f9ef01631656bf9621bb670840d06d7ea9ff4f37b5ee7288e21,structures/x7436a_x7436b/A71EV2A-x7436b/A71EV2A-x7436b_ligand_prepared.sdf,True,5053,aeb1347405cbe1e65d15be07fe4aa126b5d697a03fd72fb4c1261a2bfad4562d,1132,1090,42,30,2097,2097,,,True,1,30,30,0,C:22;N:5;O:2;S:1,True,1,59,30,0,C:22;H:29;N:5;O:2;S:1
891,A71EV2A-x7442a,x7442a,CSc1ccc(-c2ccccn2)cc1OC(=O)N1CCC[C@H](C(N)=O)C1,6.3634,False,False,True,True,False,42.1328,88.4615,37.2713,structures/x7442a/A71EV2A-x7442a,structures/x7442a/A71EV2A-x7442a/A71EV2A-x7442a_complex_ref.pdb,True,207922,cf77eccd1b89b20dea531e2f1dcdc19572c3d5493e843987e7e88d12a2173538,structures/x7442a/A71EV2A-x7442a/A71EV2A-x7442a_prepared.pdb,True,170009,fb5cc8d66bfc877dfc94b5832f85032408e0f2daad6188c437f835ace50a550e,structures/x7442a/A71EV2A-x7442a/A71EV2A-x7442a_ligand_ref.sdf,True,2314,c96d42df4846239288c99c940cc2238ebf931d3a820a46fbd8010c7b3996e0db,structures/x7442a/A71EV2A-x7442a/A71EV2A-x7442a_ligand_prepared.sdf,True,4057,6e771c9eba6b458c296a47d00d7b1d53690035ea1daab9f79840c700a9f46b0b,1133,1089,44,26,2097,2097,,,True,1,26,26,0,C:19;N:3;O:3;S:1,True,1,47,26,0,C:19;H:21;N:3;O:3;S:1
892,A71EV2A-x7445a,x7445a,CSc1ccc(-c2ccncc2)cc1CC(=O)N1C[C@H](C(N)=O)C[C@H]2C[C@H]21,4.9174,False,False,True,True,False,43.6988,88.4615,38.6567,structures/x7445a/A71EV2A-x7445a,structures/x7445a/A71EV2A-x7445a/A71EV2A-x7445a_complex_ref.pdb,True,204602,e22f95b0831b4faf55da094b1062af3a6c87e3bf55c33918f7871e46325a4ee3,structures/x7445a/A71EV2A-x7445a/A71EV2A-x7445a_prepared.pdb,True,170009,27a2363cac7a6c3d3ea6114c9f2556218d890955b0585e3812c6f048f37cdfed,structures/x7445a/A71EV2A-x7445a/A71EV2A-x7445a_ligand_ref.sdf,True,2410,4ff402216d4b77e266019ef5ec0650a21e9fc953b9949a3b76e920a47544bead,structures/x7445a/A71EV2A-x7445a/A71EV2A-x7445a_ligand_prepared.sdf,True,4319,46fc2c37ca5c2eee5960330949ee6a3159e36b209ea7aee2a43766f0884859ad,1129,1083,46,27,2097,2097,,,True,1,27,27,0,C:21;N:3;O:2;S:1,True,1,50,27,0,C:21;H:23;N:3;O:2;S:1
893,A71EV2A-x7446a,x7446a,CCS(=O)(=O)N1CCN(c2ncnc(SC)c2CC(=O)N2CCC[C@H](C(N)=O)C2)[C@H](C)C1,5.8875,False,False,True,True,False,32.6669,92.3077,30.1541,structures/x7446a/A71EV2A-x7446a,structures/x7446a/A71EV2A-x7446a/A71EV2A-x7446a_complex_ref.pdb,True,206868,b20fba4a54f0c31260f32f72e78cc10fcb2c218cb6c8b5fee14e078cf6efd5d0,structures/x7446a/A71EV2A-x7446a/A71EV2A-x7446a_prepared.pdb,True,170009,605512a93b81ff7c91adf023a62d10d5971c1b6bc050b50be9e4f3439a9657ba,structures/x7446a/A71EV2A-x7446a/A71EV2A-x7446a_ligand_ref.sdf,True,2811,8765597a50efebd88d4fe4520c59e0b008cb3b40be6b9c6ee24a145057528853,structures/x7446a/A71EV2A-x7446a/A71EV2A-x7446a_ligand_prepared.sdf,True,5467,5004dfbae8d3a391a3bba41f1a95446143ec0f6984f567c2059691cc88387d50,1156,1100,56,32,2097,2097,,,True,1,32,32,0,C:20;N:6;O:4;S:2,True,1,64,32,0,C:20;H:32;N:6;O:4;S:2
894,A71EV2A-x7448a,x7448a,CSc1cccc2c1[C@@H](C(=O)N1C[C@@H](C(N)=O)C[C@@H]3C[C@@H]31)CC2,6.317,False,False,True,True,False,44.9984,92.3077,41.537,structures/x7448a/A71EV2A-x7448a,structures/x7448a/A71EV2A-x7448a/A71EV2A-x7448a_complex_ref.pdb,True,205900,980c9195355b15d0b1fad71f7fb068ec540e5f1a6cb7cee7e9dd4eeee6da0456,structures/x7448a/A71EV2A-x7448a/A71EV2A-x7448a_prepared.pdb,True,170009,2aa24b44c7f53a9f8f9757e4fbdc8741206c14c3b434d541d38ddc30c7d89309,structures/x7448a/A71EV2A-x7448a/A71EV2A-x7448a_ligand_ref.sdf,True,2078,5dcde8d8249fdc1d36ef16c306f3f5acfc02c33c43973c4790d9f973ebe6eb7d,structures/x7448a/A71EV2A-x7448a/A71EV2A-x7448a_ligand_prepared.sdf,True,3904,d012354c2c6c62dec1f1094ec89372bba0aa191dc9a374705d6d91347f97ff9c,1128,1092,36,23,2097,2097,,,True,1,23,23,0,C:18;N:2;O:2;S:1,True,1,45,23,0,C:18;H:22;N:2;O:2;S:1
895,A71EV2A-x7459a,x7459a,CSc1ccc2ncccc2c1OC(=O)N1C[C@H](C(N)=O)C[C@@H]2C[C@@H]21,6.2232,False,False,True,True,False,42.3247,92,38.9388,structures/x7459a/A71EV2A-x7459a,structures/x7459a/A71EV2A-x7459a/A71EV2A-x7459a_complex_ref.pdb,True,213111,c07226587ee63937409a8ee020de6d19c25cc2aa837f18b6702a290d56a01a9e,structures/x7459a/A71EV2A-x7459a/A71EV2A-x7459a_prepared.pdb,True,170009,b450b29b2d3d3fc39f53fe84040469823eab124a77cb85ca796ed370e15eb3a2,structures/x7459a/A71EV2A-x7459a/A71EV2A-x7459a_ligand_ref.sdf,True,2243,0ad2caf82809a70cef88bf5b4a46e35f60607b74ccee40d6bf939951cff33b2d,structures/x7459a/A71EV2A-x7459a/A71EV2A-x7459a_ligand_prepared.sdf,True,3820,b21a4b62a4b274e00403ee12a0b9e481ca9db0e5d483569223594c7b6f646f52,1145,1093,52,25,2097,2097,,,True,1,25,25,0,C:18;N:3;O:3;S:1,True,1,44,25,0,C:18;H:19;N:3;O:3;S:1
896,A71EV2A-x7461a,x7461a,CSc1ccc2ncccc2c1OC(=O)N1C[C@@H](C(N)=O)C[C@H]2C[C@H]21,6.2232,False,False,True,True,False,40.9699,92.3077,37.8184,structures/x7461a/A71EV2A-x7461a,structures/x7461a/A71EV2A-x7461a/A71EV2A-x7461a_complex_ref.pdb,True,211733,f0612c1241be47d80b21a1684de1f1e9b23a2b39e2e67996ccef81a934ba77c6,structures/x7461a/A71EV2A-x7461a/A71EV2A-x7461a_prepared.pdb,True,169881,2eb996affc045a77828106815d279e879c3169f899f5938a003cbd62bd16f48c,structures/x7461a/A71EV2A-x7461a/A71EV2A-x7461a_ligand_ref.sdf,True,2243,c0bbc27d698a30f4bb3cbd8accf7fa631449199604bfde16208e9053f8df3130,structures/x7461a/A71EV2A-x7461a/A71EV2A-x7461a_ligand_prepared.sdf,True,3820,6bc9fea13750efac786e24180464ff712bc3386eecc56763be4746f1fc1958bc,1125,1081,44,25,2095,2095,,,True,1,25,25,0,C:18;N:3;O:3;S:1,True,1,44,25,0,C:18;H:19;N:3;O:3;S:1
897,A71EV2A-x7465a,x7465a_x7465b,CSc1ccc2ncccc2c1OC(=O)N1C[C@H](C(N)=O)C[C@H]2C[C@H]21,6.5542,False,False,True,True,False,42.3662,92,38.9769,structures/x7465a_x7465b/A71EV2A-x7465a,structures/x7465a_x7465b/A71EV2A-x7465a/A71EV2A-x7465a_complex_ref.pdb,True,394304,809c6e4e022adf500c93e72c9721190da3ed4f22d4cba3978f948e6e0fb4d7c4,structures/x7465a_x7465b/A71EV2A-x7465a/A71EV2A-x7465a_prepared.pdb,True,170009,b5a0e325c980c8ee48db2ba62324c8f8a0eaa49d13815323712cf6f320312960,structures/x7465a_x7465b/A71EV2A-x7465a/A71EV2A-x7465a_ligand_ref.sdf,True,2243,e3b288731411a68d28a053eebf1f353f2c9778e80c10deb236b1af653351e243,structures/x7465a_x7465b/A71EV2A-x7465a/A71EV2A-x7465a_ligand_prepared.sdf,True,3820,b77dc3e42e85e03a8e2862686f5dc76cc8cc95a088c6f8562047113f785fc909,2263,2180,83,50,2097,2097,,,True,1,25,25,0,C:18;N:3;O:3;S:1,True,1,44,25,0,C:18;H:19;N:3;O:3;S:1
898,A71EV2A-x7465b,x7465a_x7465b,CSc1ccc2ncccc2c1OC(=O)N1C[C@H](C(N)=O)C[C@H]2C[C@H]21,6.5542,False,False,True,True,False,41.4736,92,38.1557,structures/x7465a_x7465b/A71EV2A-x7465b,structures/x7465a_x7465b/A71EV2A-x7465b/A71EV2A-x7465b_complex_ref.pdb,True,394466,c66c01400638da8a4310619c033f47cb575c3e50c9f39da6393a694a728784b0,structures/x7465a_x7465b/A71EV2A-x7465b/A71EV2A-x7465b_prepared.pdb,True,170009,a7f89b22189b09909ad45d2bfc0296cad03a213684410b0f8e6e8764a08a932d,structures/x7465a_x7465b/A71EV2A-x7465b/A71EV2A-x7465b_ligand_ref.sdf,True,2243,bc5e5ec3326bba848fc0a973ed7791d8a7a48d2ee3999b860447f4fabcbaf146,structures/x7465a_x7465b/A71EV2A-x7465b/A71EV2A-x7465b_ligand_prepared.sdf,True,3820,0504dc85da604f52d5004ebb69f3f3b875fa422c0170611f55d4dad2085492c4,2265,2180,85,50,2097,2097,,,True,1,25,25,0,C:18;N:3;O:3;S:1,True,1,44,25,0,C:18;H:19;N:3;O:3;S:1
899,A71EV2A-x7475a,x7475a_x7475b,CSc1ncnc(N2CCC[C@H]2C2CC2)c1CC(=O)N1CCC[C@H](C(N)=O)C1,5.262,False,False,True,True,False,34.2349,92.5926,31.699,structures/x7475a_x7475b/A71EV2A-x7475a,structures/x7475a_x7475b/A71EV2A-x7475a/A71EV2A-x7475a_complex_ref.pdb,True,404920,edd6e2a8280a104931431bc157f5cd8aae2fe4c9e9981e75e04a3cd31875afc4,structures/x7475a_x7475b/A71EV2A-x7475a/A71EV2A-x7475a_prepared.pdb,True,170981,837b72ab0fd741b0641f0c415b29a34c7f6fbdd00da65abcd2fac2345e183346,structures/x7475a_x7475b/A71EV2A-x7475a/A71EV2A-x7475a_ligand_ref.sdf,True,2492,f09b5935c0f14c0a38419535852b9f156a3df7c9d16c26abab55b14fa22644e5,structures/x7475a_x7475b/A71EV2A-x7475a/A71EV2A-x7475a_ligand_prepared.sdf,True,4899,be8320c81c17b02ebe2e70fec905093074b8109830d891068834fec5a0101ab5,2314,2213,101,56,2109,2109,,,True,1,28,28,0,C:20;N:5;O:2;S:1,True,1,57,28,0,C:20;H:29;N:5;O:2;S:1
900,A71EV2A-x7475b,x7475a_x7475b,CSc1ncnc(N2CCC[C@H]2C2CC2)c1CC(=O)N1CCC[C@H](C(N)=O)C1,5.262,False,False,True,True,False,35.6284,92.3077,32.8878,structures/x7475a_x7475b/A71EV2A-x7475b,structures/x7475a_x7475b/A71EV2A-x7475b/A71EV2A-x7475b_complex_ref.pdb,True,405406,20681e1b7774669cfbc7bb710712f295cece8f4643c255a2084eb0fd3f418f71,structures/x7475a_x7475b/A71EV2A-x7475b/A71EV2A-x7475b_prepared.pdb,True,172196,dcb23767549b55bcb1caca8a703ca5e34a78f3ce0e5c889de7cd8761ca602fd7,structures/x7475a_x7475b/A71EV2A-x7475b/A71EV2A-x7475b_ligand_ref.sdf,True,2492,abff2c1fb3f7d7c2d5c3fe54fe723b5f208d615c722497dfed473171f510eb9d,structures/x7475a_x7475b/A71EV2A-x7475b/A71EV2A-x7475b_ligand_prepared.sdf,True,4899,7093ab79516624633ff84726e0db2b7800e1ad0cbc793815f9708b4747d24cd1,2320,2213,107,56,2124,2124,,,True,1,28,28,0,C:20;N:5;O:2;S:1,True,1,57,28,0,C:20;H:29;N:5;O:2;S:1
901,A71EV2A-x7491a,x7491a_x7491b,CSc1ncnc(N2CCC[C@H]2C(C)C)c1CC(=O)N1CCC[C@H](C(N)=O)C1,5.3314,False,False,True,True,False,41.5188,92,38.1973,structures/x7491a_x7491b/A71EV2A-x7491a,structures/x7491a_x7491b/A71EV2A-x7491a/A71EV2A-x7491a_complex_ref.pdb,True,397388,334e92116d43c9dcb116cdc90b6d5c5f9b6d6164ddaac482e6d491d15ea57145,structures/x7491a_x7491b/A71EV2A-x7491a/A71EV2A-x7491a_prepared.pdb,True,169766,0304a6926ccaa8e02dc686840f80f8191bf19da81a7ed9784134e9b4839a1ce8,structures/x7491a_x7491b/A71EV2A-x7491a/A71EV2A-x7491a_ligand_ref.sdf,True,2479,c01341ec0b7409f0c413b68d714fa172472f63e297f5819a9b268dbbc1c17b64,structures/x7491a_x7491b/A71EV2A-x7491a/A71EV2A-x7491a_ligand_prepared.sdf,True,5052,3cb698edc8d0a6adb26869e3cccdaf7e91c38d38223b2232f521c1898876e675,2272,2188,84,56,2094,2094,,,True,1,28,28,0,C:20;N:5;O:2;S:1,True,1,59,28,0,C:20;H:31;N:5;O:2;S:1
902,A71EV2A-x7491b,x7491a_x7491b,CSc1ncnc(N2CCC[C@H]2C(C)C)c1CC(=O)N1CCC[C@H](C(N)=O)C1,5.3314,False,False,True,True,False,42.3722,92,38.9824,structures/x7491a_x7491b/A71EV2A-x7491b,structures/x7491a_x7491b/A71EV2A-x7491b/A71EV2A-x7491b_complex_ref.pdb,True,397874,f1b15c20f22f67449ffb4ebb414be183c3dc4919e25ade8561a10ba5aa6fa94c,structures/x7491a_x7491b/A71EV2A-x7491b/A71EV2A-x7491b_prepared.pdb,True,170981,ff0de28b15b008b6dc43d6bdb692fe1faef12d0d622446cd9aa08edf0b7324ef,structures/x7491a_x7491b/A71EV2A-x7491b/A71EV2A-x7491b_ligand_ref.sdf,True,2479,59a4b7acd09fd72ea1d0e4deb43bc17860a77309384e249cb1769afe50a14cff,structures/x7491a_x7491b/A71EV2A-x7491b/A71EV2A-x7491b_ligand_prepared.sdf,True,5052,b4b5624be636b76da31ef09e40808813a550fb9fa2899934c6029b780773ce49,2278,2188,90,56,2109,2109,,,True,1,28,28,0,C:20;N:5;O:2;S:1,True,1,59,28,0,C:20;H:31;N:5;O:2;S:1
903,A71EV2A-x7501a,x7501a_x7501b,CSc1ncnc(N2CCC[C@H]2C)c1CC(=O)N1CCC[C@H](C(N)=O)C1,5.2445,False,False,True,True,False,35.4188,92,32.5853,structures/x7501a_x7501b/A71EV2A-x7501a,structures/x7501a_x7501b/A71EV2A-x7501a/A71EV2A-x7501a_complex_ref.pdb,True,397303,0e8a8897a97a4271020a38a511781ae7cccc2148e8d7921845210dd64ca0a8cb,structures/x7501a_x7501b/A71EV2A-x7501a/A71EV2A-x7501a_prepared.pdb,True,169766,ddbf78296df900bac4d361ce52a2c69403333ff2c554d0a0eae2c9d80a7b5130,structures/x7501a_x7501b/A71EV2A-x7501a/A71EV2A-x7501a_ligand_ref.sdf,True,2313,d79786e63405d1482ea23e2362db42a8ea3e1170221bed5b931d8f8b172dff67,structures/x7501a_x7501b/A71EV2A-x7501a/A71EV2A-x7501a_ligand_prepared.sdf,True,4554,2216c8c37124b7877d57a970c21a99eed343e9fbcdb59080414ebef6c2d1c99b,2288,2196,92,52,2094,2094,,,True,1,26,26,0,C:18;N:5;O:2;S:1,True,1,53,26,0,C:18;H:27;N:5;O:2;S:1
904,A71EV2A-x7501b,x7501a_x7501b,CSc1ncnc(N2CCC[C@H]2C)c1CC(=O)N1CCC[C@H](C(N)=O)C1,5.2445,False,False,True,True,False,35.5882,91.6667,32.6225,structures/x7501a_x7501b/A71EV2A-x7501b,structures/x7501a_x7501b/A71EV2A-x7501b/A71EV2A-x7501b_complex_ref.pdb,True,397546,c9b769cb0c5553a8b08b67a034f72c36f6cbc5f9a59ca848ba21e76e3f7efbf6,structures/x7501a_x7501b/A71EV2A-x7501b/A71EV2A-x7501b_prepared.pdb,True,170981,82ccc18e3ecfa1a583f7d786cf869e9247ef70ac6b4ee96a1be635b298db88d1,structures/x7501a_x7501b/A71EV2A-x7501b/A71EV2A-x7501b_ligand_ref.sdf,True,2313,ecfceaeb07f268fc912ffa2ac6fa900838668b8fb5f8f157c32b972209f430ef,structures/x7501a_x7501b/A71EV2A-x7501b/A71EV2A-x7501b_ligand_prepared.sdf,True,4554,0504065b6db98a20cae55f55260ed8aab4f89144a050459bc1e7cf4a6ab889fb,2291,2196,95,52,2109,2109,,,True,1,26,26,0,C:18;N:5;O:2;S:1,True,1,53,26,0,C:18;H:27;N:5;O:2;S:1
905,A71EV2A-x7510a,x7510a_x7510b,CC[C@@H]1CCCN1c1ncnc(SC)c1CC(=O)N1CCC[C@H](C(N)=O)C1,5.3595,False,False,True,True,False,34.6652,92,31.892,structures/x7510a_x7510b/A71EV2A-x7510a,structures/x7510a_x7510b/A71EV2A-x7510a/A71EV2A-x7510a_complex_ref.pdb,True,393092,069ee68865c8ebbb5c6ec12e9cb111182e7e6f7873e74bb3c8e235febb984cea,structures/x7510a_x7510b/A71EV2A-x7510a/A71EV2A-x7510a_prepared.pdb,True,170981,2c634bb1cf4a5aee7aa06588b283705bb9c9d2024cca26f8515402849d095abb,structures/x7510a_x7510b/A71EV2A-x7510a/A71EV2A-x7510a_ligand_ref.sdf,True,2396,c661fd3608dd1c6ff5636786bd0ed5aa1086f198f5fcc92e198b9e77010071c9,structures/x7510a_x7510b/A71EV2A-x7510a/A71EV2A-x7510a_ligand_prepared.sdf,True,4803,cd33949075beaeebca05ecf63c215f30d07c66199794d0605d678c9f8b40051d,2275,2189,86,54,2109,2109,,,True,1,27,27,0,C:19;N:5;O:2;S:1,True,1,56,27,0,C:19;H:29;N:5;O:2;S:1
906,A71EV2A-x7510b,x7510a_x7510b,CC[C@@H]1CCCN1c1ncnc(SC)c1CC(=O)N1CCC[C@H](C(N)=O)C1,5.3595,False,False,True,True,False,35.7052,92.3077,32.9586,structures/x7510a_x7510b/A71EV2A-x7510b,structures/x7510a_x7510b/A71EV2A-x7510b/A71EV2A-x7510b_complex_ref.pdb,True,393173,02515e38eb9a09ac5f867a71c7ac2b2a6c7cd04129ca453c3b5c8e0c74e66c3b,structures/x7510a_x7510b/A71EV2A-x7510b/A71EV2A-x7510b_prepared.pdb,True,171791,0d3e0b63535d8f5ca44eaf29ba5a754d2faaee1c27bddf02541ba8a62725c82c,structures/x7510a_x7510b/A71EV2A-x7510b/A71EV2A-x7510b_ligand_ref.sdf,True,2396,d828546212d43a5bf828cf14b8f919dc910419731b7d9001e24ad1f4e473c883,structures/x7510a_x7510b/A71EV2A-x7510b/A71EV2A-x7510b_ligand_prepared.sdf,True,4803,d720a6e1e82c5c5b6c339ce2b13db78e827444cf6e4dc17beb04a4c98a21179a,2276,2189,87,54,2119,2119,,,True,1,27,27,0,C:19;N:5;O:2;S:1,True,1,56,27,0,C:19;H:29;N:5;O:2;S:1
907,A71EV2A-x7515a,x7515a,CSc1ccc2ncccc2c1OC(=O)N1C[C@@H](C(N)=O)C[C@@H]2C[C@@H]21,6.5542,False,False,True,True,False,41.9464,92.3077,38.7198,structures/x7515a/A71EV2A-x7515a,structures/x7515a/A71EV2A-x7515a/A71EV2A-x7515a_complex_ref.pdb,True,210595,fe85b28f3a77386b5b7f3e14a5d88cc252b36c6e35aa0db6b60714a3982d7121,structures/x7515a/A71EV2A-x7515a/A71EV2A-x7515a_prepared.pdb,True,168794,4ccc5ac4d245d6b2594a94197e4ac4a0b45dca14e96d8b38fd4dcd3c42de0dfe,structures/x7515a/A71EV2A-x7515a/A71EV2A-x7515a_ligand_ref.sdf,True,2243,67d2183b9d96cf248e2e03191a190a50bf77dcea52d4c71affd10a363ece6645,structures/x7515a/A71EV2A-x7515a/A71EV2A-x7515a_ligand_prepared.sdf,True,3820,9df4f60567fc9c846a1baaba066b88f69f230ed55f5875e011ca21e3525f100b,1144,1084,60,25,2082,2082,,,True,1,25,25,0,C:18;N:3;O:3;S:1,True,1,44,25,0,C:18;H:19;N:3;O:3;S:1
908,A71EV2A-x7533a,x7533a_x7533b,CSc1ncnc(N2CCC[C@@H]2C)c1CC(=O)N1CCC[C@H](C(N)=O)C1,6.6166,False,False,True,True,False,36.7068,92,33.7702,structures/x7533a_x7533b/A71EV2A-x7533a,structures/x7533a_x7533b/A71EV2A-x7533a/A71EV2A-x7533a_complex_ref.pdb,True,396494,d34b6f004f75daee1c4bf970bfe4ebe37117ded3563cf1fbe4a2ee779a130642,structures/x7533a_x7533b/A71EV2A-x7533a/A71EV2A-x7533a_prepared.pdb,True,170981,e49520fa110e6eb638e03e1e7e9b75e1657971fcd9628b5927e52d17a04e8b45,structures/x7533a_x7533b/A71EV2A-x7533a/A71EV2A-x7533a_ligand_ref.sdf,True,2313,dc43c5914dc0f7d5152897cacd92ab062f41f1a17f04f88dc767ada2125c59fd,structures/x7533a_x7533b/A71EV2A-x7533a/A71EV2A-x7533a_ligand_prepared.sdf,True,4554,edf721b1b91020f45895b80a9a5c6783e94da6b55ade5efc793e1a15d77fcf71,2279,2184,95,52,2109,2109,,,True,1,26,26,0,C:18;N:5;O:2;S:1,True,1,53,26,0,C:18;H:27;N:5;O:2;S:1
909,A71EV2A-x7533b,x7533a_x7533b,CSc1ncnc(N2CCC[C@@H]2C)c1CC(=O)N1CCC[C@H](C(N)=O)C1,6.6166,False,False,True,True,False,36.6632,91.6667,33.6079,structures/x7533a_x7533b/A71EV2A-x7533b,structures/x7533a_x7533b/A71EV2A-x7533b/A71EV2A-x7533b_complex_ref.pdb,True,396494,404b2c62234490b2a0ced87ec017d8448452eb9e6c56c1b2a233858cc45c25a5,structures/x7533a_x7533b/A71EV2A-x7533b/A71EV2A-x7533b_prepared.pdb,True,171791,09951f88cba0f2fcbb94b1391aa380e45b7399578f456f27ebe2fad4c5269a9e,structures/x7533a_x7533b/A71EV2A-x7533b/A71EV2A-x7533b_ligand_ref.sdf,True,2313,6575d2c4880393b8f142008b3b4e9938e81f98ff2168c69c698b091bf5ab67c9,structures/x7533a_x7533b/A71EV2A-x7533b/A71EV2A-x7533b_ligand_prepared.sdf,True,4554,c219c1fbb5b07b5943cd921deabbd72ed07b36720fc0ec79cd69b9866f156daf,2279,2184,95,52,2119,2119,,,True,1,26,26,0,C:18;N:5;O:2;S:1,True,1,53,26,0,C:18;H:27;N:5;O:2;S:1
910,A71EV2A-x7545a,x7545a_x7545b,CSc1ncnc(N(C)C)c1CC(=O)N1CCC[C@H](C(N)=O)C1,6.393,False,False,True,True,False,42.6878,92,39.2728,structures/x7545a_x7545b/A71EV2A-x7545a,structures/x7545a_x7545b/A71EV2A-x7545a/A71EV2A-x7545a_complex_ref.pdb,True,396655,eb6a9d90f4d5bedf3ffb56e04f5b7f6988bac5353ff5d3d76c9881edd24db32b,structures/x7545a_x7545b/A71EV2A-x7545a/A71EV2A-x7545a_prepared.pdb,True,171224,5aa676daf299dda4664bf3e6b585ef92587b58a27ef0067dbac047d19a153868,structures/x7545a_x7545b/A71EV2A-x7545a/A71EV2A-x7545a_ligand_ref.sdf,True,2051,ca85618f34188880e082fc87f6036eb5f2d9610c19f1b67feebcd768bd539b40,structures/x7545a_x7545b/A71EV2A-x7545a/A71EV2A-x7545a_ligand_prepared.sdf,True,3960,4dba17445917ef39fce96fa1b8dcfc5c84e19cccfba68ed2ee4498b32bb8232d,2284,2203,81,46,2112,2112,,,True,1,23,23,0,C:15;N:5;O:2;S:1,True,1,46,23,0,C:15;H:23;N:5;O:2;S:1
911,A71EV2A-x7545b,x7545a_x7545b,CSc1ncnc(N(C)C)c1CC(=O)N1CCC[C@H](C(N)=O)C1,6.393,False,False,True,True,False,42.9199,92,39.4863,structures/x7545a_x7545b/A71EV2A-x7545b,structures/x7545a_x7545b/A71EV2A-x7545b/A71EV2A-x7545b_complex_ref.pdb,True,396898,3cfcead9e0a125bc1a148692290091a5f5a6102e523151c2c5bfdd690cea9861,structures/x7545a_x7545b/A71EV2A-x7545b/A71EV2A-x7545b_prepared.pdb,True,171224,49e5e6b95ff68379ece868a6ecfd2afabc381e27c8119a68372ed8dd060e5421,structures/x7545a_x7545b/A71EV2A-x7545b/A71EV2A-x7545b_ligand_ref.sdf,True,2051,b899142521067813fe066b236ba0c1c29672f2563c561b9738f66a84b43c3970,structures/x7545a_x7545b/A71EV2A-x7545b/A71EV2A-x7545b_ligand_prepared.sdf,True,3960,ccbb01e449d90480000b6618dc542ce2a1cdf8c1b8afb0bfdbfe7d34296405b8,2287,2203,84,46,2112,2112,,,True,1,23,23,0,C:15;N:5;O:2;S:1,True,1,46,23,0,C:15;H:23;N:5;O:2;S:1
912,A71EV2A-x7558a,x7558a,CSc1ccc(Br)cc1OC(=O)N1C[C@@H](C(N)=O)CC[C@H]1CO,5.995,False,False,True,True,False,38.882,92.5926,36.0019,structures/x7558a/A71EV2A-x7558a,structures/x7558a/A71EV2A-x7558a/A71EV2A-x7558a_complex_ref.pdb,True,203627,84cec227de6fe4aedb93702f12dae85596ea6322efd9d75efa260dff001e0a96,structures/x7558a/A71EV2A-x7558a/A71EV2A-x7558a_prepared.pdb,True,170009,9a955b749dc2afd8b7a969dd8d315d0f653a7ead908ebe396ca6052765d4d755,structures/x7558a/A71EV2A-x7558a/A71EV2A-x7558a_ligand_ref.sdf,True,2052,64db86dcd2415f30bc9928d8f7cee97688272c2c20306fbb0bab5d8061457ff3,structures/x7558a/A71EV2A-x7558a/A71EV2A-x7558a_ligand_prepared.sdf,True,3629,bf160e2399dc8ab2ee56b6b300e38e729d9d72e3201f756a745898426d9916e1,1107,1077,30,23,2097,2097,,,True,1,23,23,0,Br:1;C:15;N:2;O:4;S:1,True,1,42,23,0,Br:1;C:15;H:19;N:2;O:4;S:1
913,A71EV2A-x7560a,x7560a_x7560b,CSc1ncnc(N2CCCCCC2)c1CC(=O)N1CCC[C@H](C(N)=O)C1,7.1865,False,False,True,True,False,36.9807,92,34.0222,structures/x7560a_x7560b/A71EV2A-x7560a,structures/x7560a_x7560b/A71EV2A-x7560a/A71EV2A-x7560a_complex_ref.pdb,True,392849,dffd7d97df8dcee79d194e90baef5c4b8c479ed6aa00c9f80aa8a78bf9646b20,structures/x7560a_x7560b/A71EV2A-x7560a/A71EV2A-x7560a_prepared.pdb,True,168794,51086923914e8e0dc89f2245a55f0a290cf8eef55a0df976becc692c651c986d,structures/x7560a_x7560b/A71EV2A-x7560a/A71EV2A-x7560a_ligand_ref.sdf,True,2396,c06e5a118eb833708c2de7201bd8bbcb8d61bc02ce52f8c6e212bcd7df155244,structures/x7560a_x7560b/A71EV2A-x7560a/A71EV2A-x7560a_ligand_prepared.sdf,True,4803,a68ae35fff13606732cd03bdc786eae8c0864ed13a21a4319cb60ddd2d359ca6,2276,2185,91,54,2082,2082,,,True,1,27,27,0,C:19;N:5;O:2;S:1,True,1,56,27,0,C:19;H:29;N:5;O:2;S:1
914,A71EV2A-x7560b,x7560a_x7560b,CSc1ncnc(N2CCCCCC2)c1CC(=O)N1CCC[C@H](C(N)=O)C1,7.1865,False,False,True,True,False,36.8527,91.6667,33.7817,structures/x7560a_x7560b/A71EV2A-x7560b,structures/x7560a_x7560b/A71EV2A-x7560b/A71EV2A-x7560b_complex_ref.pdb,True,393092,2e21ca4873b073433638a34c84d296034784a62f585b77ea6b7e8b494619a402,structures/x7560a_x7560b/A71EV2A-x7560b/A71EV2A-x7560b_prepared.pdb,True,171224,fb3bc7b285247a23837037b9e34ddbde6d24e2d571c06597f457aa9670912dc3,structures/x7560a_x7560b/A71EV2A-x7560b/A71EV2A-x7560b_ligand_ref.sdf,True,2396,11557e93830369155612ee3546984d4677a4a703401f2b5bfd836a7825315ed4,structures/x7560a_x7560b/A71EV2A-x7560b/A71EV2A-x7560b_ligand_prepared.sdf,True,4803,f61ff1292b2d3b8020f3fe3a9a4c4b5d69b20f4ce7211b58910f8efccbde7f6c,2279,2185,94,54,2112,2112,,,True,1,27,27,0,C:19;N:5;O:2;S:1,True,1,56,27,0,C:19;H:29;N:5;O:2;S:1
915,A71EV2A-x7570a,x7570a,CSc1ncnc(N2CCC[C@@H]2c2ccccc2)c1CC(=O)N1CCC[C@H](C(N)=O)C1,7.1317,False,False,True,True,False,45.1312,92,41.5207,structures/x7570a/A71EV2A-x7570a,structures/x7570a/A71EV2A-x7570a/A71EV2A-x7570a_complex_ref.pdb,True,206627,470ceaa88868e18ef8df0659c47822d3247dd7820db5c1e9c70dc8e59b0fe8f4,structures/x7570a/A71EV2A-x7570a/A71EV2A-x7570a_prepared.pdb,True,170009,12f1f08263cfac0ce2ea4320b41f15ad94fc525de9082ea498a44acc080f0a36,structures/x7570a/A71EV2A-x7570a/A71EV2A-x7570a_ligand_ref.sdf,True,2741,34a2c94b70318bd97c217f5687a11ffabf50d60fcbda96c31192d47f99371028,structures/x7570a/A71EV2A-x7570a/A71EV2A-x7570a_ligand_prepared.sdf,True,5148,5c33696c3588740d5698ce451bd8e57008fc4546ac02ef79dc2891390e7a30e6,1152,1086,66,31,2097,2097,,,True,1,31,31,0,C:23;N:5;O:2;S:1,True,1,60,31,0,C:23;H:29;N:5;O:2;S:1
916,A71EV2A-x7576a,x7576a_x7576b,CSc1ccc(-c2cc[nH]n2)cc1CC(=O)N1C[C@@H](C(N)=O)C[C@@H]2C[C@@H]21,6.3405,False,False,True,True,False,42.3894,88.8889,37.6794,structures/x7576a_x7576b/A71EV2A-x7576a,structures/x7576a_x7576b/A71EV2A-x7576a/A71EV2A-x7576a_complex_ref.pdb,True,404188,9cb066b5f7166f0b384832d35edd8ca4695525382c630427e0283b0923a20326,structures/x7576a_x7576b/A71EV2A-x7576a/A71EV2A-x7576a_prepared.pdb,True,170009,5f2ac7d1d40aae4523e11e6505ab9d362018ff0f09ef87c8b808eef3f3ffee37,structures/x7576a_x7576b/A71EV2A-x7576a/A71EV2A-x7576a_ligand_ref.sdf,True,2326,afda23695dd335bac3cda6c69c9c58fc527346df93fe9dbffaf5cfc0e07fb442,structures/x7576a_x7576b/A71EV2A-x7576a/A71EV2A-x7576a_ligand_prepared.sdf,True,4152,0df163503a98e158abc49e32f02221728c88e2ded9ae1a0c13f34c6fc3f9c234,2324,2228,96,52,2097,2097,,,True,1,26,26,0,C:19;N:4;O:2;S:1,True,1,48,26,0,C:19;H:22;N:4;O:2;S:1
917,A71EV2A-x7576b,x7576a_x7576b,CSc1ccc(-c2cc[nH]n2)cc1CC(=O)N1C[C@@H](C(N)=O)C[C@@H]2C[C@@H]21,6.3405,False,False,True,True,False,42.5407,88.8889,37.814,structures/x7576a_x7576b/A71EV2A-x7576b,structures/x7576a_x7576b/A71EV2A-x7576b/A71EV2A-x7576b_complex_ref.pdb,True,403459,30d1cec7ad94e27f8c79ed7a3ea2e895dfaea35f65455e57cd35a3e8aa9f0a9c,structures/x7576a_x7576b/A71EV2A-x7576b/A71EV2A-x7576b_prepared.pdb,True,170009,aa65f0ab26682dc2605ec5c338f97de72878294c1de9623038abd9d59347c63d,structures/x7576a_x7576b/A71EV2A-x7576b/A71EV2A-x7576b_ligand_ref.sdf,True,2326,773d00f010993a37bbf8862e27b3c0aa5049aaf9ae6f5896bffc3d95d6a6b718,structures/x7576a_x7576b/A71EV2A-x7576b/A71EV2A-x7576b_ligand_prepared.sdf,True,4152,2e591a910dc84c17ef34b1fdf141d9a7ee165f9a93572e129909bb6781d806c3,2315,2228,87,52,2097,2097,,,True,1,26,26,0,C:19;N:4;O:2;S:1,True,1,48,26,0,C:19;H:22;N:4;O:2;S:1
918,A71EV2A-x7580a,x7580a_x7580b,CSc1ncnc(N(C)C)c1CC(=O)N1C[C@@H](C(N)=O)C[C@H]2C[C@H]21,6.0736,False,False,True,True,False,45.0916,92.3077,41.623,structures/x7580a_x7580b/A71EV2A-x7580a,structures/x7580a_x7580b/A71EV2A-x7580a/A71EV2A-x7580a_complex_ref.pdb,True,396737,9dcafeefb7b9783591a3ae95cd7c7a7c0d80bcf8420817410ff91ca58cf381e3,structures/x7580a_x7580b/A71EV2A-x7580a/A71EV2A-x7580a_prepared.pdb,True,171224,5da678c9d392d50cfba1dc05f46102122d680e9e2e1ead93f4961440a0301d2c,structures/x7580a_x7580b/A71EV2A-x7580a/A71EV2A-x7580a_ligand_ref.sdf,True,2147,dd011d8399e7e962abe1ad3736092f2898ce02067114362f616df0ad5b9a1c0a,structures/x7580a_x7580b/A71EV2A-x7580a/A71EV2A-x7580a_ligand_prepared.sdf,True,4056,6237dc4c7470b7fce6374f0403091e18c21608041b89df5c698293f7884641cc,2296,2215,81,48,2112,2112,,,True,1,24,24,0,C:16;N:5;O:2;S:1,True,1,47,24,0,C:16;H:23;N:5;O:2;S:1
919,A71EV2A-x7580b,x7580a_x7580b,CSc1ncnc(N(C)C)c1CC(=O)N1C[C@@H](C(N)=O)C[C@H]2C[C@H]21,6.0736,False,False,True,True,False,45.5444,92,41.9008,structures/x7580a_x7580b/A71EV2A-x7580b,structures/x7580a_x7580b/A71EV2A-x7580b/A71EV2A-x7580b_complex_ref.pdb,True,396899,5532b4b4218f404f11f129272bfb863451516f0c74498ffaeaf2a2dfdac62500,structures/x7580a_x7580b/A71EV2A-x7580b/A71EV2A-x7580b_prepared.pdb,True,171224,26dc376ab80b6836e83a5ae4d1dc3fc18e0f56b441ce6165995672fcfce035c7,structures/x7580a_x7580b/A71EV2A-x7580b/A71EV2A-x7580b_ligand_ref.sdf,True,2147,70b53e6bfe94c28e121d5e0004cfc64ce5a627e8414d2995bfcfcaa4007afbef,structures/x7580a_x7580b/A71EV2A-x7580b/A71EV2A-x7580b_ligand_prepared.sdf,True,4056,8b5325011a85feab6f65e48976bf723af1171421700d5091196ffde9d786679e,2298,2215,83,48,2112,2112,,,True,1,24,24,0,C:16;N:5;O:2;S:1,True,1,47,24,0,C:16;H:23;N:5;O:2;S:1
920,A71EV2A-x7589a,x7589a,COC(=O)N[C@H]1CCN(c2ncnc(SC)c2CC(=O)N2CCC[C@H](C(N)=O)C2)C1,7.2725,False,False,True,True,False,33.1123,92.3077,30.5652,structures/x7589a/A71EV2A-x7589a,structures/x7589a/A71EV2A-x7589a/A71EV2A-x7589a_complex_ref.pdb,True,209381,cae2c7a56a4645955cdc5b6e87c4ce2f5f64aeabda80e95d1c8f3f4a0a3a1ba8,structures/x7589a/A71EV2A-x7589a/A71EV2A-x7589a_prepared.pdb,True,170009,ef5d761f533f304fae14f5db762a6ec118a61ea7b48a5592adbd59b6f15b587b,structures/x7589a/A71EV2A-x7589a/A71EV2A-x7589a_ligand_ref.sdf,True,2645,acd06a2c86318d534b7b53b13217c00e86bb1a7269ccd37fcd343d3538182222,structures/x7589a/A71EV2A-x7589a/A71EV2A-x7589a_ligand_prepared.sdf,True,4969,469f07718db4d36795fb0370f95554ab299f7daba10d15ef304e62547a9dbf4b,1135,1077,58,30,2097,2097,,,True,1,30,30,0,C:19;N:6;O:4;S:1,True,1,58,30,0,C:19;H:28;N:6;O:4;S:1
921,A71EV2A-x7597a,x7597a,CSc1ccc(-c2cc[nH]n2)cc1OC(=O)N1CCC[C@H](C(N)=O)C1,6.3434,False,False,True,True,False,41.6742,88.4615,36.8656,structures/x7597a/A71EV2A-x7597a,structures/x7597a/A71EV2A-x7597a/A71EV2A-x7597a_complex_ref.pdb,True,200958,080abe3adbe48201b2202ad1dbd946482df9b834a27a5d1d15320da020410cc9,structures/x7597a/A71EV2A-x7597a/A71EV2A-x7597a_prepared.pdb,True,171096,7110ebde923de083c93c1deacb4f4cc6fffaf76ba6294c92c32b77ebc597d778,structures/x7597a/A71EV2A-x7597a/A71EV2A-x7597a_ligand_ref.sdf,True,2230,1b1b4126a0666a42232010cf662d2395801cd1dc8cf287b8093d130af3946292,structures/x7597a/A71EV2A-x7597a/A71EV2A-x7597a_ligand_prepared.sdf,True,3890,dfa078d364e13e04f319fba2712637522ea4dde6e49351013844f69df52c2d60,1149,1103,46,25,2110,2110,,,True,1,25,25,0,C:17;N:4;O:3;S:1,True,1,45,25,0,C:17;H:20;N:4;O:3;S:1
922,A71EV2A-x7608a,x7608a,CSc1ncnc(N(C)CC(F)(F)F)c1CC(=O)N1C[C@@H](C(N)=O)C[C@@H]2C[C@@H]21,6.7947,False,False,True,True,False,40.9886,92.3077,37.8356,structures/x7608a/A71EV2A-x7608a,structures/x7608a/A71EV2A-x7608a/A71EV2A-x7608a_complex_ref.pdb,True,203063,b60741f4c7cd16d172a9a4535c211ec4392275bb7a20c1190114f5ca4106c07a,structures/x7608a/A71EV2A-x7608a/A71EV2A-x7608a_prepared.pdb,True,170009,297f7f00fa9cb391ed4d8f31c70fb1453ef23c5392ca525864f28ecd19c15f09,structures/x7608a/A71EV2A-x7608a/A71EV2A-x7608a_ligand_ref.sdf,True,2479,19f7a6131355a1139f758518700f07cb4b81468ed514a1d299aff07a21274800,structures/x7608a/A71EV2A-x7608a/A71EV2A-x7608a_ligand_prepared.sdf,True,4305,f263070438200716590c80ff215bfe82d4048fccbaec4b63b63c5dc2df469473,1125,1080,45,28,2097,2097,,,True,1,28,28,0,C:17;F:3;N:5;O:2;S:1,True,1,50,28,0,C:17;F:3;H:22;N:5;O:2;S:1
923,A71EV2A-x7613a,x7613a,CC[C@@H]1CS[C@H](C(N)=O)CN1C(=O)Oc1cc(Br)ccc1SC,7.1127,False,False,True,True,False,41.4597,92.5926,38.3886,structures/x7613a/A71EV2A-x7613a,structures/x7613a/A71EV2A-x7613a/A71EV2A-x7613a_complex_ref.pdb,True,205088,70c6d1566360721b2f2550b7aff44c3a55c98f099c7e41c47340051b698b52b5,structures/x7613a/A71EV2A-x7613a/A71EV2A-x7613a_prepared.pdb,True,171224,dd7438c083bcc22059b7570bae9c4b3735e01b6b28b7319d6e810a41e0471d84,structures/x7613a/A71EV2A-x7613a/A71EV2A-x7613a_ligand_ref.sdf,True,2052,9156eaf8ab9458d96db43287849944a3a4dedd2724eeeccde9f78c697a12d224,structures/x7613a/A71EV2A-x7613a/A71EV2A-x7613a_ligand_prepared.sdf,True,3629,698f5a9610bb16f5cfa1c932dd2d56aaef87adfc9de3d61e574834b4d92ce50e,1130,1092,38,23,2112,2112,,,True,1,23,23,0,Br:1;C:15;N:2;O:3;S:2,True,1,42,23,0,Br:1;C:15;H:19;N:2;O:3;S:2
924,A71EV2A-x7622a,x7622a,CSc1ncnc(N2CCCC2)c1NC(=O)N1C[C@@H](C(N)=O)C[C@@H]2C[C@@H]21,5.9283,False,False,True,True,False,41.6635,92.5926,38.5774,structures/x7622a/A71EV2A-x7622a,structures/x7622a/A71EV2A-x7622a/A71EV2A-x7622a_complex_ref.pdb,True,201362,e192c0a514ba30f01ff12eb18e888db6e2a5bde66dd0811b8ef389c60204cab1,structures/x7622a/A71EV2A-x7622a/A71EV2A-x7622a_prepared.pdb,True,170009,2aeaca1737edf05e2a6aebf43f06d21f0b95c29cc8df9eba660e0f3074418624,structures/x7622a/A71EV2A-x7622a/A71EV2A-x7622a_ligand_ref.sdf,True,2327,b936281cb23e904397b6ffad972dc2eb5a3329022b75cb66b224d32fe28ba734,structures/x7622a/A71EV2A-x7622a/A71EV2A-x7622a_ligand_prepared.sdf,True,4319,180882e2fc2e1325d59f5205f652975f0c7967f0928d1c909b1fc89fca845160,1116,1077,39,26,2097,2097,,,True,1,26,26,0,C:17;N:6;O:2;S:1,True,1,50,26,0,C:17;H:24;N:6;O:2;S:1
925,A71EV2A-x7631a,x7631a,CSc1ccccc1CC(=O)N1C[C@@H](C(N)=O)C[C@@H]2C[C@@H]21,5.6765,False,False,True,True,False,45.2208,92.3077,41.7423,structures/x7631a/A71EV2A-x7631a,structures/x7631a/A71EV2A-x7631a/A71EV2A-x7631a_complex_ref.pdb,True,201847,3f4596dd2004ac5ecb7cb7492e7a1e3bf22187ac3da2ff1734462c92f7e36b46,structures/x7631a/A71EV2A-x7631a/A71EV2A-x7631a_prepared.pdb,True,170009,f55c802cb65f05111723980fa94afcc407689ca2fa63ca131782a6ca29f16cdd,structures/x7631a/A71EV2A-x7631a/A71EV2A-x7631a_ligand_ref.sdf,True,1898,cbcfdb9d4818c1752f7c4a7a36e049c1974d20f62ee3a7846f8865f4433966ec,structures/x7631a/A71EV2A-x7631a/A71EV2A-x7631a_ligand_prepared.sdf,True,3558,9ae8b13f1ca285367cdabcbede09cc931daa92d7c5049e4d6cfa5109f7742296,1112,1077,35,21,2097,2097,,,True,1,21,21,0,C:16;N:2;O:2;S:1,True,1,41,21,0,C:16;H:20;N:2;O:2;S:1
