complex_name,compound_group,official_compound_group_id,metadata_smiles,benchmark_smiles,canonical_smiles,scaffold,experimental_pKD,fragment_screen,pb_valid_ref,source_ligand_ref_sdf,source_ligand_ref_sdf_sha256,ligand_pdb,ligand_pdb_sha256,atom_count,heavy_atom_count,formal_charge,maximum_coordinate_difference_angstrom
A71EV2A-x1346a,x1346a,a3866ff4171e01eb,Cc1nn(C)c(C)c1CC(=O)N[C@@H](CNC(=O)CCl)c1ccc2ccccc2c1,Cc1nn(C)c(C)c1CC(=O)N[C@H](CNC(=O)CCl)c1ccc2ccccc2c1 |&1:12|,Cc1nn(C)c(C)c1CC(=O)N[C@@H](CNC(=O)CCl)c1ccc2ccccc2c1,O=C(Cc1cn[nH]c1)NCc1ccc2ccccc2c1,4.660785023463071,False,True,structures/x1346a/A71EV2A-x1346a/A71EV2A-x1346a_ligand_ref.sdf,56e006b4cdf09bf57976974e020e8406ed2aad47e1155f955471a3b06a8bd8c2,raw/A71EV2A-x1346a.pdb,9e4ea50ef673f66ba7f339d633111664f9ef7ba3a8fae43d335876fe69977929,29,29,0,0.0
A71EV2A-x1445a,x1445a_x1445b,6f9b6f11503a9f29,COc1cc(NC(=O)C[C@@H](C)C(F)(F)F)n(C)n1,COc1cc(NC(=O)C[C@H](C)C(F)(F)F)n(C)n1 |&1:9|,COc1cc(NC(=O)C[C@@H](C)C(F)(F)F)n(C)n1,c1cn[nH]c1,4.632048101200719,False,True,structures/x1445a_x1445b/A71EV2A-x1445a/A71EV2A-x1445a_ligand_ref.sdf,ac72b5b2162c84d89dc143b92ec3cdef334e866e795e8e4cd461ed02af960460,raw/A71EV2A-x1445a.pdb,ecfa7c6943b3c5daa0cd5e912cf2c9fe2507180dec45b2af25b4d6e4bb1f5058,18,18,0,0.0
A71EV2A-x1445b,x1445a_x1445b,6f9b6f11503a9f29,COc1cc(NC(=O)C[C@@H](C)C(F)(F)F)n(C)n1,COc1cc(NC(=O)C[C@H](C)C(F)(F)F)n(C)n1 |&1:9|,COc1cc(NC(=O)C[C@@H](C)C(F)(F)F)n(C)n1,c1cn[nH]c1,4.632048101200719,False,True,structures/x1445a_x1445b/A71EV2A-x1445b/A71EV2A-x1445b_ligand_ref.sdf,fc3b7c88e19135cc854a8b66f751ca2c3ae2a2a4e5fa3a7629b950b4b2cee197,raw/A71EV2A-x1445b.pdb,08dd013cf3c9d2c93c6cb9cea61c751895cf6d549105911858a26ee00884927b,18,18,0,0.0
A71EV2A-x3054a,x3054a,8297277e2a124276,Cc1cccc(NC(=O)N2CCC[C@H](C(N)=O)C2)c1,Cc1cccc(NC(=O)N2CCC[C@H](C(N)=O)C2)c1 |a:13|,Cc1cccc(NC(=O)N2CCC[C@H](C(N)=O)C2)c1,O=C(Nc1ccccc1)N1CCCCC1,4.246416941107094,False,True,structures/x3054a/A71EV2A-x3054a/A71EV2A-x3054a_ligand_ref.sdf,ecbc7d44d65038ae4e9c1164c8151188ed06140178448a5bc644eaa16dcc3dfb,raw/A71EV2A-x3054a.pdb,cc021afe82aa2cdd43941dc1744645b475497c53f1975919c074cf8bc41dde5e,19,19,0,0.0
A71EV2A-x3175a,x3175a,c01fc37bef6a2f7c,Cc1cc(CNC(=O)c2cn(C)c3ccccc23)on1,Cc1cc(CNC(=O)c2cn(C)c3ccccc23)on1,Cc1cc(CNC(=O)c2cn(C)c3ccccc23)on1,O=C(NCc1ccno1)c1c[nH]c2ccccc12,4.953569528330592,False,True,structures/x3175a/A71EV2A-x3175a/A71EV2A-x3175a_ligand_ref.sdf,fb904fa9c9bafd579741c6e6d38637f38cae1240f6818aa49d2caab9cba81d33,raw/A71EV2A-x3175a.pdb,bd9d447b60aa9ddc743e07eaba7f0c531e02472654acc07e71e0cff01973cd94,20,20,0,0.0
A71EV2A-x3176a,x3176a,4740c81d926a25fc,COC[C@H](C)NC(=O)c1nn(C)c2ccccc12,COC[C@H](C)NC(=O)c1nn(C)c2ccccc12 |&1:3|,COC[C@H](C)NC(=O)c1nn(C)c2ccccc12,c1ccc2[nH]ncc2c1,4.747146969020107,False,True,structures/x3176a/A71EV2A-x3176a/A71EV2A-x3176a_ligand_ref.sdf,452908e7cf992424933cdd90c0a4a212288b128e2e0bc386dd44b294b2e94112,raw/A71EV2A-x3176a.pdb,3fb7545649b2afa56c865c235319d5c4588d26b893bd1726ebb8066f0b40ec9f,18,18,0,0.0
A71EV2A-x3177a,x3177a,f7672800b3cf5bf8,Cn1nc(C(=O)N[C@H]2C[C@H]2CO)c2ccccc21,"Cn1nc(C(=O)N[C@H]2C[C@H]2CO)c2ccccc21 |&1:7,9|",Cn1nc(C(=O)N[C@H]2C[C@H]2CO)c2ccccc21,O=C(NC1CC1)c1n[nH]c2ccccc12,4.8958754625504275,False,True,structures/x3177a/A71EV2A-x3177a/A71EV2A-x3177a_ligand_ref.sdf,dc3131c3dd532075200962b8f5bd953d335e3733bc1b550e2b117f326966a66a,raw/A71EV2A-x3177a.pdb,06fe9a5a1850e40e9a897ad1d0792bc0f175ba388352b08e7badb47daaa677a0,18,18,0,0.0
A71EV2A-x3178a,x3178a,64fb96f3053165a6,Cn1nc(C(=O)N[C@H]2CCOC2)c2ccccc21,Cn1nc(C(=O)N[C@H]2CCOC2)c2ccccc21 |&1:7|,Cn1nc(C(=O)N[C@H]2CCOC2)c2ccccc21,O=C(N[C@H]1CCOC1)c1n[nH]c2ccccc12,5.062339877849264,False,True,structures/x3178a/A71EV2A-x3178a/A71EV2A-x3178a_ligand_ref.sdf,c41c6000cd805f0ffca6af6c735ada410aea5f0471b1350617dc2c62332a8809,raw/A71EV2A-x3178a.pdb,27112112191d282c1e468086ffdcf47fb8063148a6ae06ea4fdab85e579d2010,18,18,0,0.0
A71EV2A-x3181a,x3181a_x3181b,b80371c20e0126e9,Cn1nc(C(=O)NCCn2cncn2)c2ccccc21,Cn1nc(C(=O)NCCn2cncn2)c2ccccc21,Cn1nc(C(=O)NCCn2cncn2)c2ccccc21,O=C(NCCn1cncn1)c1n[nH]c2ccccc12,4.939565029910406,False,True,structures/x3181a_x3181b/A71EV2A-x3181a/A71EV2A-x3181a_ligand_ref.sdf,7837e8845e1057b30ef26d84fffb0a5c111abe074dd932e184ad5ca9954a17bd,raw/A71EV2A-x3181a.pdb,9482559f522a01666f65c9e3e44caf486323ac3d4b5fe76d911a1a86efbaa80c,20,20,0,0.0
A71EV2A-x3181b,x3181a_x3181b,b80371c20e0126e9,Cn1nc(C(=O)NCCn2cncn2)c2ccccc21,Cn1nc(C(=O)NCCn2cncn2)c2ccccc21,Cn1nc(C(=O)NCCn2cncn2)c2ccccc21,O=C(NCCn1cncn1)c1n[nH]c2ccccc12,4.939565029910406,False,True,structures/x3181a_x3181b/A71EV2A-x3181b/A71EV2A-x3181b_ligand_ref.sdf,98f866e120bc2ac30fd109bcbbe30df47df8435e8c5c3216c3282fba64d01eb9,raw/A71EV2A-x3181b.pdb,1b1741db83e6d177d9853a390c3f43a36061affb020c148c762f460c3eae2ef0,20,20,0,0.0
A71EV2A-x3191a,x3191a,fb62ba5201e38712,NC(=O)[C@H]1CCCN(C(=O)Cc2cccc3occc23)C1,NC(=O)[C@H]1CCCN(C(=O)Cc2cccc3occc23)C1 |&1:3|,NC(=O)[C@H]1CCCN(C(=O)Cc2cccc3occc23)C1,O=C(Cc1cccc2occc12)N1CCCCC1,3.960269771303526,False,True,structures/x3191a/A71EV2A-x3191a/A71EV2A-x3191a_ligand_ref.sdf,ae78475ad9dd06f5bc0db1762e9a09bb6dddc094ff3f5862cf82637cff89bba7,raw/A71EV2A-x3191a.pdb,614f0a35a71edef1a4e8fc64b0434894dc8fca84f49b0c2cfc3dbcf2eeda1b9b,21,21,0,0.0
A71EV2A-x3193a,x3193a,405fbac48f5085cc,NC(=O)[C@H]1CCCN(C(=O)Cc2ccnc(Cl)c2Br)C1,NC(=O)[C@H]1CCCN(C(=O)Cc2ccnc(Cl)c2Br)C1 |&1:3|,NC(=O)[C@H]1CCCN(C(=O)Cc2ccnc(Cl)c2Br)C1,O=C(Cc1ccncc1)N1CCCCC1,4.162204305054052,False,True,structures/x3193a/A71EV2A-x3193a/A71EV2A-x3193a_ligand_ref.sdf,9f1b561efaf0f7d44cd8555ab568b84a7cb42d74e9558adbf1bf7c3c039d5fa2,raw/A71EV2A-x3193a.pdb,551c176e3f3715a56c562084c2d661c2ea457621a5293171084fe2d53aa974be,20,20,0,0.0
A71EV2A-x3201a,x3201a_x3920a_x4347a,49280d2c7a20d362,COc1ncccc1CC(=O)N1CCC[C@H](C(N)=O)C1,COc1ncccc1CC(=O)N1CCC[C@H](C(N)=O)C1 |&1:15|,COc1ncccc1CC(=O)N1CCC[C@H](C(N)=O)C1,O=C(Cc1cccnc1)N1CCCCC1,4.324153048333832,False,True,structures/x3201a_x3920a_x4347a/A71EV2A-x3201a/A71EV2A-x3201a_ligand_ref.sdf,e96d04f9bb0200bbda4b58cae5514a26e21c10be7ccbad40a83ad9f3f5c4cbbd,raw/A71EV2A-x3201a.pdb,b00b98f9c367b685b55fc900ad2dbf8c6c53389b2d509e25a0e2fafa5d56b538,20,20,0,0.0
A71EV2A-x3208a,x3208a,650f269952be0ac1,NC(=O)[C@H]1CCCN(C(=O)Cc2cc(C(F)(F)F)ccc2Cl)C1,NC(=O)[C@H]1CCCN(C(=O)Cc2cc(C(F)(F)F)ccc2Cl)C1 |&1:3|,NC(=O)[C@H]1CCCN(C(=O)Cc2cc(C(F)(F)F)ccc2Cl)C1,O=C(Cc1ccccc1)N1CCCCC1,4.906948150425689,False,True,structures/x3208a/A71EV2A-x3208a/A71EV2A-x3208a_ligand_ref.sdf,e2b9cfa227fe05aba2b18b81d17714875896e0e8ef9aeec5f6b071929f8bfdee,raw/A71EV2A-x3208a.pdb,6d202c8a2007184d5be857c1644a3d7c6cb8924dcb8703b9afbff6f7df3ea26a,23,23,0,0.0
A71EV2A-x3210a,x3210a,eb8588fb724600a6,NC(=O)[C@H]1CCCN(C(=O)Cc2cccc3cn[nH]c23)C1,NC(=O)[C@H]1CCCN(C(=O)Cc2cccc3cn[nH]c23)C1 |&1:3|,NC(=O)[C@H]1CCCN(C(=O)Cc2cccc3cn[nH]c23)C1,O=C(Cc1cccc2cn[nH]c12)N1CCCCC1,5.011185771310347,False,True,structures/x3210a/A71EV2A-x3210a/A71EV2A-x3210a_ligand_ref.sdf,52199ccceb5c71ca2ebe13f8a113b87934417e06563e736f9bb4393994cf887f,raw/A71EV2A-x3210a.pdb,e128681abefd4b4f480d8ad148b0caca1478cc39d1c966c47972ece71bb0e638,21,21,0,0.0
A71EV2A-x3218a,x3218a,9cb6fa1182eda42b,NC(=O)[C@H]1CCCN(C(=O)[C@@H]2CCNc3[nH]ncc32)C1,"NC(=O)[C@H]1CCCN(C(=O)[C@H]2CCNc3[nH]ncc32)C1 |&1:3,&2:10|",NC(=O)[C@H]1CCCN(C(=O)[C@@H]2CCNc3[nH]ncc32)C1,O=C([C@@H]1CCNc2[nH]ncc21)N1CCCCC1,5.556193958463214,False,True,structures/x3218a/A71EV2A-x3218a/A71EV2A-x3218a_ligand_ref.sdf,2bf1726f3ff8c1a6b86f64ae5c2172a47aa7206aabaf19c45fe6070fb7b816e8,raw/A71EV2A-x3218a.pdb,32797cccd171e2cf891bb1b32ce5a652c1f7a8a69bcce6287f72b22afce306d3,20,20,0,0.0
A71EV2A-x3221a,x3221a,2f4ecaf1cc2e18b4,Cc1nc(C)c(CC(=O)N2CCC[C@H](C(N)=O)C2)[nH]1,Cc1nc(C)c(CC(=O)N2CCC[C@H](C(N)=O)C2)[nH]1 |a:13|,Cc1nc(C)c(CC(=O)N2CCC[C@H](C(N)=O)C2)[nH]1,O=C(Cc1cnc[nH]1)N1CCCCC1,5.409458546594426,False,True,structures/x3221a/A71EV2A-x3221a/A71EV2A-x3221a_ligand_ref.sdf,79ef833de5f5c1d920a3287b79ac18f4144f48191b3cdbce4ffa36c97f2d8d35,raw/A71EV2A-x3221a.pdb,24541eb7ce58163b7330be98419b3b61d600a6558f71510872318a73603cdd13,19,19,0,0.0
A71EV2A-x3225a,x3225a,81f5c5f76285c85c,Cc1nc2ccccc2n1CC(=O)N1CCC[C@H](C(N)=O)C1,Cc1nc2ccccc2n1CC(=O)N1CCC[C@H](C(N)=O)C1 |&1:17|,Cc1nc2ccccc2n1CC(=O)N1CCC[C@H](C(N)=O)C1,O=C(Cn1cnc2ccccc21)N1CCCCC1,4.137777547252243,False,True,structures/x3225a/A71EV2A-x3225a/A71EV2A-x3225a_ligand_ref.sdf,5f41405a709a027f6e08ac5bc9c4719f1830641e1408087df5d57e08ccd81c80,raw/A71EV2A-x3225a.pdb,7ed7a127ab0e4e6c34261979c1ecc2c3c370be693c5e0b94ed37efc76f9b7330,22,22,0,0.0
A71EV2A-x3229a,x3229a_x3548a,f2c2d1606a83a22f,COc1ccncc1CC(=O)N1CCC[C@H](C(N)=O)C1,COc1ccncc1CC(=O)N1CCC[C@H](C(N)=O)C1 |&1:15|,COc1ccncc1CC(=O)N1CCC[C@H](C(N)=O)C1,O=C(Cc1cccnc1)N1CCCCC1,4.443671499997475,False,True,structures/x3229a_x3548a/A71EV2A-x3229a/A71EV2A-x3229a_ligand_ref.sdf,c23642dab4eebea5412a33381355628138daefe3e29c52d82b4b5c3fb0449d16,raw/A71EV2A-x3229a.pdb,b1fc6025db2bd6edbd9297c954caea9748015e5224aa44c1604351585403defd,20,20,0,0.0
A71EV2A-x3264a,x3264a,b992bb5ebfcfcb4f,Cn1nc(C(=O)NCCc2cocn2)c2cccnc21,Cn1nc(C(=O)NCCc2cocn2)c2cccnc21,Cn1nc(C(=O)NCCc2cocn2)c2cccnc21,O=C(NCCc1cocn1)c1n[nH]c2ncccc12,4.981705511622298,False,True,structures/x3264a/A71EV2A-x3264a/A71EV2A-x3264a_ligand_ref.sdf,fb709f4a1c1d2e632e87abdea86de6e2695839fe58fbbdc60410c7af9c5fb0e8,raw/A71EV2A-x3264a.pdb,8ec5bdc3b48089aa80fbf1069ff3530c1db670c34b58abaaed44f88324b37245,20,20,0,0.0
A71EV2A-x3279a,x3279a,b13f44fabe55dcd4,Cc1cc(C)c(Nc2ccn(C)n2)c(C)c1,Cc1cc(C)c(Nc2ccn(C)n2)c(C)c1,Cc1cc(C)c(Nc2ccn(C)n2)c(C)c1,c1ccc(Nc2cc[nH]n2)cc1,5.3072486987698415,False,True,structures/x3279a/A71EV2A-x3279a/A71EV2A-x3279a_ligand_ref.sdf,7bbfb0f09c9049d27160fe185cd5990fb59e022ab57662dab406594a37c68d73,raw/A71EV2A-x3279a.pdb,591b6c60f86ce4e0e6a76260e879031e2c3468fc41441efcc6cf04e4fa031229,16,16,0,0.0
A71EV2A-x3286a,x3286a,f92da76c58b0a9a0,Cc1ocnc1CCNC(=O)c1nn(C)c2ccccc12,Cc1ocnc1CCNC(=O)c1nn(C)c2ccccc12,Cc1ocnc1CCNC(=O)c1nn(C)c2ccccc12,O=C(NCCc1cocn1)c1n[nH]c2ccccc12,5.09799710864927,False,True,structures/x3286a/A71EV2A-x3286a/A71EV2A-x3286a_ligand_ref.sdf,1b502ce8cc7391143d666411218473fedd91453988e700d726ccaab2a4897352,raw/A71EV2A-x3286a.pdb,16d4bf33910c8474ce770a8948068159e6ba4c449779854e9b313e3d56deac93,21,21,0,0.0
A71EV2A-x3305a,x3305a,9bf6a7440cbef166,Cc1ccc2c(cnn2C)c1Nc1ccn([C@H]2CCNC2=O)n1,Cc1ccc2c(cnn2C)c1Nc1ccn([C@H]2CCNC2=O)n1 |&1:16|,Cc1ccc2c(cnn2C)c1Nc1ccn([C@H]2CCNC2=O)n1,O=C1NCC[C@@H]1n1ccc(Nc2cccc3[nH]ncc23)n1,4.937001727490601,False,True,structures/x3305a/A71EV2A-x3305a/A71EV2A-x3305a_ligand_ref.sdf,72f6a0615dd820d876014ff38be538fd7131b2b98c3d31b7c99e38fac68aaa09,raw/A71EV2A-x3305a.pdb,a4471156e6ff666da0afd610c217512d9c3dbbbc6faa78bc565ff4a33fe72c20,23,23,0,0.0
A71EV2A-x3306a,x3306a,15a5001de38d54f4,Cn1nc(C(=O)NCCc2cscn2)c2ccccc21,Cn1nc(C(=O)NCCc2cscn2)c2ccccc21,Cn1nc(C(=O)NCCc2cscn2)c2ccccc21,O=C(NCCc1cscn1)c1n[nH]c2ccccc12,5.337951414156192,False,True,structures/x3306a/A71EV2A-x3306a/A71EV2A-x3306a_ligand_ref.sdf,0a204e7d9d5cafad7e0455ae3d7ca388fceef34838574620f512f7f1265bc48b,raw/A71EV2A-x3306a.pdb,29031a31509ca1971d8099d1c7a983549f9431b852b7f62b35c065cf08975888,20,20,0,0.0
A71EV2A-x3324a,x3324a,263c98cedd38ca61,Cn1nc(C(=O)NCCc2ccc(S(C)(=O)=O)cc2)c2ccccc21,Cn1nc(C(=O)NCCc2ccc(S(C)(=O)=O)cc2)c2ccccc21,Cn1nc(C(=O)NCCc2ccc(S(C)(=O)=O)cc2)c2ccccc21,O=C(NCCc1ccccc1)c1n[nH]c2ccccc12,4.84887783952492,False,True,structures/x3324a/A71EV2A-x3324a/A71EV2A-x3324a_ligand_ref.sdf,04369023afe28368e84ad37b49dfd7266360b2617bd429fd32b02631c777097c,raw/A71EV2A-x3324a.pdb,4d0d97129384d3792965bafc5a54b0eb82d2ca35f321fbb09cdadefdfd2db011,25,25,0,0.0
A71EV2A-x3579a,x3579a_x4029a,9528fac4c84c5d01,COc1ccccc1CN1C[C@@H](C(N)=O)CCC1=O,COc1ccccc1CN1C[C@H](C(N)=O)CCC1=O |&1:11|,COc1ccccc1CN1C[C@@H](C(N)=O)CCC1=O,O=C1CCCCN1Cc1ccccc1,4.956855685489159,False,True,structures/x3579a_x4029a/A71EV2A-x3579a/A71EV2A-x3579a_ligand_ref.sdf,e5fb5711c967fed5e85983cca434c7de570db4e95d8cdec9d34b5b2a5de18bc6,raw/A71EV2A-x3579a.pdb,64f03a9806c6de76314fdbbd5f94e4b453af16cec8db9a61591f609e44f00cb4,19,19,0,0.0
A71EV2A-x3371a,x3371a,3f43c3a2f722d705,Cn1cnc(CCNC(=O)c2nn(C)c3ccccc23)c1,Cn1cnc(CCNC(=O)c2nn(C)c3ccccc23)c1,Cn1cnc(CCNC(=O)c2nn(C)c3ccccc23)c1,O=C(NCCc1c[nH]cn1)c1n[nH]c2ccccc12,5.2372107018718905,False,True,structures/x3371a/A71EV2A-x3371a/A71EV2A-x3371a_ligand_ref.sdf,92e2a4edb26aaee8d21044ae82f14725a198a4216b36c8154b371925436c923f,raw/A71EV2A-x3371a.pdb,693db25aca0654ea6af6427321a1f1286e2f2d542343f61350b4ee5585c980c8,21,21,0,0.0
A71EV2A-x3379a,x3379a_x3593a,8e74abbbc1e2b506,C[C@@H](Cc1cocn1)NC(=O)c1nn(C)c2ccccc12,C[C@H](Cc1cocn1)NC(=O)c1nn(C)c2ccccc12 |&1:1|,C[C@@H](Cc1cocn1)NC(=O)c1nn(C)c2ccccc12,O=C(NCCc1cocn1)c1n[nH]c2ccccc12,4.9657785438458255,False,True,structures/x3379a_x3593a/A71EV2A-x3379a/A71EV2A-x3379a_ligand_ref.sdf,27a0dfe46649d9359bbe1912021a2402b14f240e973e0740ee6740c3b58bfd04,raw/A71EV2A-x3379a.pdb,5c42e57bf3d52dcf9cc08472b36cccbb27b5288319cffece83b846e4796b3e0d,21,21,0,0.0
A71EV2A-x3392a,x3392a,20093a0090e4e04b,O=C(NCCc1cocn1)N1CCc2ccccc21,O=C(NCCc1cocn1)N1CCc2ccccc21,O=C(NCCc1cocn1)N1CCc2ccccc21,O=C(NCCc1cocn1)N1CCc2ccccc21,5.162973800773931,False,True,structures/x3392a/A71EV2A-x3392a/A71EV2A-x3392a_ligand_ref.sdf,bd59448c1afabeb85bef3ba09169d7ece54b4dd9e62fa4c56d35d8783506a603,raw/A71EV2A-x3392a.pdb,cec7c22f3d457165c1f5e1905384e0b88ba731811f84328b1a77f50c18bb5f1c,19,19,0,0.0
A71EV2A-x3403a,x3403a,d099e78cca5a1787,Cn1cc2cccc(NC(=O)Cc3cocn3)c2n1,Cn1cc2cccc(NC(=O)Cc3cocn3)c2n1,Cn1cc2cccc(NC(=O)Cc3cocn3)c2n1,O=C(Cc1cocn1)Nc1cccc2c[nH]nc12,4.662403924407542,False,True,structures/x3403a/A71EV2A-x3403a/A71EV2A-x3403a_ligand_ref.sdf,8b2dc9b4cbfc1b1c04886ec84650c746ce53382128c471ca3cc62b421bfaad9f,raw/A71EV2A-x3403a.pdb,8ee8e9fd63001bf8fc1c06f649d6c81f1a9e7c4fb8582ee6b7cd9e82f6d14b49,19,19,0,0.0
A71EV2A-x3408a,x3408a,42d88796649485d0,C=CS(=O)(=O)N1CCC[C@H](C(N)=O)C1,C=CS(=O)(=O)N1CCC[C@H](C(N)=O)C1 |&1:9|,C=CS(=O)(=O)N1CCC[C@H](C(N)=O)C1,C1CCNCC1,5.1938200260161125,False,True,structures/x3408a/A71EV2A-x3408a/A71EV2A-x3408a_ligand_ref.sdf,0a313f47ff3802f6ec727248299eb6394b496f1260fe8b61e9fff3c5b5dd8557,raw/A71EV2A-x3408a.pdb,011e3624fedac4d927d8fd3c6e9755d5a5f377f11fded313182fa46524714bb5,14,14,0,0.0
A71EV2A-x3410a,x3410a,62064f42a7d509bf,Cc1nn(C)c2cc(C(=O)NCCc3cocn3)ccc12,Cc1nn(C)c2cc(C(=O)NCCc3cocn3)ccc12,Cc1nn(C)c2cc(C(=O)NCCc3cocn3)ccc12,O=C(NCCc1cocn1)c1ccc2cn[nH]c2c1,4.945173530861923,False,True,structures/x3410a/A71EV2A-x3410a/A71EV2A-x3410a_ligand_ref.sdf,4ee2f36d15eebb236299448197fa296c9f1c154738d9c6d3f36050f25341e8c1,raw/A71EV2A-x3410a.pdb,f0ffe7e0a1c38fe1167186e66e97220f2284c952601532b182cd6378c06bbfaf,21,21,0,0.0
A71EV2A-x3417a,x3417a,ec3eb5b84e718d21,NC(=O)[C@H]1CCCN(C(=O)NCC2CC2)C1,NC(=O)[C@H]1CCCN(C(=O)NCC2CC2)C1 |a:3|,NC(=O)[C@H]1CCCN(C(=O)NCC2CC2)C1,O=C(NCC1CC1)N1CCCCC1,5.064884396650843,False,True,structures/x3417a/A71EV2A-x3417a/A71EV2A-x3417a_ligand_ref.sdf,0b5e7f9a16430fd7f986026b38391356f6f3afe2d5611abdadba530426268700,raw/A71EV2A-x3417a.pdb,98282914ae8e403e820d376a7a85c5c2f99e0a272d376bf068b1da66363536f4,16,16,0,0.0
A71EV2A-x3419a,x3419a,508099dce1acd5db,Cn1nc(C(=O)NCCc2cocn2)c2ccccc2c1=O,Cn1nc(C(=O)NCCc2cocn2)c2ccccc2c1=O,Cn1nc(C(=O)NCCc2cocn2)c2ccccc2c1=O,O=C(NCCc1cocn1)c1n[nH]c(=O)c2ccccc12,5.170374765613669,False,True,structures/x3419a/A71EV2A-x3419a/A71EV2A-x3419a_ligand_ref.sdf,d7f43e2f728c971f7048edec5048c9cca26df234945c2477659f5b7cdc3dcd5b,raw/A71EV2A-x3419a.pdb,946ea1bae37a4cdb4d9d69ec6e9fac4ccb4eac6e10706a1f186b1b09e8fb9dbe,22,22,0,0.0
A71EV2A-x3435a,x3435a,3c337daede36c1a7,O=C(NCCc1cocn1)c1ccccc1,O=C(NCCc1cocn1)c1ccccc1,O=C(NCCc1cocn1)c1ccccc1,O=C(NCCc1cocn1)c1ccccc1,5.093196163745395,False,True,structures/x3435a/A71EV2A-x3435a/A71EV2A-x3435a_ligand_ref.sdf,6f19868a742af114a97c3701be3487afdf8775ce721700288b4c99dd607508f4,raw/A71EV2A-x3435a.pdb,d3000b32283d20f8f5291c40bba0132fbe52f74d57a2c4aa6cefdd9c456f613d,16,16,0,0.0
A71EV2A-x3436a,x3436a,926393691e908dfb,Cn1ncc(C(=O)NCCc2cocn2)n1,Cn1ncc(C(=O)NCCc2cocn2)n1,Cn1ncc(C(=O)NCCc2cocn2)n1,O=C(NCCc1cocn1)c1cn[nH]n1,5.5457146015143275,False,True,structures/x3436a/A71EV2A-x3436a/A71EV2A-x3436a_ligand_ref.sdf,b85028d04aeda59fc90d32621fa4e2634f1a4eae6c7142e28c0592fa91d6cc84,raw/A71EV2A-x3436a.pdb,ba27f17c69ce08d9f5048f006ebf9a4b54dd5284f5663c26f94edc62e7186d80,16,16,0,0.0
A71EV2A-x3450a,x3450a,0243d102810bd601,N#Cc1sccc1CC(=O)N1CCC[C@H](C(N)=O)C1,N#Cc1sccc1CC(=O)N1CCC[C@H](C(N)=O)C1 |a:14|,N#Cc1sccc1CC(=O)N1CCC[C@H](C(N)=O)C1,O=C(Cc1ccsc1)N1CCCCC1,5.008444067750377,False,True,structures/x3450a/A71EV2A-x3450a/A71EV2A-x3450a_ligand_ref.sdf,17287559149b97806bb2f7e456deda1ef56eefc21f98aeb5752d305fba88eaeb,raw/A71EV2A-x3450a.pdb,b63d4e15e1775e476476642452c1d0115e3e20c507e564c08e1a91b5dc29a880,19,19,0,0.0
A71EV2A-x3480a,x3480a,49ec426e727c1f72,N#CCc1cccc(NC(=O)N2CCC[C@H](C(N)=O)C2)c1,N#CCc1cccc(NC(=O)N2CCC[C@H](C(N)=O)C2)c1 |a:15|,N#CCc1cccc(NC(=O)N2CCC[C@H](C(N)=O)C2)c1,O=C(Nc1ccccc1)N1CCCCC1,5.356959172517914,False,True,structures/x3480a/A71EV2A-x3480a/A71EV2A-x3480a_ligand_ref.sdf,16219278bed056a11d51c8d40e0fb2cab71d940cfa5bdda17ad9fb0c0e306e8e,raw/A71EV2A-x3480a.pdb,f08ebd013e642d4c30d8cdf95aaec1bcbcecbe39833722bbd7ace8fbb033646d,21,21,0,0.0
A71EV2A-x3483a,x3483a,d2163c019a518a10,COCc1ccccc1NC(=O)N1CCC[C@H](C(N)=O)C1,COCc1ccccc1NC(=O)N1CCC[C@H](C(N)=O)C1 |a:16|,COCc1ccccc1NC(=O)N1CCC[C@H](C(N)=O)C1,O=C(Nc1ccccc1)N1CCCCC1,4.8164704643841505,False,True,structures/x3483a/A71EV2A-x3483a/A71EV2A-x3483a_ligand_ref.sdf,57b7f3e0c35835fa9159d9753e474b711cdcbac2b11d4c2a90c87ecfc4b4e089,raw/A71EV2A-x3483a.pdb,4ff84d3f65e92ef4db850e25732895235ca65fead9105310a91b7fc43f62f96c,21,21,0,0.0
A71EV2A-x3485a,x3485a,d5e76313f196d8d3,COc1cccc(NC(=O)N2CCC[C@H](C(N)=O)C2)c1,COc1cccc(NC(=O)N2CCC[C@H](C(N)=O)C2)c1 |a:14|,COc1cccc(NC(=O)N2CCC[C@H](C(N)=O)C2)c1,O=C(Nc1ccccc1)N1CCCCC1,4.956109291095229,False,True,structures/x3485a/A71EV2A-x3485a/A71EV2A-x3485a_ligand_ref.sdf,353f3a0449f46554e31b9fc0790dcaef806ee78551d4201ab0935b20c8a1f896,raw/A71EV2A-x3485a.pdb,b3ec202481c512142adeeee8111335c3e66d4e4e3287ce8e8a979ed6a307e996,20,20,0,0.0
A71EV2A-x3488a,x3488a,92fab65378bad946,COCC(=O)Nc1c(Cl)cc(C)cc1Oc1cccc(C(N)=O)c1,COCC(=O)Nc1c(Cl)cc(C)cc1Oc1cccc(C(N)=O)c1,COCC(=O)Nc1c(Cl)cc(C)cc1Oc1cccc(C(N)=O)c1,c1ccc(Oc2ccccc2)cc1,4.822657723022635,False,True,structures/x3488a/A71EV2A-x3488a/A71EV2A-x3488a_ligand_ref.sdf,c095dd0d440bd2b5fe00201b0d5d4e0fac971d743f9d3fc7dfaeecb5fe273977,raw/A71EV2A-x3488a.pdb,f1010aa01c972e579d50334b904c4f0c579bd4e4c0b12b4b726afbef009fe114,24,24,0,0.0
A71EV2A-x3489a,x3489a,a89a0e5671303f42,Cc1nc2n(c1CC(=O)N1CCC[C@H](C(N)=O)C1)CCCC2,Cc1nc2n(c1CC(=O)N1CCC[C@H](C(N)=O)C1)CCCC2 |&1:13|,Cc1nc2n(c1CC(=O)N1CCC[C@H](C(N)=O)C1)CCCC2,O=C(Cc1cnc2n1CCCC2)N1CCCCC1,5.221581099702723,False,True,structures/x3489a/A71EV2A-x3489a/A71EV2A-x3489a_ligand_ref.sdf,a1fdbd8174d9346e66db2564525126f7772c54c9e70f1b38551f130540d40c24,raw/A71EV2A-x3489a.pdb,251706c01c6a323cebc5371d3f3586f97554e5b6c55c2b7e68714eb5dcb7bd53,22,22,0,0.0
A71EV2A-x3509a,x3509a_x3509b,b0ba82c100894669,N#Cc1cccc(NC(=O)N2CCC[C@H](C(N)=O)C2)c1,N#Cc1cccc(NC(=O)N2CCC[C@H](C(N)=O)C2)c1 |a:14|,N#Cc1cccc(NC(=O)N2CCC[C@H](C(N)=O)C2)c1,O=C(Nc1ccccc1)N1CCCCC1,5.1891284469127035,False,True,structures/x3509a_x3509b/A71EV2A-x3509a/A71EV2A-x3509a_ligand_ref.sdf,15d80d515104b36b9c35de2ccb9fee2007aa6dd119e3f2fc470581bacc2f17da,raw/A71EV2A-x3509a.pdb,e43dc14cdffffb6de2160e7b62afed590686ab7c903d2ca1d2c6250d3d4220ef,20,20,0,0.0
A71EV2A-x3509b,x3509a_x3509b,b0ba82c100894669,N#Cc1cccc(NC(=O)N2CCC[C@H](C(N)=O)C2)c1,N#Cc1cccc(NC(=O)N2CCC[C@H](C(N)=O)C2)c1 |a:14|,N#Cc1cccc(NC(=O)N2CCC[C@H](C(N)=O)C2)c1,O=C(Nc1ccccc1)N1CCCCC1,5.1891284469127035,False,True,structures/x3509a_x3509b/A71EV2A-x3509b/A71EV2A-x3509b_ligand_ref.sdf,d169228830d4e76afb58028c0511c50cd1b5ade43daa7a3a267916f47b33546e,raw/A71EV2A-x3509b.pdb,406fe27b8f81cb67abf02fc5f84bfe660462194d8fdbe5d6f9621df9fcbe4ef3,20,20,0,0.0
A71EV2A-x3510a,x3510a,4307ec0592640d83,Cc1ccccc1NC(=O)N1CCC[C@H](C(N)=O)C1,Cc1ccccc1NC(=O)N1CCC[C@H](C(N)=O)C1 |a:14|,Cc1ccccc1NC(=O)N1CCC[C@H](C(N)=O)C1,O=C(Nc1ccccc1)N1CCCCC1,4.386163320168128,False,True,structures/x3510a/A71EV2A-x3510a/A71EV2A-x3510a_ligand_ref.sdf,afa7b63e043f33c21e4f157e8b02e67384b2994b52109eefd2134834b580c795,raw/A71EV2A-x3510a.pdb,2fcd651d7529c696dbe018cc80f0eb23f83b5b532bc521483d4b27b33e7d7289,19,19,0,0.0
A71EV2A-x3593a,x3379a_x3593a,8e74abbbc1e2b506,C[C@@H](Cc1cocn1)NC(=O)c1nn(C)c2ccccc12,C[C@H](Cc1cocn1)NC(=O)c1nn(C)c2ccccc12 |&1:1|,C[C@@H](Cc1cocn1)NC(=O)c1nn(C)c2ccccc12,O=C(NCCc1cocn1)c1n[nH]c2ccccc12,4.9657785438458255,False,True,structures/x3379a_x3593a/A71EV2A-x3593a/A71EV2A-x3593a_ligand_ref.sdf,84a87228119f8838e01ad463be888ac03f4314c3c6f14839b9987ee8fd75e5b2,raw/A71EV2A-x3593a.pdb,00b5a1453ac582473d183c00dd677082d1041fdfe457ecb21370a0abd87c5b7a,21,21,0,0.0
A71EV2A-x3606a,x3606a,7672e05ed8781e52,Cn1ncc(-c2cc(Cl)cc(Cl)c2)c1CC(=O)N1CCC[C@H](C(N)=O)C1,Cn1ncc(-c2cc(Cl)cc(Cl)c2)c1CC(=O)N1CCC[C@H](C(N)=O)C1 |&1:21|,Cn1ncc(-c2cc(Cl)cc(Cl)c2)c1CC(=O)N1CCC[C@H](C(N)=O)C1,O=C(Cc1[nH]ncc1-c1ccccc1)N1CCCCC1,4.958377726777354,False,True,structures/x3606a/A71EV2A-x3606a/A71EV2A-x3606a_ligand_ref.sdf,b9618248fbab11e618f0c240c69f4a134f4e5d2892e94feb5c78636f97ea7e10,raw/A71EV2A-x3606a.pdb,1e3e86b53bd7e84a14c8fa227bf96ffb5f35e60703b4059eca9dd95aa36fc136,26,26,0,0.0
A71EV2A-x3612a,x3612a,4a1d557eadbfa473,NC(=O)[C@H]1CCCN(C(=O)Nc2ccccc2F)C1,NC(=O)[C@H]1CCCN(C(=O)Nc2ccccc2F)C1 |a:3|,NC(=O)[C@H]1CCCN(C(=O)Nc2ccccc2F)C1,O=C(Nc1ccccc1)N1CCCCC1,4.851286884122841,False,True,structures/x3612a/A71EV2A-x3612a/A71EV2A-x3612a_ligand_ref.sdf,97ace9e5f5d53b86d4eb178daa34de523de5c7b7120341761c7c28582da561c9,raw/A71EV2A-x3612a.pdb,61b4ba59b2c5894da2a549ab8514435b1a5716ea65417e6e433a5c101054b8d3,19,19,0,0.0
A71EV2A-x3616a,x3616a_x3616b,a32ce34ed98c4f64,Cc1ccccc1CNC(=O)N1CCC[C@H](C(N)=O)C1,Cc1ccccc1CNC(=O)N1CCC[C@H](C(N)=O)C1 |a:15|,Cc1ccccc1CNC(=O)N1CCC[C@H](C(N)=O)C1,O=C(NCc1ccccc1)N1CCCCC1,4.978810700930062,False,True,structures/x3616a_x3616b/A71EV2A-x3616a/A71EV2A-x3616a_ligand_ref.sdf,779211b504fe532e8e7d58ae9e042c97367627a5b409913c24e0715e49c245b2,raw/A71EV2A-x3616a.pdb,46b8bb7d849ed5cfdf0f5e67fce42bd68a83cdb717260fa74ca3aa571b25033f,20,20,0,0.0
A71EV2A-x3616b,x3616a_x3616b,a32ce34ed98c4f64,Cc1ccccc1CNC(=O)N1CCC[C@H](C(N)=O)C1,Cc1ccccc1CNC(=O)N1CCC[C@H](C(N)=O)C1 |a:15|,Cc1ccccc1CNC(=O)N1CCC[C@H](C(N)=O)C1,O=C(NCc1ccccc1)N1CCCCC1,4.978810700930062,False,True,structures/x3616a_x3616b/A71EV2A-x3616b/A71EV2A-x3616b_ligand_ref.sdf,f823888b44f6419385cf9c35e7118cf9d4508f4708d76cc97837af2ce5d1e814,raw/A71EV2A-x3616b.pdb,f0917e822b835c667666dcd9f1dfec3a506404bab3535dd94486bddef0637c3f,20,20,0,0.0
A71EV2A-x3621a,x3621a,bece2f8bff1bae4b,COc1ccccc1CC(=O)N1CC[C@@H](O)C1,COc1ccccc1CC(=O)N1CC[C@@H](O)C1 |a:14|,COc1ccccc1CC(=O)N1CC[C@@H](O)C1,O=C(Cc1ccccc1)N1CCCC1,4.951406063714552,False,True,structures/x3621a/A71EV2A-x3621a/A71EV2A-x3621a_ligand_ref.sdf,7d1c3763cbb1aad3c26854c8d28acf3f80cddd8a4960a77b3f3a41b35b6b3d5d,raw/A71EV2A-x3621a.pdb,2e6cc8447fa792ca75c03f56ec537de1c9351017dc69bff2cef9572719e18851,17,17,0,0.0
A71EV2A-x3623a,x3623a,e0b38d62af7d1c58,Cc1cnc(CNS(=O)(=O)C[C@@H](C)c2ccccc2)o1,Cc1cnc(CNS(=O)(=O)C[C@H](C)c2ccccc2)o1 |&1:11|,Cc1cnc(CNS(=O)(=O)C[C@@H](C)c2ccccc2)o1,O=S(=O)(CCc1ccccc1)NCc1ncco1,4.8184062698439085,False,True,structures/x3623a/A71EV2A-x3623a/A71EV2A-x3623a_ligand_ref.sdf,c5e7fbfa6301a19627dee0578e72a625117d91257cd4613fdb15dbf33ffa303d,raw/A71EV2A-x3623a.pdb,1c289f42c24566354fd03442a75858cf0c23c2fbd5bb0f947038f347e14779af,20,20,0,0.0
A71EV2A-x3634a,x3634a,766c4dc988710422,COc1ccccc1CC(=O)N1C[C@H](C(N)=O)[C@@H](C)C1,"COc1ccccc1CC(=O)N1C[C@H](C)[C@@H](C(N)=O)C1 |&1:13,15|",COc1ccccc1CC(=O)N1C[C@H](C(N)=O)[C@@H](C)C1,O=C(Cc1ccccc1)N1CCCC1,5.303920706565589,False,True,structures/x3634a/A71EV2A-x3634a/A71EV2A-x3634a_ligand_ref.sdf,b703b0dd406ce522c2c2ef8d8a9dbe63878e1ec9396ec9cc19789895f5bd57e8,raw/A71EV2A-x3634a.pdb,dde70929807ecc0c08fe20bd3cda71fdc46189e3674257f42f33384d1a11d825,20,20,0,0.0
A71EV2A-x3663a,x3663a,24a3d0ad9d7e871d,COc1ccccc1CC(=O)N1CCO[C@@H](C(N)=O)C1,COc1ccccc1CC(=O)N1CCO[C@@H](C(N)=O)C1 |a:15|,COc1ccccc1CC(=O)N1CCO[C@@H](C(N)=O)C1,O=C(Cc1ccccc1)N1CCOCC1,4.615695746966642,False,True,structures/x3663a/A71EV2A-x3663a/A71EV2A-x3663a_ligand_ref.sdf,9f00a968d3ce6cba31670ef56ab5778bb9847ebb74947436ab316ad0defc009c,raw/A71EV2A-x3663a.pdb,195374f66aed736556288c7e438814d8c6cd7b3cf46eef473190b7ea62cca270,20,20,0,0.0
A71EV2A-x3665a,x3665a,dd4f51da682cffdc,COc1ccccc1CC(=O)N1C[C@@H](C(N)=O)CC(F)(F)C1,COc1ccccc1CC(=O)N1C[C@H](C(N)=O)CC(F)(F)C1 |&1:13|,COc1ccccc1CC(=O)N1C[C@@H](C(N)=O)CC(F)(F)C1,O=C(Cc1ccccc1)N1CCCCC1,5.41096889227547,False,True,structures/x3665a/A71EV2A-x3665a/A71EV2A-x3665a_ligand_ref.sdf,4598d8c7b4acff5cf58a9fdec06bc6325b2a7d982e6ffde27862fe80f1e8f1f1,raw/A71EV2A-x3665a.pdb,d854d2c76de902a72b1dae3fe417c287e19c6093014533e2105218759cbd4dd6,22,22,0,0.0
A71EV2A-x3685a,x3685a,7d49787be5f01045,COc1ccccc1CC(=O)N1CC[C@@H](NC(N)=O)C1,COc1ccccc1CC(=O)N1CC[C@H](NC(N)=O)C1 |&1:14|,COc1ccccc1CC(=O)N1CC[C@@H](NC(N)=O)C1,O=C(Cc1ccccc1)N1CCCC1,5.056011124926228,False,True,structures/x3685a/A71EV2A-x3685a/A71EV2A-x3685a_ligand_ref.sdf,dac662a968676fd3e95d898b724db93ec66aadf9e1ace76e58afe1a69fdb8f2f,raw/A71EV2A-x3685a.pdb,ebb2b55b62e8b01770ee54bfe0e629f1f5255d24cb491e6aefc9cdacd71731ee,20,20,0,0.0
A71EV2A-x3694a,x3694a_x3694b_x4032a_x4032b,44d668a57037ad8b,COc1ccccc1CC(=O)N1CC[C@@H](CC(N)=O)C1,COc1ccccc1CC(=O)N1CC[C@H](CC(N)=O)C1 |&1:14|,COc1ccccc1CC(=O)N1CC[C@@H](CC(N)=O)C1,O=C(Cc1ccccc1)N1CCCC1,5.055150304924533,False,True,structures/x3694a_x3694b_x4032a_x4032b/A71EV2A-x3694a/A71EV2A-x3694a_ligand_ref.sdf,751e577613cd29c144ff91d11d5f43f1acc48d6cec7ea3b5b2dc12b68914eecf,raw/A71EV2A-x3694a.pdb,03332bb0b39236a50419e7ca4c5ffd2930db3f00c53b916c4cd427fa76c51007,20,20,0,0.0
A71EV2A-x3694b,x3694a_x3694b_x4032a_x4032b,44d668a57037ad8b,COc1ccccc1CC(=O)N1CC[C@@H](CC(N)=O)C1,COc1ccccc1CC(=O)N1CC[C@H](CC(N)=O)C1 |&1:14|,COc1ccccc1CC(=O)N1CC[C@@H](CC(N)=O)C1,O=C(Cc1ccccc1)N1CCCC1,5.055150304924533,False,True,structures/x3694a_x3694b_x4032a_x4032b/A71EV2A-x3694b/A71EV2A-x3694b_ligand_ref.sdf,cf2dd8d06e75b15c0182bf0ef4e8bd67e2dfa86603adb6f07880effdc710ff54,raw/A71EV2A-x3694b.pdb,436e6a1a5c3253e8449c79efabe579958594b7ad499fc713f059717292a3fce2,20,20,0,0.0
A71EV2A-x3706a,x3706a_x3706b,7c0c2314ef8b9fb5,Cc1cccc(CNC(=O)N2CCC[C@H](C(N)=O)C2)c1,Cc1cccc(CNC(=O)N2CCC[C@H](C(N)=O)C2)c1 |a:14|,Cc1cccc(CNC(=O)N2CCC[C@H](C(N)=O)C2)c1,O=C(NCc1ccccc1)N1CCCCC1,4.967584368389079,False,True,structures/x3706a_x3706b/A71EV2A-x3706a/A71EV2A-x3706a_ligand_ref.sdf,4867524e92dc2f411a045b016d2696bdb7a8c2fc6e270432d3011888fbb8447a,raw/A71EV2A-x3706a.pdb,60218b5d4bb986049af80b8b84f2b13f4c6835b7ef5e4522797da50b2d4c55ed,20,20,0,0.0
A71EV2A-x3706b,x3706a_x3706b,7c0c2314ef8b9fb5,Cc1cccc(CNC(=O)N2CCC[C@H](C(N)=O)C2)c1,Cc1cccc(CNC(=O)N2CCC[C@H](C(N)=O)C2)c1 |a:14|,Cc1cccc(CNC(=O)N2CCC[C@H](C(N)=O)C2)c1,O=C(NCc1ccccc1)N1CCCCC1,4.967584368389079,False,True,structures/x3706a_x3706b/A71EV2A-x3706b/A71EV2A-x3706b_ligand_ref.sdf,23c4873db6431106266cc4079e0e49978cc35c6402c7ff9a30c7e959f0e6e1b6,raw/A71EV2A-x3706b.pdb,730e6d44a3717914d6c40c3aeadd3d06ef3a8448efc7338c37ac94e025f66ab9,20,20,0,0.0
A71EV2A-x3521a,x3521a,1f9ae6b84dd343fb,N#C[C@H]1C[C@@H](NC(=O)C2(c3ccc(Cl)cc3Cl)CCOCC2)C1,N#CC1CC(NC(=O)C2(c3ccc(Cl)cc3Cl)CCOCC2)C1,N#C[C@H]1C[C@@H](NC(=O)C2(c3ccc(Cl)cc3Cl)CCOCC2)C1,O=C(NC1CCC1)C1(c2ccccc2)CCOCC1,4.726469830785563,False,True,structures/x3521a/A71EV2A-x3521a/A71EV2A-x3521a_ligand_ref.sdf,94e02b6da93327b209b352c58aa0c425b79c49c0c33a5d93bc18ccdd0ed501c6,raw/A71EV2A-x3521a.pdb,eca9791a170635ac0d3148255195f421e0d2ea5fa4339fef542be18e67172d26,23,23,0,0.0
A71EV2A-x3522a,x3522a_x3522b,076aad5f7db7a4e3,COCC(=O)Nc1c(Cl)cc(C)cc1OCc1ncccn1,COCC(=O)Nc1c(Cl)cc(C)cc1OCc1ncccn1,COCC(=O)Nc1c(Cl)cc(C)cc1OCc1ncccn1,c1ccc(OCc2ncccn2)cc1,4.858392228943246,False,True,structures/x3522a_x3522b/A71EV2A-x3522a/A71EV2A-x3522a_ligand_ref.sdf,26abe516b04f5adb87bd1907f9b782f05cfe5d06367e0f3470c60a6b29665965,raw/A71EV2A-x3522a.pdb,137801f021bc1f7c268241f8731e348003c9739f13441669895c7a5867251769,22,22,0,0.0
A71EV2A-x3522b,x3522a_x3522b,076aad5f7db7a4e3,COCC(=O)Nc1c(Cl)cc(C)cc1OCc1ncccn1,COCC(=O)Nc1c(Cl)cc(C)cc1OCc1ncccn1,COCC(=O)Nc1c(Cl)cc(C)cc1OCc1ncccn1,c1ccc(OCc2ncccn2)cc1,4.858392228943246,False,True,structures/x3522a_x3522b/A71EV2A-x3522b/A71EV2A-x3522b_ligand_ref.sdf,ac4d1e729ed650615538cc8651b098d00d4220bcc2242089cc0b28cd091ed705,raw/A71EV2A-x3522b.pdb,51f91312955e6509d70acbdbb352e8539861d68d589514eea18b7dd22b816104,22,22,0,0.0
A71EV2A-x3546a,x3546a,0d7986037ea98e97,COc1ccc(F)cc1CC(=O)N1CCC[C@H](C(N)=O)C1,COc1ccc(F)cc1CC(=O)N1CCC[C@H](C(N)=O)C1 |a:16|,COc1ccc(F)cc1CC(=O)N1CCC[C@H](C(N)=O)C1,O=C(Cc1ccccc1)N1CCCCC1,4.2094239507757765,False,True,structures/x3546a/A71EV2A-x3546a/A71EV2A-x3546a_ligand_ref.sdf,025eabc5590f3f7cfa42089d8a15b9d357fb9eef76bc1cf2e558f130d0ec2d8e,raw/A71EV2A-x3546a.pdb,ee56c7574fda372c6e16ea1bf2009366dccfe65843ae27c1d81fdb1de1525cde,21,21,0,0.0
A71EV2A-x3548a,x3229a_x3548a,ad342f8ac7ce351c,COc1ccncc1CC(=O)N1CCC[C@H](C(N)=O)C1,COc1ccncc1CC(=O)N1CCC[C@H](C(N)=O)C1 |a:15|,COc1ccncc1CC(=O)N1CCC[C@H](C(N)=O)C1,O=C(Cc1cccnc1)N1CCCCC1,4.7516996536545095,False,True,structures/x3229a_x3548a/A71EV2A-x3548a/A71EV2A-x3548a_ligand_ref.sdf,90639e25f57744f8dea9f561b774e8016993dd84886740f58d3978bd79a7055f,raw/A71EV2A-x3548a.pdb,a6d3033047decf18dd6ef71e01db433057d1846c70a31a74f31fd8d63e73c864,20,20,0,0.0
A71EV2A-x3550a,x3550a_x3550b,585e2abf2c57cd64,COc1ccccc1CC(=O)N1C[C@@H](C(N)=O)CC[C@@H]1C,"COc1ccccc1CC(=O)N1C[C@H](C(N)=O)CC[C@@H]1C |&1:13,19|",COc1ccccc1CC(=O)N1C[C@@H](C(N)=O)CC[C@@H]1C,O=C(Cc1ccccc1)N1CCCCC1,4.411260481653311,False,True,structures/x3550a_x3550b/A71EV2A-x3550a/A71EV2A-x3550a_ligand_ref.sdf,94165ae939154969a4a2db09c5f0c9eab875fb8c233aacc53ed1ad03ec1054e6,raw/A71EV2A-x3550a.pdb,361f76c6e1ad5ab304c867615ca4c661d8ea65cc0afe514c0631be216ca78a66,21,21,0,0.0
A71EV2A-x3556a,x3556a,d459d5483f934862,Cn1cc2c(CC(=O)N3CC[C@H](C(N)=O)C3)cccc2n1,Cn1cc2c(CC(=O)N3CC[C@H](C(N)=O)C3)cccc2n1 |&1:11|,Cn1cc2c(CC(=O)N3CC[C@H](C(N)=O)C3)cccc2n1,O=C(Cc1cccc2n[nH]cc12)N1CCCC1,4.410050398674293,False,True,structures/x3556a/A71EV2A-x3556a/A71EV2A-x3556a_ligand_ref.sdf,f807148d622b5a61f3d7e62cdd8645e1259bd478eb359a73e868f340383340cf,raw/A71EV2A-x3556a.pdb,c1acfc0a67587a1be9722ce262ef0196f57d95a9d038cd5109a9183a943e8233,21,21,0,0.0
A71EV2A-x3557a,x3557a_x3557b,a3b2d5b8fe9392b9,COc1ccc(CC(=O)N2CCC[C@H](C(N)=O)C2)c(OC)c1,COc1ccc(CC(=O)N2CCC[C@H](C(N)=O)C2)c(OC)c1 |a:13|,COc1ccc(CC(=O)N2CCC[C@H](C(N)=O)C2)c(OC)c1,O=C(Cc1ccccc1)N1CCCCC1,4.635207042042172,False,True,structures/x3557a_x3557b/A71EV2A-x3557a/A71EV2A-x3557a_ligand_ref.sdf,bbf0fead06ea65ce65e0ca932f32859ee1d79ade89c6d25071ec874eb2488a14,raw/A71EV2A-x3557a.pdb,98c7bb31ba4bde569d611c6b03c6b8b95c675cdff1a025704fef3a450a19aa35,22,22,0,0.0
A71EV2A-x3557b,x3557a_x3557b,a3b2d5b8fe9392b9,COc1ccc(CC(=O)N2CCC[C@H](C(N)=O)C2)c(OC)c1,COc1ccc(CC(=O)N2CCC[C@H](C(N)=O)C2)c(OC)c1 |a:13|,COc1ccc(CC(=O)N2CCC[C@H](C(N)=O)C2)c(OC)c1,O=C(Cc1ccccc1)N1CCCCC1,4.635207042042172,False,True,structures/x3557a_x3557b/A71EV2A-x3557b/A71EV2A-x3557b_ligand_ref.sdf,2068b4598e77100807ad3dc4dfcbc138ca6f7e778ac9bc91f5dcfbf2a008f529,raw/A71EV2A-x3557b.pdb,ad8f7b48e3344e30c6cdf42ec119df75ab7efa0743223fde65def7df77128c15,22,22,0,0.0
A71EV2A-x3564a,x3564a,239e09eaf5b9eebf,Cc1ccccc1NC(=O)c1cncc(C(N)=O)c1,Cc1ccccc1NC(=O)c1cncc(C(N)=O)c1,Cc1ccccc1NC(=O)c1cncc(C(N)=O)c1,O=C(Nc1ccccc1)c1cccnc1,4.632644078973981,False,True,structures/x3564a/A71EV2A-x3564a/A71EV2A-x3564a_ligand_ref.sdf,615fda8c6df796719f09695de9c8f3b78e2569225d5b4f45f68a33b648c03bea,raw/A71EV2A-x3564a.pdb,067f2e3244c446a76c4b76eca30e2ab42d7ee4bd70d8f708db3d8f1c93846dbe,19,19,0,0.0
A71EV2A-x3568a,x3568a,62c9a44d0f3d85eb,Cc1ccc2c(C(=O)NCCc3cocn3)c[nH]c2c1,Cc1ccc2c(C(=O)NCCc3cocn3)c[nH]c2c1,Cc1ccc2c(C(=O)NCCc3cocn3)c[nH]c2c1,O=C(NCCc1cocn1)c1c[nH]c2ccccc12,5.10808214227103,False,True,structures/x3568a/A71EV2A-x3568a/A71EV2A-x3568a_ligand_ref.sdf,2acd99cd2f10e28f3a8bb0e567c50fa424ac8af3f16303243102dc4e44c39856,raw/A71EV2A-x3568a.pdb,29a14ea7a875d9070f27cafb0a0c33a2b8f81ffa890c04fa859017579377b201,20,20,0,0.0
A71EV2A-x3571a,x3571a_x3571b,a4e17d2f79241faf,COc1ccccc1CC(=O)N1CCCC[C@H](C(N)=O)C1,COc1ccccc1CC(=O)N1CCCC[C@H](C(N)=O)C1 |&1:16|,COc1ccccc1CC(=O)N1CCCC[C@H](C(N)=O)C1,O=C(Cc1ccccc1)N1CCCCCC1,4.952204384072568,False,True,structures/x3571a_x3571b/A71EV2A-x3571a/A71EV2A-x3571a_ligand_ref.sdf,b8564136c109fd4323e8886e2b7c221e91a0ddc250f0ed667787c0896979f976,raw/A71EV2A-x3571a.pdb,ada53dbbfaf741964130aebdb9e1c04070f23514e515edf2cc456252d571dc03,21,21,0,0.0
A71EV2A-x3571b,x3571a_x3571b,a4e17d2f79241faf,COc1ccccc1CC(=O)N1CCCC[C@H](C(N)=O)C1,COc1ccccc1CC(=O)N1CCCC[C@H](C(N)=O)C1 |&1:16|,COc1ccccc1CC(=O)N1CCCC[C@H](C(N)=O)C1,O=C(Cc1ccccc1)N1CCCCCC1,4.952204384072568,False,True,structures/x3571a_x3571b/A71EV2A-x3571b/A71EV2A-x3571b_ligand_ref.sdf,a6f068a2acc5bace8f91b6f3d38c9c12956b7b5b6dd33908a38764504ea51147,raw/A71EV2A-x3571b.pdb,e0b4570e84ce324bbcad71636ef355fa8ef6a759fa16286b5caedb8c4f21e971,21,21,0,0.0
A71EV2A-x3849a,x3849a_x3869a,55afabf1174c2e8d,COc1ncccc1CC(=O)N1CCC[C@@H](C(N)=O)C1,COc1ncccc1CC(=O)N1CCC[C@H](C(N)=O)C1 |o1:15|,COc1ncccc1CC(=O)N1CCC[C@@H](C(N)=O)C1,O=C(Cc1cccnc1)N1CCCCC1,4.939681121858298,False,True,structures/x3849a_x3869a/A71EV2A-x3849a/A71EV2A-x3849a_ligand_ref.sdf,694f8b217a9211e97fbb15d9d8bb5e798fd1a74cfd5f1dc669bab1f021e383f2,raw/A71EV2A-x3849a.pdb,1bd5058ba26f987e965cb42810a5e8f47ce4a8317f43cad7cc388d31fdc1a45d,20,20,0,0.0
A71EV2A-x3858a,x3858a_x3858b,b6f1dada567c3ee2,COc1cccc(Cl)c1CC(=O)N1CCC[C@@H](C(N)=O)C1,COc1cccc(Cl)c1CC(=O)N1CCC[C@@H](C(N)=O)C1 |a:16|,COc1cccc(Cl)c1CC(=O)N1CCC[C@@H](C(N)=O)C1,O=C(Cc1ccccc1)N1CCCCC1,4.620456050805198,False,True,structures/x3858a_x3858b/A71EV2A-x3858a/A71EV2A-x3858a_ligand_ref.sdf,b07f24a67d2aa2d092fe655c918d420f8947f8269f98628ed942344f904d6972,raw/A71EV2A-x3858a.pdb,c0f591e958b0f34405b909b62020c6230c206227235af8cbe220c13407356cfd,21,21,0,0.0
A71EV2A-x3858b,x3858a_x3858b,b6f1dada567c3ee2,COc1cccc(Cl)c1CC(=O)N1CCC[C@@H](C(N)=O)C1,COc1cccc(Cl)c1CC(=O)N1CCC[C@@H](C(N)=O)C1 |a:16|,COc1cccc(Cl)c1CC(=O)N1CCC[C@@H](C(N)=O)C1,O=C(Cc1ccccc1)N1CCCCC1,4.620456050805198,False,True,structures/x3858a_x3858b/A71EV2A-x3858b/A71EV2A-x3858b_ligand_ref.sdf,5a6ce4f808a1b168b52e4526a3a20fb9b8fc0b743fd34534c29a5f6217023206,raw/A71EV2A-x3858b.pdb,09674065fb55cc3a80ab98d4d2116a7a0d9b8e4e7de924d38934bfb5e7c21613,21,21,0,0.0
A71EV2A-x3862a,x3862a,9cc82ea5d4066c71,COc1ccccc1[C@@H](OC)C(=O)N1CCC[C@H](C(N)=O)C1,COc1ccccc1[C@H](OC)C(=O)N1CCC[C@H](C(N)=O)C1 |o1:8|,COc1ccccc1[C@@H](OC)C(=O)N1CCC[C@H](C(N)=O)C1,O=C(Cc1ccccc1)N1CCCCC1,5.523700643055132,False,True,structures/x3862a/A71EV2A-x3862a/A71EV2A-x3862a_ligand_ref.sdf,d13aabeaa2ec602fc8c3f7b84a63bc928383eeb5d07acf76d5c48be9e91775f9,raw/A71EV2A-x3862a.pdb,722f4bdbd744aa193ae43cc9c2f3c449e9464b1407b51586fb3ebda7f9a94bd8,22,22,0,0.0
A71EV2A-x3867a,x3867a,b8625fbfc7911114,Cc1ccccc1NC(=O)c1ccc(C)c(C(N)=O)c1,Cc1ccccc1NC(=O)c1ccc(C)c(C(N)=O)c1,Cc1ccccc1NC(=O)c1ccc(C)c(C(N)=O)c1,O=C(Nc1ccccc1)c1ccccc1,4.804100347590766,False,True,structures/x3867a/A71EV2A-x3867a/A71EV2A-x3867a_ligand_ref.sdf,d6dc327450ccbcccd45656d4600551a6aa3ff4804b700ce64572a3deef871c85,raw/A71EV2A-x3867a.pdb,5f8d78ad8e3956a59c621082c85aaccc0076cf788aac1765e5a5abbce9717945,20,20,0,0.0
A71EV2A-x3869a,x3849a_x3869a,55afabf1174c2e8d,COc1ncccc1CC(=O)N1CCC[C@@H](C(N)=O)C1,COc1ncccc1CC(=O)N1CCC[C@H](C(N)=O)C1 |o1:15|,COc1ncccc1CC(=O)N1CCC[C@@H](C(N)=O)C1,O=C(Cc1cccnc1)N1CCCCC1,4.939681121858298,False,True,structures/x3849a_x3869a/A71EV2A-x3869a/A71EV2A-x3869a_ligand_ref.sdf,35bcf7e2731e6cf7731a577c51db6dad85a53acdde35f168d3471b1c0f830d52,raw/A71EV2A-x3869a.pdb,52a8f15b973983b59385a777fe4902b8191211966fe095ccb67d2ed75c0d493d,20,20,0,0.0
A71EV2A-x3883a,x3883a,9cc82ea5d4066c71,COc1ccccc1[C@H](OC)C(=O)N1CCC[C@H](C(N)=O)C1,COc1ccccc1[C@H](OC)C(=O)N1CCC[C@H](C(N)=O)C1 |o1:8|,COc1ccccc1[C@H](OC)C(=O)N1CCC[C@H](C(N)=O)C1,O=C(Cc1ccccc1)N1CCCCC1,5.523700643055132,False,True,structures/x3883a/A71EV2A-x3883a/A71EV2A-x3883a_ligand_ref.sdf,9b045e36f374f867b1c2d29ad24b28f27ebef8ad186c6a0d73beadd6eacfaba4,raw/A71EV2A-x3883a.pdb,e283957f7c19283150b7db79396e829b4cced0b2534b0fa17452c67c49b82c3a,22,22,0,0.0
A71EV2A-x3884a,x3884a_x3884b,e781bfcdf8a40784,COc1ccccc1[C@H](NC(=O)OC(C)(C)C)C(=O)N1CCC[C@H](C(N)=O)C1,COc1ccccc1[C@H](NC(=O)OC(C)(C)C)C(=O)N1CCC[C@H](C(N)=O)C1 |o1:8|,COc1ccccc1[C@H](NC(=O)OC(C)(C)C)C(=O)N1CCC[C@H](C(N)=O)C1,O=C(Cc1ccccc1)N1CCCCC1,4.930769702637148,False,True,structures/x3884a_x3884b/A71EV2A-x3884a/A71EV2A-x3884a_ligand_ref.sdf,06e1638aaa429ccc5138c276a9f16776b06df8f0515c996af238b437e6da5666,raw/A71EV2A-x3884a.pdb,0fb9d5a3cd83c82a3c5f0faa70771d368ec3c5db70f6e9d91e902f8b77dd87c0,28,28,0,0.0
A71EV2A-x3884b,x3884a_x3884b,e781bfcdf8a40784,COc1ccccc1[C@H](NC(=O)OC(C)(C)C)C(=O)N1CCC[C@H](C(N)=O)C1,COc1ccccc1[C@H](NC(=O)OC(C)(C)C)C(=O)N1CCC[C@H](C(N)=O)C1 |o1:8|,COc1ccccc1[C@H](NC(=O)OC(C)(C)C)C(=O)N1CCC[C@H](C(N)=O)C1,O=C(Cc1ccccc1)N1CCCCC1,4.930769702637148,False,True,structures/x3884a_x3884b/A71EV2A-x3884b/A71EV2A-x3884b_ligand_ref.sdf,e563c8675c48a29ee528abd8b04af8e38ebae98d0401e4cba19d399130287187,raw/A71EV2A-x3884b.pdb,66abcd3caf5d6bc792bc0da3b82c2a93f016e1073cdaecb80598c56c00dd6b6f,28,28,0,0.0
A71EV2A-x3890a,x3890a,7f7a7b2cf37411d9,COc1ccccc1[C@H](N)C(=O)N1CCC[C@H](C(N)=O)C1,COc1ccccc1[C@H](N)C(=O)N1CCC[C@H](C(N)=O)C1 |o1:8|,COc1ccccc1[C@H](N)C(=O)N1CCC[C@H](C(N)=O)C1,O=C(Cc1ccccc1)N1CCCCC1,5.349983835684398,False,True,structures/x3890a/A71EV2A-x3890a/A71EV2A-x3890a_ligand_ref.sdf,b388bfdca453c87258c74f18bda18a376099e17aa30524e551eda99afba5d7fc,raw/A71EV2A-x3890a.pdb,39c36fbeedce4e449dcfe4fcfdc3a39860b93888bb85d97ec279a0f8681c64ac,21,21,0,0.0
A71EV2A-x3895a,x3895a,8c6c8bff6fad9b92,COc1ccccc1CN1C[C@@H](C(N)=O)CC1=O,COc1ccccc1CN1C[C@H](C(N)=O)CC1=O |&1:11|,COc1ccccc1CN1C[C@@H](C(N)=O)CC1=O,O=C1CCCN1Cc1ccccc1,4.62709189585908,False,True,structures/x3895a/A71EV2A-x3895a/A71EV2A-x3895a_ligand_ref.sdf,d8483d55014f74e0de0196870120dddbfcb95cb7c7754d0be23b68570e79b385,raw/A71EV2A-x3895a.pdb,63aa2e3b7f0823983f0cb54b097d364075f8017d3040eddd95caeb932e52a495,18,18,0,0.0
A71EV2A-x3901a,x3901a,63f8794a77694094,COc1ccccc1CC(=O)N1CCN[C@H](C(N)=O)C1,COc1ccccc1CC(=O)N1CCN[C@H](C(N)=O)C1 |&1:15|,COc1ccccc1CC(=O)N1CCN[C@H](C(N)=O)C1,O=C(Cc1ccccc1)N1CCNCC1,5.622664040174432,False,True,structures/x3901a/A71EV2A-x3901a/A71EV2A-x3901a_ligand_ref.sdf,266a21e4774dd7bd5ebbd0257f1d3ef67e0c796466cadb7a474231d88f51d097,raw/A71EV2A-x3901a.pdb,319fb0eb7db52f483ac0d278e014dbd178b1b37d3e1edad25941cef6f889ed14,20,20,0,0.0
A71EV2A-x3908a,x3908a,0f563d422a57d1f1,Cc1cccc(N(CC(=O)N2CCCCC2)C(=O)N2CCC[C@H](C(N)=O)C2)c1,Cc1cccc(N(CC(=O)N2CCCCC2)C(=O)N2CCC[C@H](C(N)=O)C2)c1 |a:22|,Cc1cccc(N(CC(=O)N2CCCCC2)C(=O)N2CCC[C@H](C(N)=O)C2)c1,O=C(CN(C(=O)N1CCCCC1)c1ccccc1)N1CCCCC1,4.627087997029894,False,True,structures/x3908a/A71EV2A-x3908a/A71EV2A-x3908a_ligand_ref.sdf,f773504c3ba1d1dcd48d18d5ddb5d9ad8b91ada2ab4c0a3deab328117f23a895,raw/A71EV2A-x3908a.pdb,9999b73168112539cc06ad5f65fc3ed4bedfc81a0f0ed33c0b20ffb397d1c7e1,28,28,0,0.0
A71EV2A-x3914a,x3188a_x3189a_x3914a,8daefaa017694b6d,Cn1cc2c(CC(=O)N3CCC[C@H](C(N)=O)C3)cccc2n1,Cn1cc2c(CC(=O)N3CCC[C@H](C(N)=O)C3)cccc2n1 |o1:12|,Cn1cc2c(CC(=O)N3CCC[C@H](C(N)=O)C3)cccc2n1,O=C(Cc1cccc2n[nH]cc12)N1CCCCC1,4.405607449624573,False,True,structures/x3188a_x3189a_x3914a/A71EV2A-x3914a/A71EV2A-x3914a_ligand_ref.sdf,70078d2afe66cd1cafb3e66cad9eb51533ee3576e548c03717a8b132eac8bf35,raw/A71EV2A-x3914a.pdb,fa154913353a4812ec8b5243d52947cfc65093473b8599a1716675610d4de3e1,22,22,0,0.0
A71EV2A-x3936a,x3936a,e20890f6b07706d2,COC[C@]1(C(=O)N2CCC[C@H](C(N)=O)C2)CCCCO1,"COC[C@]1(C(=O)N2CCC[C@H](C(N)=O)C2)CCCCO1 |&1:3,&2:10|",COC[C@]1(C(=O)N2CCC[C@H](C(N)=O)C2)CCCCO1,O=C(C1CCCCO1)N1CCCCC1,6.0,False,True,structures/x3936a/A71EV2A-x3936a/A71EV2A-x3936a_ligand_ref.sdf,a975609bcf29583289289e50c0fc7a0e9a75b4d6b94041438eccbbab4f0b7c2c,raw/A71EV2A-x3936a.pdb,fa48b656c6ac51cff839c56b233226b82bb7fcd4e085b7910cae15d32b127636,20,20,0,0.0
A71EV2A-x3937a,x3937a,a1ef8e1e78382458,CO[C@@H](C(=O)N1CCC[C@H](C(N)=O)C1)c1cccnc1,"CO[C@H](C(=O)N1CCC[C@H](C(N)=O)C1)c1cccnc1 |&1:2,&2:9|",CO[C@@H](C(=O)N1CCC[C@H](C(N)=O)C1)c1cccnc1,O=C(Cc1cccnc1)N1CCCCC1,4.227015096629662,False,True,structures/x3937a/A71EV2A-x3937a/A71EV2A-x3937a_ligand_ref.sdf,abc7db96a7053667dd0f15ec467d765ae1106d54f60ac61209aec7a4d46685a1,raw/A71EV2A-x3937a.pdb,c913d00223773d3fd78c81e016d11f97c650138224ab3656c79e398ea2ea8d06,20,20,0,0.0
A71EV2A-x3939a,x3939a,9ab8403f1ab360e9,CO[C@@H](C(=O)N1CCC[C@H](C(N)=O)C1)c1ccccc1C,CO[C@H](C(=O)N1CCC[C@H](C(N)=O)C1)c1ccccc1C |&1:2|,CO[C@@H](C(=O)N1CCC[C@H](C(N)=O)C1)c1ccccc1C,O=C(Cc1ccccc1)N1CCCCC1,4.928117992693875,False,True,structures/x3939a/A71EV2A-x3939a/A71EV2A-x3939a_ligand_ref.sdf,dc6c0ca6fff0a0bdd2bf7dbd778b6996739b44065a11eb59579f9e61425892f5,raw/A71EV2A-x3939a.pdb,f3731b263269eb274e2001e27d4af14192dd95723f2be6835000d7dac4335940,21,21,0,0.0
A71EV2A-x3940a,x3940a,4a021ffcf674df86,COc1ccc(Cl)cc1CC(=O)N1CCC[C@H](C(N)=O)C1,COc1ccc(Cl)cc1CC(=O)N1CCC[C@H](C(N)=O)C1 |a:16|,COc1ccc(Cl)cc1CC(=O)N1CCC[C@H](C(N)=O)C1,O=C(Cc1ccccc1)N1CCCCC1,4.727236212379233,False,True,structures/x3940a/A71EV2A-x3940a/A71EV2A-x3940a_ligand_ref.sdf,a56e63d18636a9679692e2b745d0d4cbea9576e51559489f32e85195cd7886f9,raw/A71EV2A-x3940a.pdb,dd308a3c898d3662651bd38144c1d429c779c8513c13801b4f88174e4377395c,21,21,0,0.0
A71EV2A-x3942a,x3942a_x4209a,24c0d288e68dd274,COc1cccc(Cl)c1CC(=O)N1CCC[C@H](C(N)=O)C1,COc1cccc(Cl)c1CC(=O)N1CCC[C@H](C(N)=O)C1 |a:16|,COc1cccc(Cl)c1CC(=O)N1CCC[C@H](C(N)=O)C1,O=C(Cc1ccccc1)N1CCCCC1,4.78560502978966,False,True,structures/x3942a_x4209a/A71EV2A-x3942a/A71EV2A-x3942a_ligand_ref.sdf,4c6af2b386f0aedb12646bc4f6cb86bd50138b471f50ca019dbaa5a09b054002,raw/A71EV2A-x3942a.pdb,f60d7006b5f8c5c538aa0a1dbc86dd11f93ccc29e37d686bfdc79d2d3470612a,21,21,0,0.0
A71EV2A-x3944a,x3944a,a2b96e8da0ba9653,CCN(CC1CC1)C(=O)c1cccc(CC(=O)N2CCC[C@H](C(N)=O)C2)c1,CCN(CC1CC1)C(=O)c1cccc(CC(=O)N2CCC[C@H](C(N)=O)C2)c1 |a:21|,CCN(CC1CC1)C(=O)c1cccc(CC(=O)N2CCC[C@H](C(N)=O)C2)c1,O=C(NCC1CC1)c1cccc(CC(=O)N2CCCCC2)c1,4.908336601699183,False,True,structures/x3944a/A71EV2A-x3944a/A71EV2A-x3944a_ligand_ref.sdf,562655cc87aef08d16b99ef833a6402925f22448d79f4775bc10314554557e68,raw/A71EV2A-x3944a.pdb,a123e9ec062d12c97cd930b93f7a07d686f72d63ff30f921c3716b8ecf9c1b41,27,27,0,0.0
A71EV2A-x3954a,x3954a,1f944c6601e40e94,COc1ccc2c(n1)[C@@H](C(=O)N1CCC[C@H](C(N)=O)C1)CC2,COc1ccc2c(n1)[C@H](C(=O)N1CCC[C@H](C(N)=O)C1)CC2 |&1:8|,COc1ccc2c(n1)[C@@H](C(=O)N1CCC[C@H](C(N)=O)C1)CC2,O=C([C@H]1CCc2cccnc21)N1CCCCC1,4.452380443994761,False,True,structures/x3954a/A71EV2A-x3954a/A71EV2A-x3954a_ligand_ref.sdf,168af8c9aecd9b5118d411f2d7c2c9f538b4a715273db2c8506883faed212e86,raw/A71EV2A-x3954a.pdb,eb513d437d48f2920a40e7804d71e46f4882ffc265aab1b39f52c047fdf64f6f,22,22,0,0.0
A71EV2A-x3956a,x3956a,e65b124849b1840f,COc1ccccc1CCN1C[C@@H](C(N)=O)CC1=O,COc1ccccc1CCN1C[C@H](C(N)=O)CC1=O |&1:12|,COc1ccccc1CCN1C[C@@H](C(N)=O)CC1=O,O=C1CCCN1CCc1ccccc1,5.044970753420985,False,True,structures/x3956a/A71EV2A-x3956a/A71EV2A-x3956a_ligand_ref.sdf,8a0e7847be0a1b6614826577228a0bf8188a53d71fb9872e23648c63abe78bf2,raw/A71EV2A-x3956a.pdb,d5ba22d563f33a46dbd29a229ddeb8baa21f0df88f6273c1a105cf21ab6a27f3,19,19,0,0.0
A71EV2A-x3968a,x3968a,e123cedd649e8d3d,NC(=O)[C@H]1CCCN(C(=O)[C@H](OCC2CCCC2)c2ccccc2)C1,NC(=O)[C@H]1CCCN(C(=O)[C@H](OCC2CCCC2)c2ccccc2)C1 |&1:10|,NC(=O)[C@H]1CCCN(C(=O)[C@H](OCC2CCCC2)c2ccccc2)C1,O=C([C@H](OCC1CCCC1)c1ccccc1)N1CCCCC1,5.5670035086585905,False,True,structures/x3968a/A71EV2A-x3968a/A71EV2A-x3968a_ligand_ref.sdf,8c3a43830952f188beb4f2857bdd949dd3c281c1f30f6736362c3f8e5fe1351b,raw/A71EV2A-x3968a.pdb,bd267b899813b359441878cbcb26c33c98118764275eb49efb88f20e31ab6c0d,25,25,0,0.0
A71EV2A-x3975a,x3975a,a1c8e3cc20424a43,NC(=O)[C@H]1CCCN(C(=O)[C@@H](CN2CCCC2)c2ccccc2)C1,NC(=O)[C@H]1CCCN(C(=O)[C@H](CN2CCCC2)c2ccccc2)C1 |&1:10|,NC(=O)[C@H]1CCCN(C(=O)[C@@H](CN2CCCC2)c2ccccc2)C1,O=C([C@@H](CN1CCCC1)c1ccccc1)N1CCCCC1,5.024630533433036,False,True,structures/x3975a/A71EV2A-x3975a/A71EV2A-x3975a_ligand_ref.sdf,cd9785752eb409c487a1ba18c556501fe418ea194ee6a7db415492f7c91d32a6,raw/A71EV2A-x3975a.pdb,481580fe6f1a9294f1b6f5db8bcbf222d69b83c2abdae18487ab9d0c1867b834,24,24,0,0.0
A71EV2A-x3977a,x3977a_x3977b,24575441a47f1bf3,COc1ccccc1CC(=O)N(C)CCC(N)=O,COc1ccccc1CC(=O)N(C)CCC(N)=O,COc1ccccc1CC(=O)N(C)CCC(N)=O,c1ccccc1,4.935542010773082,False,True,structures/x3977a_x3977b/A71EV2A-x3977a/A71EV2A-x3977a_ligand_ref.sdf,c5ec2763a7e47e3c455246d3911d1c5689cf467a7fd9492b0f20d482d90afbed,raw/A71EV2A-x3977a.pdb,229f719da73f6084fed6481c4cbd423552c9c0d76b4b9e4efb9e62caf723601c,18,18,0,0.0
A71EV2A-x3982a,x3982a,96d072e6942e7a5a,NC(=O)[C@H]1CCCN(C(=O)C(c2ccccc2)c2ccccc2)C1,NC(=O)[C@H]1CCCN(C(=O)C(c2ccccc2)c2ccccc2)C1 |a:3|,NC(=O)[C@H]1CCCN(C(=O)C(c2ccccc2)c2ccccc2)C1,O=C(C(c1ccccc1)c1ccccc1)N1CCCCC1,5.179858685151659,False,True,structures/x3982a/A71EV2A-x3982a/A71EV2A-x3982a_ligand_ref.sdf,667c88eba509930a55c842ef3121963781099fb97f9ddbd42f87bc7dd7fc8225,raw/A71EV2A-x3982a.pdb,865a5ee59183b42671b63f1a039360c75fc4fcfd0c38740ff5b267cedd14abb5,24,24,0,0.0
A71EV2A-x3986a,x3986a_x3986b,e0aab5bbce17ffdc,NC(=O)[C@H]1CCCN(C(=O)[C@@H](Sc2ccccc2)c2ccccc2)C1,NC(=O)[C@H]1CCCN(C(=O)[C@H](Sc2ccccc2)c2ccccc2)C1 |&1:10|,NC(=O)[C@H]1CCCN(C(=O)[C@@H](Sc2ccccc2)c2ccccc2)C1,O=C([C@@H](Sc1ccccc1)c1ccccc1)N1CCCCC1,5.135488918941608,False,True,structures/x3986a_x3986b/A71EV2A-x3986a/A71EV2A-x3986a_ligand_ref.sdf,8d996ae38317d4197b779f5a65961ce5d9a65b5a73e77f730121496af7a201ad,raw/A71EV2A-x3986a.pdb,e227c1be56c8979ee4c3b7b471caf67b0432dfac5f4b4205017a5ec45280282e,25,25,0,0.0
A71EV2A-x3986b,x3986a_x3986b,e0aab5bbce17ffdc,NC(=O)[C@H]1CCCN(C(=O)[C@@H](Sc2ccccc2)c2ccccc2)C1,NC(=O)[C@H]1CCCN(C(=O)[C@H](Sc2ccccc2)c2ccccc2)C1 |&1:10|,NC(=O)[C@H]1CCCN(C(=O)[C@@H](Sc2ccccc2)c2ccccc2)C1,O=C([C@@H](Sc1ccccc1)c1ccccc1)N1CCCCC1,5.135488918941608,False,True,structures/x3986a_x3986b/A71EV2A-x3986b/A71EV2A-x3986b_ligand_ref.sdf,2701bddd705abccd4f712c9d48869c89957f1276f7bf57234206accb582f67b2,raw/A71EV2A-x3986b.pdb,20ae201a80edbe7b285d75e533263f9e14736dfad099b44ffe514469258ea634,25,25,0,0.0
A71EV2A-x3989a,x3989a_x4838a,b3591726bc3d7745,NC(=O)[C@H]1CCN(C(=O)Cc2cc(C(F)(F)F)ccc2Cl)C1,NC(=O)[C@H]1CCN(C(=O)Cc2cc(C(F)(F)F)ccc2Cl)C1 |&1:3|,NC(=O)[C@H]1CCN(C(=O)Cc2cc(C(F)(F)F)ccc2Cl)C1,O=C(Cc1ccccc1)N1CCCC1,5.04901488179868,False,True,structures/x3989a_x4838a/A71EV2A-x3989a/A71EV2A-x3989a_ligand_ref.sdf,944b0962daef94c55a225b54b95d25a9da332e0c062039c30db8f0b0e2588d0c,raw/A71EV2A-x3989a.pdb,87dd875549c37cde3c25de1e04dcbcee5bf8c83a58ea04ec4a6ed78e287b13b1,22,22,0,0.0
A71EV2A-x3990a,x3990a,ef034ada922aa0b7,COc1ccccc1CC(=O)N1C[C@H](C(N)=O)[C@@H](C(F)(F)F)C1,"COc1ccccc1CC(=O)N1C[C@H](C(N)=O)[C@@H](C(F)(F)F)C1 |&1:13,17|",COc1ccccc1CC(=O)N1C[C@H](C(N)=O)[C@@H](C(F)(F)F)C1,O=C(Cc1ccccc1)N1CCCC1,5.110698297493689,False,True,structures/x3990a/A71EV2A-x3990a/A71EV2A-x3990a_ligand_ref.sdf,7b35b409fb7ef156acbad52a1799ef9083a0b010af0fb172154e07b2ba2e31d7,raw/A71EV2A-x3990a.pdb,3e477f902dde4db3b95fb7180be61677046744917e0cf8d7116e6a649fe5cf6f,23,23,0,0.0
A71EV2A-x3992a,x3992a_x3992b,5e1599b6a4662f25,COc1cccc(Cl)c1NC(=O)N1CC[C@H](C(N)=O)C1,COc1cccc(Cl)c1NC(=O)N1CC[C@H](C(N)=O)C1 |a:15|,COc1cccc(Cl)c1NC(=O)N1CC[C@H](C(N)=O)C1,O=C(Nc1ccccc1)N1CCCC1,4.612119831707907,False,True,structures/x3992a_x3992b/A71EV2A-x3992a/A71EV2A-x3992a_ligand_ref.sdf,45bcf901daf4a559e088030a27a51c434a0509fabaaeb4e18974eaf5a03c1b7a,raw/A71EV2A-x3992a.pdb,18885015abb43678818f52048be4ab92f2f0476985a934223dd2960bda306138,20,20,0,0.0
A71EV2A-x3992b,x3992a_x3992b,5e1599b6a4662f25,COc1cccc(Cl)c1NC(=O)N1CC[C@H](C(N)=O)C1,COc1cccc(Cl)c1NC(=O)N1CC[C@H](C(N)=O)C1 |a:15|,COc1cccc(Cl)c1NC(=O)N1CC[C@H](C(N)=O)C1,O=C(Nc1ccccc1)N1CCCC1,4.612119831707907,False,True,structures/x3992a_x3992b/A71EV2A-x3992b/A71EV2A-x3992b_ligand_ref.sdf,020659efdce7aaaf95ec57222debedd3912248280c5ea0be375758d172c6e069,raw/A71EV2A-x3992b.pdb,5445811d09c4d8fb7f075c6ddfeea238f62dd88ddd653694fe241585ef072566,20,20,0,0.0
A71EV2A-x3993a,x3993a_x3993b,ecf15c4326ece1a2,COc1cccc(Cl)c1CC(=O)N1C[C@H](C(N)=O)C[C@H](C(=O)NC2CC2)C1,"COc1cccc(Cl)c1CC(=O)N1C[C@H](C(N)=O)C[C@H](C(=O)NC2CC2)C1 |o1:14,19|",COc1cccc(Cl)c1CC(=O)N1C[C@H](C(N)=O)C[C@H](C(=O)NC2CC2)C1,O=C(NC1CC1)[C@H]1CCCN(C(=O)Cc2ccccc2)C1,4.899323290233971,False,True,structures/x3993a_x3993b/A71EV2A-x3993a/A71EV2A-x3993a_ligand_ref.sdf,903acdbcba6d5121aa8713034c77a26b4013605f1374ad6b010faaa16fa79f33,raw/A71EV2A-x3993a.pdb,b13b1ab6342bd683e45a35beecd11c00a7233c629936ab15f5ee958f119c970f,27,27,0,0.0
A71EV2A-x3993b,x3993a_x3993b,ecf15c4326ece1a2,COc1cccc(Cl)c1CC(=O)N1C[C@H](C(N)=O)C[C@H](C(=O)NC2CC2)C1,"COc1cccc(Cl)c1CC(=O)N1C[C@H](C(N)=O)C[C@H](C(=O)NC2CC2)C1 |o1:14,19|",COc1cccc(Cl)c1CC(=O)N1C[C@H](C(N)=O)C[C@H](C(=O)NC2CC2)C1,O=C(NC1CC1)[C@H]1CCCN(C(=O)Cc2ccccc2)C1,4.899323290233971,False,True,structures/x3993a_x3993b/A71EV2A-x3993b/A71EV2A-x3993b_ligand_ref.sdf,5421249475aad1aa700042b1a2b1016a9e7aaaf0a5f4cda9f8c6268450389bc5,raw/A71EV2A-x3993b.pdb,2548f5dcdea7065ed9eb7af882322e9d06b44b26986849f6cb12d4115ee3e30b,27,27,0,0.0
A71EV2A-x4018a,x4018a_x4018b,ddfd4944de31a207,COc1ccccc1CC(=O)N1CCC[C@H](C(N)=O)CC1,COc1ccccc1CC(=O)N1CCC[C@H](C(N)=O)CC1 |&1:15|,COc1ccccc1CC(=O)N1CCC[C@H](C(N)=O)CC1,O=C(Cc1ccccc1)N1CCCCCC1,4.952188702489189,False,True,structures/x4018a_x4018b/A71EV2A-x4018a/A71EV2A-x4018a_ligand_ref.sdf,16fd9652255044dcd72a79ad8b57203daa7479e081c1e3e53263e2f5664de250,raw/A71EV2A-x4018a.pdb,979a66c02e2aecdf66b80cefd4f07ab94d165e0d50ca957897de2cdca4061c70,21,21,0,0.0
A71EV2A-x4018b,x4018a_x4018b,ddfd4944de31a207,COc1ccccc1CC(=O)N1CCC[C@H](C(N)=O)CC1,COc1ccccc1CC(=O)N1CCC[C@H](C(N)=O)CC1 |&1:15|,COc1ccccc1CC(=O)N1CCC[C@H](C(N)=O)CC1,O=C(Cc1ccccc1)N1CCCCCC1,4.952188702489189,False,True,structures/x4018a_x4018b/A71EV2A-x4018b/A71EV2A-x4018b_ligand_ref.sdf,0c16b04781b237ec0ce1bcf1dd8946a18286f127d720168694abeeaa1c8462a1,raw/A71EV2A-x4018b.pdb,1bdb804781be007dd3f4b20a8fd12bcb98b538a3389dc3b1cef797671f83c337,21,21,0,0.0
A71EV2A-x4020a,x4020a_x4020b,15d23fde487dd4bd,Cc1cccc(CC(=O)N2CCC[C@H](C(N)=O)C2)c1,Cc1cccc(CC(=O)N2CCC[C@H](C(N)=O)C2)c1 |&1:13|,Cc1cccc(CC(=O)N2CCC[C@H](C(N)=O)C2)c1,O=C(Cc1ccccc1)N1CCCCC1,4.290127690297292,False,True,structures/x4020a_x4020b/A71EV2A-x4020a/A71EV2A-x4020a_ligand_ref.sdf,c30467170d8490c4f87cc3ff52a930888303bbd0621d51ca2a1977a16f17e67d,raw/A71EV2A-x4020a.pdb,2c04a6e5da46fcfab7e5cde01ae518ae0f2d86f9f470b4d239d7d8a264ce8ed3,19,19,0,0.0
A71EV2A-x4020b,x4020a_x4020b,15d23fde487dd4bd,Cc1cccc(CC(=O)N2CCC[C@H](C(N)=O)C2)c1,Cc1cccc(CC(=O)N2CCC[C@H](C(N)=O)C2)c1 |&1:13|,Cc1cccc(CC(=O)N2CCC[C@H](C(N)=O)C2)c1,O=C(Cc1ccccc1)N1CCCCC1,4.290127690297292,False,True,structures/x4020a_x4020b/A71EV2A-x4020b/A71EV2A-x4020b_ligand_ref.sdf,c5a99591b2dfd306d08ad45628aaae905e219e876111529d137ea7d9478f9ad6,raw/A71EV2A-x4020b.pdb,309f90c2e94d6a5259f359032d0016d884f67508eb1cdcbbc542be41988db199,19,19,0,0.0
A71EV2A-x4028a,x4028a,a5bda5233d57bdb2,COc1ccc(C(F)(F)F)cc1CC(=O)N1CCC[C@H](C(N)=O)C1,COc1ccc(C(F)(F)F)cc1CC(=O)N1CCC[C@H](C(N)=O)C1 |a:19|,COc1ccc(C(F)(F)F)cc1CC(=O)N1CCC[C@H](C(N)=O)C1,O=C(Cc1ccccc1)N1CCCCC1,4.449959375475284,False,True,structures/x4028a/A71EV2A-x4028a/A71EV2A-x4028a_ligand_ref.sdf,c8f5a309c95f896542c80c25072d8c203d831093980a94b36352e7281bc64f70,raw/A71EV2A-x4028a.pdb,e1ca772a89fa4e44bb36525856a5eae3d3af3cb0a79d4f55230dc726f526ed23,24,24,0,0.0
A71EV2A-x4029a,x3579a_x4029a,9528fac4c84c5d01,COc1ccccc1CN1C[C@@H](C(N)=O)CCC1=O,COc1ccccc1CN1C[C@H](C(N)=O)CCC1=O |&1:11|,COc1ccccc1CN1C[C@@H](C(N)=O)CCC1=O,O=C1CCCCN1Cc1ccccc1,4.956855685489159,False,True,structures/x3579a_x4029a/A71EV2A-x4029a/A71EV2A-x4029a_ligand_ref.sdf,aaa1205d9dfceb70aed2a58db68d1751a8b9a9d84b0a6e03a251cbccae051134,raw/A71EV2A-x4029a.pdb,54ead11bf58346a50edc944d3a4b65bb313fd41e0db9cc55ba80b2ddfa508a2d,19,19,0,0.0
A71EV2A-x4031a,x4031a_x4031b,1089bdcdd55fca3e,COc1ncccc1NC(=O)N1CCC[C@H](C(N)=O)C1,COc1ncccc1NC(=O)N1CCC[C@H](C(N)=O)C1 |a:15|,COc1ncccc1NC(=O)N1CCC[C@H](C(N)=O)C1,O=C(Nc1cccnc1)N1CCCCC1,4.487273331768478,False,True,structures/x4031a_x4031b/A71EV2A-x4031a/A71EV2A-x4031a_ligand_ref.sdf,642cab3df7eec1b3d25a54fcf413197beb3f3a47d8b26ba74418a88fa0648cf4,raw/A71EV2A-x4031a.pdb,a014acec3f31e292c7187a1344fd29c68bbec379435e9f4a535234d635f1d822,20,20,0,0.0
A71EV2A-x4031b,x4031a_x4031b,1089bdcdd55fca3e,COc1ncccc1NC(=O)N1CCC[C@H](C(N)=O)C1,COc1ncccc1NC(=O)N1CCC[C@H](C(N)=O)C1 |a:15|,COc1ncccc1NC(=O)N1CCC[C@H](C(N)=O)C1,O=C(Nc1cccnc1)N1CCCCC1,4.487273331768478,False,True,structures/x4031a_x4031b/A71EV2A-x4031b/A71EV2A-x4031b_ligand_ref.sdf,68b10fc2a4f376c7dc418910df67abaefc80d938ae17957cae7b1dd0f1781fe4,raw/A71EV2A-x4031b.pdb,bc6f474bfd6c573b93218924faea0db07c921d485cb02395386114efcb2ae899,20,20,0,0.0
A71EV2A-x4032a,x3694a_x3694b_x4032a_x4032b,44d668a57037ad8b,COc1ccccc1CC(=O)N1CC[C@@H](CC(N)=O)C1,COc1ccccc1CC(=O)N1CC[C@H](CC(N)=O)C1 |&1:14|,COc1ccccc1CC(=O)N1CC[C@@H](CC(N)=O)C1,O=C(Cc1ccccc1)N1CCCC1,5.055150304924533,False,True,structures/x3694a_x3694b_x4032a_x4032b/A71EV2A-x4032a/A71EV2A-x4032a_ligand_ref.sdf,c0e9a24d2d9119e40e83ffe7aba081d18dba91c0a003b146dead3fc092c97dd1,raw/A71EV2A-x4032a.pdb,4ddd752f4d98ca6435135da84f41f4596923305df33957ae4f9615c38b97b4bf,20,20,0,0.0
A71EV2A-x4032b,x3694a_x3694b_x4032a_x4032b,44d668a57037ad8b,COc1ccccc1CC(=O)N1CC[C@@H](CC(N)=O)C1,COc1ccccc1CC(=O)N1CC[C@H](CC(N)=O)C1 |&1:14|,COc1ccccc1CC(=O)N1CC[C@@H](CC(N)=O)C1,O=C(Cc1ccccc1)N1CCCC1,5.055150304924533,False,True,structures/x3694a_x3694b_x4032a_x4032b/A71EV2A-x4032b/A71EV2A-x4032b_ligand_ref.sdf,37269eabfe4bdb6db49d05c9c62f1b2e950b674f47cde83b856bfa01c03e108f,raw/A71EV2A-x4032b.pdb,4bf857a9384241c877cf176d5d968a7318c4c27156b286b32fb11660e954c460,20,20,0,0.0
A71EV2A-x4035a,x4035a_x4035b,d65b66b78a8a3415,COc1cccc(Cl)c1NC(=O)N1CCC[C@H](C(N)=O)C1,COc1cccc(Cl)c1NC(=O)N1CCC[C@H](C(N)=O)C1 |a:16|,COc1cccc(Cl)c1NC(=O)N1CCC[C@H](C(N)=O)C1,O=C(Nc1ccccc1)N1CCCCC1,4.465918205168407,False,True,structures/x4035a_x4035b/A71EV2A-x4035a/A71EV2A-x4035a_ligand_ref.sdf,8ee9cba8561dd79178da94137b9e372d837b48d3435c8c7448e274551978c4ce,raw/A71EV2A-x4035a.pdb,d7bc9307677b4ac09dab363d2133e3fe8080a5697bea9e0aa2c263a16b6f37fc,21,21,0,0.0
A71EV2A-x4035b,x4035a_x4035b,d65b66b78a8a3415,COc1cccc(Cl)c1NC(=O)N1CCC[C@H](C(N)=O)C1,COc1cccc(Cl)c1NC(=O)N1CCC[C@H](C(N)=O)C1 |a:16|,COc1cccc(Cl)c1NC(=O)N1CCC[C@H](C(N)=O)C1,O=C(Nc1ccccc1)N1CCCCC1,4.465918205168407,False,True,structures/x4035a_x4035b/A71EV2A-x4035b/A71EV2A-x4035b_ligand_ref.sdf,091239daeec8594b0b95a6120fb5096a0be82e90f830c89854d8f8ea6360cf89,raw/A71EV2A-x4035b.pdb,fc5fb8eaf8223fa09da147c3cd2e5f1318037f3299ab8d4df76aeee6b7c62c76,21,21,0,0.0
A71EV2A-x4202a,x4202a_x4202b,e52148f553a4c100,NC(=O)[C@H]1CCCN(C(=O)[C@H]2CCc3cccc(Br)c32)C1,NC(=O)[C@H]1CCCN(C(=O)[C@H]2CCc3cccc(Br)c32)C1 |&1:10|,NC(=O)[C@H]1CCCN(C(=O)[C@H]2CCc3cccc(Br)c32)C1,O=C([C@H]1CCc2ccccc21)N1CCCCC1,4.479401524821051,False,True,structures/x4202a_x4202b/A71EV2A-x4202a/A71EV2A-x4202a_ligand_ref.sdf,f01f250d7c03af3735d0464f1fd714d6815e144e29bfe437dc9005a8d76e2190,raw/A71EV2A-x4202a.pdb,6f7cbef534af1403e233a59f39d2fce5792277aa16ae4c449dd40bd98eb182ef,21,21,0,0.0
A71EV2A-x4202b,x4202a_x4202b,e52148f553a4c100,NC(=O)[C@H]1CCCN(C(=O)[C@H]2CCc3cccc(Br)c32)C1,NC(=O)[C@H]1CCCN(C(=O)[C@H]2CCc3cccc(Br)c32)C1 |&1:10|,NC(=O)[C@H]1CCCN(C(=O)[C@H]2CCc3cccc(Br)c32)C1,O=C([C@H]1CCc2ccccc21)N1CCCCC1,4.479401524821051,False,True,structures/x4202a_x4202b/A71EV2A-x4202b/A71EV2A-x4202b_ligand_ref.sdf,6db6bd3e38d082cdec16a520243cc580064ea3a31e0b49ab8aeace294f166ebc,raw/A71EV2A-x4202b.pdb,3b3a84455746e8777a9f14108c28e5f1544c2130e3321d0a897bdcedd38072d1,21,21,0,0.0
A71EV2A-x4290a,x4290a,363699fc796e6143,CSc1c(Br)cccc1CC(=O)N1CCC[C@H](C(N)=O)C1,CSc1c(Br)cccc1CC(=O)N1CCC[C@H](C(N)=O)C1 |a:16|,CSc1c(Br)cccc1CC(=O)N1CCC[C@H](C(N)=O)C1,O=C(Cc1ccccc1)N1CCCCC1,4.472492797097293,False,True,structures/x4290a/A71EV2A-x4290a/A71EV2A-x4290a_ligand_ref.sdf,d279862951666b2105f0fe98a72ab92ba1ad5b1dd5b4320412efc875a3df1c0b,raw/A71EV2A-x4290a.pdb,a295afe6785de7b1252bd93b873605e426f06cbea52157b18eebc6444d4a5571,21,21,0,0.0
A71EV2A-x4291a,x4291a,92871daa8b55e436,Cc1cc(C)c(CC(=O)N2CCC[C@H](C(N)=O)C2)c(=O)[nH]1,Cc1cc(C)c(CC(=O)N2CCC[C@H](C(N)=O)C2)c(=O)[nH]1 |a:13|,Cc1cc(C)c(CC(=O)N2CCC[C@H](C(N)=O)C2)c(=O)[nH]1,O=C(Cc1ccc[nH]c1=O)N1CCCCC1,4.306273051076353,False,True,structures/x4291a/A71EV2A-x4291a/A71EV2A-x4291a_ligand_ref.sdf,bc0af119fcc51888e37223e979ef6b666e28737ae5ee0a21c9ef3d27c2035ff9,raw/A71EV2A-x4291a.pdb,d58909a46e3e392551558a0489ab3426af6d7d5eee16630022144410c3c722b4,21,21,0,0.0
A71EV2A-x4295a,x4295a,95968f4c28c03817,COc1ccccc1[C@@H](O)CN1C[C@@H](C(N)=O)CC1=O,"COc1ccccc1[C@H](O)CN1C[C@H](C(N)=O)CC1=O |&1:8,&2:13|",COc1ccccc1[C@@H](O)CN1C[C@@H](C(N)=O)CC1=O,O=C1CCCN1CCc1ccccc1,5.276902343492681,False,True,structures/x4295a/A71EV2A-x4295a/A71EV2A-x4295a_ligand_ref.sdf,1948681cec51fdbbf6415253b04d1599a96e30acb6d2edf0f557dc786b5963cd,raw/A71EV2A-x4295a.pdb,cae0660efa6f02b5d993b5f9ce92859a8be9afbb6f6d9d5b1507021af2c09371,20,20,0,0.0
A71EV2A-x4298a,x4298a,52ac48ebce6a2263,COc1cccc(NC(=O)N2CCC[C@H](C(N)=O)C2)n1,COc1cccc(NC(=O)N2CCC[C@H](C(N)=O)C2)n1 |a:14|,COc1cccc(NC(=O)N2CCC[C@H](C(N)=O)C2)n1,O=C(Nc1ccccn1)N1CCCCC1,5.072431269429168,False,True,structures/x4298a/A71EV2A-x4298a/A71EV2A-x4298a_ligand_ref.sdf,faeb06b2d1f9f90d99b1ec9bb6fc89087428f363c3a162ad29476797658dc5f5,raw/A71EV2A-x4298a.pdb,c89bf88245dbbf1b3675036455772752dde4241c99db864779a5c3eb4fbac10a,20,20,0,0.0
A71EV2A-x4305a,x4305a,d1b9e7a1f93e0997,CC(C)Oc1ccccc1NC(=O)N1CCC[C@H](C(N)=O)C1,CC(C)Oc1ccccc1NC(=O)N1CCC[C@H](C(N)=O)C1 |a:17|,CC(C)Oc1ccccc1NC(=O)N1CCC[C@H](C(N)=O)C1,O=C(Nc1ccccc1)N1CCCCC1,4.877787213913532,False,True,structures/x4305a/A71EV2A-x4305a/A71EV2A-x4305a_ligand_ref.sdf,54c95d24a752b0e29bbf03f8d6f097a2c43b0bb3818014f056478193a74bc016,raw/A71EV2A-x4305a.pdb,1ebdfa5c9ed6d3df96077a07dbb9ba3cd64eaa65b6fcf24c5854331b609732b9,22,22,0,0.0
A71EV2A-x4306a,x4306a,8b98fa7c5cda24d0,NC(=O)[C@H]1CCCN(C(=O)Nc2ccccc2OCC(F)(F)F)C1,NC(=O)[C@H]1CCCN(C(=O)Nc2ccccc2OCC(F)(F)F)C1 |a:3|,NC(=O)[C@H]1CCCN(C(=O)Nc2ccccc2OCC(F)(F)F)C1,O=C(Nc1ccccc1)N1CCCCC1,5.15661038833037,False,True,structures/x4306a/A71EV2A-x4306a/A71EV2A-x4306a_ligand_ref.sdf,a223d5302381fa5af4984048f8d8f7a0439cd296d05b69bf24585d54a7fca3cb,raw/A71EV2A-x4306a.pdb,7f9ed8d2a5b321e194705c023b8c98e2198599ccf321cf1e5676093d28bf4846,24,24,0,0.0
A71EV2A-x4308a,x4308a,9f2012a8d6b3cf32,NC(=O)[C@H]1CCCN(C(=O)Nc2cc3c(cc2Cl)OCO3)C1,NC(=O)[C@H]1CCCN(C(=O)Nc2cc3c(cc2Cl)OCO3)C1 |a:3|,NC(=O)[C@H]1CCCN(C(=O)Nc2cc3c(cc2Cl)OCO3)C1,O=C(Nc1ccc2c(c1)OCO2)N1CCCCC1,4.6271423700874985,False,True,structures/x4308a/A71EV2A-x4308a/A71EV2A-x4308a_ligand_ref.sdf,18485b9796d9bab0383aff51aac1319f14dc09238a174df28db9d59ea38f84ce,raw/A71EV2A-x4308a.pdb,203939e43f18a4769ed24195c37365cacb4765d1475843ab3c61dc913123711d,22,22,0,0.0
A71EV2A-x4309a,x4309a_x4309b,b183e6b9a86e987f,CCS(=O)(=O)c1ccc(OC)c(NC(=O)N2CCC[C@H](C(N)=O)C2)c1,CCS(=O)(=O)c1ccc(OC)c(NC(=O)N2CCC[C@H](C(N)=O)C2)c1 |a:19|,CCS(=O)(=O)c1ccc(OC)c(NC(=O)N2CCC[C@H](C(N)=O)C2)c1,O=C(Nc1ccccc1)N1CCCCC1,4.09366495819491,False,True,structures/x4309a_x4309b/A71EV2A-x4309a/A71EV2A-x4309a_ligand_ref.sdf,4a35b1268c1d6236997e283d85fc204b35a8d7a5129ec059fbb6fedd1e1e5a15,raw/A71EV2A-x4309a.pdb,62aeaa139d920a8d2cb4256630bb6d073e008288312189b6b84b440a86fc9d9b,25,25,0,0.0
A71EV2A-x4309b,x4309a_x4309b,b183e6b9a86e987f,CCS(=O)(=O)c1ccc(OC)c(NC(=O)N2CCC[C@H](C(N)=O)C2)c1,CCS(=O)(=O)c1ccc(OC)c(NC(=O)N2CCC[C@H](C(N)=O)C2)c1 |a:19|,CCS(=O)(=O)c1ccc(OC)c(NC(=O)N2CCC[C@H](C(N)=O)C2)c1,O=C(Nc1ccccc1)N1CCCCC1,4.09366495819491,False,True,structures/x4309a_x4309b/A71EV2A-x4309b/A71EV2A-x4309b_ligand_ref.sdf,f089f01830f3e46800f103bed790fb10c93744a449a3e2d5961b5cba75e46af2,raw/A71EV2A-x4309b.pdb,c2b7c5d080b211378edb4e0da3ced5a0ec27199d6fe2e1c9e13a6502595eb270,25,25,0,0.0
A71EV2A-x4310a,x4310a_x4310b,30ae145256761649,COc1c(NC(=O)N2CCC[C@H](C(N)=O)C2)cccc1C(F)(F)F,COc1c(NC(=O)N2CCC[C@H](C(N)=O)C2)cccc1C(F)(F)F |a:11|,COc1c(NC(=O)N2CCC[C@H](C(N)=O)C2)cccc1C(F)(F)F,O=C(Nc1ccccc1)N1CCCCC1,5.032452023781138,False,True,structures/x4310a_x4310b/A71EV2A-x4310a/A71EV2A-x4310a_ligand_ref.sdf,9ff7f8aefa4e873c8340123893867c2986270fb877740cca628bfb492b29be9c,raw/A71EV2A-x4310a.pdb,29dcfdb75a82144cbde6dd12dc278e1db78646ff5e44375af3b1643389a356e4,24,24,0,0.0
A71EV2A-x4310b,x4310a_x4310b,30ae145256761649,COc1c(NC(=O)N2CCC[C@H](C(N)=O)C2)cccc1C(F)(F)F,COc1c(NC(=O)N2CCC[C@H](C(N)=O)C2)cccc1C(F)(F)F |a:11|,COc1c(NC(=O)N2CCC[C@H](C(N)=O)C2)cccc1C(F)(F)F,O=C(Nc1ccccc1)N1CCCCC1,5.032452023781138,False,True,structures/x4310a_x4310b/A71EV2A-x4310b/A71EV2A-x4310b_ligand_ref.sdf,d809fd67f8665b9ffa8d7d82c0b8dc31adf1b17746a95b2cfe1eec9f18341a36,raw/A71EV2A-x4310b.pdb,d9fdae9ca139c91e59029067fed3e999e64c4d1a2bc0d898dacfb29d7f919b8f,24,24,0,0.0
A71EV2A-x4311a,x4311a,b29b3347aefa370d,CC(C)(C)c1ccccc1NC(=O)N1CCC[C@H](C(N)=O)C1,CC(C)(C)c1ccccc1NC(=O)N1CCC[C@H](C(N)=O)C1 |a:17|,CC(C)(C)c1ccccc1NC(=O)N1CCC[C@H](C(N)=O)C1,O=C(Nc1ccccc1)N1CCCCC1,4.916961547867879,False,True,structures/x4311a/A71EV2A-x4311a/A71EV2A-x4311a_ligand_ref.sdf,dcc15cdd078496802d463272a055f8a53235c07b1be525da58914600b2c969c6,raw/A71EV2A-x4311a.pdb,9cd7d00296ed89ee4b4f442435338d98c0dbf45e71e1a7697c058d8650ede30f,22,22,0,0.0
A71EV2A-x4312a,x4312a,a4f757ff4bd38986,NC(=O)[C@H]1CC(=O)N(Cc2cccc3c2OCC3)C1,NC(=O)[C@H]1CC(=O)N(Cc2cccc3c2OCC3)C1 |&1:3|,NC(=O)[C@H]1CC(=O)N(Cc2cccc3c2OCC3)C1,O=C1CCCN1Cc1cccc2c1OCC2,5.0762380391713,False,True,structures/x4312a/A71EV2A-x4312a/A71EV2A-x4312a_ligand_ref.sdf,917b1f20b9710711c8f59f466831ccd54d75135338d8c50d1144f3bd8d48788f,raw/A71EV2A-x4312a.pdb,c3acce386ff991162f3aa2acd97da0a3d79b498dbe0be54b644f0e0a197013f6,19,19,0,0.0
A71EV2A-x4313a,x4313a,32f66b06e39480cb,COc1ccccc1[C@H](C)CN1C[C@@H](C(N)=O)CC1=O,"COc1ccccc1[C@H](C)CN1C[C@H](C(N)=O)CC1=O |&1:8,&2:13|",COc1ccccc1[C@H](C)CN1C[C@@H](C(N)=O)CC1=O,O=C1CCCN1CCc1ccccc1,4.917407524166997,False,True,structures/x4313a/A71EV2A-x4313a/A71EV2A-x4313a_ligand_ref.sdf,49140821ae1e02844c8a1e22e07e6f90dcae53110f05647d77e4939d4bbce15b,raw/A71EV2A-x4313a.pdb,a636f2136df723b775fc985229300514ff284bbb3ca44d5d9c2636d45c251058,20,20,0,0.0
A71EV2A-x4316a,x4316a,8a9cd2b40177d3cb,COc1cccc2c1CC[C@H]2N1C[C@@H](C(N)=O)CCC1=O,"COc1cccc2c1CC[C@H]2N1C[C@H](C(N)=O)CCC1=O |&1:10,&2:13|",COc1cccc2c1CC[C@H]2N1C[C@@H](C(N)=O)CCC1=O,O=C1CCCCN1[C@@H]1CCc2ccccc21,4.789637072991269,False,True,structures/x4316a/A71EV2A-x4316a/A71EV2A-x4316a_ligand_ref.sdf,013c6e4464aa8215a4ae8fe728e19034de80c59049797b5ba62273226572211d,raw/A71EV2A-x4316a.pdb,8ec60ee86bea83dd5f4384f754ffeeb2b9dfcc3198a5a3ab0a2d56c8cb48808b,21,21,0,0.0
A71EV2A-x4319a,x4319a,9fb926acb21e2b86,NC(=O)[C@H]1CCCN(C(=O)Cc2ccccc2OC(F)F)C1,NC(=O)[C@H]1CCCN(C(=O)Cc2ccccc2OC(F)F)C1 |a:3|,NC(=O)[C@H]1CCCN(C(=O)Cc2ccccc2OC(F)F)C1,O=C(Cc1ccccc1)N1CCCCC1,4.2296663664747784,False,True,structures/x4319a/A71EV2A-x4319a/A71EV2A-x4319a_ligand_ref.sdf,aaf8a0fb3f3fd1d058c9c0a06ee16e857e438b8c8c0d4ea71071cee8fd73da13,raw/A71EV2A-x4319a.pdb,94831c8b5a02d7a3705927b5707c5978265499f3a66847ff1ce2bf8b5f097a51,22,22,0,0.0
A71EV2A-x4320a,x4320a,e8ec34acf21e920a,NC(=O)[C@H]1CCCN(C(=O)Cc2ccc3c(c2)CCC(=O)N3)C1,NC(=O)[C@H]1CCCN(C(=O)Cc2ccc3c(c2)CCC(=O)N3)C1 |a:3|,NC(=O)[C@H]1CCCN(C(=O)Cc2ccc3c(c2)CCC(=O)N3)C1,O=C1CCc2cc(CC(=O)N3CCCCC3)ccc2N1,4.349692476868063,False,True,structures/x4320a/A71EV2A-x4320a/A71EV2A-x4320a_ligand_ref.sdf,e144090df13301febe02ef33ddb3f1473136e71e5e31ced87780b6d63ee2c17f,raw/A71EV2A-x4320a.pdb,8be377986ee4d59354a7064b7a63eda0f5f36f5f33300b0823a9a2e41aa08822,23,23,0,0.0
A71EV2A-x4321a,x4321a_x4321b,6123bf323f9af8e8,N#CCc1ccccc1CC(=O)N1CCC[C@H](C(N)=O)C1,N#CCc1ccccc1CC(=O)N1CCC[C@H](C(N)=O)C1 |a:16|,N#CCc1ccccc1CC(=O)N1CCC[C@H](C(N)=O)C1,O=C(Cc1ccccc1)N1CCCCC1,5.101757238648579,False,True,structures/x4321a_x4321b/A71EV2A-x4321a/A71EV2A-x4321a_ligand_ref.sdf,5b92435a9a50684997f25c8badf10b69f093ced494b4da4f2ed562396fbaa083,raw/A71EV2A-x4321a.pdb,c84439b4947fbde84a2fde65d382e5640e2cd57dbaa9b3feb9cc354844f31771,21,21,0,0.0
A71EV2A-x4321b,x4321a_x4321b,6123bf323f9af8e8,N#CCc1ccccc1CC(=O)N1CCC[C@H](C(N)=O)C1,N#CCc1ccccc1CC(=O)N1CCC[C@H](C(N)=O)C1 |a:16|,N#CCc1ccccc1CC(=O)N1CCC[C@H](C(N)=O)C1,O=C(Cc1ccccc1)N1CCCCC1,5.101757238648579,False,True,structures/x4321a_x4321b/A71EV2A-x4321b/A71EV2A-x4321b_ligand_ref.sdf,9ca23347f9d4a3f0347250ad41e003ed0a4b863496b0bf3e900ed1050f3801b7,raw/A71EV2A-x4321b.pdb,40b7fbb56adf7d837471a95fe03f4a13940ea0594e5f4484a09360365de58590,21,21,0,0.0
A71EV2A-x4322a,x4322a,3fc48a3a7fe17432,CC(=O)Nc1ccccc1CC(=O)N1CCC[C@H](C(N)=O)C1,CC(=O)Nc1ccccc1CC(=O)N1CCC[C@H](C(N)=O)C1 |a:17|,CC(=O)Nc1ccccc1CC(=O)N1CCC[C@H](C(N)=O)C1,O=C(Cc1ccccc1)N1CCCCC1,4.265200170411153,False,True,structures/x4322a/A71EV2A-x4322a/A71EV2A-x4322a_ligand_ref.sdf,47dad72decf7457fd35f1dd4a284814dba619df8222aa112024db13f90ba826c,raw/A71EV2A-x4322a.pdb,a1af39ba77dff3c213fbbecacb95521bd96b5abfddce3d37c62b6f63fcc9cf66,22,22,0,0.0
A71EV2A-x4334a,x4334a_x4334b,3d9a6f73991da5cb,CSc1cccc(CC(=O)N2CCC[C@H](C(N)=O)C2)c1,CSc1cccc(CC(=O)N2CCC[C@H](C(N)=O)C2)c1 |a:14|,CSc1cccc(CC(=O)N2CCC[C@H](C(N)=O)C2)c1,O=C(Cc1ccccc1)N1CCCCC1,4.1650303504723505,False,True,structures/x4334a_x4334b/A71EV2A-x4334a/A71EV2A-x4334a_ligand_ref.sdf,818e1814d01902ef35f12f136a046ad979b47a787577b652860f8a1960870bfd,raw/A71EV2A-x4334a.pdb,a6b8090fad009c69bce48ac4ae301bf95379ed5905265a6f3a709c5d8e0a8a01,20,20,0,0.0
A71EV2A-x4334b,x4334a_x4334b,3d9a6f73991da5cb,CSc1cccc(CC(=O)N2CCC[C@H](C(N)=O)C2)c1,CSc1cccc(CC(=O)N2CCC[C@H](C(N)=O)C2)c1 |a:14|,CSc1cccc(CC(=O)N2CCC[C@H](C(N)=O)C2)c1,O=C(Cc1ccccc1)N1CCCCC1,4.1650303504723505,False,True,structures/x4334a_x4334b/A71EV2A-x4334b/A71EV2A-x4334b_ligand_ref.sdf,5581b5e4642d0cac624c5a6ada199f0a529d9f0817b4a75c3874253c04f52c26,raw/A71EV2A-x4334b.pdb,5eb21425600405ac851d7097a78b8e4cb547219169005d7a0de19a1bc5b24309,20,20,0,0.0
A71EV2A-x4336a,x4336a,c5c87dc44e5c0fd5,NC(=O)[C@H]1CCCN(C(=O)Cc2cccc(Cl)c2Cl)C1,NC(=O)[C@H]1CCCN(C(=O)Cc2cccc(Cl)c2Cl)C1 |a:3|,NC(=O)[C@H]1CCCN(C(=O)Cc2cccc(Cl)c2Cl)C1,O=C(Cc1ccccc1)N1CCCCC1,4.065026720650614,False,True,structures/x4336a/A71EV2A-x4336a/A71EV2A-x4336a_ligand_ref.sdf,4cd469a1254e64aa49b7272ff4d64ac36335f52b0710063d19e3a692a12623f6,raw/A71EV2A-x4336a.pdb,5c441b6d3f63c3d3fc6ccf8aaad2d7191c7307e44740b048795437bdcef6c7e4,20,20,0,0.0
A71EV2A-x4341a,x4341a,451b042451982fae,NC(=O)[C@H]1CCCN(C(=O)Cc2cccc3sccc23)C1,NC(=O)[C@H]1CCCN(C(=O)Cc2cccc3sccc23)C1 |a:3|,NC(=O)[C@H]1CCCN(C(=O)Cc2cccc3sccc23)C1,O=C(Cc1cccc2sccc12)N1CCCCC1,3.9387751065420744,False,True,structures/x4341a/A71EV2A-x4341a/A71EV2A-x4341a_ligand_ref.sdf,dc720c2730ab0d4039864c242071472ffdfd01b23bd944bf40399b7ca93892c3,raw/A71EV2A-x4341a.pdb,3277ddec37b09d21188a81e8ca2a49009a40aa0225329a8a5b445872153dfd99,21,21,0,0.0
A71EV2A-x4344a,x4344a,e1d02e63a0c23381,NC(=O)[C@H]1CCCN(C(=O)Cc2cccc3c2CCC3)C1,NC(=O)[C@H]1CCCN(C(=O)Cc2cccc3c2CCC3)C1 |a:3|,NC(=O)[C@H]1CCCN(C(=O)Cc2cccc3c2CCC3)C1,O=C(Cc1cccc2c1CCC2)N1CCCCC1,3.9502403164313624,False,True,structures/x4344a/A71EV2A-x4344a/A71EV2A-x4344a_ligand_ref.sdf,367d90a2a011844c73a67681c0f9b933108ed5e1b8d6dff24f035a2a3ea48b05,raw/A71EV2A-x4344a.pdb,dc960123af048b1120cf3899222458d9142cc84b2129d91882a4246503f9a9b8,21,21,0,0.0
A71EV2A-x4347a,x3201a_x3920a_x4347a,d77f37aabeec3eaf,COc1ncccc1CC(=O)N1CCC[C@H](C(N)=O)C1,COc1ncccc1CC(=O)N1CCC[C@H](C(N)=O)C1 |a:15|,COc1ncccc1CC(=O)N1CCC[C@H](C(N)=O)C1,O=C(Cc1cccnc1)N1CCCCC1,4.286509456906058,False,True,structures/x3201a_x3920a_x4347a/A71EV2A-x4347a/A71EV2A-x4347a_ligand_ref.sdf,a1958dd48c938e8e2c836f066a1adf4910b60fd32385676e1d147ac6950523e4,raw/A71EV2A-x4347a.pdb,f5a49ec1f5b22092447d0b559fd40adf67fb3d67a58fe4c6a325ce0837c65a88,20,20,0,0.0
A71EV2A-x4351a,x4351a,b571b53e19c29075,NC(=O)C[C@H]1CCCN(c2ncnc3ccccc23)C1,NC(=O)C[C@H]1CCCN(c2ncnc3ccccc23)C1 |&1:4|,NC(=O)C[C@H]1CCCN(c2ncnc3ccccc23)C1,c1ccc2c(N3CCCCC3)ncnc2c1,4.959254335737151,False,True,structures/x4351a/A71EV2A-x4351a/A71EV2A-x4351a_ligand_ref.sdf,30bd95f68168db964b5463ffb0b3f7e65facd56e0002a1419fe05962b17e1c5a,raw/A71EV2A-x4351a.pdb,990510dec72c04f98787219ff9fcf99ade07e01b12dea74f3d3b75399b3b5e44,20,20,0,0.0
A71EV2A-x4368a,x4368a,e07fd86a43f50d88,COCc1ccccc1CC(=O)N1CCC[C@H](C(N)=O)C1,COCc1ccccc1CC(=O)N1CCC[C@H](C(N)=O)C1 |a:16|,COCc1ccccc1CC(=O)N1CCC[C@H](C(N)=O)C1,O=C(Cc1ccccc1)N1CCCCC1,4.576757218249551,False,True,structures/x4368a/A71EV2A-x4368a/A71EV2A-x4368a_ligand_ref.sdf,5770613ccb636ec782e8f9f354be07ca522101b81f8152e8a79293f7908e9417,raw/A71EV2A-x4368a.pdb,764cd61e42b511ebe7c80367df777ee5b6bb0d714f763c6e58201e27946526f0,21,21,0,0.0
A71EV2A-x4372a,x4372a,e132fd3091ddbb85,NC(=O)[C@H]1CCCN(C(=O)Cc2cccnc2O)C1,NC(=O)[C@H]1CCCN(C(=O)Cc2cccnc2O)C1 |a:3|,NC(=O)[C@H]1CCCN(C(=O)Cc2cccnc2O)C1,O=C(Cc1cccnc1)N1CCCCC1,5.153756287657022,False,True,structures/x4372a/A71EV2A-x4372a/A71EV2A-x4372a_ligand_ref.sdf,afbce225e671ffac1343ceb47abaa60e3b0a516adb9e495f7533630dc777d086,raw/A71EV2A-x4372a.pdb,dff0da46b2c09e6e57638bd5b5e2a77b4fa49cdd83fb56dd713a7119f88f1247,19,19,0,0.0
A71EV2A-x4374a,x4374a_x4374b,a66d97d8e36af137,NC(=O)[C@H]1CCCN(C(=O)Cc2ccccc2CO)C1,NC(=O)[C@H]1CCCN(C(=O)Cc2ccccc2CO)C1 |a:3|,NC(=O)[C@H]1CCCN(C(=O)Cc2ccccc2CO)C1,O=C(Cc1ccccc1)N1CCCCC1,4.345773777137761,False,True,structures/x4374a_x4374b/A71EV2A-x4374a/A71EV2A-x4374a_ligand_ref.sdf,312d03946ca79e4a479efc87e5c187cd51bcdc9695b22478a759a45112257a27,raw/A71EV2A-x4374a.pdb,f96226887e14bb1a637767dd144ad2777f5d7d328f9e0d50697b3676aad28c4a,20,20,0,0.0
A71EV2A-x4374b,x4374a_x4374b,a66d97d8e36af137,NC(=O)[C@H]1CCCN(C(=O)Cc2ccccc2CO)C1,NC(=O)[C@H]1CCCN(C(=O)Cc2ccccc2CO)C1 |a:3|,NC(=O)[C@H]1CCCN(C(=O)Cc2ccccc2CO)C1,O=C(Cc1ccccc1)N1CCCCC1,4.345773777137761,False,True,structures/x4374a_x4374b/A71EV2A-x4374b/A71EV2A-x4374b_ligand_ref.sdf,704671d86b5e252aa7724541bd52af83dd57391364b0ef7a070b50b9a358b70e,raw/A71EV2A-x4374b.pdb,abd75415f2adce3f2f9033f41ca41f9a2082056d1c45775342ec8af562c82149,20,20,0,0.0
A71EV2A-x4381a,x4381a,c7bcc0777eb6ffa3,NC(=O)[C@H]1CCCN(C(=O)Cc2cc(C(F)(F)F)ccc2C(F)(F)F)C1,NC(=O)[C@H]1CCCN(C(=O)Cc2cc(C(F)(F)F)ccc2C(F)(F)F)C1 |a:3|,NC(=O)[C@H]1CCCN(C(=O)Cc2cc(C(F)(F)F)ccc2C(F)(F)F)C1,O=C(Cc1ccccc1)N1CCCCC1,3.806800765395556,False,True,structures/x4381a/A71EV2A-x4381a/A71EV2A-x4381a_ligand_ref.sdf,3644b08397cbcf05fb0d4a54ab096793613b427d1be6c8eda1567f4a558ec14d,raw/A71EV2A-x4381a.pdb,9297d476bf94bd9700fd14b2cafa19cdf1ee9b1b72e44f4395758f9331643fd4,26,26,0,0.0
A71EV2A-x4203a,x4203a,0a1c4a3a5e2a0718,COc1cc(Cl)ccc1CC(=O)N1CCC[C@H](C(N)=O)C1,COc1cc(Cl)ccc1CC(=O)N1CCC[C@H](C(N)=O)C1 |a:16|,COc1cc(Cl)ccc1CC(=O)N1CCC[C@H](C(N)=O)C1,O=C(Cc1ccccc1)N1CCCCC1,4.018634490921456,False,True,structures/x4203a/A71EV2A-x4203a/A71EV2A-x4203a_ligand_ref.sdf,ce614d256cba83858f7994221104c589793d12e9dff20c86de18c6b0eacad530,raw/A71EV2A-x4203a.pdb,f7f3299e7c92b93ca458d8a6ad0e99e77c5338a5d00e05e2c604acb10b421081,21,21,0,0.0
A71EV2A-x4207a,x4207a_x4207b,2f430e43c57597b4,COc1ccccc1[C@@H](NC(C)=O)C(=O)N1CCC[C@H](C(N)=O)C1,COc1ccccc1[C@H](NC(C)=O)C(=O)N1CCC[C@H](C(N)=O)C1 |o1:8|,COc1ccccc1[C@@H](NC(C)=O)C(=O)N1CCC[C@H](C(N)=O)C1,O=C(Cc1ccccc1)N1CCCCC1,5.238439218136987,False,True,structures/x4207a_x4207b/A71EV2A-x4207a/A71EV2A-x4207a_ligand_ref.sdf,03f20a6f0eeaf7d1e0d082f2e800918f568ec4783a665d95b1889f5c77bed59d,raw/A71EV2A-x4207a.pdb,0a9b10f954ba28f0502ca6510622b650273f8d1414832a38aa9545957b878e3e,24,24,0,0.0
A71EV2A-x4207b,x4207a_x4207b,2f430e43c57597b4,COc1ccccc1[C@@H](NC(C)=O)C(=O)N1CCC[C@H](C(N)=O)C1,COc1ccccc1[C@H](NC(C)=O)C(=O)N1CCC[C@H](C(N)=O)C1 |o1:8|,COc1ccccc1[C@@H](NC(C)=O)C(=O)N1CCC[C@H](C(N)=O)C1,O=C(Cc1ccccc1)N1CCCCC1,5.238439218136987,False,True,structures/x4207a_x4207b/A71EV2A-x4207b/A71EV2A-x4207b_ligand_ref.sdf,1a28d61a12701f3c0cffd7d9be7da53bbe9fb4e1182bc2029dba12e7b7d96f0e,raw/A71EV2A-x4207b.pdb,c7c092f263764b3857c20f7227646f5b40f24321ba2dcc5a3854f4bc141a6f41,24,24,0,0.0
A71EV2A-x4209a,x3942a_x4209a,50ff5b64012057d2,COc1cccc(Cl)c1CC(=O)N1CCC[C@H](C(N)=O)C1,COc1cccc(Cl)c1CC(=O)N1CCC[C@H](C(N)=O)C1 |o1:16|,COc1cccc(Cl)c1CC(=O)N1CCC[C@H](C(N)=O)C1,O=C(Cc1ccccc1)N1CCCCC1,4.37828501116997,False,True,structures/x3942a_x4209a/A71EV2A-x4209a/A71EV2A-x4209a_ligand_ref.sdf,038140b6772ddf8d84a97c19065f1b8db5858dfc5c38a165ae539c6f433221fa,raw/A71EV2A-x4209a.pdb,873f60d4476a90cbacb6bcfd1a422541d4af98d999f0e1e7733642fef17e1922,21,21,0,0.0
A71EV2A-x4214a,x4214a_x4214b,2908bd7e63199081,COc1ccccc1S(=O)(=O)N1CCC[C@H](C(N)=O)C1,COc1ccccc1S(=O)(=O)N1CCC[C@H](C(N)=O)C1 |a:15|,COc1ccccc1S(=O)(=O)N1CCC[C@H](C(N)=O)C1,O=S(=O)(c1ccccc1)N1CCCCC1,5.161780778092374,False,True,structures/x4214a_x4214b/A71EV2A-x4214a/A71EV2A-x4214a_ligand_ref.sdf,4fa9e88d0d2d3f456b1603ec8e37e51bbfa9a67d5f4cb500f9655f0ea7d56564,raw/A71EV2A-x4214a.pdb,1469fe8ffec5f27dff02ee5e0d80549ab94b2a5c73106f1faceac5eec0125f65,20,20,0,0.0
A71EV2A-x4214b,x4214a_x4214b,2908bd7e63199081,COc1ccccc1S(=O)(=O)N1CCC[C@H](C(N)=O)C1,COc1ccccc1S(=O)(=O)N1CCC[C@H](C(N)=O)C1 |a:15|,COc1ccccc1S(=O)(=O)N1CCC[C@H](C(N)=O)C1,O=S(=O)(c1ccccc1)N1CCCCC1,5.161780778092374,False,True,structures/x4214a_x4214b/A71EV2A-x4214b/A71EV2A-x4214b_ligand_ref.sdf,b835d339e813b935c3ba6f0f289d91ff446ec3d6fb3846da4dd1562aacca6361,raw/A71EV2A-x4214b.pdb,0188c5b5d30f7d704cee3aaaaf896728375cf88954f36a8bd4d1977e8fa06b5a,20,20,0,0.0
A71EV2A-x4237a,x4237a_x4237b_x4237c_x4237d,2a042ed13640df7c,NC(=O)[C@H]1CCCN(C(=O)[C@@H](Cc2ccc(F)cc2)c2ccccc2)C1,NC(=O)[C@H]1CCCN(C(=O)[C@H](Cc2ccc(F)cc2)c2ccccc2)C1 |&1:10|,NC(=O)[C@H]1CCCN(C(=O)[C@@H](Cc2ccc(F)cc2)c2ccccc2)C1,O=C([C@@H](Cc1ccccc1)c1ccccc1)N1CCCCC1,5.478592246479633,False,True,structures/x4237a_x4237b_x4237c_x4237d/A71EV2A-x4237a/A71EV2A-x4237a_ligand_ref.sdf,dc068fc31529cba039be87dab35e75aff9f3e7c94e5137018d1f8d8ebb10b252,raw/A71EV2A-x4237a.pdb,25fa8e77621783d67caa3cdd2dd4b0ecaec2571df48dd86a812e4ca601f9410b,26,26,0,0.0
A71EV2A-x4237b,x4237a_x4237b_x4237c_x4237d,2a042ed13640df7c,NC(=O)[C@H]1CCCN(C(=O)[C@@H](Cc2ccc(F)cc2)c2ccccc2)C1,NC(=O)[C@H]1CCCN(C(=O)[C@H](Cc2ccc(F)cc2)c2ccccc2)C1 |&1:10|,NC(=O)[C@H]1CCCN(C(=O)[C@@H](Cc2ccc(F)cc2)c2ccccc2)C1,O=C([C@@H](Cc1ccccc1)c1ccccc1)N1CCCCC1,5.478592246479633,False,True,structures/x4237a_x4237b_x4237c_x4237d/A71EV2A-x4237b/A71EV2A-x4237b_ligand_ref.sdf,1ec3df633e2984eb5d75821782d0c361de634103d1033de02b4ea6fd7487dab5,raw/A71EV2A-x4237b.pdb,1f3d7716d24c2f08c143ec397f04864e7ad1a63e084807716a262bdc11ee21f9,26,26,0,0.0
A71EV2A-x4237c,x4237a_x4237b_x4237c_x4237d,2a042ed13640df7c,NC(=O)[C@H]1CCCN(C(=O)[C@@H](Cc2ccc(F)cc2)c2ccccc2)C1,NC(=O)[C@H]1CCCN(C(=O)[C@H](Cc2ccc(F)cc2)c2ccccc2)C1 |&1:10|,NC(=O)[C@H]1CCCN(C(=O)[C@@H](Cc2ccc(F)cc2)c2ccccc2)C1,O=C([C@@H](Cc1ccccc1)c1ccccc1)N1CCCCC1,5.478592246479633,False,True,structures/x4237a_x4237b_x4237c_x4237d/A71EV2A-x4237c/A71EV2A-x4237c_ligand_ref.sdf,40bf88f65b7f8caa82eafa0a7ff38e52318fd52496f146b00f31fa1805e95963,raw/A71EV2A-x4237c.pdb,b886f684b4354b727e54f9794f3f7028b2d06c959f91e35843d73afda62e181c,26,26,0,0.0
A71EV2A-x4237d,x4237a_x4237b_x4237c_x4237d,2a042ed13640df7c,NC(=O)[C@H]1CCCN(C(=O)[C@@H](Cc2ccc(F)cc2)c2ccccc2)C1,NC(=O)[C@H]1CCCN(C(=O)[C@H](Cc2ccc(F)cc2)c2ccccc2)C1 |&1:10|,NC(=O)[C@H]1CCCN(C(=O)[C@@H](Cc2ccc(F)cc2)c2ccccc2)C1,O=C([C@@H](Cc1ccccc1)c1ccccc1)N1CCCCC1,5.478592246479633,False,True,structures/x4237a_x4237b_x4237c_x4237d/A71EV2A-x4237d/A71EV2A-x4237d_ligand_ref.sdf,722b1891e8051a9a641bce61511823855e6e5ef6c74e7da8f39793cb06efb7d7,raw/A71EV2A-x4237d.pdb,8ec60bf912ba9985d4ffb62dbcaa12d2a7972a1baaba96e817807aeb8d6dc51b,26,26,0,0.0
A71EV2A-x4239a,x4239a,de96858af2f58275,COc1cccc(Cl)c1CC(=O)N1C[C@H](C(N)=O)[C@H]2CCC[C@H]21,"COc1cccc(Cl)c1CC(=O)N1C[C@H](C(N)=O)[C@H]2CCC[C@H]21 |&1:14,&2:18,22|",COc1cccc(Cl)c1CC(=O)N1C[C@H](C(N)=O)[C@H]2CCC[C@H]21,O=C(Cc1ccccc1)N1CC[C@H]2CCC[C@H]21,4.819608655063361,False,True,structures/x4239a/A71EV2A-x4239a/A71EV2A-x4239a_ligand_ref.sdf,4483d677b4c289bbbe32e82f97fed3e7eb0712a2a9bf288de9ce3301b474b6a0,raw/A71EV2A-x4239a.pdb,f7c16c3093baba5d3de1f9c2a4335929473ef283cbb8252b1de1008b24b5eea8,23,23,0,0.0
A71EV2A-x4260a,x4260a,4041327c4a264834,NC(=O)[C@H]1CCCN(C(=O)[C@H]2CCOc3ccc(Cl)cc32)C1,NC(=O)[C@H]1CCCN(C(=O)[C@H]2CCOc3ccc(Cl)cc32)C1 |&1:10|,NC(=O)[C@H]1CCCN(C(=O)[C@H]2CCOc3ccc(Cl)cc32)C1,O=C([C@H]1CCOc2ccccc21)N1CCCCC1,5.28547334915742,False,True,structures/x4260a/A71EV2A-x4260a/A71EV2A-x4260a_ligand_ref.sdf,d12d24db5481f7ac2873d4dd734579020257e98430c45a08f47d7bd93e95d127,raw/A71EV2A-x4260a.pdb,2af5c066ce35319721bb9aea71cba4c9edafdd37edc4d85fb7e190813313316d,22,22,0,0.0
A71EV2A-x4274a,x4274a_x4274b,8846489d880c1877,COc1cccnc1CN1CCC[C@H](C(N)=O)C1,COc1cccnc1CN1CCC[C@H](C(N)=O)C1 |a:13|,COc1cccnc1CN1CCC[C@H](C(N)=O)C1,c1ccc(CN2CCCCC2)nc1,5.576653344896242,False,True,structures/x4274a_x4274b/A71EV2A-x4274a/A71EV2A-x4274a_ligand_ref.sdf,9939209012387c65fedabd35917584dc06cd7b92b56dbdaad63700ec5781f088,raw/A71EV2A-x4274a.pdb,f3aeff294bece8b2917676b1dc69bf7ed3b0d7eb0aa73df77076a06eeeab556a,18,18,0,0.0
A71EV2A-x4274b,x4274a_x4274b,8846489d880c1877,COc1cccnc1CN1CCC[C@H](C(N)=O)C1,COc1cccnc1CN1CCC[C@H](C(N)=O)C1 |a:13|,COc1cccnc1CN1CCC[C@H](C(N)=O)C1,c1ccc(CN2CCCCC2)nc1,5.576653344896242,False,True,structures/x4274a_x4274b/A71EV2A-x4274b/A71EV2A-x4274b_ligand_ref.sdf,d6098fb75ce24507ac61fdb7e8b4f706ba3ce78350bc7a7d66de83a4fca001e2,raw/A71EV2A-x4274b.pdb,48b657d5bf0d94b2c9e136f89aa6f626cd3ddd7486383750914eab7993174196,18,18,0,0.0
A71EV2A-x4283a,x4283a_x4283b,d6092b98cda18ea7,COc1cccnc1CC(=O)N1CCC[C@H](C(N)=O)C1,COc1cccnc1CC(=O)N1CCC[C@H](C(N)=O)C1 |a:15|,COc1cccnc1CC(=O)N1CCC[C@H](C(N)=O)C1,O=C(Cc1ccccn1)N1CCCCC1,4.648165195719463,False,True,structures/x4283a_x4283b/A71EV2A-x4283a/A71EV2A-x4283a_ligand_ref.sdf,9b014bde40bf7183cc4ce06f97a803c0640535307cdfcbe320fb697913831c0f,raw/A71EV2A-x4283a.pdb,650a84c9049e961e7c32db8af40d56f4e07e66e15e34ec201cdbb418b696b580,20,20,0,0.0
A71EV2A-x4283b,x4283a_x4283b,d6092b98cda18ea7,COc1cccnc1CC(=O)N1CCC[C@H](C(N)=O)C1,COc1cccnc1CC(=O)N1CCC[C@H](C(N)=O)C1 |a:15|,COc1cccnc1CC(=O)N1CCC[C@H](C(N)=O)C1,O=C(Cc1ccccn1)N1CCCCC1,4.648165195719463,False,True,structures/x4283a_x4283b/A71EV2A-x4283b/A71EV2A-x4283b_ligand_ref.sdf,498ef6f7509d978b34214e27872f8a78af42caa6c4b46e881fa1f619528d2567,raw/A71EV2A-x4283b.pdb,f179a075701030c8051eecc35bade809fd0afd6f3ad70a74fe2b71a1a2bf6244,20,20,0,0.0
A71EV2A-x4386a,x4386a,eea0e4843aa0c232,CSc1ccccc1CC(=O)N1CCC[C@H](C(N)=O)C1,CSc1ccccc1CC(=O)N1CCC[C@H](C(N)=O)C1 |a:15|,CSc1ccccc1CC(=O)N1CCC[C@H](C(N)=O)C1,O=C(Cc1ccccc1)N1CCCCC1,5.393063563669464,False,True,structures/x4386a/A71EV2A-x4386a/A71EV2A-x4386a_ligand_ref.sdf,7b2e0398f4a248bc90248261434ff612cadfe2fc7da262315f82f3f99b29dd4b,raw/A71EV2A-x4386a.pdb,9976829fcbc55398e65ec4ddc82a018e5ee7379b3fba0cc942456db10040bbdb,20,20,0,0.0
A71EV2A-x4388a,x4388a,1907738be0e8545c,COc1ncc(Br)cc1CC(=O)N1CCC[C@H](C(N)=O)C1,COc1ncc(Br)cc1CC(=O)N1CCC[C@H](C(N)=O)C1 |a:16|,COc1ncc(Br)cc1CC(=O)N1CCC[C@H](C(N)=O)C1,O=C(Cc1cccnc1)N1CCCCC1,4.832067775571805,False,True,structures/x4388a/A71EV2A-x4388a/A71EV2A-x4388a_ligand_ref.sdf,f0a64f457cd13928ac0748d47666d9f1631b238296e42e6d10e126feac6cf387,raw/A71EV2A-x4388a.pdb,6a92e958bf882b97c31a7a772773522c088ed82521ca06e1e3d8fdf290383f7a,21,21,0,0.0
A71EV2A-x4402a,x4402a,7429515cd4091f89,Cc1cccc(N2CCCN(CCC(N)=O)C2=O)c1,Cc1cccc(N2CCCN(CCC(N)=O)C2=O)c1,Cc1cccc(N2CCCN(CCC(N)=O)C2=O)c1,O=C1NCCCN1c1ccccc1,4.9115465169214945,False,True,structures/x4402a/A71EV2A-x4402a/A71EV2A-x4402a_ligand_ref.sdf,2e4ebcf321ca3a959c3ddaa5ecd6441956d9d882fc0544115248b8673749378d,raw/A71EV2A-x4402a.pdb,132b8a935c079e66a33a6cc5185c13e3ab3207bcebf9f270bb821659d26ecbbf,19,19,0,0.0
A71EV2A-x4403a,x4403a,e3b322d6d3a5f0c1,NC(=O)[C@H]1CCCN(C(=O)Cc2ccccc2CS(N)(=O)=O)C1,NC(=O)[C@H]1CCCN(C(=O)Cc2ccccc2CS(N)(=O)=O)C1 |a:3|,NC(=O)[C@H]1CCCN(C(=O)Cc2ccccc2CS(N)(=O)=O)C1,O=C(Cc1ccccc1)N1CCCCC1,4.135380979941972,False,True,structures/x4403a/A71EV2A-x4403a/A71EV2A-x4403a_ligand_ref.sdf,9ed29142c6889abe0cf30827b103daf4e0c526f7dd95d7f6201c76ed6b135ad9,raw/A71EV2A-x4403a.pdb,1e414731a57ebf4c715de7fb3c05892fa1254520003384b5ddb7d1d952f6acde,23,23,0,0.0
A71EV2A-x4406a,x4406a,5d60b8eeb5db7f03,COc1ccccc1[C@H](O)CN1C[C@@H](C(N)=O)CCC1=O,"COc1ccccc1[C@H](O)CN1C[C@H](C(N)=O)CCC1=O |&1:8,&2:13|",COc1ccccc1[C@H](O)CN1C[C@@H](C(N)=O)CCC1=O,O=C1CCCCN1CCc1ccccc1,5.212129340035951,False,True,structures/x4406a/A71EV2A-x4406a/A71EV2A-x4406a_ligand_ref.sdf,254d1c17315295ae495ca96d71be2c946926a21e7db7565fc51f12ea2db83ca3,raw/A71EV2A-x4406a.pdb,5629ba9eac256f7190a64d22f9d9e8836a4e328287b8919b48af1f78cc6fa55d,21,21,0,0.0
A71EV2A-x4409a,x4409a,bfcb37d5dc6d9fe1,NC(=O)[C@H]1CCC(=O)N(C[C@H]2CCOc3ccccc32)C1,"NC(=O)[C@H]1CCC(=O)N(C[C@H]2CCOc3ccccc32)C1 |&1:3,&2:10|",NC(=O)[C@H]1CCC(=O)N(C[C@H]2CCOc3ccccc32)C1,O=C1CCCCN1C[C@H]1CCOc2ccccc21,4.620443689892642,False,True,structures/x4409a/A71EV2A-x4409a/A71EV2A-x4409a_ligand_ref.sdf,ecc99bbf8be99fcdbe1dbabfbf3e64b2a9cae8d292d4fb47bc3603a81c54ca58,raw/A71EV2A-x4409a.pdb,5e1e2034b8494c65c1e32b56b024ed03a22b9d3d1f0bea88e77c99a848002414,21,21,0,0.0
A71EV2A-x4416a,x4416a,f87c6c41659133ae,NC(=O)[C@H]1CCCN(C(=O)[C@]2(Cc3ccc(F)cc3)CCCCO2)C1,"NC(=O)[C@H]1CCCN(C(=O)[C@]2(Cc3ccc(F)cc3)CCCCO2)C1 |&1:3,&2:10|",NC(=O)[C@H]1CCCN(C(=O)[C@]2(Cc3ccc(F)cc3)CCCCO2)C1,O=C(N1CCCCC1)[C@]1(Cc2ccccc2)CCCCO1,4.609064892896621,False,True,structures/x4416a/A71EV2A-x4416a/A71EV2A-x4416a_ligand_ref.sdf,482e6f6ab1e871e6268c626fe74b558c02e575cd554bd59c8eed10b73a8ebeeb,raw/A71EV2A-x4416a.pdb,5976d9d28897fc8e9090ed72f2ad3417b57250c4ade8cdbaa31ab00d1ea4c38d,25,25,0,0.0
A71EV2A-x4418a,x4418a,20b1c2efbde48a31,COc1ncccc1NC(=O)N1CC[C@H](C(N)=O)C1,COc1ncccc1NC(=O)N1CC[C@H](C(N)=O)C1 |a:14|,COc1ncccc1NC(=O)N1CC[C@H](C(N)=O)C1,O=C(Nc1cccnc1)N1CCCC1,4.618016608302379,False,True,structures/x4418a/A71EV2A-x4418a/A71EV2A-x4418a_ligand_ref.sdf,a809ef87aea9a71d5dcd83f19408b4784f1cb3aee050fbfa6466b2e511902412,raw/A71EV2A-x4418a.pdb,e0c2002b177491f5db3f60e77469f4ab436731b1aef06744c2a5a234cec287a3,19,19,0,0.0
A71EV2A-x4426a,x4426a,b9bac7abb30b3092,C#C[C@H](NCCc1cocn1)c1nn(C)c2ccccc12,C#C[C@H](NCCc1cocn1)c1nn(C)c2ccccc12 |&1:2|,C#C[C@H](NCCc1cocn1)c1nn(C)c2ccccc12,c1ccc2c(CNCCc3cocn3)n[nH]c2c1,4.716801953096995,False,True,structures/x4426a/A71EV2A-x4426a/A71EV2A-x4426a_ligand_ref.sdf,36baca444e8124a9afe8a576ab8d189afe2f7c3cfa515cc8242ec19af8a86662,raw/A71EV2A-x4426a.pdb,a988347020571ab392ce37ccc8d9e1b752b9c733ef6ef6ef4e63217644eee712,21,21,0,0.0
A71EV2A-x4429a,x4429a,d33109ce3ffbbefd,COc1ccc(C(F)(F)F)cc1NC(=O)N1CCC[C@H](C(N)=O)C1,COc1ccc(C(F)(F)F)cc1NC(=O)N1CCC[C@H](C(N)=O)C1 |a:19|,COc1ccc(C(F)(F)F)cc1NC(=O)N1CCC[C@H](C(N)=O)C1,O=C(Nc1ccccc1)N1CCCCC1,4.069229199277436,False,True,structures/x4429a/A71EV2A-x4429a/A71EV2A-x4429a_ligand_ref.sdf,beeaa50f3f5a09be40df21ced9ff547a015da514a661622aa0a5be5a4c5eeab3,raw/A71EV2A-x4429a.pdb,642208e24ebb87f60b17c8814a74deb3a5c2099f0dede7936fba0ebc4906547b,24,24,0,0.0
A71EV2A-x4431a,x4431a,cdc6cc8d70d6b19e,CSc1ccc(Br)cc1CC(=O)N1CCC[C@H](C(N)=O)C1,CSc1ccc(Br)cc1CC(=O)N1CCC[C@H](C(N)=O)C1 |a:16|,CSc1ccc(Br)cc1CC(=O)N1CCC[C@H](C(N)=O)C1,O=C(Cc1ccccc1)N1CCCCC1,6.504803930407411,False,True,structures/x4431a/A71EV2A-x4431a/A71EV2A-x4431a_ligand_ref.sdf,cc13d0a8acb4afba383ce394d7f466531e36ce5ec7f2dfabbb4a68d6d85e9c7d,raw/A71EV2A-x4431a.pdb,6a5d1fc4f172a3af5cea38af5c552a192e800d89a13757dbca9866822f77c997,21,21,0,0.0
A71EV2A-x4445a,x4445a_x4445b,c45442ac0150e524,COc1ccccc1[C@H](C)C(=O)N1CCC[C@H](C(N)=O)C1,COc1ccccc1[C@H](C)C(=O)N1CCC[C@H](C(N)=O)C1 |o1:8|,COc1ccccc1[C@H](C)C(=O)N1CCC[C@H](C(N)=O)C1,O=C(Cc1ccccc1)N1CCCCC1,5.415903931859735,False,True,structures/x4445a_x4445b/A71EV2A-x4445a/A71EV2A-x4445a_ligand_ref.sdf,69975301a9bb1c5a318899fd5aa86389b36c8a53e0a26937a2d7b51615f336a9,raw/A71EV2A-x4445a.pdb,841a412765266b179b49f4d9058d4a106c1d78df295aa37845d35e7eb86dbd69,21,21,0,0.0
A71EV2A-x4445b,x4445a_x4445b,c45442ac0150e524,COc1ccccc1[C@H](C)C(=O)N1CCC[C@H](C(N)=O)C1,COc1ccccc1[C@H](C)C(=O)N1CCC[C@H](C(N)=O)C1 |o1:8|,COc1ccccc1[C@H](C)C(=O)N1CCC[C@H](C(N)=O)C1,O=C(Cc1ccccc1)N1CCCCC1,5.415903931859735,False,True,structures/x4445a_x4445b/A71EV2A-x4445b/A71EV2A-x4445b_ligand_ref.sdf,5ade3ee3e7344260855ba84f521a1f6bc744a6cdd55fe7e09665d69f3b87d88f,raw/A71EV2A-x4445b.pdb,29e150f374dbec0da330508a22affb13227faf7b2bc6f86cbca48f4fd07f0223,21,21,0,0.0
A71EV2A-x4447a,x4447a_x4447b,326d046d570f7829,Cn1cnc2c(NC(=O)N3CCC[C@H](C(N)=O)C3)cccc21,Cn1cnc2c(NC(=O)N3CCC[C@H](C(N)=O)C3)cccc21 |a:13|,Cn1cnc2c(NC(=O)N3CCC[C@H](C(N)=O)C3)cccc21,O=C(Nc1cccc2[nH]cnc12)N1CCCCC1,5.398637148380375,False,True,structures/x4447a_x4447b/A71EV2A-x4447a/A71EV2A-x4447a_ligand_ref.sdf,024b82e913f94deb99a2273ddf957de92f53f1921d8b6e75e211181f19af94ec,raw/A71EV2A-x4447a.pdb,72b1ba9d7c354973d1fe1332a59add4be20e870f1a8418102426d5871b49331f,22,22,0,0.0
A71EV2A-x4447b,x4447a_x4447b,326d046d570f7829,Cn1cnc2c(NC(=O)N3CCC[C@H](C(N)=O)C3)cccc21,Cn1cnc2c(NC(=O)N3CCC[C@H](C(N)=O)C3)cccc21 |a:13|,Cn1cnc2c(NC(=O)N3CCC[C@H](C(N)=O)C3)cccc21,O=C(Nc1cccc2[nH]cnc12)N1CCCCC1,5.398637148380375,False,True,structures/x4447a_x4447b/A71EV2A-x4447b/A71EV2A-x4447b_ligand_ref.sdf,184bc06cf699fc9abe83c0d5acab9d66d3cc9cf368987345db4c2c13d3604f41,raw/A71EV2A-x4447b.pdb,46adf177b56c71232a4b2f0b56b5a8efc494c6a8d47a295fc8ae266dab0c6210,22,22,0,0.0
A71EV2A-x4449a,x4449a_x4449b,2f430e43c57597b4,COc1ccccc1[C@H](NC(C)=O)C(=O)N1CCC[C@H](C(N)=O)C1,COc1ccccc1[C@H](NC(C)=O)C(=O)N1CCC[C@H](C(N)=O)C1 |o1:8|,COc1ccccc1[C@H](NC(C)=O)C(=O)N1CCC[C@H](C(N)=O)C1,O=C(Cc1ccccc1)N1CCCCC1,5.238439218136987,False,True,structures/x4449a_x4449b/A71EV2A-x4449a/A71EV2A-x4449a_ligand_ref.sdf,7defb6f45f37437a5e3cabf448ad6598945ffb0818b638d70c98407ab26c2176,raw/A71EV2A-x4449a.pdb,e40ddc17e7b41caff28ca035c569ea2d4648645fa355f50fa1fbf923321bcf74,24,24,0,0.0
A71EV2A-x4449b,x4449a_x4449b,2f430e43c57597b4,COc1ccccc1[C@H](NC(C)=O)C(=O)N1CCC[C@H](C(N)=O)C1,COc1ccccc1[C@H](NC(C)=O)C(=O)N1CCC[C@H](C(N)=O)C1 |o1:8|,COc1ccccc1[C@H](NC(C)=O)C(=O)N1CCC[C@H](C(N)=O)C1,O=C(Cc1ccccc1)N1CCCCC1,5.238439218136987,False,True,structures/x4449a_x4449b/A71EV2A-x4449b/A71EV2A-x4449b_ligand_ref.sdf,9f18391ac9a3617c528840445fb74ff93484dbe04f5792d1ffae9b50394af762,raw/A71EV2A-x4449b.pdb,80fda4fc5a3cc04a9164c460e61bbbdd6772aafbe07c8a39c1f1289146abeede,24,24,0,0.0
A71EV2A-x4451a,x4451a_x4451b,df19685ba471c4b0,NC(=O)[C@H]1CCCN(C(=O)[C@H](c2ccccc2)n2cccn2)C1,NC(=O)[C@H]1CCCN(C(=O)[C@H](c2ccccc2)n2cccn2)C1 |&1:10|,NC(=O)[C@H]1CCCN(C(=O)[C@H](c2ccccc2)n2cccn2)C1,O=C([C@H](c1ccccc1)n1cccn1)N1CCCCC1,4.869666231504994,False,True,structures/x4451a_x4451b/A71EV2A-x4451a/A71EV2A-x4451a_ligand_ref.sdf,9666d48d33265bf190bf664c336769f3ab86b17bd7ba228debd945b26ac1ef48,raw/A71EV2A-x4451a.pdb,05f6edd621b9e1d8ea9ba3e9b40af676073d0b9fc9b84531c9c4d28e9641f850,23,23,0,0.0
A71EV2A-x4451b,x4451a_x4451b,df19685ba471c4b0,NC(=O)[C@H]1CCCN(C(=O)[C@H](c2ccccc2)n2cccn2)C1,NC(=O)[C@H]1CCCN(C(=O)[C@H](c2ccccc2)n2cccn2)C1 |&1:10|,NC(=O)[C@H]1CCCN(C(=O)[C@H](c2ccccc2)n2cccn2)C1,O=C([C@H](c1ccccc1)n1cccn1)N1CCCCC1,4.869666231504994,False,True,structures/x4451a_x4451b/A71EV2A-x4451b/A71EV2A-x4451b_ligand_ref.sdf,2563e71d792d0be903ee6ad70856ff99a5ea0e35093bce7dad4cf8f72b58577e,raw/A71EV2A-x4451b.pdb,059928fc648c148b5e28c3adf8a1a26cf150b9cdeae08a17747e685fddb98b01,23,23,0,0.0
A71EV2A-x4456a,x4456a_x4456b,328885d87dd1a309,NC(=O)[C@H]1CCCN(C(=O)[C@@H]2CCc3cccc(O)c32)C1,NC(=O)[C@H]1CCCN(C(=O)[C@H]2CCc3cccc(O)c32)C1 |&1:10|,NC(=O)[C@H]1CCCN(C(=O)[C@@H]2CCc3cccc(O)c32)C1,O=C([C@@H]1CCc2ccccc21)N1CCCCC1,5.148337017678052,False,True,structures/x4456a_x4456b/A71EV2A-x4456a/A71EV2A-x4456a_ligand_ref.sdf,92e766053dbc77d70f90cbcedbe856a36396721463ed098a6a5153cfad98a240,raw/A71EV2A-x4456a.pdb,5a756c653eb2bc480f48f339ed08df7343345a6f76ff98142ac98c46aeb0c876,21,21,0,0.0
A71EV2A-x4456b,x4456a_x4456b,328885d87dd1a309,NC(=O)[C@H]1CCCN(C(=O)[C@@H]2CCc3cccc(O)c32)C1,NC(=O)[C@H]1CCCN(C(=O)[C@H]2CCc3cccc(O)c32)C1 |&1:10|,NC(=O)[C@H]1CCCN(C(=O)[C@@H]2CCc3cccc(O)c32)C1,O=C([C@@H]1CCc2ccccc21)N1CCCCC1,5.148337017678052,False,True,structures/x4456a_x4456b/A71EV2A-x4456b/A71EV2A-x4456b_ligand_ref.sdf,9e3fd4baafceda313332b7d1fd37d0aaf750edc9ab4404cab166b287270311ab,raw/A71EV2A-x4456b.pdb,63b850f61753d7f449106c3c4e101dbb7a0c673c0ece9bbf161f50a6057df68f,21,21,0,0.0
A71EV2A-x4461a,x4461a,8c7669995ef3729e,NC(=O)[C@H]1CCCN(C(=O)Cc2ccncc2Cl)C1,NC(=O)[C@H]1CCCN(C(=O)Cc2ccncc2Cl)C1 |a:3|,NC(=O)[C@H]1CCCN(C(=O)Cc2ccncc2Cl)C1,O=C(Cc1ccncc1)N1CCCCC1,5.18523404082538,False,True,structures/x4461a/A71EV2A-x4461a/A71EV2A-x4461a_ligand_ref.sdf,36560b06e64ae861aee9d5432ce27a2466f4fea415b35e5a165b7f6464e27bf8,raw/A71EV2A-x4461a.pdb,ea2a1433b5c702390a3fa84b8e1417b9e358eb51059b3054881fd927dd099c10,19,19,0,0.0
A71EV2A-x4463a,x4463a,f811f95924d5b059,NC(=O)[C@H]1CCCN(C(=O)Cc2cccc3nsnc23)C1,NC(=O)[C@H]1CCCN(C(=O)Cc2cccc3nsnc23)C1 |a:3|,NC(=O)[C@H]1CCCN(C(=O)Cc2cccc3nsnc23)C1,O=C(Cc1cccc2nsnc12)N1CCCCC1,4.492392502728005,False,True,structures/x4463a/A71EV2A-x4463a/A71EV2A-x4463a_ligand_ref.sdf,44c155bac25b921a14c3b1ede0544b280cf8f9ad7ff7ef6c5a028b25bec57e3d,raw/A71EV2A-x4463a.pdb,eec6d5c6656d38a8b9040d1aa99cb700194d3cc35b53033ce89629c18279f435,21,21,0,0.0
A71EV2A-x4464a,x4464a,02dd1f06d459c2fb,Cc1ncnc(C)c1CC(=O)N1CCC[C@H](C(N)=O)C1,Cc1ncnc(C)c1CC(=O)N1CCC[C@H](C(N)=O)C1 |a:15|,Cc1ncnc(C)c1CC(=O)N1CCC[C@H](C(N)=O)C1,O=C(Cc1cncnc1)N1CCCCC1,3.654064344980796,False,True,structures/x4464a/A71EV2A-x4464a/A71EV2A-x4464a_ligand_ref.sdf,08d1184c358ae1ab6de32018d9e77ef7db16c6efbb72db6b343deec9326d90f1,raw/A71EV2A-x4464a.pdb,33f44308b574d91ba8ac340aae78e1c868f357eeb612caa2855b812a97b6c0e0,20,20,0,0.0
A71EV2A-x4472a,x4472a,af10c4fe94b160bf,NC(=O)[C@H]1CCCN(C(=O)[C@H]2CCc3snnc32)C1,NC(=O)[C@H]1CCCN(C(=O)[C@H]2CCc3snnc32)C1 |&1:10|,NC(=O)[C@H]1CCCN(C(=O)[C@H]2CCc3snnc32)C1,O=C([C@H]1CCc2snnc21)N1CCCCC1,4.667561540084395,False,True,structures/x4472a/A71EV2A-x4472a/A71EV2A-x4472a_ligand_ref.sdf,d0b629ed04b4ca2d7b1b756f9ca23e2cbf1c4754d0ec26d7970cd73ba189fa28,raw/A71EV2A-x4472a.pdb,18033025782fc7d450eeadeff67dc93bd42a9277277abd9601b929482415323d,19,19,0,0.0
A71EV2A-x4476a,x4476a,f25ed8ad11ccd1c9,COc1ccccc1CC(=O)N1C[C@]2(C(N)=O)CC[C@H]1C2,"COc1ccccc1CC(=O)N1C[C@]2(C(N)=O)CC[C@H]1C2 |a:13,19|",COc1ccccc1CC(=O)N1C[C@]2(C(N)=O)CC[C@H]1C2,O=C(Cc1ccccc1)N1CC2CC[C@H]1C2,4.6216971581255635,False,True,structures/x4476a/A71EV2A-x4476a/A71EV2A-x4476a_ligand_ref.sdf,2a8dcc0549241bfdeef0028e5e61be9ae6aaf3635bedb0dd64554be35940ebb8,raw/A71EV2A-x4476a.pdb,d216a6ab35dc52ec991a8592aef1f5ce01d87496362ff4d95f4d04db3c32e825,21,21,0,0.0
A71EV2A-x4510a,x4510a_x4571a,81b7f515cba1e602,C[C@H](C(=O)N1CCC[C@H](C(N)=O)C1)c1cn(C)nc1C(F)(F)F,C[C@H](C(=O)N1CCC[C@H](C(N)=O)C1)c1cn(C)nc1C(F)(F)F |&1:1|,C[C@H](C(=O)N1CCC[C@H](C(N)=O)C1)c1cn(C)nc1C(F)(F)F,O=C(Cc1cn[nH]c1)N1CCCCC1,4.462842099070634,False,True,structures/x4510a_x4571a/A71EV2A-x4510a/A71EV2A-x4510a_ligand_ref.sdf,d9368ac222716b5c68bcce0df8fb0dc152642261279488c8951cba19727d42eb,raw/A71EV2A-x4510a.pdb,6023b1c4b2924cf6174d7f18c8d1c4ae8318ff22390696a8eb64d362f3a86f60,23,23,0,0.0
A71EV2A-x4514a,x4514a_x4575a,7634b3098a676cdb,NC(=O)[C@H]1CCCN(C(=O)C2(c3ccoc3)CCC2)C1,NC(=O)[C@H]1CCCN(C(=O)C2(c3ccoc3)CCC2)C1 |a:3|,NC(=O)[C@H]1CCCN(C(=O)C2(c3ccoc3)CCC2)C1,O=C(N1CCCCC1)C1(c2ccoc2)CCC1,4.618930913825583,False,True,structures/x4514a_x4575a/A71EV2A-x4514a/A71EV2A-x4514a_ligand_ref.sdf,9712195bc502ab3e22935b549c08f4cd924e9f483266950e0364f2d2ff835c64,raw/A71EV2A-x4514a.pdb,15cb3f873c0129d73e5b0a88c2a078da6212371547281bb0732399353bca04db,20,20,0,0.0
A71EV2A-x4519a,x4519a_x4519b_x4580a_x4580b,6ecdc1ff9fa11920,NC(=O)[C@H]1CCCN(C(=O)Cc2ncc3ccc(Br)cn23)C1,NC(=O)[C@H]1CCCN(C(=O)Cc2ncc3ccc(Br)cn23)C1 |a:3|,NC(=O)[C@H]1CCCN(C(=O)Cc2ncc3ccc(Br)cn23)C1,O=C(Cc1ncc2ccccn12)N1CCCCC1,4.424218724311264,False,True,structures/x4519a_x4519b_x4580a_x4580b/A71EV2A-x4519a/A71EV2A-x4519a_ligand_ref.sdf,5aeddef549c77f5a87b131b4c13d23b92955bced569084696681d11002730f02,raw/A71EV2A-x4519a.pdb,eaefcf6e72ece79ff6a9b35c5c8c8c9bab985443c1b7e902eecf2fd9edad5aa3,22,22,0,0.0
A71EV2A-x4519b,x4519a_x4519b_x4580a_x4580b,6ecdc1ff9fa11920,NC(=O)[C@H]1CCCN(C(=O)Cc2ncc3ccc(Br)cn23)C1,NC(=O)[C@H]1CCCN(C(=O)Cc2ncc3ccc(Br)cn23)C1 |a:3|,NC(=O)[C@H]1CCCN(C(=O)Cc2ncc3ccc(Br)cn23)C1,O=C(Cc1ncc2ccccn12)N1CCCCC1,4.424218724311264,False,True,structures/x4519a_x4519b_x4580a_x4580b/A71EV2A-x4519b/A71EV2A-x4519b_ligand_ref.sdf,67ead286bd2ee352de6baec75f6688d145d10a942c155fc7ef0b21cf9893db8e,raw/A71EV2A-x4519b.pdb,490138252ac7a75ee0988e8d84d7cafde428d19caad346054d5c7062334a96f1,22,22,0,0.0
A71EV2A-x4524a,x4524a_x4873a_x4873b,b8aaa3e6ccec636d,COc1cccc(NC(=O)N2CCC[C@H](C(N)=O)C2)c1Cl,COc1cccc(NC(=O)N2CCC[C@H](C(N)=O)C2)c1Cl |a:14|,COc1cccc(NC(=O)N2CCC[C@H](C(N)=O)C2)c1Cl,O=C(Nc1ccccc1)N1CCCCC1,4.612661045864782,False,True,structures/x4524a_x4873a_x4873b/A71EV2A-x4524a/A71EV2A-x4524a_ligand_ref.sdf,9b2eae0b8b6da678dfc96219487113f98645be38877f2a807ae5f37d0412f9a1,raw/A71EV2A-x4524a.pdb,bb89f5670b4c2732098097579d794586d925ddb177169abd1af5eec10eef96ef,21,21,0,0.0
A71EV2A-x4540a,x4540a,3b5d8f6bfe5b3639,NC(=O)[C@H]1CCCN(C(=O)Cn2cc(Br)cc(Cl)c2=O)C1,NC(=O)[C@H]1CCCN(C(=O)Cn2cc(Br)cc(Cl)c2=O)C1 |a:3|,NC(=O)[C@H]1CCCN(C(=O)Cn2cc(Br)cc(Cl)c2=O)C1,O=C(Cn1ccccc1=O)N1CCCCC1,3.7253509633996433,False,True,structures/x4540a/A71EV2A-x4540a/A71EV2A-x4540a_ligand_ref.sdf,5bde5c43c335623c3321d565fa53e77306f9d75b608bdf06dc2e0a4f39ba351f,raw/A71EV2A-x4540a.pdb,6540746af698a6b02edfabea3a912f3e3b4894690ee731d2b8f3332f85d26635,21,21,0,0.0
A71EV2A-x4547a,x4547a,27d1e2c1d73a8b05,Cn1nc(CN2C[C@H](C(N)=O)CCC2=O)c2ccccc21,Cn1nc(CN2C[C@H](C(N)=O)CCC2=O)c2ccccc21 |&1:7|,Cn1nc(CN2C[C@H](C(N)=O)CCC2=O)c2ccccc21,O=C1CCCCN1Cc1n[nH]c2ccccc12,5.116903441948165,False,True,structures/x4547a/A71EV2A-x4547a/A71EV2A-x4547a_ligand_ref.sdf,074fae3e14ba22db0f595f44fd1a4ce89ffb83a0b162a7f34c06c5255ef9a378,raw/A71EV2A-x4547a.pdb,2bbfed6e9b1dd3a3ea2ca991544aad1f52113f8601152a39b59223456039c1b6,21,21,0,0.0
A71EV2A-x4554a,x4554a,68e527a3d32c97df,COc1cccc(SC)c1NC(=O)N1CCC[C@H](C(N)=O)C1,COc1cccc(SC)c1NC(=O)N1CCC[C@H](C(N)=O)C1 |a:17|,COc1cccc(SC)c1NC(=O)N1CCC[C@H](C(N)=O)C1,O=C(Nc1ccccc1)N1CCCCC1,5.161195917717353,False,True,structures/x4554a/A71EV2A-x4554a/A71EV2A-x4554a_ligand_ref.sdf,a788a908b5fea5d872524101e8f97feee5616f38ca6b0434d76254c995bf8736,raw/A71EV2A-x4554a.pdb,bbb7e85e541d63da2d54301e09fd622ee2f61d4da26bf3e4a0fc257619c159b8,22,22,0,0.0
A71EV2A-x4571a,x4510a_x4571a,81b7f515cba1e602,C[C@H](C(=O)N1CCC[C@H](C(N)=O)C1)c1cn(C)nc1C(F)(F)F,C[C@H](C(=O)N1CCC[C@H](C(N)=O)C1)c1cn(C)nc1C(F)(F)F |&1:1|,C[C@H](C(=O)N1CCC[C@H](C(N)=O)C1)c1cn(C)nc1C(F)(F)F,O=C(Cc1cn[nH]c1)N1CCCCC1,4.462842099070634,False,True,structures/x4510a_x4571a/A71EV2A-x4571a/A71EV2A-x4571a_ligand_ref.sdf,93a3820eff492e01c7af7487bc8ccbebfc58d14981cf97907bb11d2c4ffd3674,raw/A71EV2A-x4571a.pdb,328e1e48378c051d35d9826f122a72e1222cb9ed9a43721affb5f351bb5698fa,23,23,0,0.0
A71EV2A-x4575a,x4514a_x4575a,7634b3098a676cdb,NC(=O)[C@H]1CCCN(C(=O)C2(c3ccoc3)CCC2)C1,NC(=O)[C@H]1CCCN(C(=O)C2(c3ccoc3)CCC2)C1 |a:3|,NC(=O)[C@H]1CCCN(C(=O)C2(c3ccoc3)CCC2)C1,O=C(N1CCCCC1)C1(c2ccoc2)CCC1,4.618930913825583,False,True,structures/x4514a_x4575a/A71EV2A-x4575a/A71EV2A-x4575a_ligand_ref.sdf,cc146ebac91558fe53520e8327138559ec25d97fef13aeab131974d8469dba21,raw/A71EV2A-x4575a.pdb,078fba64ca54210a305e2a6567b5b1edc097a6d765d06603822b3276e6c55899,20,20,0,0.0
A71EV2A-x4580a,x4519a_x4519b_x4580a_x4580b,6ecdc1ff9fa11920,NC(=O)[C@H]1CCCN(C(=O)Cc2ncc3ccc(Br)cn23)C1,NC(=O)[C@H]1CCCN(C(=O)Cc2ncc3ccc(Br)cn23)C1 |a:3|,NC(=O)[C@H]1CCCN(C(=O)Cc2ncc3ccc(Br)cn23)C1,O=C(Cc1ncc2ccccn12)N1CCCCC1,4.424218724311264,False,True,structures/x4519a_x4519b_x4580a_x4580b/A71EV2A-x4580a/A71EV2A-x4580a_ligand_ref.sdf,b8684bc37098f037795692b2bc22267f9ed8246d0c17bf67beead07181318466,raw/A71EV2A-x4580a.pdb,8cdc54730a4bccbe9f2af57f6cb1d3e15df3b2c1dc2a286813dbd8a6a19d0437,22,22,0,0.0
A71EV2A-x4580b,x4519a_x4519b_x4580a_x4580b,6ecdc1ff9fa11920,NC(=O)[C@H]1CCCN(C(=O)Cc2ncc3ccc(Br)cn23)C1,NC(=O)[C@H]1CCCN(C(=O)Cc2ncc3ccc(Br)cn23)C1 |a:3|,NC(=O)[C@H]1CCCN(C(=O)Cc2ncc3ccc(Br)cn23)C1,O=C(Cc1ncc2ccccn12)N1CCCCC1,4.424218724311264,False,True,structures/x4519a_x4519b_x4580a_x4580b/A71EV2A-x4580b/A71EV2A-x4580b_ligand_ref.sdf,6bb6f945a7f735c3efe5e11121cd303c43a00ff9bff4793667076470e25d955f,raw/A71EV2A-x4580b.pdb,5d1662ee0f2f2823c7e86936a2df7bdd73c543c7b9ad4a6d354430fa58847b4b,22,22,0,0.0
A71EV2A-x4583a,x4583a_x4583b,83ec6abb91dc7519,CN1c2ccccc2C[C@@H]1C(=O)N1CCC[C@H](C(N)=O)C1,CN1c2ccccc2C[C@H]1C(=O)N1CCC[C@H](C(N)=O)C1 |&1:9|,CN1c2ccccc2C[C@@H]1C(=O)N1CCC[C@H](C(N)=O)C1,O=C([C@H]1Cc2ccccc2N1)N1CCCCC1,4.598941671349912,False,True,structures/x4583a_x4583b/A71EV2A-x4583a/A71EV2A-x4583a_ligand_ref.sdf,b4e5ce3a08a4a3db2f3e1e6667e225d13b886106efca61fc80bb0b02239211d9,raw/A71EV2A-x4583a.pdb,ab7bb881365242b1e08bf3135f03842704acbe0d53c5ed10ef5908c6f0b93cda,21,21,0,0.0
A71EV2A-x4583b,x4583a_x4583b,83ec6abb91dc7519,CN1c2ccccc2C[C@@H]1C(=O)N1CCC[C@H](C(N)=O)C1,CN1c2ccccc2C[C@H]1C(=O)N1CCC[C@H](C(N)=O)C1 |&1:9|,CN1c2ccccc2C[C@@H]1C(=O)N1CCC[C@H](C(N)=O)C1,O=C([C@H]1Cc2ccccc2N1)N1CCCCC1,4.598941671349912,False,True,structures/x4583a_x4583b/A71EV2A-x4583b/A71EV2A-x4583b_ligand_ref.sdf,9180a8c47f95f7f6edf59030dd63753dc4ba6d32092afc86a4271be0bc8293bb,raw/A71EV2A-x4583b.pdb,e41de4a2a6509ba77a3b238949c0bb982538b520966465b3104bf2a6c9b37234,21,21,0,0.0
A71EV2A-x4596a,x4596a_x4596b_x4596c,b659add1e7ade706,NC(=O)[C@H]1CCC(=O)N(Cc2ccc3cc[nH]c3c2)C1,NC(=O)[C@H]1CCC(=O)N(Cc2ccc3cc[nH]c3c2)C1 |&1:3|,NC(=O)[C@H]1CCC(=O)N(Cc2ccc3cc[nH]c3c2)C1,O=C1CCCCN1Cc1ccc2cc[nH]c2c1,4.611743840379951,False,True,structures/x4596a_x4596b_x4596c/A71EV2A-x4596a/A71EV2A-x4596a_ligand_ref.sdf,803fd688e05e995f4859d10f1cfb13838b64464dd71cfb82e83aa99c88df4355,raw/A71EV2A-x4596a.pdb,df15493d825590849c864a32cc8f28189b6d12f58210102167e729dbcdfd5987,20,20,0,0.0
A71EV2A-x4596b,x4596a_x4596b_x4596c,b659add1e7ade706,NC(=O)[C@H]1CCC(=O)N(Cc2ccc3cc[nH]c3c2)C1,NC(=O)[C@H]1CCC(=O)N(Cc2ccc3cc[nH]c3c2)C1 |&1:3|,NC(=O)[C@H]1CCC(=O)N(Cc2ccc3cc[nH]c3c2)C1,O=C1CCCCN1Cc1ccc2cc[nH]c2c1,4.611743840379951,False,True,structures/x4596a_x4596b_x4596c/A71EV2A-x4596b/A71EV2A-x4596b_ligand_ref.sdf,01a7026c1928f6950d18af91be3ec3e0cde2e8de27e84068d9c8d928dc4539df,raw/A71EV2A-x4596b.pdb,f356c94037bc95090de7dee46bf1a231f4e29b303dd0cf717966cf0e91bb1a9b,20,20,0,0.0
A71EV2A-x4606a,x4606a_x4606b,8a235b2ffd7e0fbc,NC(=O)[C@H]1CCCN(C(=O)[C@@H]2SCc3cccnc32)C1,NC(=O)[C@H]1CCCN(C(=O)[C@H]2SCc3cccnc32)C1 |&1:10|,NC(=O)[C@H]1CCCN(C(=O)[C@@H]2SCc3cccnc32)C1,O=C([C@@H]1SCc2cccnc21)N1CCCCC1,4.60382166833978,False,True,structures/x4606a_x4606b/A71EV2A-x4606a/A71EV2A-x4606a_ligand_ref.sdf,7cbb4d633a1cd73d422848e04c3232e6e4f0bb13c2f3d52c595378ad8b62d4e7,raw/A71EV2A-x4606a.pdb,7abf02fcbe397f43516a6fea8aca0cd90c71c3f7d2cd7d819cb562993a544694,20,20,0,0.0
A71EV2A-x4606b,x4606a_x4606b,8a235b2ffd7e0fbc,NC(=O)[C@H]1CCCN(C(=O)[C@@H]2SCc3cccnc32)C1,NC(=O)[C@H]1CCCN(C(=O)[C@H]2SCc3cccnc32)C1 |&1:10|,NC(=O)[C@H]1CCCN(C(=O)[C@@H]2SCc3cccnc32)C1,O=C([C@@H]1SCc2cccnc21)N1CCCCC1,4.60382166833978,False,True,structures/x4606a_x4606b/A71EV2A-x4606b/A71EV2A-x4606b_ligand_ref.sdf,37cae5184d0d2ce4c3ab03f86ec9c7d9c22a5687fb004396e111eb97ee1f1883,raw/A71EV2A-x4606b.pdb,2ecb3b9f1fd2858dcdf7dc0c21eadcff2f5d7d72db064ff925413b01c80896fd,20,20,0,0.0
A71EV2A-x4608a,x4608a,4c5f4c9caa35ecb7,Cn1cc2c(n1)CCC[C@@H]2C(=O)N1CCC[C@H](C(N)=O)C1,Cn1cc2c(n1)CCC[C@H]2C(=O)N1CCC[C@H](C(N)=O)C1 |&1:9|,Cn1cc2c(n1)CCC[C@@H]2C(=O)N1CCC[C@H](C(N)=O)C1,O=C([C@H]1CCCc2n[nH]cc21)N1CCCCC1,3.7495909235288316,False,True,structures/x4608a/A71EV2A-x4608a/A71EV2A-x4608a_ligand_ref.sdf,cdfdad59431a135d1e7bb4b972493c662eff3fffb23aba0d0be1a5ed1254f108,raw/A71EV2A-x4608a.pdb,73c63d3310917de9a1585ad3c9ea76a2156abc7c9dc0147cb189bd3c61c0a1ea,21,21,0,0.0
A71EV2A-x4654a,x4654a,252e8c55addb4b1f,NC(=O)[C@H]1CCCN(C(=O)Nc2cccc3c2S(=O)(=O)CCC3)C1,NC(=O)[C@H]1CCCN(C(=O)Nc2cccc3c2S(=O)(=O)CCC3)C1 |a:3|,NC(=O)[C@H]1CCCN(C(=O)Nc2cccc3c2S(=O)(=O)CCC3)C1,O=C(Nc1cccc2c1S(=O)(=O)CCC2)N1CCCCC1,4.616184634019569,False,True,structures/x4654a/A71EV2A-x4654a/A71EV2A-x4654a_ligand_ref.sdf,fcc4046de2dcc211ee4dddc6c40691af072f0f8459beec2e4ed35425580a5644,raw/A71EV2A-x4654a.pdb,a9db8323d8f38d4893871487aceaf6de9d31f0a50ff7658fd37990f49b98ba40,24,24,0,0.0
A71EV2A-x4656a,x4656a,5daa0f8d3f434bd8,NC(=O)[C@H]1CCCN(C(=O)Nc2ccccc2SC(F)F)C1,NC(=O)[C@H]1CCCN(C(=O)Nc2ccccc2SC(F)F)C1 |a:3|,NC(=O)[C@H]1CCCN(C(=O)Nc2ccccc2SC(F)F)C1,O=C(Nc1ccccc1)N1CCCCC1,4.325140144305149,False,True,structures/x4656a/A71EV2A-x4656a/A71EV2A-x4656a_ligand_ref.sdf,6499e662e7e77ef797ae90f5b30d216681b2dda2061dfdcf7379ea0f8e2dd006,raw/A71EV2A-x4656a.pdb,33961c0c0bd5aae9f0437d04b886518613c5910963fca51924799b90c3c3077c,22,22,0,0.0
A71EV2A-x4661a,x4661a,5a2acc7aabbbffbe,COc1ccccc1[C@H](C)N1C[C@@H](C(N)=O)CCC1=O,"COc1ccccc1[C@H](C)N1C[C@H](C(N)=O)CCC1=O |&1:8,&2:12|",COc1ccccc1[C@H](C)N1C[C@@H](C(N)=O)CCC1=O,O=C1CCCCN1Cc1ccccc1,5.565980102355844,False,True,structures/x4661a/A71EV2A-x4661a/A71EV2A-x4661a_ligand_ref.sdf,5422eaa5a3e3c422099f28837ec6ae8520f523e804544dca49c3833039e354ab,raw/A71EV2A-x4661a.pdb,5511934a414b4519174921eddbb801fbdf11e06ddcd3d635e81f85727cabf129,20,20,0,0.0
A71EV2A-x4669a,x4669a_x4669b,284fb4ae8152422d,NC(=O)[C@H]1CCCN(C(=O)Cc2cc3c(cc2Cl)OCCO3)C1,NC(=O)[C@H]1CCCN(C(=O)Cc2cc3c(cc2Cl)OCCO3)C1 |a:3|,NC(=O)[C@H]1CCCN(C(=O)Cc2cc3c(cc2Cl)OCCO3)C1,O=C(Cc1ccc2c(c1)OCCO2)N1CCCCC1,4.037176387439713,False,True,structures/x4669a_x4669b/A71EV2A-x4669a/A71EV2A-x4669a_ligand_ref.sdf,87416f775b75249f954874c050a9d1609307d030a122e323fce22a4bd43e8979,raw/A71EV2A-x4669a.pdb,49d54478e7dc2e3c3c627deb26aea33d969a520c5037ba601b73f8f5b395c357,23,23,0,0.0
A71EV2A-x4669b,x4669a_x4669b,284fb4ae8152422d,NC(=O)[C@H]1CCCN(C(=O)Cc2cc3c(cc2Cl)OCCO3)C1,NC(=O)[C@H]1CCCN(C(=O)Cc2cc3c(cc2Cl)OCCO3)C1 |a:3|,NC(=O)[C@H]1CCCN(C(=O)Cc2cc3c(cc2Cl)OCCO3)C1,O=C(Cc1ccc2c(c1)OCCO2)N1CCCCC1,4.037176387439713,False,True,structures/x4669a_x4669b/A71EV2A-x4669b/A71EV2A-x4669b_ligand_ref.sdf,e2c81a26e60afea2ccb83cedb45c160347b98c81e855c4fbcd7cdbe8e07a4dbd,raw/A71EV2A-x4669b.pdb,40003a0c87653c2089927323e67c0bfbe10effd2137c6f44a3ec8cc22b528f6d,23,23,0,0.0
A71EV2A-x4670a,x4670a,ae93e4a11f3e1688,CSc1cccc(Br)c1CC(=O)N1CCC[C@H](C(N)=O)C1,CSc1cccc(Br)c1CC(=O)N1CCC[C@H](C(N)=O)C1 |a:16|,CSc1cccc(Br)c1CC(=O)N1CCC[C@H](C(N)=O)C1,O=C(Cc1ccccc1)N1CCCCC1,5.23959580735841,False,True,structures/x4670a/A71EV2A-x4670a/A71EV2A-x4670a_ligand_ref.sdf,85e8140839c9dfd9f60f527d01a4282aa2846aac2e99af18c38292af1e2827a2,raw/A71EV2A-x4670a.pdb,d39c616b5f9e844fee1166fe8a4e44b7be991369b29f6c8feb4de56a866818cf,21,21,0,0.0
A71EV2A-x4674a,x4674a_x4674b_x4674c,64b629f5a66f5529,NC(=O)[C@H]1CCCN(C(=O)Nc2cccc3c2SCCC3)C1,NC(=O)[C@H]1CCCN(C(=O)Nc2cccc3c2SCCC3)C1 |a:3|,NC(=O)[C@H]1CCCN(C(=O)Nc2cccc3c2SCCC3)C1,O=C(Nc1cccc2c1SCCC2)N1CCCCC1,4.5141394746468695,False,True,structures/x4674a_x4674b_x4674c/A71EV2A-x4674a/A71EV2A-x4674a_ligand_ref.sdf,d571c7b8dad58705fe771fde2ceb2da36c534efa44dd0bbf6c9294595d76e00f,raw/A71EV2A-x4674a.pdb,7cc3f9cf4e31cf79f792a92b6ec38020331cc73485a1eabed07351ba495be13b,22,22,0,0.0
A71EV2A-x4674b,x4674a_x4674b_x4674c,64b629f5a66f5529,NC(=O)[C@H]1CCCN(C(=O)Nc2cccc3c2SCCC3)C1,NC(=O)[C@H]1CCCN(C(=O)Nc2cccc3c2SCCC3)C1 |a:3|,NC(=O)[C@H]1CCCN(C(=O)Nc2cccc3c2SCCC3)C1,O=C(Nc1cccc2c1SCCC2)N1CCCCC1,4.5141394746468695,False,True,structures/x4674a_x4674b_x4674c/A71EV2A-x4674b/A71EV2A-x4674b_ligand_ref.sdf,5487fd1ca19e82c4d476c70970101003ae72945d98bbb47af9186cb82813fe1c,raw/A71EV2A-x4674b.pdb,aa6a23b69fef1f2d57cf4e2a6bab55cc86ec8903bab427c408a86bb2d8be3579,22,22,0,0.0
A71EV2A-x4674c,x4674a_x4674b_x4674c,64b629f5a66f5529,NC(=O)[C@H]1CCCN(C(=O)Nc2cccc3c2SCCC3)C1,NC(=O)[C@H]1CCCN(C(=O)Nc2cccc3c2SCCC3)C1 |a:3|,NC(=O)[C@H]1CCCN(C(=O)Nc2cccc3c2SCCC3)C1,O=C(Nc1cccc2c1SCCC2)N1CCCCC1,4.5141394746468695,False,True,structures/x4674a_x4674b_x4674c/A71EV2A-x4674c/A71EV2A-x4674c_ligand_ref.sdf,b914226d355e691cddd6842d0c18335e66783380c23df63a39939e4031a3111d,raw/A71EV2A-x4674c.pdb,f50e2ebf7e33d4daec230c0516fe9fb0d880e82369cca4ab8381fd6a1be9bc71,22,22,0,0.0
A71EV2A-x4675a,x4675a,3bbdec6dd0fd0506,CS(=O)(=O)c1ccccc1CC(=O)N1CCC[C@H](C(N)=O)C1,CS(=O)(=O)c1ccccc1CC(=O)N1CCC[C@H](C(N)=O)C1 |a:17|,CS(=O)(=O)c1ccccc1CC(=O)N1CCC[C@H](C(N)=O)C1,O=C(Cc1ccccc1)N1CCCCC1,4.018181392829336,False,True,structures/x4675a/A71EV2A-x4675a/A71EV2A-x4675a_ligand_ref.sdf,fd9a4a0a7092b5040d6499211dcf371b94daa558d3df46df604bea91af9bd30a,raw/A71EV2A-x4675a.pdb,c7105f26460529dbb80f089028a1119505c4df343d09bc250c452896985f8a2a,22,22,0,0.0
A71EV2A-x4684a,x4684a,de734a87c6cf6b31,CSc1ccccc1N(C)C(=O)N1CC[C@H](C(N)=O)C1,CSc1ccccc1N(C)C(=O)N1CC[C@H](C(N)=O)C1 |a:15|,CSc1ccccc1N(C)C(=O)N1CC[C@H](C(N)=O)C1,O=C(Nc1ccccc1)N1CCCC1,4.640164517660112,False,True,structures/x4684a/A71EV2A-x4684a/A71EV2A-x4684a_ligand_ref.sdf,787a2d73a37d41cd47c819933133ae35b75297446d78d5e48ecd91926a3698df,raw/A71EV2A-x4684a.pdb,335bc8799ea9d56ec4f2727c602ed0c7f7c680de8020c6247e6eda9700432d78,20,20,0,0.0
A71EV2A-x4689a,x4689a,f1bd966dd0fc3e0f,CSc1cnccc1CC(=O)N1CCC[C@H](C(N)=O)C1,CSc1cnccc1CC(=O)N1CCC[C@H](C(N)=O)C1 |a:15|,CSc1cnccc1CC(=O)N1CCC[C@H](C(N)=O)C1,O=C(Cc1ccncc1)N1CCCCC1,4.407893372233542,False,True,structures/x4689a/A71EV2A-x4689a/A71EV2A-x4689a_ligand_ref.sdf,e15fc2d52c87f9e8330080d4eb649cec896af2b44fb8bab7ec930cc69b55de50,raw/A71EV2A-x4689a.pdb,1090cbf28bd25b497190586b1ea2fb66f62eead7781d38c7c736dff70b963d78,20,20,0,0.0
A71EV2A-x4694a,x4694a,8f31dfd851cab16d,CSc1ccccc1CN1C[C@H](C(N)=O)CCC1=O,CSc1ccccc1CN1C[C@H](C(N)=O)CCC1=O |o1:11|,CSc1ccccc1CN1C[C@H](C(N)=O)CCC1=O,O=C1CCCCN1Cc1ccccc1,4.6439741428068775,False,True,structures/x4694a/A71EV2A-x4694a/A71EV2A-x4694a_ligand_ref.sdf,b7a94fd5edbc017d9e60e81a47f55a72d8c02636f32c9f6ee1dd02cf8d14d79c,raw/A71EV2A-x4694a.pdb,5ffcef0ce635c12e693296991a45f13e830a56136b84d282ccd90e439ac5e56e,19,19,0,0.0
A71EV2A-x4701a,x4701a,25c2308c6de71c1a,CSCC1(CC(=O)N2CCC[C@H](C(N)=O)C2)CC1,CSCC1(CC(=O)N2CCC[C@H](C(N)=O)C2)CC1 |a:11|,CSCC1(CC(=O)N2CCC[C@H](C(N)=O)C2)CC1,O=C(CC1CC1)N1CCCCC1,4.0270354434741735,False,True,structures/x4701a/A71EV2A-x4701a/A71EV2A-x4701a_ligand_ref.sdf,34243578f112a7e6f67b6c69679f046d59573a68db0f19758b5c77cb467d69a7,raw/A71EV2A-x4701a.pdb,28c259e0fcd2bb66083d25de0ca24654a9808e56507a9c3397232e301d709643,18,18,0,0.0
A71EV2A-x4703a,x4703a,93c78a64fbcfeeac,CSc1cn(C)nc1NC(=O)N1CCC[C@H](C(N)=O)C1,CSc1cn(C)nc1NC(=O)N1CCC[C@H](C(N)=O)C1 |a:15|,CSc1cn(C)nc1NC(=O)N1CCC[C@H](C(N)=O)C1,O=C(Nc1cc[nH]n1)N1CCCCC1,3.761033004441306,False,True,structures/x4703a/A71EV2A-x4703a/A71EV2A-x4703a_ligand_ref.sdf,378ee11ebb0ed1acbc70a2b30040b28aac47f11c9591cce011d9bac871b0bcf6,raw/A71EV2A-x4703a.pdb,be48a1543c286c7b619704da0914e0da6531cc27f202002b0be787c090ca6400,20,20,0,0.0
A71EV2A-x4706a,x4706a,683fb1336e56fe3c,NC(=O)[C@H]1CCCN(C(=O)C2CCSCC2)C1,NC(=O)[C@H]1CCCN(C(=O)C2CCSCC2)C1 |a:3|,NC(=O)[C@H]1CCCN(C(=O)C2CCSCC2)C1,O=C(C1CCSCC1)N1CCCCC1,4.603800652904264,False,True,structures/x4706a/A71EV2A-x4706a/A71EV2A-x4706a_ligand_ref.sdf,c99d6aa8ee1e91670346546870845da42543765ab3c3dcd0d56d82c69b2c7acf,raw/A71EV2A-x4706a.pdb,d5347cb2436c70b31aaf0e07a495d11a8ee1e0bcee052d79894fb6f5141a629c,17,17,0,0.0
A71EV2A-x4707a,x4707a,31f068247b43d2dd,NC(=O)[C@H]1CCCN(C(=O)CC2CSC2)C1,NC(=O)[C@H]1CCCN(C(=O)CC2CSC2)C1 |a:3|,NC(=O)[C@H]1CCCN(C(=O)CC2CSC2)C1,O=C(CC1CSC1)N1CCCCC1,4.607306606035202,False,True,structures/x4707a/A71EV2A-x4707a/A71EV2A-x4707a_ligand_ref.sdf,87572b76f8251b0f9729ecf3fe865755202adf17259f3f99802fc71d454d22fb,raw/A71EV2A-x4707a.pdb,4831eaa33385b9bf525c870bde9fb4134a4abf283ece77b8c0d2a9ef3fff9e07,16,16,0,0.0
A71EV2A-x4708a,x4708a,753e438d0480476e,NC(=O)[C@H]1CCCN(C(=O)C2(O)CCSCC2)C1,NC(=O)[C@H]1CCCN(C(=O)C2(O)CCSCC2)C1 |a:3|,NC(=O)[C@H]1CCCN(C(=O)C2(O)CCSCC2)C1,O=C(C1CCSCC1)N1CCCCC1,4.388276691992658,False,True,structures/x4708a/A71EV2A-x4708a/A71EV2A-x4708a_ligand_ref.sdf,7ad4f6d8ee3c6030404ff3fadf3f36a847423fc907c27cdf1dbf67b1dc8bab24,raw/A71EV2A-x4708a.pdb,bf2fa4d4335a5fd86b5eee899cf305d890e3f1304ded8dca3dada3ef5b654343,18,18,0,0.0
A71EV2A-x4710a,x4710a,6137aabf041dc07a,CSc1cccc(CN2C[C@H](C(N)=O)CCC2=O)c1,CSc1cccc(CN2C[C@H](C(N)=O)CCC2=O)c1 |o1:10|,CSc1cccc(CN2C[C@H](C(N)=O)CCC2=O)c1,O=C1CCCCN1Cc1ccccc1,4.610891805164698,False,True,structures/x4710a/A71EV2A-x4710a/A71EV2A-x4710a_ligand_ref.sdf,bc489c27186416e1593cc208f1c88a87715181535eb93110feba77185f7ea904,raw/A71EV2A-x4710a.pdb,cbcc421b7f1b8a3ec0ed474905f1b1c3797eee314a0882637ca6c5a6eae2fe8b,19,19,0,0.0
A71EV2A-x4712a,x4712a,87272f412801f712,CSc1ccccc1N(C)C(=O)N1CCC[C@H](C(N)=O)C1,CSc1ccccc1N(C)C(=O)N1CCC[C@H](C(N)=O)C1 |a:16|,CSc1ccccc1N(C)C(=O)N1CCC[C@H](C(N)=O)C1,O=C(Nc1ccccc1)N1CCCCC1,4.601955140820748,False,True,structures/x4712a/A71EV2A-x4712a/A71EV2A-x4712a_ligand_ref.sdf,cd71ffe29e68e66a8fa1fe6d2095449615b8782e57f1d884146ad019bb9405fe,raw/A71EV2A-x4712a.pdb,d5570e52ffe8f781d82d30dac060c15af9caae751d4ef033f736b703fe2230e2,21,21,0,0.0
A71EV2A-x4721a,x4721a,f275c775bd8f28e0,CSc1ccccc1CC(=O)N1CCNC(=O)C1,CSc1ccccc1CC(=O)N1CCNC(=O)C1,CSc1ccccc1CC(=O)N1CCNC(=O)C1,O=C1CN(C(=O)Cc2ccccc2)CCN1,4.006123085058789,False,True,structures/x4721a/A71EV2A-x4721a/A71EV2A-x4721a_ligand_ref.sdf,bd6629a6aa06318b630eb35b21b81eba4ffd08e38b48f4ae6268c2dd8f9760b2,raw/A71EV2A-x4721a.pdb,aa20db9f7c52dfe8c1e5081bba9a2a1239b02767ab03214dc75c0ed240d54eb5,18,18,0,0.0
A71EV2A-x4724a,x4724a,a79ac70bf220ccf2,CSc1ccccc1CC(=O)N1CCC(F)(F)[C@H](C(N)=O)C1,CSc1ccccc1CC(=O)N1CCC(F)(F)[C@H](C(N)=O)C1 |&1:17|,CSc1ccccc1CC(=O)N1CCC(F)(F)[C@H](C(N)=O)C1,O=C(Cc1ccccc1)N1CCCCC1,4.92096962924201,False,True,structures/x4724a/A71EV2A-x4724a/A71EV2A-x4724a_ligand_ref.sdf,a83b1723cf8200b58a9a9187f9ad4d417f70b45bb4efcff421e082af3520b47a,raw/A71EV2A-x4724a.pdb,ea8707cdc292fd2e4fed35edb333476d2ae8be5e66fd3ed156410998e08683a0,22,22,0,0.0
A71EV2A-x4727a,x4727a,232817c94ed70a69,CSc1c(NC(=O)N2CCC[C@H](C(N)=O)C2)c(C)nn1C,CSc1c(NC(=O)N2CCC[C@H](C(N)=O)C2)c(C)nn1C |a:11|,CSc1c(NC(=O)N2CCC[C@H](C(N)=O)C2)c(C)nn1C,O=C(Nc1cn[nH]c1)N1CCCCC1,4.6073172842698655,False,True,structures/x4727a/A71EV2A-x4727a/A71EV2A-x4727a_ligand_ref.sdf,e2bd93d6d3a49d78f7e60754285874165ffa02982a351aee43ef553dd67f402b,raw/A71EV2A-x4727a.pdb,34d43bf8b85bf4c9c43c4ab02d1699c5849c2e2f00f6df49cb0b5438c708c7f1,21,21,0,0.0
A71EV2A-x4735a,x4735a,5a2dd330221a77b5,CSc1ccccc1CC(=O)N1CCC[C@@H]1c1cnc[nH]1,CSc1ccccc1CC(=O)N1CCC[C@H]1c1cnc[nH]1 |&1:15|,CSc1ccccc1CC(=O)N1CCC[C@@H]1c1cnc[nH]1,O=C(Cc1ccccc1)N1CCC[C@@H]1c1cnc[nH]1,4.853871964321762,False,True,structures/x4735a/A71EV2A-x4735a/A71EV2A-x4735a_ligand_ref.sdf,f62fbb415527f338bb52376a35283872e896f0fad8a228e3bdf23c9079a5fbde,raw/A71EV2A-x4735a.pdb,827970d6e73c1aed33469a6774c0ddc6ada925cde39caf64f7b0f7bf8420b28b,21,21,0,0.0
A71EV2A-x4736a,x4736a,48cc85db8adf47cb,CSC[C@@H]1C[C@@H]1C(=O)N1CCC[C@H](C(N)=O)C1,"CSC[C@H]1C[C@H]1C(=O)N1CCC[C@H](C(N)=O)C1 |&1:3,5|",CSC[C@@H]1C[C@@H]1C(=O)N1CCC[C@H](C(N)=O)C1,O=C(C1CC1)N1CCCCC1,4.808721339045607,False,True,structures/x4736a/A71EV2A-x4736a/A71EV2A-x4736a_ligand_ref.sdf,786ede3b676a93bfb514b52cec2a221817d5c64fc5f7e8136c307e960af78b85,raw/A71EV2A-x4736a.pdb,f35a433f55b02c1e87e5b8557c1f2db7bb50d73f74f471cba11e7c0e47c15e40,17,17,0,0.0
A71EV2A-x4739a,x4739a,7552a7254278a547,CSc1ccccc1CC(=O)N1CC[C@@H]2[C@H](C1)[C@H]2C(N)=O,"CSc1ccccc1CC(=O)N1CC[C@H]2[C@H](C1)[C@H]2C(N)=O |&1:14,&2:15,&3:17|",CSc1ccccc1CC(=O)N1CC[C@@H]2[C@H](C1)[C@H]2C(N)=O,O=C(Cc1ccccc1)N1CC[C@H]2C[C@H]2C1,4.558200508454535,False,True,structures/x4739a/A71EV2A-x4739a/A71EV2A-x4739a_ligand_ref.sdf,32a61b48b949f04678313d98db07e8461971878b3a8d0b9d859638b5785626eb,raw/A71EV2A-x4739a.pdb,69f083c67b6fc41c0d51609543d02de6dd1be67bccfee7f44e598e2f91bc253b,21,21,0,0.0
A71EV2A-x4745a,x4745a,2d82d6b98b36fbee,CSc1ccccc1CC(=O)N1CCC[C@H](S(N)(=O)=O)C1,CSc1ccccc1CC(=O)N1CCC[C@H](S(N)(=O)=O)C1 |&1:15|,CSc1ccccc1CC(=O)N1CCC[C@H](S(N)(=O)=O)C1,O=C(Cc1ccccc1)N1CCCCC1,4.603800652904264,False,True,structures/x4745a/A71EV2A-x4745a/A71EV2A-x4745a_ligand_ref.sdf,44fb7a50bd5cd8a32c0c902feeb0f8df52f955170152edac6256106d9f5bb3ab,raw/A71EV2A-x4745a.pdb,b8620674e67ca51c0eb64acf1767ad96b1e7296494caa0258664ea2e2c66978f,21,21,0,0.0
A71EV2A-x4746a,x4746a,0256d52d0bccaff9,CSc1ccccc1CC(=O)N1CCC[C@H](C(F)F)C1,CSc1ccccc1CC(=O)N1CCC[C@H](C(F)F)C1 |&1:15|,CSc1ccccc1CC(=O)N1CCC[C@H](C(F)F)C1,O=C(Cc1ccccc1)N1CCCCC1,3.883316455303125,False,True,structures/x4746a/A71EV2A-x4746a/A71EV2A-x4746a_ligand_ref.sdf,a0696dd0a48ca30584d260409c949466e53c8443aa57f2f50e5821ea5a328c0e,raw/A71EV2A-x4746a.pdb,092f4b325d65339a9d4c570a3b2dde4dab2ca8d27a335bd3f51d0011a518ea77,20,20,0,0.0
A71EV2A-x4751a,x4751a,eea404b0012b35b8,CSc1ccccc1CC(=O)N1CCC[C@H](CF)C1,CSc1ccccc1CC(=O)N1CCC[C@H](CF)C1 |&1:15|,CSc1ccccc1CC(=O)N1CCC[C@H](CF)C1,O=C(Cc1ccccc1)N1CCCCC1,4.015189894778023,False,True,structures/x4751a/A71EV2A-x4751a/A71EV2A-x4751a_ligand_ref.sdf,dceade5abcb9875b2c0d54b15c76af8869f72cafe5e0514207d4ad9e4a47589a,raw/A71EV2A-x4751a.pdb,ab5725d9794a4a828918b704fd9a0c17e2015be1d3f9f2a8fa5b488f9ebabf9d,19,19,0,0.0
A71EV2A-x4753a,x4753a,057feb6f215fc03e,CSc1ccccc1CC(=O)N1CCC[C@](F)(C(N)=O)C1,CSc1ccccc1CC(=O)N1CCC[C@](F)(C(N)=O)C1 |&1:15|,CSc1ccccc1CC(=O)N1CCC[C@](F)(C(N)=O)C1,O=C(Cc1ccccc1)N1CCCCC1,3.8397825513691886,False,True,structures/x4753a/A71EV2A-x4753a/A71EV2A-x4753a_ligand_ref.sdf,d2004ac4765bfa14d97ba3b5cd6cbc47747843814d1e45915a86587e489c3e17,raw/A71EV2A-x4753a.pdb,18fafd019850e62e483b1a63401e6e9c1e9c78b61ccb144b09ece0918483e918,21,21,0,0.0
A71EV2A-x4774a,x4774a,2ac5089ca8183d7d,CSc1nccnc1CC(=O)N1CCC[C@H](C(N)=O)C1,CSc1nccnc1CC(=O)N1CCC[C@H](C(N)=O)C1 |a:15|,CSc1nccnc1CC(=O)N1CCC[C@H](C(N)=O)C1,O=C(Cc1cnccn1)N1CCCCC1,4.781195179900988,False,True,structures/x4774a/A71EV2A-x4774a/A71EV2A-x4774a_ligand_ref.sdf,75d7ee1642a821651a8e72ce7b6a8e8203ef6a0b4ac409595eca8beaed0fe230,raw/A71EV2A-x4774a.pdb,0b560a7c26011e7666b67f8093a910f85c2d5c30e8fc3ab79821db698ee64a5d,20,20,0,0.0
A71EV2A-x4778a,x4778a,854abaa24f61432a,COc1ccc(C(F)(F)F)cc1CC(=O)N1CCS[C@H](C(N)=O)C1,COc1ccc(C(F)(F)F)cc1CC(=O)N1CCS[C@H](C(N)=O)C1 |o1:19|,COc1ccc(C(F)(F)F)cc1CC(=O)N1CCS[C@H](C(N)=O)C1,O=C(Cc1ccccc1)N1CCSCC1,4.828494707777949,False,True,structures/x4778a/A71EV2A-x4778a/A71EV2A-x4778a_ligand_ref.sdf,9607d31d1b18d05d958ba2911d484a083858b3a957e8e77962fe3f8536f62dc9,raw/A71EV2A-x4778a.pdb,c882cb33d6ae4226cdc9f3c6b630792ab357512160014aeac47d91c6fb63c279,24,24,0,0.0
A71EV2A-x4791a,x4791a,ff370aacbf854ad9,CSc1ccccc1CC(=O)N1CCC[C@H]2C(=O)NC[C@H]21,"CSc1ccccc1CC(=O)N1CCC[C@H]2C(=O)NC[C@H]21 |&1:15,20|",CSc1ccccc1CC(=O)N1CCC[C@H]2C(=O)NC[C@H]21,O=C1NC[C@@H]2[C@H]1CCCN2C(=O)Cc1ccccc1,4.035167674220528,False,True,structures/x4791a/A71EV2A-x4791a/A71EV2A-x4791a_ligand_ref.sdf,63d63f0c7ce3ce777238c59103df27eaa6c77f931d9dcefbb21c640fba0b78de,raw/A71EV2A-x4791a.pdb,7b1f3847bcb2006ab26901df82c0f87dda66e3627d99c342e50def8f51c8e7c8,21,21,0,0.0
A71EV2A-x4794a,x4794a,3304f6f73387e01f,CSc1ccccc1CC(=O)N1CCC[C@H](O)C1,CSc1ccccc1CC(=O)N1CCC[C@H](O)C1 |&1:15|,CSc1ccccc1CC(=O)N1CCC[C@H](O)C1,O=C(Cc1ccccc1)N1CCCCC1,4.0254883072626715,False,True,structures/x4794a/A71EV2A-x4794a/A71EV2A-x4794a_ligand_ref.sdf,45091439eec631f67ef3acd878c738f3778e4c2384bf4f82b81da4b71de2fb15,raw/A71EV2A-x4794a.pdb,dc336ed3e5824019c42e35e6c1dc28ae418ced6f8c7f6153acd0c27d39a5a894,18,18,0,0.0
A71EV2A-x4809a,x4809a,d766d7873f6d4949,CSc1ccccc1CC(=O)N1CCC[C@H](CCO)C1,CSc1ccccc1CC(=O)N1CCC[C@H](CCO)C1 |&1:15|,CSc1ccccc1CC(=O)N1CCC[C@H](CCO)C1,O=C(Cc1ccccc1)N1CCCCC1,3.7794804346789226,False,True,structures/x4809a/A71EV2A-x4809a/A71EV2A-x4809a_ligand_ref.sdf,90e31965c2f4e7898bcedc513b9a74cd9db05308ede201f3edb7ab1a0ececf52,raw/A71EV2A-x4809a.pdb,34763545f6169204ca42d8058200e610ee4f196813eaf2f8280266686c54772d,20,20,0,0.0
A71EV2A-x4812a,x4812a,80ad35cdc9cc1377,CSc1cncnc1CC(=O)N1CCC[C@H](C(N)=O)C1,CSc1cncnc1CC(=O)N1CCC[C@H](C(N)=O)C1 |a:15|,CSc1cncnc1CC(=O)N1CCC[C@H](C(N)=O)C1,O=C(Cc1ccncn1)N1CCCCC1,4.176969771296364,False,True,structures/x4812a/A71EV2A-x4812a/A71EV2A-x4812a_ligand_ref.sdf,5b0d33c774288445aa62e7855829c55d8b9fdbe08b21f4eff5c5ec2cda4d5414,raw/A71EV2A-x4812a.pdb,32d8cb9723e1c241f139b3ceb356bc834ef2dd7c7871006f8784667a4950ba82,20,20,0,0.0
A71EV2A-x4824a,x4824a_x4824b,e2430604325a225a,CSc1ccccc1OC(=O)N1CCC[C@H](C(N)=O)C1,CSc1ccccc1OC(=O)N1CCC[C@H](C(N)=O)C1 |a:15|,CSc1ccccc1OC(=O)N1CCC[C@H](C(N)=O)C1,O=C(Oc1ccccc1)N1CCCCC1,5.8268386347140675,False,True,structures/x4824a_x4824b/A71EV2A-x4824a/A71EV2A-x4824a_ligand_ref.sdf,e4635508cd153ae23fd82ee8a0c385d7b730e5a3b9b14f63b2aa051b70f4be28,raw/A71EV2A-x4824a.pdb,7d75b7ad359c14405835b2b55eaad1ec1cb153074e158da0781b1c0fa9341da4,20,20,0,0.0
A71EV2A-x4824b,x4824a_x4824b,e2430604325a225a,CSc1ccccc1OC(=O)N1CCC[C@H](C(N)=O)C1,CSc1ccccc1OC(=O)N1CCC[C@H](C(N)=O)C1 |a:15|,CSc1ccccc1OC(=O)N1CCC[C@H](C(N)=O)C1,O=C(Oc1ccccc1)N1CCCCC1,5.8268386347140675,False,True,structures/x4824a_x4824b/A71EV2A-x4824b/A71EV2A-x4824b_ligand_ref.sdf,e41b73356ca5af7f53014e01bb8ef95e2fa9b662d425a176c3eebb085cb1b58e,raw/A71EV2A-x4824b.pdb,30ca36c7525473dd1a2f6b789fed87023f9715b6506212516763c6f09cdd8075,20,20,0,0.0
A71EV2A-x4826a,x4826a_x4826b,f087ef2dd2c0b6b0,CSc1ccncc1NC(=O)N1CCC[C@H](C(N)=O)C1,CSc1ccncc1NC(=O)N1CCC[C@H](C(N)=O)C1 |a:15|,CSc1ccncc1NC(=O)N1CCC[C@H](C(N)=O)C1,O=C(Nc1cccnc1)N1CCCCC1,5.452530294347775,False,True,structures/x4826a_x4826b/A71EV2A-x4826a/A71EV2A-x4826a_ligand_ref.sdf,d6640e1de0b6b099ddfe9a48b1e67e79fe46ba93c7f0709be85d6fb2678a3b37,raw/A71EV2A-x4826a.pdb,1b0dba27abff31904ae6f4e7b20d98f0c6ad9d19f53d647cc9f648e04817fde4,20,20,0,0.0
A71EV2A-x4826b,x4826a_x4826b,f087ef2dd2c0b6b0,CSc1ccncc1NC(=O)N1CCC[C@H](C(N)=O)C1,CSc1ccncc1NC(=O)N1CCC[C@H](C(N)=O)C1 |a:15|,CSc1ccncc1NC(=O)N1CCC[C@H](C(N)=O)C1,O=C(Nc1cccnc1)N1CCCCC1,5.452530294347775,False,True,structures/x4826a_x4826b/A71EV2A-x4826b/A71EV2A-x4826b_ligand_ref.sdf,d7ab6a82f46a8177581a25a50784a513c11f6522ebd6797b800fae4a307dfebf,raw/A71EV2A-x4826b.pdb,307341d02f14ec1b97545fce568c251c297cf0ad0b71fa7ce658df6913151319,20,20,0,0.0
A71EV2A-x4827a,x4827a_x4827b,120eeb24e5c4cf97,CSc1ccncc1CC(=O)N1CCC[C@H](C(N)=O)C1,CSc1ccncc1CC(=O)N1CCC[C@H](C(N)=O)C1 |a:15|,CSc1ccncc1CC(=O)N1CCC[C@H](C(N)=O)C1,O=C(Cc1cccnc1)N1CCCCC1,5.534026193176526,False,True,structures/x4827a_x4827b/A71EV2A-x4827a/A71EV2A-x4827a_ligand_ref.sdf,e04ecd5a4c5557d954f8b931b718beff3f0e92163327883ffa55f9119519eb8b,raw/A71EV2A-x4827a.pdb,5195e302afb353d907b9f8983d7cfd00fa1734cd975040a35a71bfc8a06313b8,20,20,0,0.0
A71EV2A-x4827b,x4827a_x4827b,120eeb24e5c4cf97,CSc1ccncc1CC(=O)N1CCC[C@H](C(N)=O)C1,CSc1ccncc1CC(=O)N1CCC[C@H](C(N)=O)C1 |a:15|,CSc1ccncc1CC(=O)N1CCC[C@H](C(N)=O)C1,O=C(Cc1cccnc1)N1CCCCC1,5.534026193176526,False,True,structures/x4827a_x4827b/A71EV2A-x4827b/A71EV2A-x4827b_ligand_ref.sdf,44e98fbd5a7d3fc95e9ae459ae0e8a9b5ef81c1da8c50a9dc82246f4aa1f4250,raw/A71EV2A-x4827b.pdb,f58d2bb7e6edae18fe08d53b10687373810a72d6b9d2add0349d6a39ef38f53d,20,20,0,0.0
A71EV2A-x4829a,x4829a_x4829b_x4903a_x4903b,aec917c9f9a9d664,COc1ccc(Cl)cc1OC(=O)N1CCC[C@H](C(N)=O)C1,COc1ccc(Cl)cc1OC(=O)N1CCC[C@H](C(N)=O)C1 |a:16|,COc1ccc(Cl)cc1OC(=O)N1CCC[C@H](C(N)=O)C1,O=C(Oc1ccccc1)N1CCCCC1,5.262803072736122,False,True,structures/x4829a_x4829b_x4903a_x4903b/A71EV2A-x4829a/A71EV2A-x4829a_ligand_ref.sdf,629668f03aff22414d703794a432933bfb884f8d191578598ecd3a06c1544874,raw/A71EV2A-x4829a.pdb,6b05518b82291f285215a2b17f4d4cebd3519093cb8e07a0230c366580869d2c,21,21,0,0.0
A71EV2A-x4829b,x4829a_x4829b_x4903a_x4903b,aec917c9f9a9d664,COc1ccc(Cl)cc1OC(=O)N1CCC[C@H](C(N)=O)C1,COc1ccc(Cl)cc1OC(=O)N1CCC[C@H](C(N)=O)C1 |a:16|,COc1ccc(Cl)cc1OC(=O)N1CCC[C@H](C(N)=O)C1,O=C(Oc1ccccc1)N1CCCCC1,5.262803072736122,False,True,structures/x4829a_x4829b_x4903a_x4903b/A71EV2A-x4829b/A71EV2A-x4829b_ligand_ref.sdf,dc081ca4db64d9c763c40df480ef6ab879d470fea78c5058c6819599d6aca64e,raw/A71EV2A-x4829b.pdb,8b12fe5b95877ba13a4683e0e6500f2bfb57ec515dc9fa9559048c6a67b23209,21,21,0,0.0
A71EV2A-x4840a,x4840a,c9deb13f058a34db,NC(=O)c1ccccc1CC(=O)N1CCC[C@H](C(N)=O)C1,NC(=O)c1ccccc1CC(=O)N1CCC[C@H](C(N)=O)C1 |a:16|,NC(=O)c1ccccc1CC(=O)N1CCC[C@H](C(N)=O)C1,O=C(Cc1ccccc1)N1CCCCC1,3.660111973943557,False,True,structures/x4840a/A71EV2A-x4840a/A71EV2A-x4840a_ligand_ref.sdf,b5c42fe3625fe52961a7167a7891ded8356937af3bee010e07a51afffa7fa582,raw/A71EV2A-x4840a.pdb,a08b1666b1e4da67bef9624089d276423ecc2734e4a9bbe8453c608aeab72174,21,21,0,0.0
A71EV2A-x4843a,x4843a,a49bca507467749a,COc1ccc(C(F)(F)F)cc1N(C)C(=O)N1CCC[C@H](C(N)=O)C1,COc1ccc(C(F)(F)F)cc1N(C)C(=O)N1CCC[C@H](C(N)=O)C1 |a:20|,COc1ccc(C(F)(F)F)cc1N(C)C(=O)N1CCC[C@H](C(N)=O)C1,O=C(Nc1ccccc1)N1CCCCC1,4.561127532480804,False,True,structures/x4843a/A71EV2A-x4843a/A71EV2A-x4843a_ligand_ref.sdf,a7f89aa84ab35f00e033e11f1fd0c1e5a35fd0b337bfae3fb131067b2576280d,raw/A71EV2A-x4843a.pdb,99cc7bee8c5a8c02124f6cd36a82e93c58a0296803ec586dc7f4f7ef30013544,25,25,0,0.0
A71EV2A-x4845a,x4845a,edb679cb048ffe9e,COc1cc(Br)c(CC(=O)N2CCC[C@H](C(N)=O)C2)cc1OC,COc1cc(Br)c(CC(=O)N2CCC[C@H](C(N)=O)C2)cc1OC |a:14|,COc1cc(Br)c(CC(=O)N2CCC[C@H](C(N)=O)C2)cc1OC,O=C(Cc1ccccc1)N1CCCCC1,3.7202298309212716,False,True,structures/x4845a/A71EV2A-x4845a/A71EV2A-x4845a_ligand_ref.sdf,5f281a33e3ce8ba9559f9015ab71c06de87f440419c2bc5a55e2c3ed1b78607e,raw/A71EV2A-x4845a.pdb,fea49faf9aa9bad3c7259034a734ea7c2b85ce52497bf85e710d0240ed1b1a51,23,23,0,0.0
A71EV2A-x4851a,x4851a,ed81306aa4d528e3,CSc1c(F)cccc1NC(=O)N1CCC[C@H](C(N)=O)C1,CSc1c(F)cccc1NC(=O)N1CCC[C@H](C(N)=O)C1 |a:16|,CSc1c(F)cccc1NC(=O)N1CCC[C@H](C(N)=O)C1,O=C(Nc1ccccc1)N1CCCCC1,4.319967775442991,False,True,structures/x4851a/A71EV2A-x4851a/A71EV2A-x4851a_ligand_ref.sdf,90887d06e6c9010cd4b671cfab1d72b0ffc5ef4c55b214826ddfe5542cc79f56,raw/A71EV2A-x4851a.pdb,76a713fe8b6da19508a9f78f1b8dea7d3493c4a3826caeb6f316db9d18e134ed,21,21,0,0.0
A71EV2A-x4856a,x4856a,dfac67b2cbadc88e,CSc1ccc(Br)cc1CC(=O)N1CC[C@H](C(N)=O)C1,CSc1ccc(Br)cc1CC(=O)N1CC[C@H](C(N)=O)C1 |a:15|,CSc1ccc(Br)cc1CC(=O)N1CC[C@H](C(N)=O)C1,O=C(Cc1ccccc1)N1CCCC1,4.166573738364501,False,True,structures/x4856a/A71EV2A-x4856a/A71EV2A-x4856a_ligand_ref.sdf,1bc0cae773427b87cba10264eb54f46054c4de0761d397feec497a1748a5d0d0,raw/A71EV2A-x4856a.pdb,f3f5f81963722b2df1ee441b9b84398eebfbc4b69dbda22df8a1e2c5fdadc9ed,20,20,0,0.0
A71EV2A-x4873a,x4524a_x4873a_x4873b,b8aaa3e6ccec636d,COc1cccc(NC(=O)N2CCC[C@H](C(N)=O)C2)c1Cl,COc1cccc(NC(=O)N2CCC[C@H](C(N)=O)C2)c1Cl |a:14|,COc1cccc(NC(=O)N2CCC[C@H](C(N)=O)C2)c1Cl,O=C(Nc1ccccc1)N1CCCCC1,4.612661045864782,False,True,structures/x4524a_x4873a_x4873b/A71EV2A-x4873a/A71EV2A-x4873a_ligand_ref.sdf,7aebaf0e50040cee18ac0ae74a0be39a286e516fec97ca7fa7d21c88ca325242,raw/A71EV2A-x4873a.pdb,687682fe40a31a2ccf7dceb07d471a69984ed07127d0bfad37de8a7eec1b522a,21,21,0,0.0
A71EV2A-x4873b,x4524a_x4873a_x4873b,b8aaa3e6ccec636d,COc1cccc(NC(=O)N2CCC[C@H](C(N)=O)C2)c1Cl,COc1cccc(NC(=O)N2CCC[C@H](C(N)=O)C2)c1Cl |a:14|,COc1cccc(NC(=O)N2CCC[C@H](C(N)=O)C2)c1Cl,O=C(Nc1ccccc1)N1CCCCC1,4.612661045864782,False,True,structures/x4524a_x4873a_x4873b/A71EV2A-x4873b/A71EV2A-x4873b_ligand_ref.sdf,d764ae3b5829d7deca19723745465241204007b1f239843e830697b79197ad47,raw/A71EV2A-x4873b.pdb,a54f63831f5d65339896bb80f5b348fa40d678e522c276798e7023cf89812447,21,21,0,0.0
A71EV2A-x4883a,x4883a_x4883b,800b95ba9bf69f73,CSc1ncccc1NC(=O)N1CCC[C@H](C(N)=O)C1,CSc1ncccc1NC(=O)N1CCC[C@H](C(N)=O)C1 |a:15|,CSc1ncccc1NC(=O)N1CCC[C@H](C(N)=O)C1,O=C(Nc1cccnc1)N1CCCCC1,4.2209855861319525,False,True,structures/x4883a_x4883b/A71EV2A-x4883a/A71EV2A-x4883a_ligand_ref.sdf,299b2e6287a8a8ae581dd6823fdfce2521d6f473b5f728c39f6a2fe3bcc6bb80,raw/A71EV2A-x4883a.pdb,0ba27be0d948d785a31928078f476baaff6cf34110aff33ecb5d690038f67a92,20,20,0,0.0
A71EV2A-x4883b,x4883a_x4883b,800b95ba9bf69f73,CSc1ncccc1NC(=O)N1CCC[C@H](C(N)=O)C1,CSc1ncccc1NC(=O)N1CCC[C@H](C(N)=O)C1 |a:15|,CSc1ncccc1NC(=O)N1CCC[C@H](C(N)=O)C1,O=C(Nc1cccnc1)N1CCCCC1,4.2209855861319525,False,True,structures/x4883a_x4883b/A71EV2A-x4883b/A71EV2A-x4883b_ligand_ref.sdf,3cc263467e408a3d3451d80b08993399e3ca031b7872093af5e756863093ae54,raw/A71EV2A-x4883b.pdb,b93fcc8fb34b6fe7e9a64973889357c5771b40e76783de9e45a6389d83f31f5b,20,20,0,0.0
A71EV2A-x4885a,x4885a_x4885b,19716290d11c040c,CSc1ccccc1CC(=O)N1C[C@@H](C)C[C@H](C(N)=O)C1,"CSc1ccccc1CC(=O)N1C[C@H](C)C[C@H](C(N)=O)C1 |&1:13,&2:16|",CSc1ccccc1CC(=O)N1C[C@@H](C)C[C@H](C(N)=O)C1,O=C(Cc1ccccc1)N1CCCCC1,4.1315895194873935,False,True,structures/x4885a_x4885b/A71EV2A-x4885a/A71EV2A-x4885a_ligand_ref.sdf,4642688a68c9209f381a7d369e7e16dc061918408523c840c5568e9e35f211e9,raw/A71EV2A-x4885a.pdb,f6cc86898efbad0c8378900ebf410671efc2c2d7ecaef44c8bc3c0e083ca266d,21,21,0,0.0
A71EV2A-x4885b,x4885a_x4885b,19716290d11c040c,CSc1ccccc1CC(=O)N1C[C@@H](C)C[C@H](C(N)=O)C1,"CSc1ccccc1CC(=O)N1C[C@H](C)C[C@H](C(N)=O)C1 |&1:13,&2:16|",CSc1ccccc1CC(=O)N1C[C@@H](C)C[C@H](C(N)=O)C1,O=C(Cc1ccccc1)N1CCCCC1,4.1315895194873935,False,True,structures/x4885a_x4885b/A71EV2A-x4885b/A71EV2A-x4885b_ligand_ref.sdf,b557363d9047ed0a0c9d6d3910555a48dc57dbc26dc7fdc0350cf1f81dbfecce,raw/A71EV2A-x4885b.pdb,14489613ced17196bcb6afb4cc50571b7fad4ac1b4f823bc3dbb2176f14e3125,21,21,0,0.0
A71EV2A-x4894a,x4894a_x4940a,0aa6a72efce0102f,CSc1ccccc1CC(=O)N1CCC[C@](O)(C(N)=O)C1,CSc1ccccc1CC(=O)N1CCC[C@](O)(C(N)=O)C1 |&1:15|,CSc1ccccc1CC(=O)N1CCC[C@](O)(C(N)=O)C1,O=C(Cc1ccccc1)N1CCCCC1,3.955966436496336,False,True,structures/x4894a_x4940a/A71EV2A-x4894a/A71EV2A-x4894a_ligand_ref.sdf,5a506986c735ad4a201360af3dac8a88b90b1635938eb10d15c49f6b42c460a5,raw/A71EV2A-x4894a.pdb,eaae65f325a793b4183f6bfbd2f3881f5ca71554b58d2fdaeac47f9a30af8f04,21,21,0,0.0
A71EV2A-x4895a,x4895a_x4895b,0e0230ad9c86d357,C[C@H](C(=O)N1CCC[C@H](C(N)=O)C1)c1nc(F)ccc1Cl,C[C@H](C(=O)N1CCC[C@H](C(N)=O)C1)c1nc(F)ccc1Cl |&1:1|,C[C@H](C(=O)N1CCC[C@H](C(N)=O)C1)c1nc(F)ccc1Cl,O=C(Cc1ccccn1)N1CCCCC1,4.277445359017488,False,True,structures/x4895a_x4895b/A71EV2A-x4895a/A71EV2A-x4895a_ligand_ref.sdf,91f9600e5fb02e6e923349febcfb326dfc6be0d5a79b1a29ba4d540383de7752,raw/A71EV2A-x4895a.pdb,c25b4d451e7e0a136191e9754421beb80b475cfe0b3d6ed789a1ad798b78631e,21,21,0,0.0
A71EV2A-x4895b,x4895a_x4895b,0e0230ad9c86d357,C[C@H](C(=O)N1CCC[C@H](C(N)=O)C1)c1nc(F)ccc1Cl,C[C@H](C(=O)N1CCC[C@H](C(N)=O)C1)c1nc(F)ccc1Cl |&1:1|,C[C@H](C(=O)N1CCC[C@H](C(N)=O)C1)c1nc(F)ccc1Cl,O=C(Cc1ccccn1)N1CCCCC1,4.277445359017488,False,True,structures/x4895a_x4895b/A71EV2A-x4895b/A71EV2A-x4895b_ligand_ref.sdf,a38d61438bc8b657d701ebfdbcaa5c2f211ff859b9165fe745e6f5c6981bba90,raw/A71EV2A-x4895b.pdb,82ba082ee7fa1f39f78c022db72d56e64c09252fff79cf88f5a5c4c06596de19,21,21,0,0.0
A71EV2A-x4899a,x4899a_x4899b,c825a7357ae669a8,COc1ncccc1NS(=O)(=O)N1CCC[C@H](C(N)=O)C1,COc1ncccc1NS(=O)(=O)N1CCC[C@H](C(N)=O)C1 |a:16|,COc1ncccc1NS(=O)(=O)N1CCC[C@H](C(N)=O)C1,O=S(=O)(Nc1cccnc1)N1CCCCC1,4.601213898998983,False,True,structures/x4899a_x4899b/A71EV2A-x4899a/A71EV2A-x4899a_ligand_ref.sdf,c498db2707f665c26bc39719bd2d66d141c0c6caedcf00d33e01642616129939,raw/A71EV2A-x4899a.pdb,ac761f3fb80d09eee8ab6d5b1a331c6edb0e3b175bc7da219ce86bf82a686311,21,21,0,0.0
A71EV2A-x4899b,x4899a_x4899b,c825a7357ae669a8,COc1ncccc1NS(=O)(=O)N1CCC[C@H](C(N)=O)C1,COc1ncccc1NS(=O)(=O)N1CCC[C@H](C(N)=O)C1 |a:16|,COc1ncccc1NS(=O)(=O)N1CCC[C@H](C(N)=O)C1,O=S(=O)(Nc1cccnc1)N1CCCCC1,4.601213898998983,False,True,structures/x4899a_x4899b/A71EV2A-x4899b/A71EV2A-x4899b_ligand_ref.sdf,fe3f577227be1613125821c3ad9ac4227d0d7f64b787075b08623a27f26d2bd7,raw/A71EV2A-x4899b.pdb,2962bcad71f3766580d18e05b987a14a2ce2aa120b9cafb034d7bc2359974deb,21,21,0,0.0
A71EV2A-x4903a,x4829a_x4829b_x4903a_x4903b,aec917c9f9a9d664,COc1ccc(Cl)cc1OC(=O)N1CCC[C@H](C(N)=O)C1,COc1ccc(Cl)cc1OC(=O)N1CCC[C@H](C(N)=O)C1 |a:16|,COc1ccc(Cl)cc1OC(=O)N1CCC[C@H](C(N)=O)C1,O=C(Oc1ccccc1)N1CCCCC1,5.262803072736122,False,True,structures/x4829a_x4829b_x4903a_x4903b/A71EV2A-x4903a/A71EV2A-x4903a_ligand_ref.sdf,6c030c4b2b9e5c6415d10b14ef73f35e5e5285dc07bf236bceab9b2a4e5c4ed2,raw/A71EV2A-x4903a.pdb,1a938ba457e79f77a94db658515066ce953ada700303da9b5d242693648fefdf,21,21,0,0.0
A71EV2A-x4903b,x4829a_x4829b_x4903a_x4903b,aec917c9f9a9d664,COc1ccc(Cl)cc1OC(=O)N1CCC[C@H](C(N)=O)C1,COc1ccc(Cl)cc1OC(=O)N1CCC[C@H](C(N)=O)C1 |a:16|,COc1ccc(Cl)cc1OC(=O)N1CCC[C@H](C(N)=O)C1,O=C(Oc1ccccc1)N1CCCCC1,5.262803072736122,False,True,structures/x4829a_x4829b_x4903a_x4903b/A71EV2A-x4903b/A71EV2A-x4903b_ligand_ref.sdf,cb6833ac74680c115e1354c6d09be45992a4890cad025342d8e655c7ccfefaff,raw/A71EV2A-x4903b.pdb,f402bd05b0ef543e86c93176e2141c8acab6de7e7d35a42aec9202e137996cb1,21,21,0,0.0
A71EV2A-x4914a,x4914a,9bc2592d48e6302e,CSc1cccnc1CC(=O)N1CCC[C@H](C(N)=O)C1,CSc1cccnc1CC(=O)N1CCC[C@H](C(N)=O)C1 |a:15|,CSc1cccnc1CC(=O)N1CCC[C@H](C(N)=O)C1,O=C(Cc1ccccn1)N1CCCCC1,5.097431091411007,False,True,structures/x4914a/A71EV2A-x4914a/A71EV2A-x4914a_ligand_ref.sdf,169ba649cbfa7483b6308503153cbb5b1177d786b38cdf3fb98a8a32f9c131c4,raw/A71EV2A-x4914a.pdb,7ec0d9b1d6cfb64b4acacc1df88027dd29c46d6e91522c5d2bf016f2207c0e7b,20,20,0,0.0
A71EV2A-x4918a,x4918a,50cf69c217c3871a,CSc1ncccc1CC(=O)N1CCC[C@H](C(N)=O)C1,CSc1ncccc1CC(=O)N1CCC[C@H](C(N)=O)C1 |a:15|,CSc1ncccc1CC(=O)N1CCC[C@H](C(N)=O)C1,O=C(Cc1cccnc1)N1CCCCC1,5.072700933344527,False,True,structures/x4918a/A71EV2A-x4918a/A71EV2A-x4918a_ligand_ref.sdf,7e9e96b2646a1f9f9799b46cdef9168c38c278cb7b9b6db9f27ce86b7e57dab9,raw/A71EV2A-x4918a.pdb,3fa0b60b310e870707c0502bc79982a9bb3170b83e3cd3e4a8dfc20733ebc7d7,20,20,0,0.0
A71EV2A-x4922a,x4922a,d0ab5da39772d03c,CSc1ccccc1N1C[C@@H](C(N)=O)CCC1=O,CSc1ccccc1N1C[C@H](C(N)=O)CCC1=O |o1:10|,CSc1ccccc1N1C[C@@H](C(N)=O)CCC1=O,O=C1CCCCN1c1ccccc1,4.6020599913279625,False,True,structures/x4922a/A71EV2A-x4922a/A71EV2A-x4922a_ligand_ref.sdf,0fbdf6c245f98aa6fb2ef0aae248715ec3cecce125cd846493a8288dc8c9cec1,raw/A71EV2A-x4922a.pdb,ae9971bbc321e81508cb40a3ef3a1775fc727719f3d7159ff28ba8fa19ed5c41,18,18,0,0.0
A71EV2A-x4924a,x4924a,3537e03d082462b0,NC(=O)[C@H]1CCC(=O)N(Cc2cccc(F)c2)C1,NC(=O)[C@H]1CCC(=O)N(Cc2cccc(F)c2)C1 |&1:3|,NC(=O)[C@H]1CCC(=O)N(Cc2cccc(F)c2)C1,O=C1CCCCN1Cc1ccccc1,4.255233465290414,False,True,structures/x4924a/A71EV2A-x4924a/A71EV2A-x4924a_ligand_ref.sdf,14afd81a9bbea04c34aef8dd78eb369ce695b6b4f7db2382437a6b9f9520625c,raw/A71EV2A-x4924a.pdb,a6fa6ca23460fcf3e5aa074c9f0123642d8200b4e209551545afa47dcdc11982,18,18,0,0.0
A71EV2A-x4963a,x4963a_x4963b,e9441c0d3b5fe468,COC[C@]12C[C@](C(N)=O)(CN1C(=O)Cc1ccccc1OC)C2,COC[C@]12C[C@@](C(N)=O)(CN1C(=O)Cc1ccccc1OC)C2 |o1:3|,COC[C@]12C[C@](C(N)=O)(CN1C(=O)Cc1ccccc1OC)C2,O=C(Cc1ccccc1)N1CC2CC1C2,4.028724151261895,False,True,structures/x4963a_x4963b/A71EV2A-x4963a/A71EV2A-x4963a_ligand_ref.sdf,e50a348a192c4f02444f274812e46027a2e3dae717ca52819d3f041d47eea9fb,raw/A71EV2A-x4963a.pdb,f452c2a6086e8a91ff0c12d4635112d7c79dd5fe8ae56380bb636caddede3aa7,23,23,0,0.0
A71EV2A-x4963b,x4963a_x4963b,e9441c0d3b5fe468,COC[C@]12C[C@](C(N)=O)(CN1C(=O)Cc1ccccc1OC)C2,COC[C@]12C[C@@](C(N)=O)(CN1C(=O)Cc1ccccc1OC)C2 |o1:3|,COC[C@]12C[C@](C(N)=O)(CN1C(=O)Cc1ccccc1OC)C2,O=C(Cc1ccccc1)N1CC2CC1C2,4.028724151261895,False,True,structures/x4963a_x4963b/A71EV2A-x4963b/A71EV2A-x4963b_ligand_ref.sdf,4d3bb7c0314516a8c9daac7aa52d921f0cb8adaf0a24f96de55febfd641f6dc9,raw/A71EV2A-x4963b.pdb,1be30a8346cc8e970b3494d3ef03921012cecdf067b8ff0d2cdacd59882fc340,23,23,0,0.0
A71EV2A-x4974a,x4974a,047b2ae0d6aa756c,Cn1ncc2ccc(CN3C[C@H](C(N)=O)CCC3=O)cc21,Cn1ncc2ccc(CN3C[C@H](C(N)=O)CCC3=O)cc21 |o1:11|,Cn1ncc2ccc(CN3C[C@H](C(N)=O)CCC3=O)cc21,O=C1CCCCN1Cc1ccc2cn[nH]c2c1,4.026655009457717,False,True,structures/x4974a/A71EV2A-x4974a/A71EV2A-x4974a_ligand_ref.sdf,77f274eb404d841de58d47374c0c547d8fc0295f1cfe4c19714a2a549085e76b,raw/A71EV2A-x4974a.pdb,40c8d4d8378670c700cd0cef65a5a08d63e0846e2c959485733236db02750bac,21,21,0,0.0
A71EV2A-x4977a,x4977a_x4977b,8042a51a0884d93f,CSc1ccc2ncccc2c1NC(=O)N1CCC[C@H](C(N)=O)C1,CSc1ccc2ncccc2c1NC(=O)N1CCC[C@H](C(N)=O)C1 |a:19|,CSc1ccc2ncccc2c1NC(=O)N1CCC[C@H](C(N)=O)C1,O=C(Nc1cccc2ncccc12)N1CCCCC1,6.128863936621021,False,True,structures/x4977a_x4977b/A71EV2A-x4977a/A71EV2A-x4977a_ligand_ref.sdf,57f9af67904a00f56c1c7beb83898b1519c2d13c79f26af26e4ebbdf480a208f,raw/A71EV2A-x4977a.pdb,370812d378c9dbe704065c036e10fe81e497df666d879eb22cce93e29392e24c,24,24,0,0.0
A71EV2A-x4977b,x4977a_x4977b,8042a51a0884d93f,CSc1ccc2ncccc2c1NC(=O)N1CCC[C@H](C(N)=O)C1,CSc1ccc2ncccc2c1NC(=O)N1CCC[C@H](C(N)=O)C1 |a:19|,CSc1ccc2ncccc2c1NC(=O)N1CCC[C@H](C(N)=O)C1,O=C(Nc1cccc2ncccc12)N1CCCCC1,6.128863936621021,False,True,structures/x4977a_x4977b/A71EV2A-x4977b/A71EV2A-x4977b_ligand_ref.sdf,c92599042d44e6e28d6b7ccf2c88cc94f99d2dc505d36efb7620ba9834f88d40,raw/A71EV2A-x4977b.pdb,c77399145fea69fbaf84e05b42186c6e05a6875be2e4887ca32d35360032d544,24,24,0,0.0
A71EV2A-x4979a,x4979a_x4979b,c996b3fc99f3ce75,NC(=O)[C@H]1CCCN(C(=O)Cc2ncncc2Cl)C1,NC(=O)[C@H]1CCCN(C(=O)Cc2ncncc2Cl)C1 |a:3|,NC(=O)[C@H]1CCCN(C(=O)Cc2ncncc2Cl)C1,O=C(Cc1ccncn1)N1CCCCC1,4.03673794170959,False,True,structures/x4979a_x4979b/A71EV2A-x4979a/A71EV2A-x4979a_ligand_ref.sdf,0c355125ffe705cfcd16b23af681c038c1469d3e00513459d6bee2c49d28b1a3,raw/A71EV2A-x4979a.pdb,c3b84f93f65abfb350384f560fdc7045cb08a0849c7e4852a5bf04397753078d,19,19,0,0.0
A71EV2A-x4979b,x4979a_x4979b,c996b3fc99f3ce75,NC(=O)[C@H]1CCCN(C(=O)Cc2ncncc2Cl)C1,NC(=O)[C@H]1CCCN(C(=O)Cc2ncncc2Cl)C1 |a:3|,NC(=O)[C@H]1CCCN(C(=O)Cc2ncncc2Cl)C1,O=C(Cc1ccncn1)N1CCCCC1,4.03673794170959,False,True,structures/x4979a_x4979b/A71EV2A-x4979b/A71EV2A-x4979b_ligand_ref.sdf,9e2bf3247262299a989532ca7555d5e0600fa4aab77732f92e0047dc80ffdc7c,raw/A71EV2A-x4979b.pdb,92e3d0ca8fce86a5713ba785da92c1b8dffc405eb666ee2bd67d92723dfb3203,19,19,0,0.0
A71EV2A-x4986a,x4986a_x4986b,d9988f8e016399bc,CSc1ccc(N2CCCC2=O)cc1NC(=O)N1CCC[C@H](C(N)=O)C1,CSc1ccc(N2CCCC2=O)cc1NC(=O)N1CCC[C@H](C(N)=O)C1 |a:21|,CSc1ccc(N2CCCC2=O)cc1NC(=O)N1CCC[C@H](C(N)=O)C1,O=C(Nc1cccc(N2CCCC2=O)c1)N1CCCCC1,5.0622764945153795,False,True,structures/x4986a_x4986b/A71EV2A-x4986a/A71EV2A-x4986a_ligand_ref.sdf,e38ea3edb9fba1498487169e9d69ec734346f986537d7f3021a970153b55103e,raw/A71EV2A-x4986a.pdb,562e76f30bfa57c4d3a7ef9cf368f40810fac880700dd6bb0d0513be01cf24bf,26,26,0,0.0
A71EV2A-x4935a,x4935a,3659c34713af8b4f,CSc1cscc1CC(=O)N1CCC[C@H](C(N)=O)C1,CSc1cscc1CC(=O)N1CCC[C@H](C(N)=O)C1 |a:14|,CSc1cscc1CC(=O)N1CCC[C@H](C(N)=O)C1,O=C(Cc1ccsc1)N1CCCCC1,5.073475651835252,False,True,structures/x4935a/A71EV2A-x4935a/A71EV2A-x4935a_ligand_ref.sdf,90c147d93b9a772d9469d7d8ae6862fc8678c9ef38d202681adc10db034ffa3b,raw/A71EV2A-x4935a.pdb,790a7343976a631b1acefb0d593b5e8d60ea30eff93e6f2c2adfa330ddde5ab9,19,19,0,0.0
A71EV2A-x4940a,x4894a_x4940a,0aa6a72efce0102f,CSc1ccccc1CC(=O)N1CCC[C@](O)(C(N)=O)C1,CSc1ccccc1CC(=O)N1CCC[C@](O)(C(N)=O)C1 |&1:15|,CSc1ccccc1CC(=O)N1CCC[C@](O)(C(N)=O)C1,O=C(Cc1ccccc1)N1CCCCC1,3.955966436496336,False,True,structures/x4894a_x4940a/A71EV2A-x4940a/A71EV2A-x4940a_ligand_ref.sdf,74282457c3cce82f37e4b15d637f3d85838db52a46a2dd2fda775356204733a8,raw/A71EV2A-x4940a.pdb,a725528934212cfc04bf5c661b36dbfb79f620a526bf9ceae7981d35c2cc88ac,21,21,0,0.0
A71EV2A-x4943a,x4943a_x4943b,97bc504a55970e02,NC(=O)[C@H]1CCCN(C(=O)[C@H]2CCSc3ccccc32)C1,NC(=O)[C@H]1CCCN(C(=O)[C@H]2CCSc3ccccc32)C1 |o1:10|,NC(=O)[C@H]1CCCN(C(=O)[C@H]2CCSc3ccccc32)C1,O=C([C@H]1CCSc2ccccc21)N1CCCCC1,4.826813731587726,False,True,structures/x4943a_x4943b/A71EV2A-x4943a/A71EV2A-x4943a_ligand_ref.sdf,f223543d2e120086e8efc0538761a6a1e6521536eb13ebcc9a115215733221a0,raw/A71EV2A-x4943a.pdb,965e21290b8b982c8927950f6e5ee4cf59eb4db261bfa74aa5ec6e7fe0caa03c,21,21,0,0.0
A71EV2A-x4943b,x4943a_x4943b,97bc504a55970e02,NC(=O)[C@H]1CCCN(C(=O)[C@H]2CCSc3ccccc32)C1,NC(=O)[C@H]1CCCN(C(=O)[C@H]2CCSc3ccccc32)C1 |o1:10|,NC(=O)[C@H]1CCCN(C(=O)[C@H]2CCSc3ccccc32)C1,O=C([C@H]1CCSc2ccccc21)N1CCCCC1,4.826813731587726,False,True,structures/x4943a_x4943b/A71EV2A-x4943b/A71EV2A-x4943b_ligand_ref.sdf,1f13e31c5b8ed4d9fe72f2dc4f915497deaff479d2792c11ae227147fbae9f69,raw/A71EV2A-x4943b.pdb,d0fdf275235ea3116a73ad38f396a39d66cfeaa3f1d0450ffb344c4206b29358,21,21,0,0.0
A71EV2A-x4954a,x4954a,0295884419f1a8cb,CCc1ccsc1CN1C[C@@H](C(N)=O)CCC1=O,CCc1ccsc1CN1C[C@H](C(N)=O)CCC1=O |&1:10|,CCc1ccsc1CN1C[C@@H](C(N)=O)CCC1=O,O=C1CCCCN1Cc1cccs1,4.668737062060432,False,True,structures/x4954a/A71EV2A-x4954a/A71EV2A-x4954a_ligand_ref.sdf,4eabe90dec1eab56d96dcccab115960516214d5b5b14c80be727bb805f96f3fd,raw/A71EV2A-x4954a.pdb,3eca82a7a91c2a06a7bc579cd0c47cd12ea795c82d329a744e3bcaa39aced274,18,18,0,0.0
A71EV2A-x4992a,x4992a,cfd8c015520363fe,Cn1cc(CC(=O)N2C[C@@H](C(N)=O)C[C@H]3C[C@H]32)cn1,"Cn1cc(CC(=O)N2C[C@H](C(N)=O)C[C@@H]3C[C@@H]32)cn1 |&1:9,14,16|",Cn1cc(CC(=O)N2C[C@@H](C(N)=O)C[C@H]3C[C@H]32)cn1,O=C(Cc1cn[nH]c1)N1CCC[C@H]2C[C@H]21,4.608000737058194,False,True,structures/x4992a/A71EV2A-x4992a/A71EV2A-x4992a_ligand_ref.sdf,32725fd41c05869f7bb7aaba7ec4e2002c97a61f064e756894cfc36143e3b08c,raw/A71EV2A-x4992a.pdb,149304d854dd5961af874bc3ce70745e668cd224489a13eb5f808877982466a1,19,19,0,0.0
A71EV2A-x4994a,x4994a,a8be6c42880b2cd5,Cn1nc(CC(=O)N2CC(C(N)=O)C2)c2ccccc21,Cn1nc(CC(=O)N2CC(C(N)=O)C2)c2ccccc21,Cn1nc(CC(=O)N2CC(C(N)=O)C2)c2ccccc21,O=C(Cc1n[nH]c2ccccc12)N1CCC1,4.610833915635467,False,True,structures/x4994a/A71EV2A-x4994a/A71EV2A-x4994a_ligand_ref.sdf,d970755eda5a68a6e248b8d68f408089fac9aeccf169a94820bb85eb71917148,raw/A71EV2A-x4994a.pdb,cebaa4b207fc72e9cd6515d8343033b23511327bef7af1be4b119901e06b231d,20,20,0,0.0
A71EV2A-x5015a,x5015a_x5015b,2d89aa283712e021,C=Cc1cccc(CC(=O)N2CCC[C@H](C(N)=O)C2)n1,C=Cc1cccc(CC(=O)N2CCC[C@H](C(N)=O)C2)n1 |a:14|,C=Cc1cccc(CC(=O)N2CCC[C@H](C(N)=O)C2)n1,O=C(Cc1ccccn1)N1CCCCC1,5.099072631333438,False,True,structures/x5015a_x5015b/A71EV2A-x5015a/A71EV2A-x5015a_ligand_ref.sdf,9f3d4f619e61ef1f282684f13f1cf977381806da0125e2ad78dd406447263c99,raw/A71EV2A-x5015a.pdb,128727675afc445adbaaca5aa39a38dc12f51ddef398ad7bc7f1fd0117f7c7ac,20,20,0,0.0
A71EV2A-x5015b,x5015a_x5015b,2d89aa283712e021,C=Cc1cccc(CC(=O)N2CCC[C@H](C(N)=O)C2)n1,C=Cc1cccc(CC(=O)N2CCC[C@H](C(N)=O)C2)n1 |a:14|,C=Cc1cccc(CC(=O)N2CCC[C@H](C(N)=O)C2)n1,O=C(Cc1ccccn1)N1CCCCC1,5.099072631333438,False,True,structures/x5015a_x5015b/A71EV2A-x5015b/A71EV2A-x5015b_ligand_ref.sdf,13fe666b5554173448b47ec0960445a142a21b1efe736e3111803e9fe991e15c,raw/A71EV2A-x5015b.pdb,0adc87c33b3a9bf71a8b7aaa6088b19288781a54610e4496061c5c6f19aa6785,20,20,0,0.0
A71EV2A-x5022a,x5022a_x5022b,fee987451b94429a,CSc1nc2c(cc1NC(=O)N1CCC[C@H](C(N)=O)C1)CCCC2,CSc1nc2c(cc1NC(=O)N1CCC[C@H](C(N)=O)C1)CCCC2 |a:15|,CSc1nc2c(cc1NC(=O)N1CCC[C@H](C(N)=O)C1)CCCC2,O=C(Nc1cnc2c(c1)CCCC2)N1CCCCC1,4.217527375833714,False,True,structures/x5022a_x5022b/A71EV2A-x5022a/A71EV2A-x5022a_ligand_ref.sdf,29ef1614190282bb32efc5943eff38e88fb2742a529e897028191c7b0ec84c20,raw/A71EV2A-x5022a.pdb,e1a7a755cc6b38c853bffc9d81aee7f0592924a4e0c1a960dacc4d18d99da1a6,24,24,0,0.0
A71EV2A-x5022b,x5022a_x5022b,fee987451b94429a,CSc1nc2c(cc1NC(=O)N1CCC[C@H](C(N)=O)C1)CCCC2,CSc1nc2c(cc1NC(=O)N1CCC[C@H](C(N)=O)C1)CCCC2 |a:15|,CSc1nc2c(cc1NC(=O)N1CCC[C@H](C(N)=O)C1)CCCC2,O=C(Nc1cnc2c(c1)CCCC2)N1CCCCC1,4.217527375833714,False,True,structures/x5022a_x5022b/A71EV2A-x5022b/A71EV2A-x5022b_ligand_ref.sdf,8783a273f240b3e4884c31aa0ce5d0e9cd1d7706ecfce0f8188b2e72f79da3ed,raw/A71EV2A-x5022b.pdb,2aab571d09949b1dc2ad9b43f21081399b8caa0653b7d0b1ed17770cb75db2a0,24,24,0,0.0
A71EV2A-x5036a,x5036a_x5036b,aed712055558441f,COc1cccc(CN2C[C@@H](C(N)=O)CCC2=O)c1,COc1cccc(CN2C[C@H](C(N)=O)CCC2=O)c1 |&1:10|,COc1cccc(CN2C[C@@H](C(N)=O)CCC2=O)c1,O=C1CCCCN1Cc1ccccc1,4.608183969818477,False,True,structures/x5036a_x5036b/A71EV2A-x5036a/A71EV2A-x5036a_ligand_ref.sdf,f47bda8f07a45b5d75d17c4c35f7642b993b5876740a1fbaf8e373cd94206118,raw/A71EV2A-x5036a.pdb,a89c9583954844e42feef1ca9862e927e58cf838b6b9f5527ac6ed4233a0ad7e,19,19,0,0.0
A71EV2A-x5036b,x5036a_x5036b,aed712055558441f,COc1cccc(CN2C[C@@H](C(N)=O)CCC2=O)c1,COc1cccc(CN2C[C@H](C(N)=O)CCC2=O)c1 |&1:10|,COc1cccc(CN2C[C@@H](C(N)=O)CCC2=O)c1,O=C1CCCCN1Cc1ccccc1,4.608183969818477,False,True,structures/x5036a_x5036b/A71EV2A-x5036b/A71EV2A-x5036b_ligand_ref.sdf,f1f8ac75b962bcfb4e77b8a37299e5ad1ef93c4df6e0c8a3104277eac4ae02a8,raw/A71EV2A-x5036b.pdb,07eac9a22ae7ef1afc69d71f89c6c355c4e0fbbc7b717db9e021b6a29c2b7079,19,19,0,0.0
A71EV2A-x5039a,x5039a_x5039b,99fd61bd6784bc25,CSc1ncncc1CC(=O)N1CCC[C@H](C(N)=O)C1,CSc1ncncc1CC(=O)N1CCC[C@H](C(N)=O)C1 |a:15|,CSc1ncncc1CC(=O)N1CCC[C@H](C(N)=O)C1,O=C(Cc1cncnc1)N1CCCCC1,5.186217598084144,False,True,structures/x5039a_x5039b/A71EV2A-x5039a/A71EV2A-x5039a_ligand_ref.sdf,bf85f7f2b72c00a6ac830cdaa5f529f3bf261c875e7fdaf09b6d017fafdcb0f6,raw/A71EV2A-x5039a.pdb,4f8fbb33723a8cb9cc26828b7cdea7e7ca4e32beb99eea571f63d41bf9b52c6c,20,20,0,0.0
A71EV2A-x5039b,x5039a_x5039b,99fd61bd6784bc25,CSc1ncncc1CC(=O)N1CCC[C@H](C(N)=O)C1,CSc1ncncc1CC(=O)N1CCC[C@H](C(N)=O)C1 |a:15|,CSc1ncncc1CC(=O)N1CCC[C@H](C(N)=O)C1,O=C(Cc1cncnc1)N1CCCCC1,5.186217598084144,False,True,structures/x5039a_x5039b/A71EV2A-x5039b/A71EV2A-x5039b_ligand_ref.sdf,73315c00a741a26e060c977376053846d614aa6c28f538d422e921ceb935901d,raw/A71EV2A-x5039b.pdb,42bcfb7e2c891c5d60ac5d3950470bb1ff129d0cc71508439aaf78d1f727a147,20,20,0,0.0
A71EV2A-x5052a,x5052a,97f555f21f49ba3e,NC(=O)[C@@H]1CCC(=O)N([C@@H]2CCCc3ccccc32)C1,NC(=O)[C@H]1CCC(=O)N([C@@H]2CCCc3ccccc32)C1 |o1:3|,NC(=O)[C@@H]1CCC(=O)N([C@@H]2CCCc3ccccc32)C1,O=C1CCCCN1[C@@H]1CCCc2ccccc21,4.5934598195660445,False,True,structures/x5052a/A71EV2A-x5052a/A71EV2A-x5052a_ligand_ref.sdf,0f2b11af6476328fcf2bd032bf419a28c4833cc698b0d921839535e24d287c4e,raw/A71EV2A-x5052a.pdb,1610ade3caffaf4fb535f3cf79d1b9dd7f062c2411dffb31870e3b72e718c6de,20,20,0,0.0
A71EV2A-x5079a,x5079a_x5079b,739b626a023977bb,NC(=O)[C@H]1CCCN(C(=O)Cc2cccnc2Cl)C1,NC(=O)[C@H]1CCCN(C(=O)Cc2cccnc2Cl)C1 |a:3|,NC(=O)[C@H]1CCCN(C(=O)Cc2cccnc2Cl)C1,O=C(Cc1cccnc1)N1CCCCC1,3.43690985073048,False,True,structures/x5079a_x5079b/A71EV2A-x5079a/A71EV2A-x5079a_ligand_ref.sdf,9370d849f337352721436a555652ee4de07c31f8cb8375aabffb8cc397cfc954,raw/A71EV2A-x5079a.pdb,e1061fa072d061454d2b3aae69b08c6e5b4095699c4a29f090526bfd374c2164,19,19,0,0.0
A71EV2A-x5079b,x5079a_x5079b,739b626a023977bb,NC(=O)[C@H]1CCCN(C(=O)Cc2cccnc2Cl)C1,NC(=O)[C@H]1CCCN(C(=O)Cc2cccnc2Cl)C1 |a:3|,NC(=O)[C@H]1CCCN(C(=O)Cc2cccnc2Cl)C1,O=C(Cc1cccnc1)N1CCCCC1,3.43690985073048,False,True,structures/x5079a_x5079b/A71EV2A-x5079b/A71EV2A-x5079b_ligand_ref.sdf,1f1d1da51fa78d0e555434e629b1140043f78913a65d944f7f225621ae174758,raw/A71EV2A-x5079b.pdb,224a8b2cefb981c0c95992107a5f65f20b0b96d62d4206f9c55a8968049eb1e7,19,19,0,0.0
A71EV2A-x5081a,x5081a_x5081b,b782ef4d345c20e5,NC(=O)[C@H]1CCCN(C(=O)Cc2cncnc2Cl)C1,NC(=O)[C@H]1CCCN(C(=O)Cc2cncnc2Cl)C1 |a:3|,NC(=O)[C@H]1CCCN(C(=O)Cc2cncnc2Cl)C1,O=C(Cc1cncnc1)N1CCCCC1,4.037630664329979,False,True,structures/x5081a_x5081b/A71EV2A-x5081a/A71EV2A-x5081a_ligand_ref.sdf,e47e61e403c767ad50a160e5187b27f4d156c23cf366e2568a64b4dfa6aa1300,raw/A71EV2A-x5081a.pdb,9a4c2c80f905c7e1f779db8b89b9ef7305040f0c1c88cca669acd80b1ae56b71,19,19,0,0.0
A71EV2A-x5081b,x5081a_x5081b,b782ef4d345c20e5,NC(=O)[C@H]1CCCN(C(=O)Cc2cncnc2Cl)C1,NC(=O)[C@H]1CCCN(C(=O)Cc2cncnc2Cl)C1 |a:3|,NC(=O)[C@H]1CCCN(C(=O)Cc2cncnc2Cl)C1,O=C(Cc1cncnc1)N1CCCCC1,4.037630664329979,False,True,structures/x5081a_x5081b/A71EV2A-x5081b/A71EV2A-x5081b_ligand_ref.sdf,0e8e185b02b4efad6bce84329d29d1dae9630ae95e0ce353855aa69467fc2875,raw/A71EV2A-x5081b.pdb,1c58370a2c2bbffc5bafe8bf7ad2c44767fe7d3aa83368f2c5df120c52b5880f,19,19,0,0.0
A71EV2A-x5082a,x5082a_x5082b,631e18642bc1e28d,N#Cc1cccc(CC(=O)N2CCC[C@H](C(N)=O)C2)n1,N#Cc1cccc(CC(=O)N2CCC[C@H](C(N)=O)C2)n1 |a:14|,N#Cc1cccc(CC(=O)N2CCC[C@H](C(N)=O)C2)n1,O=C(Cc1ccccn1)N1CCCCC1,4.625197671079573,False,True,structures/x5082a_x5082b/A71EV2A-x5082a/A71EV2A-x5082a_ligand_ref.sdf,69ed89fec5564cc3d9338c76366edf8d94e728348349cf79cc3ebf4236571f19,raw/A71EV2A-x5082a.pdb,23fb2a167faf647d98a19bf2562b2b90f7b23b703080ae9d579c0a23c69ef66c,20,20,0,0.0
A71EV2A-x5082b,x5082a_x5082b,631e18642bc1e28d,N#Cc1cccc(CC(=O)N2CCC[C@H](C(N)=O)C2)n1,N#Cc1cccc(CC(=O)N2CCC[C@H](C(N)=O)C2)n1 |a:14|,N#Cc1cccc(CC(=O)N2CCC[C@H](C(N)=O)C2)n1,O=C(Cc1ccccn1)N1CCCCC1,4.625197671079573,False,True,structures/x5082a_x5082b/A71EV2A-x5082b/A71EV2A-x5082b_ligand_ref.sdf,d1fc39b7d5e197caffdcebfbd8579cbeea90d71a22db4ecde25f9adcf4e7364a,raw/A71EV2A-x5082b.pdb,db27e42a3c9d43b276816c7d67f58a70e3392a87e40eeed4a5355d3b652acd09,20,20,0,0.0
A71EV2A-x5090a,x5090a_x5150a,17bd239fc0f6136a,Cn1cc(NS(=O)(=O)N2CCC[C@H](C(N)=O)C2)cn1,Cn1cc(NS(=O)(=O)N2CCC[C@H](C(N)=O)C2)cn1 |a:12|,Cn1cc(NS(=O)(=O)N2CCC[C@H](C(N)=O)C2)cn1,O=S(=O)(Nc1cn[nH]c1)N1CCCCC1,5.738140147629213,False,True,structures/x5090a_x5150a/A71EV2A-x5090a/A71EV2A-x5090a_ligand_ref.sdf,1d893377db619e87a5f41b4307ae508fd225088c2411677cff7b1619e1194599,raw/A71EV2A-x5090a.pdb,1af6b2e70f7244e597c47d41ca2df739a4d66861907b5449d9dcf656def2628b,19,19,0,0.0
A71EV2A-x5106a,x5106a_x5258a,b8cdd87d33fa42ae,Cn1ccnc1[C@@H](c1ccccc1)N1C[C@@H](C(N)=O)CC1=O,"Cn1ccnc1[C@H](c1ccccc1)N1C[C@H](C(N)=O)CC1=O |&1:6,&2:15|",Cn1ccnc1[C@@H](c1ccccc1)N1C[C@@H](C(N)=O)CC1=O,O=C1CCCN1[C@H](c1ccccc1)c1ncc[nH]1,4.649751981665837,False,True,structures/x5106a_x5258a/A71EV2A-x5106a/A71EV2A-x5106a_ligand_ref.sdf,7f7bf97a603b5abfbbddefdc0ddc1e0611470d4179f9e3cf6d4288e095ff1d76,raw/A71EV2A-x5106a.pdb,c6912261fac598725c7aa4f68785b9e6ac8015af6529008226ac549265d9ae49,22,22,0,0.0
A71EV2A-x5150a,x5090a_x5150a,17bd239fc0f6136a,Cn1cc(NS(=O)(=O)N2CCC[C@H](C(N)=O)C2)cn1,Cn1cc(NS(=O)(=O)N2CCC[C@H](C(N)=O)C2)cn1 |a:12|,Cn1cc(NS(=O)(=O)N2CCC[C@H](C(N)=O)C2)cn1,O=S(=O)(Nc1cn[nH]c1)N1CCCCC1,5.738140147629213,False,True,structures/x5090a_x5150a/A71EV2A-x5150a/A71EV2A-x5150a_ligand_ref.sdf,5625a69b545d168bc799e9591b0e4bd3bcb1e0f54e48036e4c110f486f3d2f38,raw/A71EV2A-x5150a.pdb,6a80e09c321996f5c398f118fe5c2ece0f2a70ff221f7cddf029ef4378475816,19,19,0,0.0
A71EV2A-x5151a,x5151a,78fe437df9cfc102,NC(=O)[C@H]1CCCN(C(=O)Cc2cccc3c2SCC3)C1,NC(=O)[C@H]1CCCN(C(=O)Cc2cccc3c2SCC3)C1 |a:3|,NC(=O)[C@H]1CCCN(C(=O)Cc2cccc3c2SCC3)C1,O=C(Cc1cccc2c1SCC2)N1CCCCC1,3.551812748385584,False,True,structures/x5151a/A71EV2A-x5151a/A71EV2A-x5151a_ligand_ref.sdf,5f868eef6488ff8f11842bcdb506de0d868713aad6e892b956a85288c4aacf08,raw/A71EV2A-x5151a.pdb,056d00c55c23667b83dbc441b1e5752ea8750c200a89bb599181006982e5fd0e,21,21,0,0.0
A71EV2A-x5171a,x5171a_x5171b,2e9f03e59888a750,CSc1ccccc1CC(=O)N1C[C@H](C(N)=O)C[C@H](C(N)=O)C1,"CSc1ccccc1CC(=O)N1C[C@H](C(N)=O)C[C@H](C(N)=O)C1 |a:13,18|",CSc1ccccc1CC(=O)N1C[C@H](C(N)=O)C[C@H](C(N)=O)C1,O=C(Cc1ccccc1)N1CCCCC1,5.207231875935455,False,True,structures/x5171a_x5171b/A71EV2A-x5171a/A71EV2A-x5171a_ligand_ref.sdf,ebe09875195271acefd92c79de13faa001f155899e8b83e67641c76b45df0f89,raw/A71EV2A-x5171a.pdb,6deb29fd293f063bac70f50c313743109e23f89e66b5c6d2d7841099a546e20b,23,23,0,0.0
A71EV2A-x5171b,x5171a_x5171b,2e9f03e59888a750,CSc1ccccc1CC(=O)N1C[C@H](C(N)=O)C[C@H](C(N)=O)C1,"CSc1ccccc1CC(=O)N1C[C@H](C(N)=O)C[C@H](C(N)=O)C1 |a:13,18|",CSc1ccccc1CC(=O)N1C[C@H](C(N)=O)C[C@H](C(N)=O)C1,O=C(Cc1ccccc1)N1CCCCC1,5.207231875935455,False,True,structures/x5171a_x5171b/A71EV2A-x5171b/A71EV2A-x5171b_ligand_ref.sdf,e032653b5ccd16ad91208f9eb03309e0c384398a732da188a9b35ba897ad6a63,raw/A71EV2A-x5171b.pdb,930e29e5c05e599a828657b36b094e63180ac21dbe901e46f6aa9daa81cf4718,23,23,0,0.0
A71EV2A-x5177a,x5177a,508483ec56a3c249,CSc1ccccc1CC(=O)N1C[C@@H](C(N)=O)C[C@H]2C[C@H]21,"CSc1ccccc1CC(=O)N1C[C@H](C(N)=O)C[C@H]2C[C@H]21 |o1:13,18,20|",CSc1ccccc1CC(=O)N1C[C@@H](C(N)=O)C[C@H]2C[C@H]21,O=C(Cc1ccccc1)N1CCC[C@H]2C[C@H]21,5.676463453677816,False,True,structures/x5177a/A71EV2A-x5177a/A71EV2A-x5177a_ligand_ref.sdf,fe4d794df69ed17fe71185cac46cffe83398f65b02424ebf28264e3fa787051d,raw/A71EV2A-x5177a.pdb,0da3659e7afd15ec4e766552aba68e08a1524ae971502dd85f8f0c4fc56cd7bd,21,21,0,0.0
A71EV2A-x5182a,x5182a,6f3c2dc5cc765440,CSc1ccncc1NS(=O)(=O)N1CCC[C@H](C(N)=O)C1,CSc1ccncc1NS(=O)(=O)N1CCC[C@H](C(N)=O)C1 |a:16|,CSc1ccncc1NS(=O)(=O)N1CCC[C@H](C(N)=O)C1,O=S(=O)(Nc1cccnc1)N1CCCCC1,4.881756561812204,False,True,structures/x5182a/A71EV2A-x5182a/A71EV2A-x5182a_ligand_ref.sdf,e8d90abfed2ac067d1d8ceddf660ebece4967032d9d0682986de0de01c326bc5,raw/A71EV2A-x5182a.pdb,12c010937d4894ebf3e1f55553d9e1c9b2269dea8bd4e44f75aca58ce0d80484,21,21,0,0.0
A71EV2A-x5200a,x5104a_x5200a_x5268a,9d043804fdb7475c,CSc1ccccc1CC(=O)N1C[C@H](C)C[C@H](C(N)=O)C1,"CSc1ccccc1CC(=O)N1C[C@H](C)C[C@@H](C(N)=O)C1 |o1:13,16|",CSc1ccccc1CC(=O)N1C[C@H](C)C[C@H](C(N)=O)C1,O=C(Cc1ccccc1)N1CCCCC1,4.494060495927921,False,True,structures/x5104a_x5200a_x5268a/A71EV2A-x5200a/A71EV2A-x5200a_ligand_ref.sdf,6383baa786a6f32c95f0de8ab5b6f1212ca23b363203309349dc1877b75181b4,raw/A71EV2A-x5200a.pdb,35e472368ed7e0262d78b56e773a36c13c22319d1ff95e6eee5be6f88c2f204b,21,21,0,0.0
A71EV2A-x5203a,x5203a_x5203b,346aae162782bf2f,CSc1ccc(Br)cc1CC(=O)N1CCC[C@H](C(N)=O)CC1,CSc1ccc(Br)cc1CC(=O)N1CCC[C@H](C(N)=O)CC1 |&1:16|,CSc1ccc(Br)cc1CC(=O)N1CCC[C@H](C(N)=O)CC1,O=C(Cc1ccccc1)N1CCCCCC1,4.084730020129478,False,True,structures/x5203a_x5203b/A71EV2A-x5203a/A71EV2A-x5203a_ligand_ref.sdf,6e16777b804055911446ec0522e526b4dd079203440e504188c89f8c86dd9eb6,raw/A71EV2A-x5203a.pdb,e192f9cc37d2255d65947e15ac005477ccb931fa03e924eb5d6d2a5a87877994,22,22,0,0.0
A71EV2A-x5203b,x5203a_x5203b,346aae162782bf2f,CSc1ccc(Br)cc1CC(=O)N1CCC[C@H](C(N)=O)CC1,CSc1ccc(Br)cc1CC(=O)N1CCC[C@H](C(N)=O)CC1 |&1:16|,CSc1ccc(Br)cc1CC(=O)N1CCC[C@H](C(N)=O)CC1,O=C(Cc1ccccc1)N1CCCCCC1,4.084730020129478,False,True,structures/x5203a_x5203b/A71EV2A-x5203b/A71EV2A-x5203b_ligand_ref.sdf,80128c3c7099e98eddeabe7ff7b901833cee77eb64a35792ee4741f798ef7c50,raw/A71EV2A-x5203b.pdb,2b050d36bf26feb20dac9a20e83a0b3b6d9b56881d5f18a6c3d4a24c40574eee,22,22,0,0.0
A71EV2A-x5210a,x5210a_x5210b,fc5c80ff684ca4a2,NC(=O)[C@H]1CCC(=O)N([C@H]2CCCc3ccccc32)C1,NC(=O)[C@H]1CCC(=O)N([C@H]2CCCc3ccccc32)C1 |o1:3|,NC(=O)[C@H]1CCC(=O)N([C@H]2CCCc3ccccc32)C1,O=C1CCCCN1[C@H]1CCCc2ccccc21,4.631937259138866,False,True,structures/x5210a_x5210b/A71EV2A-x5210a/A71EV2A-x5210a_ligand_ref.sdf,92d1f8e7e9a9334505e97dd478b277ccac448003b49e6b825302244d763cffe3,raw/A71EV2A-x5210a.pdb,0b5a63eb1600c52ccce37989629b03ad80719ae8e3a67f0ea39e871a8ebddf19,20,20,0,0.0
A71EV2A-x5210b,x5210a_x5210b,fc5c80ff684ca4a2,NC(=O)[C@H]1CCC(=O)N([C@H]2CCCc3ccccc32)C1,NC(=O)[C@H]1CCC(=O)N([C@H]2CCCc3ccccc32)C1 |o1:3|,NC(=O)[C@H]1CCC(=O)N([C@H]2CCCc3ccccc32)C1,O=C1CCCCN1[C@H]1CCCc2ccccc21,4.631937259138866,False,True,structures/x5210a_x5210b/A71EV2A-x5210b/A71EV2A-x5210b_ligand_ref.sdf,877a83439b506513138ee2af83ff829ac84a64c0190d84ac5786bb0b67d353f5,raw/A71EV2A-x5210b.pdb,60b918acca8c1ac3fa92dac660eaaad5bfa0907a713aa215b16a621f6a042f7d,20,20,0,0.0
A71EV2A-x5212a,x5212a,2d9e6df00cda9724,N#Cc1ncncc1CC(=O)N1CCC[C@H](C(N)=O)C1,N#Cc1ncncc1CC(=O)N1CCC[C@H](C(N)=O)C1 |a:15|,N#Cc1ncncc1CC(=O)N1CCC[C@H](C(N)=O)C1,O=C(Cc1cncnc1)N1CCCCC1,4.424812155072339,False,True,structures/x5212a/A71EV2A-x5212a/A71EV2A-x5212a_ligand_ref.sdf,85cf5e45ee045c336e9d58420bfd2dca59005b22285c7ead183ac75819bebc67,raw/A71EV2A-x5212a.pdb,6c0dd9ba43ae44305205f7be1e8e1ebc5bb988bac24568f7cccc0701532517e9,20,20,0,0.0
A71EV2A-x5213a,x5213a_x5213b,87615e3f986153fe,NC(=O)[C@H]1CCCN(C(=O)Cc2ccnc(Cl)n2)C1,NC(=O)[C@H]1CCCN(C(=O)Cc2ccnc(Cl)n2)C1 |a:3|,NC(=O)[C@H]1CCCN(C(=O)Cc2ccnc(Cl)n2)C1,O=C(Cc1ccncn1)N1CCCCC1,4.653647025549361,False,True,structures/x5213a_x5213b/A71EV2A-x5213a/A71EV2A-x5213a_ligand_ref.sdf,28cd1a57b903d704295852868aad8b6b43bc4e636e1932d819f9a1556d1de9a9,raw/A71EV2A-x5213a.pdb,ef17dfebeb0a9b42dbaa51f6ab22537613314dfe44fa2dc85b216f7bff2e4756,19,19,0,0.0
A71EV2A-x5213b,x5213a_x5213b,87615e3f986153fe,NC(=O)[C@H]1CCCN(C(=O)Cc2ccnc(Cl)n2)C1,NC(=O)[C@H]1CCCN(C(=O)Cc2ccnc(Cl)n2)C1 |a:3|,NC(=O)[C@H]1CCCN(C(=O)Cc2ccnc(Cl)n2)C1,O=C(Cc1ccncn1)N1CCCCC1,4.653647025549361,False,True,structures/x5213a_x5213b/A71EV2A-x5213b/A71EV2A-x5213b_ligand_ref.sdf,a39c6d166414fa06c7bac5c40415bf5d2a771b6a380ec7588d9f95d0f886e648,raw/A71EV2A-x5213b.pdb,2e28dcbc4972aae1cef92bd860004372cc7d810e4bb6621dacfd7c206eb943cb,19,19,0,0.0
A71EV2A-x5221a,x5221a,62195492c25bb8d4,NC(=O)[C@H]1CCCN(C(=O)Cc2cccc3ncsc23)C1,NC(=O)[C@H]1CCCN(C(=O)Cc2cccc3ncsc23)C1 |a:3|,NC(=O)[C@H]1CCCN(C(=O)Cc2cccc3ncsc23)C1,O=C(Cc1cccc2ncsc12)N1CCCCC1,3.9648133085158968,False,True,structures/x5221a/A71EV2A-x5221a/A71EV2A-x5221a_ligand_ref.sdf,73ef7e7da03bdd632cc5d4ae5cfc2bb063e45d4dc03f343c742c86211cbd60a1,raw/A71EV2A-x5221a.pdb,9b0ec600641fa2889833b70479df7f849070c2e1e5c9998ee47de56c8ec20d48,21,21,0,0.0
A71EV2A-x5226a,x5226a,26148757a711e6f6,CNC(=O)c1oc2ccccc2c1CN1C[C@@H](C(N)=O)CCC1=O,CNC(=O)c1oc2ccccc2c1CN1C[C@H](C(N)=O)CCC1=O |&1:16|,CNC(=O)c1oc2ccccc2c1CN1C[C@@H](C(N)=O)CCC1=O,O=C1CCCCN1Cc1coc2ccccc12,4.027340564735919,False,True,structures/x5226a/A71EV2A-x5226a/A71EV2A-x5226a_ligand_ref.sdf,31731c47392e53476e7fff85eae2751a8d4409128d28a296a875349f6ffdeee3,raw/A71EV2A-x5226a.pdb,087ddf32f1c6d307c0e4edce0cd503bd67197a23883908c6391ce8d55eb3f80f,24,24,0,0.0
A71EV2A-x5231a,x5231a,f08e7dee0ceb4feb,CS[C@@H]1CCCC[C@H]1OC(=O)N1CCC[C@H](C(N)=O)C1,"CS[C@@H]1CCCC[C@H]1OC(=O)N1CCC[C@H](C(N)=O)C1 |o1:2,7|",CS[C@@H]1CCCC[C@H]1OC(=O)N1CCC[C@H](C(N)=O)C1,O=C(OC1CCCCC1)N1CCCCC1,3.5961527992975952,False,True,structures/x5231a/A71EV2A-x5231a/A71EV2A-x5231a_ligand_ref.sdf,e6edb83b59817c41d60c65fc3657fc00436a77950c72ed486a0c8063662efd2a,raw/A71EV2A-x5231a.pdb,51db285ab576f0cf5e10705bc4b32cd81f27980736d2ec07c17505a86fb2fd71,20,20,0,0.0
A71EV2A-x5247a,x5247a_x5247b,0ea63e1a2e82f042,CSc1ccc(Br)cc1CC(=O)N1C[C@H](C(N)=O)CC[C@H]1C,"CSc1ccc(Br)cc1CC(=O)N1C[C@H](C(N)=O)CC[C@@H]1C |o1:14,20|",CSc1ccc(Br)cc1CC(=O)N1C[C@H](C(N)=O)CC[C@H]1C,O=C(Cc1ccccc1)N1CCCCC1,5.370420577541523,False,True,structures/x5247a_x5247b/A71EV2A-x5247a/A71EV2A-x5247a_ligand_ref.sdf,41c9c24b2f28f2e51acb49f88aab33f5a8b7e0f002a94286efb1b0d85b5cd358,raw/A71EV2A-x5247a.pdb,cae59ddf75f68901bd2a06e09077fe50d0917a2be15aeb56d799e8b66e4735ec,22,22,0,0.0
A71EV2A-x5247b,x5247a_x5247b,0ea63e1a2e82f042,CSc1ccc(Br)cc1CC(=O)N1C[C@H](C(N)=O)CC[C@H]1C,"CSc1ccc(Br)cc1CC(=O)N1C[C@H](C(N)=O)CC[C@@H]1C |o1:14,20|",CSc1ccc(Br)cc1CC(=O)N1C[C@H](C(N)=O)CC[C@H]1C,O=C(Cc1ccccc1)N1CCCCC1,5.370420577541523,False,True,structures/x5247a_x5247b/A71EV2A-x5247b/A71EV2A-x5247b_ligand_ref.sdf,73d3b4350baa97bd2a96461155eb9ae49df20de71c28eb814887c688697c5121,raw/A71EV2A-x5247b.pdb,252a4484ecf2bbe88cf912d5a6c16f8f93532a528d91e5c62eecf0846a354fa1,22,22,0,0.0
A71EV2A-x5249a,x5249a,5a0d46f82d8bcca3,CSc1cccc2c1N(C(=O)N1CCC[C@H](C(N)=O)C1)CCCO2,CSc1cccc2c1N(C(=O)N1CCC[C@H](C(N)=O)C1)CCCO2 |a:15|,CSc1cccc2c1N(C(=O)N1CCC[C@H](C(N)=O)C1)CCCO2,O=C(N1CCCCC1)N1CCCOc2ccccc21,3.9795272089559,False,True,structures/x5249a/A71EV2A-x5249a/A71EV2A-x5249a_ligand_ref.sdf,895c08e2fb48433c70320fff13ebf8a74fbe00efb50cf1d874a5f7d6c325f867,raw/A71EV2A-x5249a.pdb,d2bddcb57cde195f5f775ba4bf36498f8b4f6a14fdf1d8eba145ac68d3584cf1,24,24,0,0.0
A71EV2A-x5261a,x5261a,ed57039e80219e22,CSc1ccc2cnccc2c1NC(=O)N1CCC[C@H](C(N)=O)C1,CSc1ccc2cnccc2c1NC(=O)N1CCC[C@H](C(N)=O)C1 |a:19|,CSc1ccc2cnccc2c1NC(=O)N1CCC[C@H](C(N)=O)C1,O=C(Nc1cccc2cnccc12)N1CCCCC1,5.772572568212773,False,True,structures/x5261a/A71EV2A-x5261a/A71EV2A-x5261a_ligand_ref.sdf,48b21ef7f5b48caaffcf1f646ba4a8fdf4d56c4eac06489aba7423e3609b21cb,raw/A71EV2A-x5261a.pdb,5e37ba2cfc50283eef4705e22eb10b6d248136421a4db00bebe35fe063926c81,24,24,0,0.0
A71EV2A-x5262a,x5262a_x5262b,b022bc1cdd4e325f,CSc1ccccc1CC(=O)N1C[C@H]2C[C@]1(CC(N)=O)C2,CSc1ccccc1CC(=O)N1C[C@H]2C[C@@]1(CC(N)=O)C2 |&1:15|,CSc1ccccc1CC(=O)N1C[C@H]2C[C@]1(CC(N)=O)C2,O=C(Cc1ccccc1)N1CC2CC1C2,4.051345937463026,False,True,structures/x5262a_x5262b/A71EV2A-x5262a/A71EV2A-x5262a_ligand_ref.sdf,1df4056a86f51f074dcb0584d2e50a3c85f0498245ca7433dc2a95abdcc9c09e,raw/A71EV2A-x5262a.pdb,a285a2be96946b485203527cb9a76e0f6ec4f92330e5ecd94b430f0dbe1c28e1,21,21,0,0.0
A71EV2A-x5262b,x5262a_x5262b,b022bc1cdd4e325f,CSc1ccccc1CC(=O)N1C[C@H]2C[C@]1(CC(N)=O)C2,CSc1ccccc1CC(=O)N1C[C@H]2C[C@@]1(CC(N)=O)C2 |&1:15|,CSc1ccccc1CC(=O)N1C[C@H]2C[C@]1(CC(N)=O)C2,O=C(Cc1ccccc1)N1CC2CC1C2,4.051345937463026,False,True,structures/x5262a_x5262b/A71EV2A-x5262b/A71EV2A-x5262b_ligand_ref.sdf,0ad797d81b4b81dd3e54076315b28182c8476e45106caefb00c21686cca6325a,raw/A71EV2A-x5262b.pdb,8f075cf4227976309ae12fa92eaef5a3b2626921d4f1535847732ba041885a43,21,21,0,0.0
A71EV2A-x5268a,x5104a_x5200a_x5268a,19e7fe7a03297340,CSc1ccccc1CC(=O)N1C[C@H](C)C[C@H](C(N)=O)C1,"CSc1ccccc1CC(=O)N1C[C@H](C)C[C@H](C(N)=O)C1 |o1:13,16|",CSc1ccccc1CC(=O)N1C[C@H](C)C[C@H](C(N)=O)C1,O=C(Cc1ccccc1)N1CCCCC1,4.006585256974127,False,True,structures/x5104a_x5200a_x5268a/A71EV2A-x5268a/A71EV2A-x5268a_ligand_ref.sdf,17b9adecf62faf5ce64d25fc2c126af74ac11172ddd520e8949ea078e3d7f59e,raw/A71EV2A-x5268a.pdb,f95d96f9cfec8ed7bdea74d6d7ee292f4677f367ed2fa0be2f75721caac97720,21,21,0,0.0
A71EV2A-x5276a,x5276a,d1df58ffe874e334,CSc1ccc(C2CC2)cc1CC(=O)N1CCC[C@H](C(N)=O)C1,CSc1ccc(C2CC2)cc1CC(=O)N1CCC[C@H](C(N)=O)C1 |a:18|,CSc1ccc(C2CC2)cc1CC(=O)N1CCC[C@H](C(N)=O)C1,O=C(Cc1cccc(C2CC2)c1)N1CCCCC1,5.5276774658141035,False,True,structures/x5276a/A71EV2A-x5276a/A71EV2A-x5276a_ligand_ref.sdf,744ebe520c462b30345f82ff1a69a199ca40b0ebd2ae88387e4b1a62e4fb6a71,raw/A71EV2A-x5276a.pdb,b70b86e874f53642c1995bd8fd0b57c8063b3f194a85cff43a7dd8fdabed23fa,23,23,0,0.0
A71EV2A-x5277a,x5277a,87228c124c19e9e0,NC(=O)[C@]12CN(C(=O)Cc3ccccc3Cl)C[C@H](C1)C2,NC(=O)[C@]12CN(C(=O)Cc3ccccc3Cl)C[C@@H](C1)C2 |&1:3|,NC(=O)[C@]12CN(C(=O)Cc3ccccc3Cl)C[C@H](C1)C2,O=C(Cc1ccccc1)N1CC2CC(C2)C1,4.0045909104114665,False,True,structures/x5277a/A71EV2A-x5277a/A71EV2A-x5277a_ligand_ref.sdf,04d465b6fdc64583cc1fb283695ddeb201d6376401c515419331c917e86b7e01,raw/A71EV2A-x5277a.pdb,693ad2734273aee2ab41742e05cec2701abf42023ea44a548d0f170782eaac56,20,20,0,0.0
A71EV2A-x5278a,x5278a,6ec4d5005583242c,COc1ccc(Cl)cc1NS(=O)(=O)N1CCC[C@H](C(N)=O)C1,COc1ccc(Cl)cc1NS(=O)(=O)N1CCC[C@H](C(N)=O)C1 |a:17|,COc1ccc(Cl)cc1NS(=O)(=O)N1CCC[C@H](C(N)=O)C1,O=S(=O)(Nc1ccccc1)N1CCCCC1,3.989247537499024,False,True,structures/x5278a/A71EV2A-x5278a/A71EV2A-x5278a_ligand_ref.sdf,64b08fceff2a0f794d5988567622e2fc5891e7aabe5c8506508c622b4313285c,raw/A71EV2A-x5278a.pdb,0147b7d1e2c2aaabd0db6729c183aa8f231fe9df8058bd67d2b032a5bcef87ca,22,22,0,0.0
A71EV2A-x5283a,x5283a_x5283b,34abbfd71b58152a,CSc1ccc2scnc2c1NC(=O)N1CCC[C@H](C(N)=O)C1,CSc1ccc2scnc2c1NC(=O)N1CCC[C@H](C(N)=O)C1 |a:18|,CSc1ccc2scnc2c1NC(=O)N1CCC[C@H](C(N)=O)C1,O=C(Nc1cccc2scnc12)N1CCCCC1,5.775683273773221,False,True,structures/x5283a_x5283b/A71EV2A-x5283a/A71EV2A-x5283a_ligand_ref.sdf,a991db69b9d641bddb197fc28ccdf3db33ca68e616011cf3012ca0c0f49b83d7,raw/A71EV2A-x5283a.pdb,61a37e0de68d96515c310c06e9d26cf27f0ba1a0e90a8c05986eb368850cd866,23,23,0,0.0
A71EV2A-x5283b,x5283a_x5283b,34abbfd71b58152a,CSc1ccc2scnc2c1NC(=O)N1CCC[C@H](C(N)=O)C1,CSc1ccc2scnc2c1NC(=O)N1CCC[C@H](C(N)=O)C1 |a:18|,CSc1ccc2scnc2c1NC(=O)N1CCC[C@H](C(N)=O)C1,O=C(Nc1cccc2scnc12)N1CCCCC1,5.775683273773221,False,True,structures/x5283a_x5283b/A71EV2A-x5283b/A71EV2A-x5283b_ligand_ref.sdf,6063cb1c4d9c4469067141a1e02fa92abc761e0c53e5f1e3ef3a735a67ef3ced,raw/A71EV2A-x5283b.pdb,a69257b6ccb34c5f5776ac76f69e0ca8e299a347dbd55e06a6a4c03cba4d9916,23,23,0,0.0
A71EV2A-x5288a,x5288a_x5288b,662cf78d34dad3ea,CCCSc1cccc(OC)c1NC(=O)N1CCC[C@H](C(N)=O)C1,CCCSc1cccc(OC)c1NC(=O)N1CCC[C@H](C(N)=O)C1 |a:19|,CCCSc1cccc(OC)c1NC(=O)N1CCC[C@H](C(N)=O)C1,O=C(Nc1ccccc1)N1CCCCC1,3.79526753551538,False,True,structures/x5288a_x5288b/A71EV2A-x5288a/A71EV2A-x5288a_ligand_ref.sdf,9150a3d456e7288961a9652f87a44358a40767381a9929f27874070a08bcedfa,raw/A71EV2A-x5288a.pdb,fbbc7e18bcb7ce39c7ceda643c16b2c45a704ce763773e79ca85d1ee2d00e417,24,24,0,0.0
A71EV2A-x5288b,x5288a_x5288b,662cf78d34dad3ea,CCCSc1cccc(OC)c1NC(=O)N1CCC[C@H](C(N)=O)C1,CCCSc1cccc(OC)c1NC(=O)N1CCC[C@H](C(N)=O)C1 |a:19|,CCCSc1cccc(OC)c1NC(=O)N1CCC[C@H](C(N)=O)C1,O=C(Nc1ccccc1)N1CCCCC1,3.79526753551538,False,True,structures/x5288a_x5288b/A71EV2A-x5288b/A71EV2A-x5288b_ligand_ref.sdf,c9e83f74109496d45664d17a783e24d271c00ed47a3749e292523f81fc3dc27d,raw/A71EV2A-x5288b.pdb,86e023d954955ec54f3ff6661c17947cae3687a1d0f97a75f9e004ab0b41583f,24,24,0,0.0
A71EV2A-x5289a,x5289a_x5289b,d3399b73768173e8,COc1cccc(SC(C)C)c1NC(=O)N1CCC[C@H](C(N)=O)C1,COc1cccc(SC(C)C)c1NC(=O)N1CCC[C@H](C(N)=O)C1 |a:19|,COc1cccc(SC(C)C)c1NC(=O)N1CCC[C@H](C(N)=O)C1,O=C(Nc1ccccc1)N1CCCCC1,5.313218576201494,False,True,structures/x5289a_x5289b/A71EV2A-x5289a/A71EV2A-x5289a_ligand_ref.sdf,445c2b7bac87a6bd6e7b81514f06c5829fc115a7b69cb758b4048dce3dbe50bb,raw/A71EV2A-x5289a.pdb,043b15507f4c23771c8bcfd550539e861bd7d33944b3598c54a52cc2c35d871e,24,24,0,0.0
A71EV2A-x5289b,x5289a_x5289b,d3399b73768173e8,COc1cccc(SC(C)C)c1NC(=O)N1CCC[C@H](C(N)=O)C1,COc1cccc(SC(C)C)c1NC(=O)N1CCC[C@H](C(N)=O)C1 |a:19|,COc1cccc(SC(C)C)c1NC(=O)N1CCC[C@H](C(N)=O)C1,O=C(Nc1ccccc1)N1CCCCC1,5.313218576201494,False,True,structures/x5289a_x5289b/A71EV2A-x5289b/A71EV2A-x5289b_ligand_ref.sdf,33d892480a1b1b563bfe1467614fea90be01dbda1a8fca3e7d1c2febb1da3f49,raw/A71EV2A-x5289b.pdb,d270557ac71620df8ca7b3f46c4f9c7bd2ed1ba58348cf39d94ba4268b9ad876,24,24,0,0.0
A71EV2A-x5317a,x5317a,93988f6dd861d4e6,CNC(=O)[C@@H](c1cccc(C)c1)N1C[C@@H](C(N)=O)CC1=O,"CNC(=O)[C@@H](c1cccc(C)c1)N1C[C@H](C(N)=O)CC1=O |&1:4,14|",CNC(=O)[C@@H](c1cccc(C)c1)N1C[C@@H](C(N)=O)CC1=O,O=C1CCCN1Cc1ccccc1,4.5968794788241825,False,True,structures/x5317a/A71EV2A-x5317a/A71EV2A-x5317a_ligand_ref.sdf,8a0d08b2c413af907ded461a280bf5661e03d5ab9c589abe3ce81cfd82f724fb,raw/A71EV2A-x5317a.pdb,b9631943a5e2f7bb0d9ea534d8c41a3abba85717f7aaae35d3e8205b88bc9bc3,21,21,0,0.0
A71EV2A-x5339a,x5339a_x5339b,3fa72ac9a9f9b6a0,CSc1ccc(Br)cc1CC(=O)N1C[C@H](C(N)=O)CC[C@@H]1C,"CSc1ccc(Br)cc1CC(=O)N1C[C@H](C(N)=O)CC[C@H]1C |o1:14,20|",CSc1ccc(Br)cc1CC(=O)N1C[C@H](C(N)=O)CC[C@@H]1C,O=C(Cc1ccccc1)N1CCCCC1,5.163175522827518,False,True,structures/x5339a_x5339b/A71EV2A-x5339a/A71EV2A-x5339a_ligand_ref.sdf,8b37a03946acb8edbe8d1e3c200159008593645adc35cd05e36a1ffe37982d6f,raw/A71EV2A-x5339a.pdb,102e7aa562f99b99640f4ce75c510d9a40581ad96a2bac115b10d39eeb786593,22,22,0,0.0
A71EV2A-x5339b,x5339a_x5339b,3fa72ac9a9f9b6a0,CSc1ccc(Br)cc1CC(=O)N1C[C@H](C(N)=O)CC[C@@H]1C,"CSc1ccc(Br)cc1CC(=O)N1C[C@H](C(N)=O)CC[C@H]1C |o1:14,20|",CSc1ccc(Br)cc1CC(=O)N1C[C@H](C(N)=O)CC[C@@H]1C,O=C(Cc1ccccc1)N1CCCCC1,5.163175522827518,False,True,structures/x5339a_x5339b/A71EV2A-x5339b/A71EV2A-x5339b_ligand_ref.sdf,04d7e7e8ec9e4bf949329ee7390aaaf0bea598159856e2bfd47f9dcfb36cda3b,raw/A71EV2A-x5339b.pdb,6e2cb0dc89775ccef31dcf58d72816f2ba855cf4d501cf5efa368e73da6db66d,22,22,0,0.0
A71EV2A-x5351a,x5351a,1ebdf6d3bd16c475,NC(=O)[C@H]1CCCN(C(=O)OC2CCCCC2)C1,NC(=O)[C@H]1CCCN(C(=O)OC2CCCCC2)C1 |a:3|,NC(=O)[C@H]1CCCN(C(=O)OC2CCCCC2)C1,O=C(OC1CCCCC1)N1CCCCC1,4.042264201974706,False,True,structures/x5351a/A71EV2A-x5351a/A71EV2A-x5351a_ligand_ref.sdf,33a1c59203d038d16e031a197604365481e78be0c85458c845d277a742106663,raw/A71EV2A-x5351a.pdb,8177699a16794172a60ddc5680dd7b27f6bc7339666c56515e3273c1bf29bc60,18,18,0,0.0
A71EV2A-x5359a,x5359a_x5359b,7c189aea850aef57,C=Cc1ccccc1CS(=O)(=O)N1CCC[C@H](C(N)=O)C1,C=Cc1ccccc1CS(=O)(=O)N1CCC[C@H](C(N)=O)C1 |a:16|,C=Cc1ccccc1CS(=O)(=O)N1CCC[C@H](C(N)=O)C1,O=S(=O)(Cc1ccccc1)N1CCCCC1,4.5951662833800615,False,True,structures/x5359a_x5359b/A71EV2A-x5359a/A71EV2A-x5359a_ligand_ref.sdf,151e1898c0ca067a2dec7c0ccad418f44dcd81d286a535fbedbdac03f7e8e304,raw/A71EV2A-x5359a.pdb,4d7c9bd6fc52d12154d6031bf8a75f0807629284923b01142b550e032a6745b1,21,21,0,0.0
A71EV2A-x5366a,x5366a_x5366b,3fa72ac9a9f9b6a0,CSc1ccc(Br)cc1CC(=O)N1C[C@@H](C(N)=O)CC[C@H]1C,"CSc1ccc(Br)cc1CC(=O)N1C[C@H](C(N)=O)CC[C@H]1C |o1:14,20|",CSc1ccc(Br)cc1CC(=O)N1C[C@@H](C(N)=O)CC[C@H]1C,O=C(Cc1ccccc1)N1CCCCC1,5.163175522827518,False,True,structures/x5366a_x5366b/A71EV2A-x5366a/A71EV2A-x5366a_ligand_ref.sdf,c7728b6d31bd56f4d3e338a91de1cb3e63e9afa1d3365ff3a907935feff98567,raw/A71EV2A-x5366a.pdb,8dae2050eb49823b4f629e54fe24ada3ac9639b1b3e1403fe7cbf461b0a129fd,22,22,0,0.0
A71EV2A-x5366b,x5366a_x5366b,3fa72ac9a9f9b6a0,CSc1ccc(Br)cc1CC(=O)N1C[C@@H](C(N)=O)CC[C@H]1C,"CSc1ccc(Br)cc1CC(=O)N1C[C@H](C(N)=O)CC[C@H]1C |o1:14,20|",CSc1ccc(Br)cc1CC(=O)N1C[C@@H](C(N)=O)CC[C@H]1C,O=C(Cc1ccccc1)N1CCCCC1,5.163175522827518,False,True,structures/x5366a_x5366b/A71EV2A-x5366b/A71EV2A-x5366b_ligand_ref.sdf,092cbd437514ec0509ac86e57c907366f8b4c59939f3ee9c478645bc1ba5b1a4,raw/A71EV2A-x5366b.pdb,d52a742dfdb397da47a1976aed9466a52f7d123a025a4b111d218990cf349db4,22,22,0,0.0
A71EV2A-x5383a,x5383a,9420cbb4b331a8e7,CSc1ccccc1[C@@H](NC(C)=O)C(=O)N1CC[C@H](C(N)=O)C1,CSc1ccccc1[C@H](NC(C)=O)C(=O)N1CC[C@H](C(N)=O)C1 |&1:8|,CSc1ccccc1[C@@H](NC(C)=O)C(=O)N1CC[C@H](C(N)=O)C1,O=C(Cc1ccccc1)N1CCCC1,5.186061162833519,False,True,structures/x5383a/A71EV2A-x5383a/A71EV2A-x5383a_ligand_ref.sdf,cd36ac025444363921ba13cec8a11b22e0983c28964d78de1e138efe23b02b55,raw/A71EV2A-x5383a.pdb,3fc9449ba84f3ab7ec5bbba0fcb8f7d4d0b9cdd6d560ab217e38b412b72a90b9,23,23,0,0.0
A71EV2A-x5387a,x5387a_x5387b,1fc129a4d7626aff,CSc1ccccc1CC(=O)N1C[C@@H](O)C[C@H](C(N)=O)C1,"CSc1ccccc1CC(=O)N1C[C@H](O)C[C@@H](C(N)=O)C1 |&1:13,16|",CSc1ccccc1CC(=O)N1C[C@@H](O)C[C@H](C(N)=O)C1,O=C(Cc1ccccc1)N1CCCCC1,3.66094239119996,False,True,structures/x5387a_x5387b/A71EV2A-x5387a/A71EV2A-x5387a_ligand_ref.sdf,bd0a0478cc754dce780c704995d532ad5b856b257902ecb32b81ff458e93fe25,raw/A71EV2A-x5387a.pdb,4fe3028f273622b4617ccddd8907c2e8b7fbd7f6b045d195acfb0c5247f57a59,21,21,0,0.0
A71EV2A-x5387b,x5387a_x5387b,1fc129a4d7626aff,CSc1ccccc1CC(=O)N1C[C@@H](O)C[C@H](C(N)=O)C1,"CSc1ccccc1CC(=O)N1C[C@H](O)C[C@@H](C(N)=O)C1 |&1:13,16|",CSc1ccccc1CC(=O)N1C[C@@H](O)C[C@H](C(N)=O)C1,O=C(Cc1ccccc1)N1CCCCC1,3.66094239119996,False,True,structures/x5387a_x5387b/A71EV2A-x5387b/A71EV2A-x5387b_ligand_ref.sdf,19662878b078cc78b118a567c833cf9e9f43dfd8d98527e342cea045c957a4df,raw/A71EV2A-x5387b.pdb,fef64912e8dba37d63a1146af5a1637f601917d35202350e31e6df7e7b91a8ee,21,21,0,0.0
A71EV2A-x5389a,x5389a,d7345037da94d508,COc1cccc2c1N(C(=O)N1CCC[C@H](C(N)=O)C1)CCS2,COc1cccc2c1N(C(=O)N1CCC[C@H](C(N)=O)C1)CCS2 |a:15|,COc1cccc2c1N(C(=O)N1CCC[C@H](C(N)=O)C1)CCS2,O=C(N1CCCCC1)N1CCSc2ccccc21,4.29598340377612,False,True,structures/x5389a/A71EV2A-x5389a/A71EV2A-x5389a_ligand_ref.sdf,5591f4107f7a55874ab620514d589acde87e25d35b6d22a5e43eeb902d7b5cd3,raw/A71EV2A-x5389a.pdb,0943af4142ae7383f1e737c7e88b577c37d1a6867e94b4b36c1391434e6f54e4,23,23,0,0.0
A71EV2A-x5398a,x5398a,0e84819a9e1a93c0,COC[C@]1(C)C[C@H](C(N)=O)CN1C(=O)Cc1cc(Br)ccc1SC,"COC[C@@]1(C)C[C@H](C(N)=O)CN1C(=O)Cc1cc(Br)ccc1SC |&1:3,6|",COC[C@]1(C)C[C@H](C(N)=O)CN1C(=O)Cc1cc(Br)ccc1SC,O=C(Cc1ccccc1)N1CCCC1,5.510062512868513,False,True,structures/x5398a/A71EV2A-x5398a/A71EV2A-x5398a_ligand_ref.sdf,4753666400be314d432ec3749ea1ed7cdf015fa166967d54062738918b35d159,raw/A71EV2A-x5398a.pdb,b5bff50ebad6e751c13fc54e55e26aa8e9c5623c9bf9f440f62ac04fa8004ab4,24,24,0,0.0
A71EV2A-x5403a,x5403a,94ea28859025e9c3,CSc1ccc(SC(C)(C)C)cc1CC(=O)N1CCC[C@H](C(N)=O)C1,CSc1ccc(SC(C)(C)C)cc1CC(=O)N1CCC[C@H](C(N)=O)C1 |a:20|,CSc1ccc(SC(C)(C)C)cc1CC(=O)N1CCC[C@H](C(N)=O)C1,O=C(Cc1ccccc1)N1CCCCC1,5.1112214896446675,False,True,structures/x5403a/A71EV2A-x5403a/A71EV2A-x5403a_ligand_ref.sdf,11c45a72c85e9439f399c2ebbf44e23e20bbfc76bf0f583b175d876d5a2ac468,raw/A71EV2A-x5403a.pdb,448739841f242df086b96b39711fa6af320547b47a56b23973dc1bc2eb3e6e72,25,25,0,0.0
A71EV2A-x5409a,x5409a_x5409b,989861e4e6276412,NC(=O)CC1CCN(C(=O)c2cccc(F)c2)CC1,NC(=O)CC1CCN(C(=O)c2cccc(F)c2)CC1,NC(=O)CC1CCN(C(=O)c2cccc(F)c2)CC1,O=C(c1ccccc1)N1CCCCC1,4.5977462809495115,False,True,structures/x5409a_x5409b/A71EV2A-x5409a/A71EV2A-x5409a_ligand_ref.sdf,ea4cdef30823cec8f93fc9f6fd809d2482b9b3417b42ca1792e672d202450a13,raw/A71EV2A-x5409a.pdb,3b4d25e0832737ba583d142f0a14fe767f9187d34cce5875875fd2b825858563,19,19,0,0.0
A71EV2A-x5409b,x5409a_x5409b,989861e4e6276412,NC(=O)CC1CCN(C(=O)c2cccc(F)c2)CC1,NC(=O)CC1CCN(C(=O)c2cccc(F)c2)CC1,NC(=O)CC1CCN(C(=O)c2cccc(F)c2)CC1,O=C(c1ccccc1)N1CCCCC1,4.5977462809495115,False,True,structures/x5409a_x5409b/A71EV2A-x5409b/A71EV2A-x5409b_ligand_ref.sdf,fd10cfdc6a8efc25253f0415d1cb32eeacc869e584c6b77a2740b76001e44ca6,raw/A71EV2A-x5409b.pdb,01e1428c9583ce1efa0461b04d38184ea3f36b6aae2928d8e1d4acad73fbac63,19,19,0,0.0
A71EV2A-x5424a,x5424a_x5424b,78e771fa81718205,Cc1ccc(CC(=O)N2CCC[C@H](C(N)=O)C2)s1,Cc1ccc(CC(=O)N2CCC[C@H](C(N)=O)C2)s1 |&1:12|,Cc1ccc(CC(=O)N2CCC[C@H](C(N)=O)C2)s1,O=C(Cc1cccs1)N1CCCCC1,4.633044431676764,False,True,structures/x5424a_x5424b/A71EV2A-x5424a/A71EV2A-x5424a_ligand_ref.sdf,5d4d75511b24b8613b1b4e31a1cb47581e5d6896d55ecfebee544800f0b1cfb8,raw/A71EV2A-x5424a.pdb,3191bc54f08704330bcc9676f5dad2e0e4615013fba23a18070c1ce82ddc3228,18,18,0,0.0
A71EV2A-x5424b,x5424a_x5424b,78e771fa81718205,Cc1ccc(CC(=O)N2CCC[C@H](C(N)=O)C2)s1,Cc1ccc(CC(=O)N2CCC[C@H](C(N)=O)C2)s1 |&1:12|,Cc1ccc(CC(=O)N2CCC[C@H](C(N)=O)C2)s1,O=C(Cc1cccs1)N1CCCCC1,4.633044431676764,False,True,structures/x5424a_x5424b/A71EV2A-x5424b/A71EV2A-x5424b_ligand_ref.sdf,b1353ff79acb457f675a37e70915cfc42b956ef5756669fae0d03222fc2ec707,raw/A71EV2A-x5424b.pdb,10387da2e89800de832497d3b67c778b57911959c29da31976287fa246d402e8,18,18,0,0.0
A71EV2A-x5425a,x5425a_x5425b,c742772da9168ff2,NC(=O)[C@H]1CCCN(C(=O)Cc2ccsc2)C1,NC(=O)[C@H]1CCCN(C(=O)Cc2ccsc2)C1 |&1:3|,NC(=O)[C@H]1CCCN(C(=O)Cc2ccsc2)C1,O=C(Cc1ccsc1)N1CCCCC1,4.589713631215067,False,True,structures/x5425a_x5425b/A71EV2A-x5425a/A71EV2A-x5425a_ligand_ref.sdf,81b3f55175cbd798b4c05b13181eb7d3ee4f0d98f26e0bea858e9aa603477694,raw/A71EV2A-x5425a.pdb,0121bf34b7008464452f99c55454113d0ad9bf2bac3c949f3193e5f5f5b0d140,17,17,0,0.0
A71EV2A-x5425b,x5425a_x5425b,c742772da9168ff2,NC(=O)[C@H]1CCCN(C(=O)Cc2ccsc2)C1,NC(=O)[C@H]1CCCN(C(=O)Cc2ccsc2)C1 |&1:3|,NC(=O)[C@H]1CCCN(C(=O)Cc2ccsc2)C1,O=C(Cc1ccsc1)N1CCCCC1,4.589713631215067,False,True,structures/x5425a_x5425b/A71EV2A-x5425b/A71EV2A-x5425b_ligand_ref.sdf,9e864e4fad03a168c5df050c23bc2372932ed5c613b0df599369fd01edca9293,raw/A71EV2A-x5425b.pdb,a0ee191bbb05faad50f5e3cde3d6ac5e39de8af12466fbdeab4d4a85dc683b2f,17,17,0,0.0
A71EV2A-x5427a,x5427a,f09b1aea1574f712,NC(=O)[C@H]1CCN(C(=O)Cc2c(Cl)cccc2Cl)C1,NC(=O)[C@H]1CCN(C(=O)Cc2c(Cl)cccc2Cl)C1 |&1:3|,NC(=O)[C@H]1CCN(C(=O)Cc2c(Cl)cccc2Cl)C1,O=C(Cc1ccccc1)N1CCCC1,4.7544873321858505,False,True,structures/x5427a/A71EV2A-x5427a/A71EV2A-x5427a_ligand_ref.sdf,77b419f2ccbd2fc67cd38b756ad6fd6d3eb3f04112f6dc44d1815487b189742b,raw/A71EV2A-x5427a.pdb,397195905e3aee42ee69e020436a6ec2373f11f2d67e1d131a420f5e7120b48c,19,19,0,0.0
A71EV2A-x5431a,x5431a_x5431b,cc2745578fe4ded7,NC(=O)[C@H]1CCN(C(=O)[C@@H]2SCCc3sccc32)C1,"NC(=O)[C@H]1CCN(C(=O)[C@H]2SCCc3sccc32)C1 |&1:3,&2:9|",NC(=O)[C@H]1CCN(C(=O)[C@@H]2SCCc3sccc32)C1,O=C([C@@H]1SCCc2sccc21)N1CCCC1,4.430090742898188,False,True,structures/x5431a_x5431b/A71EV2A-x5431a/A71EV2A-x5431a_ligand_ref.sdf,cef1fa36b98e9f3f1fb627680272ffc352fe7e902463927af181484b721bacd4,raw/A71EV2A-x5431a.pdb,487615a010c7905abbad1deec6f6204438e39d8c0a3a468c9f9d1e8f526384e5,19,19,0,0.0
A71EV2A-x5448a,x5448a,6ed606513dfe7797,N#Cc1nccc(CC(=O)N2CCC[C@H](C(N)=O)C2)n1,N#Cc1nccc(CC(=O)N2CCC[C@H](C(N)=O)C2)n1 |a:14|,N#Cc1nccc(CC(=O)N2CCC[C@H](C(N)=O)C2)n1,O=C(Cc1ccncn1)N1CCCCC1,4.006352818021342,False,True,structures/x5448a/A71EV2A-x5448a/A71EV2A-x5448a_ligand_ref.sdf,f0120da3c7f32e60fc8e9dd769423489ab92d84e8b4bb25dea3a043f448d2eb0,raw/A71EV2A-x5448a.pdb,474b22b67b6030ddcba75a58326e41546d23cd9f62fc9d4e753db05fc31ea1cb,20,20,0,0.0
A71EV2A-x5449a,x5449a_x5449b,c10f89c9c8e694bc,CSc1ccc(S(C)(=O)=O)cc1CC(=O)N1CCC[C@H](C(N)=O)C1,CSc1ccc(S(C)(=O)=O)cc1CC(=O)N1CCC[C@H](C(N)=O)C1 |a:19|,CSc1ccc(S(C)(=O)=O)cc1CC(=O)N1CCC[C@H](C(N)=O)C1,O=C(Cc1ccccc1)N1CCCCC1,5.609697925694327,False,True,structures/x5449a_x5449b/A71EV2A-x5449a/A71EV2A-x5449a_ligand_ref.sdf,6a0ee53d2d0b09ef409e7b77049b176415997cba2ae8e861249b64f97d257c5a,raw/A71EV2A-x5449a.pdb,5fc863c8b15f620148b1a5703731ab9a5a461a01c6e24bb0ffc3f066c61c6670,24,24,0,0.0
A71EV2A-x5449b,x5449a_x5449b,c10f89c9c8e694bc,CSc1ccc(S(C)(=O)=O)cc1CC(=O)N1CCC[C@H](C(N)=O)C1,CSc1ccc(S(C)(=O)=O)cc1CC(=O)N1CCC[C@H](C(N)=O)C1 |a:19|,CSc1ccc(S(C)(=O)=O)cc1CC(=O)N1CCC[C@H](C(N)=O)C1,O=C(Cc1ccccc1)N1CCCCC1,5.609697925694327,False,True,structures/x5449a_x5449b/A71EV2A-x5449b/A71EV2A-x5449b_ligand_ref.sdf,aea680bd779c64f42598b4c5ddd230bbe4cad4357e640d8adbb7dcfef2a7b505,raw/A71EV2A-x5449b.pdb,e9f62cda34ec9425be4405729e89e22baac8c028c841c8386df09973378c29b2,24,24,0,0.0
A71EV2A-x5466a,x5466a,b57cadabd7ee8683,C#Cc1ccc(C)c(OC(=O)N2CCC[C@H](C(N)=O)C2)c1,C#Cc1ccc(C)c(OC(=O)N2CCC[C@H](C(N)=O)C2)c1 |a:15|,C#Cc1ccc(C)c(OC(=O)N2CCC[C@H](C(N)=O)C2)c1,O=C(Oc1ccccc1)N1CCCCC1,3.8964015060220625,False,True,structures/x5466a/A71EV2A-x5466a/A71EV2A-x5466a_ligand_ref.sdf,d3270f794bbe8b587e87958d9403d3c8516e9267df36c7d5da35dd76c365dc90,raw/A71EV2A-x5466a.pdb,038fc6dc4795bb69a29236e2d9acd064b638cc3d1f0c0cf20bf227115905f6d1,21,21,0,0.0
A71EV2A-x5475a,x5475a_x5475b,ae024d23db76c83f,CSc1ccc2c(c1)[C@H](C(=O)N1CCC[C@H](C(N)=O)C1)CCO2,CSc1ccc2c(c1)[C@H](C(=O)N1CCC[C@H](C(N)=O)C1)CCO2 |o1:8|,CSc1ccc2c(c1)[C@H](C(=O)N1CCC[C@H](C(N)=O)C1)CCO2,O=C([C@@H]1CCOc2ccccc21)N1CCCCC1,4.060454118763697,False,True,structures/x5475a_x5475b/A71EV2A-x5475a/A71EV2A-x5475a_ligand_ref.sdf,0b53f04cb63c537d65b3cae1b9d9d8fbbd86d18005874f0abb0c363ca60432de,raw/A71EV2A-x5475a.pdb,9f8c69358a7e890aefc9241f8e309c958a1b0d637923248a5f75578eb91c0ddb,23,23,0,0.0
A71EV2A-x5475b,x5475a_x5475b,ae024d23db76c83f,CSc1ccc2c(c1)[C@H](C(=O)N1CCC[C@H](C(N)=O)C1)CCO2,CSc1ccc2c(c1)[C@H](C(=O)N1CCC[C@H](C(N)=O)C1)CCO2 |o1:8|,CSc1ccc2c(c1)[C@H](C(=O)N1CCC[C@H](C(N)=O)C1)CCO2,O=C([C@@H]1CCOc2ccccc21)N1CCCCC1,4.060454118763697,False,True,structures/x5475a_x5475b/A71EV2A-x5475b/A71EV2A-x5475b_ligand_ref.sdf,e3c03d4f693fa3431ff52b314f556208223b3bb01cf8ac7b27739cb2ade17f4b,raw/A71EV2A-x5475b.pdb,abc283816828dd8a736ea4bb062451f89c2d2b0bc2d306e1ac86ca42668dff4c,23,23,0,0.0
A71EV2A-x5479a,x5479a,e2e11496cdfc9f39,Cc1ccc2cccnc2c1OC(=O)N1CCC[C@H](C(N)=O)C1,Cc1ccc2cccnc2c1OC(=O)N1CCC[C@H](C(N)=O)C1 |a:18|,Cc1ccc2cccnc2c1OC(=O)N1CCC[C@H](C(N)=O)C1,O=C(Oc1cccc2cccnc12)N1CCCCC1,4.597502408486665,False,True,structures/x5479a/A71EV2A-x5479a/A71EV2A-x5479a_ligand_ref.sdf,a59997e88aa07960218795309b1467bf27845e3fed623c2c8db993b68dab56ae,raw/A71EV2A-x5479a.pdb,6a6f1d2b755fa363a56c77b36e9272146ae892d8dd2d9c9123731696bc981610,23,23,0,0.0
A71EV2A-x5482a,x5482a,ee5dc398b2f2c83e,Cc1cc2sccc2c(Cl)c1OC(=O)N1CCC[C@H](C(N)=O)C1,Cc1cc2sccc2c(Cl)c1OC(=O)N1CCC[C@H](C(N)=O)C1 |a:18|,Cc1cc2sccc2c(Cl)c1OC(=O)N1CCC[C@H](C(N)=O)C1,O=C(Oc1ccc2sccc2c1)N1CCCCC1,4.215114698485657,False,True,structures/x5482a/A71EV2A-x5482a/A71EV2A-x5482a_ligand_ref.sdf,e3f3be294fd92b6db84c39aa8a31110047b7769979de6b0f26fbca6cc1662d0e,raw/A71EV2A-x5482a.pdb,d9202b7c0e38e1a076c70a83cb04eb94b026f07d9712c69b21a73a2953e9ffc4,23,23,0,0.0
A71EV2A-x5488a,x5488a,52d36b249680b581,COC[C@H]1CC[C@H](C(N)=O)CN1C(=O)Cc1ccccc1SC,"COC[C@H]1CC[C@H](C(N)=O)CN1C(=O)Cc1ccccc1SC |o1:3,6|",COC[C@H]1CC[C@H](C(N)=O)CN1C(=O)Cc1ccccc1SC,O=C(Cc1ccccc1)N1CCCCC1,4.011460574435142,False,True,structures/x5488a/A71EV2A-x5488a/A71EV2A-x5488a_ligand_ref.sdf,f7d30d39ca1c0ae4e6a6c2cbebb3b7a1ca58abf654e80f3aeb3bb671e36a5b90,raw/A71EV2A-x5488a.pdb,1a0e28d8090631af56ec5e715fecfe4022dadd6de5f1c818964f0f7aa25854b5,23,23,0,0.0
A71EV2A-x5494a,x5494a,4f008d1666112a0e,CSc1ccc(Br)cc1CC(=O)N1CCC[C@H](C(N)=O)[C@@H]1C,"CSc1ccc(Br)cc1CC(=O)N1CCC[C@H](C(N)=O)[C@@H]1C |o1:16,20|",CSc1ccc(Br)cc1CC(=O)N1CCC[C@H](C(N)=O)[C@@H]1C,O=C(Cc1ccccc1)N1CCCCC1,4.01122507362837,False,True,structures/x5494a/A71EV2A-x5494a/A71EV2A-x5494a_ligand_ref.sdf,0d93d6428c4ee3f91ac49c840558158e3c69951c59f4104db0c91a3cef8efb0e,raw/A71EV2A-x5494a.pdb,a051efa649f51a682e017afff921638b91283e145bafc7db369a0a211ef8a1ba,22,22,0,0.0
A71EV2A-x5497a,x5497a,37e8558a40f6c52b,CN(C)C(=O)[C@@H](c1ccccc1)N1C[C@@H](C(N)=O)CC1=O,CN(C)C(=O)[C@@H](c1ccccc1)N1C[C@H](C(N)=O)CC1=O |o1:14|,CN(C)C(=O)[C@@H](c1ccccc1)N1C[C@@H](C(N)=O)CC1=O,O=C1CCCN1Cc1ccccc1,4.003097753980533,False,True,structures/x5497a/A71EV2A-x5497a/A71EV2A-x5497a_ligand_ref.sdf,7e868b519912f44297b1c8b52492eab164d47168de2ff162254eadd83c31fe92,raw/A71EV2A-x5497a.pdb,9e44be0dffc1c6b84ee69fce7fb4e57bdb92599e1ffeee5e8f170d8cee7b27ab,21,21,0,0.0
A71EV2A-x5509a,x5509a,942c6561c18d047f,CSc1ccc(-c2ccncc2)cc1CC(=O)N1CCC[C@H](C(N)=O)C1,CSc1ccc(-c2ccncc2)cc1CC(=O)N1CCC[C@H](C(N)=O)C1 |a:21|,CSc1ccc(-c2ccncc2)cc1CC(=O)N1CCC[C@H](C(N)=O)C1,O=C(Cc1cccc(-c2ccncc2)c1)N1CCCCC1,5.983523026568097,False,True,structures/x5509a/A71EV2A-x5509a/A71EV2A-x5509a_ligand_ref.sdf,b4e52c9f839af195f6c0a7ae28136422c21c7f11574125e467d24c9c94dbb271,raw/A71EV2A-x5509a.pdb,399bad845d488088bc0ef2cd3cec48586cc25fcc44cb3714f5931e56cd66df70,26,26,0,0.0
A71EV2A-x5512a,x5512a_x5512b,6a91272bd031bc86,CSc1ccc(C(=O)Nc2ccncc2)cc1CC(=O)N1CCC[C@H](C(N)=O)C1,CSc1ccc(C(=O)Nc2ccncc2)cc1CC(=O)N1CCC[C@H](C(N)=O)C1 |a:24|,CSc1ccc(C(=O)Nc2ccncc2)cc1CC(=O)N1CCC[C@H](C(N)=O)C1,O=C(Nc1ccncc1)c1cccc(CC(=O)N2CCCCC2)c1,6.058292496038209,False,True,structures/x5512a_x5512b/A71EV2A-x5512a/A71EV2A-x5512a_ligand_ref.sdf,5e6e9de1d49d853b7d1e784a6339646d13e8ab55219b3d7463913bbe133b29a2,raw/A71EV2A-x5512a.pdb,a281f3fad3fd52476677cc8b8a409019a81fe8c8419022b06904d3bb71e9398c,29,29,0,0.0
A71EV2A-x5512b,x5512a_x5512b,6a91272bd031bc86,CSc1ccc(C(=O)Nc2ccncc2)cc1CC(=O)N1CCC[C@H](C(N)=O)C1,CSc1ccc(C(=O)Nc2ccncc2)cc1CC(=O)N1CCC[C@H](C(N)=O)C1 |a:24|,CSc1ccc(C(=O)Nc2ccncc2)cc1CC(=O)N1CCC[C@H](C(N)=O)C1,O=C(Nc1ccncc1)c1cccc(CC(=O)N2CCCCC2)c1,6.058292496038209,False,True,structures/x5512a_x5512b/A71EV2A-x5512b/A71EV2A-x5512b_ligand_ref.sdf,d36518126c15d79628a132895b9bf93f98eeac6d1b94122b090ee89841619dc2,raw/A71EV2A-x5512b.pdb,c09369e02804b08af9e45d6a73ada5332dedd590864b6cb5205d83f637e70e59,29,29,0,0.0
A71EV2A-x5525a,x5525a_x5525b,c9c952c6872a4fab,CSc1ccc(-c2cc[nH]n2)cc1CC(=O)N1CCC[C@H](C(N)=O)C1,CSc1ccc(-c2cc[nH]n2)cc1CC(=O)N1CCC[C@H](C(N)=O)C1 |a:20|,CSc1ccc(-c2cc[nH]n2)cc1CC(=O)N1CCC[C@H](C(N)=O)C1,O=C(Cc1cccc(-c2cc[nH]n2)c1)N1CCCCC1,5.955905430140241,False,True,structures/x5525a_x5525b/A71EV2A-x5525a/A71EV2A-x5525a_ligand_ref.sdf,99d82a7a73eb303bfa8e1441c7e041a608a06036a3e4fed1474dc878918af7a3,raw/A71EV2A-x5525a.pdb,dd97a7ed2bbdc6ce20d7d4e762ad29b7f7e387c4d39333ba821cd52577a00c4d,25,25,0,0.0
A71EV2A-x5525b,x5525a_x5525b,c9c952c6872a4fab,CSc1ccc(-c2cc[nH]n2)cc1CC(=O)N1CCC[C@H](C(N)=O)C1,CSc1ccc(-c2cc[nH]n2)cc1CC(=O)N1CCC[C@H](C(N)=O)C1 |a:20|,CSc1ccc(-c2cc[nH]n2)cc1CC(=O)N1CCC[C@H](C(N)=O)C1,O=C(Cc1cccc(-c2cc[nH]n2)c1)N1CCCCC1,5.955905430140241,False,True,structures/x5525a_x5525b/A71EV2A-x5525b/A71EV2A-x5525b_ligand_ref.sdf,f006b3722a88f93536b4cf9e5baf20a44fac22a7e66faf184c0bae9bded3dffa,raw/A71EV2A-x5525b.pdb,80e92bff6ea18d8d222700e673a3344b6ffea06212c09a576f6c696761f947bd,25,25,0,0.0
A71EV2A-x5526a,x5526a,2b52e164324daab2,CSc1ccc(-c2ccccc2)cc1CC(=O)N1CCC[C@H](C(N)=O)C1,CSc1ccc(-c2ccccc2)cc1CC(=O)N1CCC[C@H](C(N)=O)C1 |a:21|,CSc1ccc(-c2ccccc2)cc1CC(=O)N1CCC[C@H](C(N)=O)C1,O=C(Cc1cccc(-c2ccccc2)c1)N1CCCCC1,5.7575850142068425,False,True,structures/x5526a/A71EV2A-x5526a/A71EV2A-x5526a_ligand_ref.sdf,a66508199b15792b6fd02fbc1aa2c6bf0d98347a29a832612173b53ed88cc86a,raw/A71EV2A-x5526a.pdb,4ba8cdaf43585224e6da1d4ec5dde37ec6da6ab99417f98d8edf717c5c49feda,26,26,0,0.0
A71EV2A-x5533a,x5533a,bd03e55d6ae77cbf,CSc1ccc(OC2CC2)cc1NC(=O)N1CCC[C@H](C(N)=O)C1,CSc1ccc(OC2CC2)cc1NC(=O)N1CCC[C@H](C(N)=O)C1 |a:19|,CSc1ccc(OC2CC2)cc1NC(=O)N1CCC[C@H](C(N)=O)C1,O=C(Nc1cccc(OC2CC2)c1)N1CCCCC1,4.674438823846753,False,True,structures/x5533a/A71EV2A-x5533a/A71EV2A-x5533a_ligand_ref.sdf,28ac4f91c0aa2bc59559680418541ada594df952f8b90f4dae9481f7f6dc290e,raw/A71EV2A-x5533a.pdb,497ab3bc310a15ec393acdd1cbe97f991fccd00ff46d2b7f9ca4e48415a1b1bf,24,24,0,0.0
A71EV2A-x5544a,x5544a,441a54610cfa1d86,CSc1ncnc(-c2cn[nH]c2)c1CC(=O)N1CCC[C@H](C(N)=O)C1,CSc1ncnc(-c2cn[nH]c2)c1CC(=O)N1CCC[C@H](C(N)=O)C1 |a:20|,CSc1ncnc(-c2cn[nH]c2)c1CC(=O)N1CCC[C@H](C(N)=O)C1,O=C(Cc1cncnc1-c1cn[nH]c1)N1CCCCC1,5.579850424620521,False,True,structures/x5544a/A71EV2A-x5544a/A71EV2A-x5544a_ligand_ref.sdf,a9a3a2d275752f9c9d73dee0b1a233ca74990e6ac512b2ef0800e0cd64a9ed87,raw/A71EV2A-x5544a.pdb,57e0756ae9a392cab0f7baf78e66dfb740c083a9a06d513bb9d1f52323cf3eea,25,25,0,0.0
A71EV2A-x5550a,x5550a,42f909bda419a654,NC(=O)[C@H]1CCCN(C(=O)[C@H]2CC[C@H]2c2ccc(Cl)cc2)C1,"NC(=O)[C@H]1CCCN(C(=O)[C@H]2CC[C@H]2c2ccc(Cl)cc2)C1 |&1:10,&2:13|",NC(=O)[C@H]1CCCN(C(=O)[C@H]2CC[C@H]2c2ccc(Cl)cc2)C1,O=C([C@H]1CC[C@H]1c1ccccc1)N1CCCCC1,4.000869458712629,False,True,structures/x5550a/A71EV2A-x5550a/A71EV2A-x5550a_ligand_ref.sdf,ee60b6c0080ba5e07622bd391d3dfc581262bca029471dbf167cd08b655f6024,raw/A71EV2A-x5550a.pdb,3a01895e0f3eca04f776a5e6269b15d34240b457226da019af93caabd9f75f01,22,22,0,0.0
A71EV2A-x5556a,x5556a,ca197730630f6413,C[C@@H](c1ccc(Cl)c(Br)c1)N1C[C@@H](C(N)=O)CCC1=O,"C[C@H](c1ccc(Cl)c(Br)c1)N1C[C@H](C(N)=O)CCC1=O |&1:1,&2:12|",C[C@@H](c1ccc(Cl)c(Br)c1)N1C[C@@H](C(N)=O)CCC1=O,O=C1CCCCN1Cc1ccccc1,4.041436116778033,False,True,structures/x5556a/A71EV2A-x5556a/A71EV2A-x5556a_ligand_ref.sdf,a7378b38923ffd8a31457093d08a7c658b98a365f352ed01a9ece77425cb7ed5,raw/A71EV2A-x5556a.pdb,017e999a024516f2824ed0c0075ed816940b531e7ce45616dc5447a6afb5bf03,20,20,0,0.0
A71EV2A-x5559a,x5559a,bd322f94fdead98f,N#Cc1ccc(Br)cc1OC(=O)N1CCC[C@H](C(N)=O)C1,N#Cc1ccc(Br)cc1OC(=O)N1CCC[C@H](C(N)=O)C1 |a:16|,N#Cc1ccc(Br)cc1OC(=O)N1CCC[C@H](C(N)=O)C1,O=C(Oc1ccccc1)N1CCCCC1,4.421371068072836,False,True,structures/x5559a/A71EV2A-x5559a/A71EV2A-x5559a_ligand_ref.sdf,f6f825fbf7111a7219c42c6ab14eea0d916c10f4f1bdc4719405ee7cb7158144,raw/A71EV2A-x5559a.pdb,5f184217e0dbeced1cf86cfe01be3486690e0c25b07fbc66f3c92d023b3f5e9d,21,21,0,0.0
A71EV2A-x5570a,x5570a,33bafbf7366cbc59,NC(=O)[C@H]1CCN(C(=O)[C@@H]2CSc3ccccc32)C1,NC(=O)[C@H]1CCN(C(=O)[C@H]2CSc3ccccc32)C1 |&1:9|,NC(=O)[C@H]1CCN(C(=O)[C@@H]2CSc3ccccc32)C1,O=C([C@@H]1CSc2ccccc21)N1CCCC1,4.1290096443216555,False,True,structures/x5570a/A71EV2A-x5570a/A71EV2A-x5570a_ligand_ref.sdf,0b8e57dde7edc667afe5b6533fef2cced38a3e212062acca2079a942c05bc43a,raw/A71EV2A-x5570a.pdb,743adb711878753718a4430e1b9adcfadd8343de703c827e51fecae7d4db264f,19,19,0,0.0
A71EV2A-x5572a,x5572a,d82b7619981358fe,Cc1ccc2ccccc2c1N1C[C@@H](C(N)=O)CCC1=O,Cc1ccc2ccccc2c1N1C[C@H](C(N)=O)CCC1=O |&1:13|,Cc1ccc2ccccc2c1N1C[C@@H](C(N)=O)CCC1=O,O=C1CCCCN1c1cccc2ccccc12,3.9425768354879955,False,True,structures/x5572a/A71EV2A-x5572a/A71EV2A-x5572a_ligand_ref.sdf,bc69dd1a951bf977e690bff7c9c006356d64f449cc7a62cc6063fa596561294e,raw/A71EV2A-x5572a.pdb,accadc09b883f956a536ced1fde0ecd2c72768e6dc0f79c18d50e64277d330fe,21,21,0,0.0
A71EV2A-x5581a,x5581a,3b6ff0811acd28e5,CSc1ncnc(SC)c1CC(=O)N1CCC[C@H](C(N)=O)C1,CSc1ncnc(SC)c1CC(=O)N1CCC[C@H](C(N)=O)C1 |a:17|,CSc1ncnc(SC)c1CC(=O)N1CCC[C@H](C(N)=O)C1,O=C(Cc1cncnc1)N1CCCCC1,5.699017277769941,False,True,structures/x5581a/A71EV2A-x5581a/A71EV2A-x5581a_ligand_ref.sdf,6c01ea04b729058a971373861352eb69c4520e69e0523b37e1f86c8b8d055962,raw/A71EV2A-x5581a.pdb,f2de871a1cdfa5ced13b769950057b2f940fdad4c424369dacc7a1423a7880a8,22,22,0,0.0
A71EV2A-x5594a,x5594a_x5594b,4d210fe16f84b415,N#Cc1ccncc1OC(=O)N1CCC[C@H](C(N)=O)C1,N#Cc1ccncc1OC(=O)N1CCC[C@H](C(N)=O)C1 |a:15|,N#Cc1ccncc1OC(=O)N1CCC[C@H](C(N)=O)C1,O=C(Oc1cccnc1)N1CCCCC1,4.504331180271011,False,True,structures/x5594a_x5594b/A71EV2A-x5594a/A71EV2A-x5594a_ligand_ref.sdf,7637580fc2f6ce0a1c5878bdd5b2716277afb99d3115f4022bb65dff7833ea9e,raw/A71EV2A-x5594a.pdb,5ea5a8cb46419c9d7f771d81e63e6de132a222822133bc773ad3b16d6cbfea6c,20,20,0,0.0
A71EV2A-x5594b,x5594a_x5594b,4d210fe16f84b415,N#Cc1ccncc1OC(=O)N1CCC[C@H](C(N)=O)C1,N#Cc1ccncc1OC(=O)N1CCC[C@H](C(N)=O)C1 |a:15|,N#Cc1ccncc1OC(=O)N1CCC[C@H](C(N)=O)C1,O=C(Oc1cccnc1)N1CCCCC1,4.504331180271011,False,True,structures/x5594a_x5594b/A71EV2A-x5594b/A71EV2A-x5594b_ligand_ref.sdf,bbb25a3a25657858bac47d8ae7d6f7013b65bf162c090b7313df67021fb31719,raw/A71EV2A-x5594b.pdb,460caaf38d43e707252db6f4dcd1710b6e0c41aa71021144e31383fa8414f3c2,20,20,0,0.0
A71EV2A-x5598a,x5598a_x5598b,7374d8a220a59cd9,CSc1ccc(N2CCOCC2)cc1NC(=O)N1CCC[C@H](C(N)=O)C1,CSc1ccc(N2CCOCC2)cc1NC(=O)N1CCC[C@H](C(N)=O)C1 |a:21|,CSc1ccc(N2CCOCC2)cc1NC(=O)N1CCC[C@H](C(N)=O)C1,O=C(Nc1cccc(N2CCOCC2)c1)N1CCCCC1,4.924868863339022,False,True,structures/x5598a_x5598b/A71EV2A-x5598a/A71EV2A-x5598a_ligand_ref.sdf,48093f24c746f68c419b0c0388abffcf6ffc901ea9ab60198588b6e381882f08,raw/A71EV2A-x5598a.pdb,c7dd7b3c7b0fb851c4c2aa8ffd5dc60b6593adb21932a12da951db5082f40818,26,26,0,0.0
A71EV2A-x5598b,x5598a_x5598b,7374d8a220a59cd9,CSc1ccc(N2CCOCC2)cc1NC(=O)N1CCC[C@H](C(N)=O)C1,CSc1ccc(N2CCOCC2)cc1NC(=O)N1CCC[C@H](C(N)=O)C1 |a:21|,CSc1ccc(N2CCOCC2)cc1NC(=O)N1CCC[C@H](C(N)=O)C1,O=C(Nc1cccc(N2CCOCC2)c1)N1CCCCC1,4.924868863339022,False,True,structures/x5598a_x5598b/A71EV2A-x5598b/A71EV2A-x5598b_ligand_ref.sdf,e8a55c5a620c5bae0175582bac8ea9f77eef7b25f72bf2c8e24751184b9499aa,raw/A71EV2A-x5598b.pdb,870c3c6c4ee8011ac521200bddcbd8b7b3251ec0f771793f0b327371a7c4cb2e,26,26,0,0.0
A71EV2A-x5599a,x5599a_x5599b,31342836bd87e1b9,Cc1ccc2c(c1OC(=O)N1CCC[C@H](C(N)=O)C1)CCC2,Cc1ccc2c(c1OC(=O)N1CCC[C@H](C(N)=O)C1)CCC2 |a:14|,Cc1ccc2c(c1OC(=O)N1CCC[C@H](C(N)=O)C1)CCC2,O=C(Oc1cccc2c1CCC2)N1CCCCC1,4.479326279665005,False,True,structures/x5599a_x5599b/A71EV2A-x5599a/A71EV2A-x5599a_ligand_ref.sdf,db37548b6864f5549e0d96b787a856b1d60d7703d29ef3f59fdfff232f6c394c,raw/A71EV2A-x5599a.pdb,f66d534a285d8496146907c04538b9234685ea850d0aa3e68ad0502fbcef8f39,22,22,0,0.0
A71EV2A-x5599b,x5599a_x5599b,31342836bd87e1b9,Cc1ccc2c(c1OC(=O)N1CCC[C@H](C(N)=O)C1)CCC2,Cc1ccc2c(c1OC(=O)N1CCC[C@H](C(N)=O)C1)CCC2 |a:14|,Cc1ccc2c(c1OC(=O)N1CCC[C@H](C(N)=O)C1)CCC2,O=C(Oc1cccc2c1CCC2)N1CCCCC1,4.479326279665005,False,True,structures/x5599a_x5599b/A71EV2A-x5599b/A71EV2A-x5599b_ligand_ref.sdf,2ec51ae5406a01b246b9811d007b91b02c72cf729e5191e129dbb41c07048691,raw/A71EV2A-x5599b.pdb,43262e1e0d4472ecfffe0d8ff894f8786295d3eef641a000d029e468d50c35db,22,22,0,0.0
A71EV2A-x5604a,x5604a,5561f4e911b75020,CSc1ccc(-n2cccn2)cc1CC(=O)N1CCC[C@H](C(N)=O)C1,CSc1ccc(-n2cccn2)cc1CC(=O)N1CCC[C@H](C(N)=O)C1 |a:20|,CSc1ccc(-n2cccn2)cc1CC(=O)N1CCC[C@H](C(N)=O)C1,O=C(Cc1cccc(-n2cccn2)c1)N1CCCCC1,6.017614181634599,False,True,structures/x5604a/A71EV2A-x5604a/A71EV2A-x5604a_ligand_ref.sdf,31259b866dce9b820d01518abb71bcb90da4ccc14c57da20c41bd739c4e4d04b,raw/A71EV2A-x5604a.pdb,34b1e520d5bae573286e1d915b28db1100e0587183755a607caf54e098034161,25,25,0,0.0
A71EV2A-x5608a,x5608a_x5608b,96b0ffff7bec1d8c,NC(=O)[C@H]1CCC(=O)N(Cc2ccsc2)C1,NC(=O)[C@H]1CCC(=O)N(Cc2ccsc2)C1 |&1:3|,NC(=O)[C@H]1CCC(=O)N(Cc2ccsc2)C1,O=C1CCCCN1Cc1ccsc1,3.774068781319247,False,True,structures/x5608a_x5608b/A71EV2A-x5608a/A71EV2A-x5608a_ligand_ref.sdf,5a1e33034dba42b3a07314551fbf3527a6b48451bcdc205eb8b179a62623d3f3,raw/A71EV2A-x5608a.pdb,f168c8389284cd58474891e1e766b2a419ef09447720ba8f944a765593c7b9f1,16,16,0,0.0
A71EV2A-x5608b,x5608a_x5608b,96b0ffff7bec1d8c,NC(=O)[C@H]1CCC(=O)N(Cc2ccsc2)C1,NC(=O)[C@H]1CCC(=O)N(Cc2ccsc2)C1 |&1:3|,NC(=O)[C@H]1CCC(=O)N(Cc2ccsc2)C1,O=C1CCCCN1Cc1ccsc1,3.774068781319247,False,True,structures/x5608a_x5608b/A71EV2A-x5608b/A71EV2A-x5608b_ligand_ref.sdf,28ca9d417e34d80cc4ed0cf9a26f8edb1133c07834e40293abb48dff28d2b464,raw/A71EV2A-x5608b.pdb,f665d3ef451eebf21e0563a076d3a6b4ed855e759d61de408a30fc602404be05,16,16,0,0.0
A71EV2A-x5635a,x5635a_x5635b,e987c3bf4632d687,NC(=O)[C@H]1CCC(=O)N(Cc2cc(F)cnc2C(F)(F)F)C1,NC(=O)[C@H]1CCC(=O)N(Cc2cc(F)cnc2C(F)(F)F)C1 |&1:3|,NC(=O)[C@H]1CCC(=O)N(Cc2cc(F)cnc2C(F)(F)F)C1,O=C1CCCCN1Cc1cccnc1,4.315546325758652,False,True,structures/x5635a_x5635b/A71EV2A-x5635a/A71EV2A-x5635a_ligand_ref.sdf,9baa09359ad2bdf9f47649f23f09a729d31623b171f0c6767be63b7f9ddf5654,raw/A71EV2A-x5635a.pdb,e14f10df946906c4359a1443c752a95bfb83332c81c592ea39caf4c2a54e391e,22,22,0,0.0
A71EV2A-x5635b,x5635a_x5635b,e987c3bf4632d687,NC(=O)[C@H]1CCC(=O)N(Cc2cc(F)cnc2C(F)(F)F)C1,NC(=O)[C@H]1CCC(=O)N(Cc2cc(F)cnc2C(F)(F)F)C1 |&1:3|,NC(=O)[C@H]1CCC(=O)N(Cc2cc(F)cnc2C(F)(F)F)C1,O=C1CCCCN1Cc1cccnc1,4.315546325758652,False,True,structures/x5635a_x5635b/A71EV2A-x5635b/A71EV2A-x5635b_ligand_ref.sdf,62002602e514940ddb76e1a69ade4c97c41ceb3633a6cb42bbd65bc4b3bba7a2,raw/A71EV2A-x5635b.pdb,5809b6e6643c27403fc080424b4a19620146a20d027810d24a1d871a6fddc9c6,22,22,0,0.0
A71EV2A-x5665a,x5665a,cf0652fe6aa032cd,NC(=O)[C@H]1CCC(=O)N([C@@H](CC(F)(F)F)c2cc(Cl)cc(Cl)c2)C1,"NC(=O)[C@H]1CCC(=O)N([C@H](CC(F)(F)F)c2cc(Cl)cc(Cl)c2)C1 |&1:3,&2:9|",NC(=O)[C@H]1CCC(=O)N([C@@H](CC(F)(F)F)c2cc(Cl)cc(Cl)c2)C1,O=C1CCCCN1Cc1ccccc1,4.327996747928408,False,True,structures/x5665a/A71EV2A-x5665a/A71EV2A-x5665a_ligand_ref.sdf,18a92cb85a38423e4f3bf19b0744f4a76e4522f0650a498072cabd36d9ec43e4,raw/A71EV2A-x5665a.pdb,f14beda961ed19dc8be240df185b77025621dc222ac324e7c7993e96eaf728df,24,24,0,0.0
A71EV2A-x5666a,x5666a,bbe6c2485865838c,CSc1ncnc(N2CCc3ccsc3C2)c1CC(=O)N1CCC[C@H](C(N)=O)C1,CSc1ncnc(N2CCc3ccsc3C2)c1CC(=O)N1CCC[C@H](C(N)=O)C1 |a:24|,CSc1ncnc(N2CCc3ccsc3C2)c1CC(=O)N1CCC[C@H](C(N)=O)C1,O=C(Cc1cncnc1N1CCc2ccsc2C1)N1CCCCC1,5.794648268341138,False,True,structures/x5666a/A71EV2A-x5666a/A71EV2A-x5666a_ligand_ref.sdf,ecbfe2db0338e76411350c8102bd71b6c3e5c8b7e4c35af3bc09fae5bf912d7a,raw/A71EV2A-x5666a.pdb,1dcd07e7ee96b1b2df37e633815b895330a6d2fe41fca17232ca721d2a5d1344,29,29,0,0.0
A71EV2A-x5673a,x5673a,d02ac8510148d746,C[C@@H](c1cccc(Cl)c1F)N1C[C@@H](C(N)=O)CCC1=O,"C[C@H](c1cccc(Cl)c1F)N1C[C@H](C(N)=O)CCC1=O |&1:1,&2:12|",C[C@@H](c1cccc(Cl)c1F)N1C[C@@H](C(N)=O)CCC1=O,O=C1CCCCN1Cc1ccccc1,4.632644078973981,False,True,structures/x5673a/A71EV2A-x5673a/A71EV2A-x5673a_ligand_ref.sdf,15d64fd1dccf91a37ddc8f2eefadfdb35094e0800172e4cf0e063ce325a81761,raw/A71EV2A-x5673a.pdb,ed8fa444a9316ac96d756ecef4d01cd45d7e72acf1713f23950fd3343e494ea3,20,20,0,0.0
A71EV2A-x5676a,x5676a,6179ae341fb02e44,CC[C@@H](c1ccc(Cl)c(Cl)c1)N1C[C@@H](C(N)=O)CCC1=O,"CC[C@H](c1ccc(Cl)c(Cl)c1)N1C[C@H](C(N)=O)CCC1=O |&1:2,&2:13|",CC[C@@H](c1ccc(Cl)c(Cl)c1)N1C[C@@H](C(N)=O)CCC1=O,O=C1CCCCN1Cc1ccccc1,4.012372581165862,False,True,structures/x5676a/A71EV2A-x5676a/A71EV2A-x5676a_ligand_ref.sdf,95452d5a2e7422d410822751cb065fda8d69e589f8f071c78533b8087cdfecb0,raw/A71EV2A-x5676a.pdb,79e8d0817fec69899ad248b1b809728a3329d2b5dea8f3a40341b487227cb87a,21,21,0,0.0
A71EV2A-x5687a,x5687a,bd9580386a90c616,CSc1cccc2c1[C@H](C(=O)N1CCC[C@H](C(N)=O)C1)CC2,CSc1cccc2c1[C@H](C(=O)N1CCC[C@H](C(N)=O)C1)CC2 |o1:8|,CSc1cccc2c1[C@H](C(=O)N1CCC[C@H](C(N)=O)C1)CC2,O=C([C@@H]1CCc2ccccc21)N1CCCCC1,6.105065909655473,False,True,structures/x5687a/A71EV2A-x5687a/A71EV2A-x5687a_ligand_ref.sdf,9a37b52ae6158b0af268da7ff43d86cd7d562de489298ba53944f3dd696278cf,raw/A71EV2A-x5687a.pdb,c048c4b39f78ff601a2f6b27dc3a84c24f0bc36f113a94342485c38708c2da14,22,22,0,0.0
A71EV2A-x5699a,x5699a,5c741c4fc97be2f3,CC[C@@H](c1cc(F)cc(Br)c1)N1C[C@@H](C(N)=O)CCC1=O,"CC[C@H](c1cc(F)cc(Br)c1)N1C[C@H](C(N)=O)CCC1=O |&1:2,&2:13|",CC[C@@H](c1cc(F)cc(Br)c1)N1C[C@@H](C(N)=O)CCC1=O,O=C1CCCCN1Cc1ccccc1,4.7121982700697735,False,True,structures/x5699a/A71EV2A-x5699a/A71EV2A-x5699a_ligand_ref.sdf,81609590c29d1761684db6ff68c029ac0c48e19d4c388205ad400b56fd73dc95,raw/A71EV2A-x5699a.pdb,aa14f7e4bfa68f84f91f47e7db42f1946e4eaf35d562b3bed9dcf745731cf557,21,21,0,0.0
A71EV2A-x5705a,x5705a_x5705b,bce542bb76fe2bec,NC(=O)[C@H]1CCN(C(=O)[C@@H]2CCCN2C(=O)c2cccs2)C1,NC(=O)[C@H]1CCN(C(=O)[C@H]2CCCN2C(=O)c2cccs2)C1 |&1:9|,NC(=O)[C@H]1CCN(C(=O)[C@@H]2CCCN2C(=O)c2cccs2)C1,O=C([C@@H]1CCCN1C(=O)c1cccs1)N1CCCC1,5.012334272309165,False,True,structures/x5705a_x5705b/A71EV2A-x5705a/A71EV2A-x5705a_ligand_ref.sdf,426a6ee0d4685029f22ad86fd123baa50851f6610ef188edc5c3890f10a2a677,raw/A71EV2A-x5705a.pdb,45d73beb45ccf1eaed38c1ce3cdf85ed2d3d9a0a8bd071de0e388dd89f4f65bc,22,22,0,0.0
A71EV2A-x5705b,x5705a_x5705b,bce542bb76fe2bec,NC(=O)[C@H]1CCN(C(=O)[C@@H]2CCCN2C(=O)c2cccs2)C1,NC(=O)[C@H]1CCN(C(=O)[C@H]2CCCN2C(=O)c2cccs2)C1 |&1:9|,NC(=O)[C@H]1CCN(C(=O)[C@@H]2CCCN2C(=O)c2cccs2)C1,O=C([C@@H]1CCCN1C(=O)c1cccs1)N1CCCC1,5.012334272309165,False,True,structures/x5705a_x5705b/A71EV2A-x5705b/A71EV2A-x5705b_ligand_ref.sdf,fec3b85a71ba89f0134a58164329f69c32dd080d4592359045c4f0582cf42f82,raw/A71EV2A-x5705b.pdb,abf218cde7c85af0391d13acf5321a36b3454690d7f8a4f1f8906148d668fcac,22,22,0,0.0
A71EV2A-x5721a,x5721a_x5721b,a5c2be0032ccd112,Cn1ncc2ccc(CN3C[C@@H](C(N)=O)CC(C)(C)C3=O)cc21,Cn1ncc2ccc(CN3C[C@H](C(N)=O)CC(C)(C)C3=O)cc21 |&1:11|,Cn1ncc2ccc(CN3C[C@@H](C(N)=O)CC(C)(C)C3=O)cc21,O=C1CCCCN1Cc1ccc2cn[nH]c2c1,4.005682847330363,False,True,structures/x5721a_x5721b/A71EV2A-x5721a/A71EV2A-x5721a_ligand_ref.sdf,f8b8938fd842b78893b3a9c68bfd33f0a938e3248e1df50427d6bfee7ff7431a,raw/A71EV2A-x5721a.pdb,52017d35dbfbb8ba2fdd2b35e2657a14df802b5888c7d0fdfc85e30217ea9788,23,23,0,0.0
A71EV2A-x5721b,x5721a_x5721b,a5c2be0032ccd112,Cn1ncc2ccc(CN3C[C@@H](C(N)=O)CC(C)(C)C3=O)cc21,Cn1ncc2ccc(CN3C[C@H](C(N)=O)CC(C)(C)C3=O)cc21 |&1:11|,Cn1ncc2ccc(CN3C[C@@H](C(N)=O)CC(C)(C)C3=O)cc21,O=C1CCCCN1Cc1ccc2cn[nH]c2c1,4.005682847330363,False,True,structures/x5721a_x5721b/A71EV2A-x5721b/A71EV2A-x5721b_ligand_ref.sdf,fd5003c700e7f367347ce40aa2e53665343f1c60669b008cccced6a1f1324501,raw/A71EV2A-x5721b.pdb,477a71e8afabb2b8cb21203e7792abba69317b61bcb8aaa80351061c4ec5779f,23,23,0,0.0
A71EV2A-x5728a,x5728a,4228cf7ae1dcf033,NC(=O)[C@H]1CCN(C(=O)[C@@H]2CCOc3ccc(Cl)cc32)C1,NC(=O)[C@H]1CCN(C(=O)[C@H]2CCOc3ccc(Cl)cc32)C1 |&1:9|,NC(=O)[C@H]1CCN(C(=O)[C@@H]2CCOc3ccc(Cl)cc32)C1,O=C([C@@H]1CCOc2ccccc21)N1CCCC1,4.437172628708407,False,True,structures/x5728a/A71EV2A-x5728a/A71EV2A-x5728a_ligand_ref.sdf,c40a0ca08b6f4e5bca39ec94dee946a92b4c7629bb861274faeeaab7037cdf55,raw/A71EV2A-x5728a.pdb,a4ba811183632af8b90b0145fdae663396664c57a66371e01be802c9f44868bf,21,21,0,0.0
A71EV2A-x5744a,x5744a,eab288f9f9565c58,C[C@@H](c1ccc2[nH]ncc2c1)N1C[C@@H](C(N)=O)CCC1=O,"C[C@H](c1ccc2[nH]ncc2c1)N1C[C@H](C(N)=O)CCC1=O |&1:1,&2:13|",C[C@@H](c1ccc2[nH]ncc2c1)N1C[C@@H](C(N)=O)CCC1=O,O=C1CCCCN1Cc1ccc2[nH]ncc2c1,4.180071698767357,False,True,structures/x5744a/A71EV2A-x5744a/A71EV2A-x5744a_ligand_ref.sdf,ea20dad6778f9b40be7ebbe6c09e7e5fe149880fcb319aaf02e35654b9efdea2,raw/A71EV2A-x5744a.pdb,4b1b0aa90aafae5209dc834637a5cc69c3ada7a278bd13a3f00acdb729ec7533,21,21,0,0.0
A71EV2A-x5747a,x5747a,9dfe5233d635fe19,C#C[C@@H]1CCCC[C@H]1OC(=O)N1CCC[C@H](C(N)=O)C1,"C#C[C@H]1CCCC[C@@H]1OC(=O)N1CCC[C@H](C(N)=O)C1 |o1:2,7|",C#C[C@@H]1CCCC[C@H]1OC(=O)N1CCC[C@H](C(N)=O)C1,O=C(OC1CCCCC1)N1CCCCC1,4.011869615687259,False,True,structures/x5747a/A71EV2A-x5747a/A71EV2A-x5747a_ligand_ref.sdf,71991759b28e79907c2dbfe87a5f05c051d4ec574ef86086912a9c9ccddfc79d,raw/A71EV2A-x5747a.pdb,f3e4272ed84ee42b761447365242387292cb4c86e0517725333c16a845122f9d,20,20,0,0.0
A71EV2A-x5758a,x5758a_x5758b,85831b5a6d59eb4e,CSc1ccc(Br)cc1CC(=O)N1[C@H]2CC[C@H](C(N)=O)[C@@H]1CC2,"CSc1ccc(Br)cc1CC(=O)N1[C@H]2CC[C@H](C(N)=O)[C@@H]1CC2 |o1:13,16,20|",CSc1ccc(Br)cc1CC(=O)N1[C@H]2CC[C@H](C(N)=O)[C@@H]1CC2,O=C(Cc1ccccc1)N1[C@@H]2CCC[C@H]1CC2,4.022734028686543,False,True,structures/x5758a_x5758b/A71EV2A-x5758a/A71EV2A-x5758a_ligand_ref.sdf,1ca89da398f9787dace1d9a06feb63efd30a0709f95e1480bdfafcfdfc792983,raw/A71EV2A-x5758a.pdb,210ae01f652d2cff1701eebc263904c0ebcb74d49a9104a5fa6233ee6235fc85,23,23,0,0.0
A71EV2A-x5758b,x5758a_x5758b,85831b5a6d59eb4e,CSc1ccc(Br)cc1CC(=O)N1[C@H]2CC[C@H](C(N)=O)[C@@H]1CC2,"CSc1ccc(Br)cc1CC(=O)N1[C@H]2CC[C@H](C(N)=O)[C@@H]1CC2 |o1:13,16,20|",CSc1ccc(Br)cc1CC(=O)N1[C@H]2CC[C@H](C(N)=O)[C@@H]1CC2,O=C(Cc1ccccc1)N1[C@@H]2CCC[C@H]1CC2,4.022734028686543,False,True,structures/x5758a_x5758b/A71EV2A-x5758b/A71EV2A-x5758b_ligand_ref.sdf,f3ebee18ccd73933d2325a72b68f79f48ab4ffb1ffdcab60c71ed8383ec32e51,raw/A71EV2A-x5758b.pdb,613bbd59310080b98c6198d4fc62b1417f39c0a9fb560a282f0e62149eb9fc6b,23,23,0,0.0
A71EV2A-x5766a,x5766a,a7fb3fc45713dbee,C[C@H]1CC(=O)N(Cc2ccc3cnn(C)c3c2)C[C@H]1C(N)=O,"C[C@H]1CC(=O)N(Cc2ccc3cnn(C)c3c2)C[C@H]1C(N)=O |o1:1,18|",C[C@H]1CC(=O)N(Cc2ccc3cnn(C)c3c2)C[C@H]1C(N)=O,O=C1CCCCN1Cc1ccc2cn[nH]c2c1,4.207870191519494,False,True,structures/x5766a/A71EV2A-x5766a/A71EV2A-x5766a_ligand_ref.sdf,44047a9733d005f3bd2315b0b66014dcc80641b3373921195717206c70546b16,raw/A71EV2A-x5766a.pdb,b9b39095994f0818d1a5d474e563e3fd72bfb61fbea4e698fd6de3f8bd7d2e67,22,22,0,0.0
A71EV2A-x5777a,x5777a_x5777b,7575b7cce5bbdb89,C[C@@H]1CC(=O)N(Cc2ccc3cnn(C)c3c2)C[C@H]1C(N)=O,"C[C@H]1CC(=O)N(Cc2ccc3cnn(C)c3c2)C[C@@H]1C(N)=O |o1:1,18|",C[C@@H]1CC(=O)N(Cc2ccc3cnn(C)c3c2)C[C@H]1C(N)=O,O=C1CCCCN1Cc1ccc2cn[nH]c2c1,4.76433957251824,False,True,structures/x5777a_x5777b/A71EV2A-x5777a/A71EV2A-x5777a_ligand_ref.sdf,501c777315d55426e342b406fffaedf8a654feba873a0c2187120b5c0930426f,raw/A71EV2A-x5777a.pdb,e755ef9e936fc8557144af76c65b0eb0246d7e781d5dff8fbc02dc5845cb6a30,22,22,0,0.0
A71EV2A-x5777b,x5777a_x5777b,7575b7cce5bbdb89,C[C@@H]1CC(=O)N(Cc2ccc3cnn(C)c3c2)C[C@H]1C(N)=O,"C[C@H]1CC(=O)N(Cc2ccc3cnn(C)c3c2)C[C@@H]1C(N)=O |o1:1,18|",C[C@@H]1CC(=O)N(Cc2ccc3cnn(C)c3c2)C[C@H]1C(N)=O,O=C1CCCCN1Cc1ccc2cn[nH]c2c1,4.76433957251824,False,True,structures/x5777a_x5777b/A71EV2A-x5777b/A71EV2A-x5777b_ligand_ref.sdf,16d9b3eca10755087a8eb1cb3828578aca69855a5a1fa41bb15fc9bab607a604,raw/A71EV2A-x5777b.pdb,ac72f55f1699a7a2feb0f90f4d9b7b3e1241e2d25fe5d551e47c59ea175089f2,22,22,0,0.0
A71EV2A-x5779a,x5779a,7dd8d49d222d9026,NC(=O)[C@H]1CCN(C(=O)Cn2cc(Br)cc(Cl)c2=O)C1,NC(=O)[C@H]1CCN(C(=O)Cn2cc(Br)cc(Cl)c2=O)C1 |a:3|,NC(=O)[C@H]1CCN(C(=O)Cn2cc(Br)cc(Cl)c2=O)C1,O=C(Cn1ccccc1=O)N1CCCC1,4.024899837282849,False,True,structures/x5779a/A71EV2A-x5779a/A71EV2A-x5779a_ligand_ref.sdf,b7b178d32ea410a053891eb1bea117fbad8cce9f8df015c3d5913409125d5252,raw/A71EV2A-x5779a.pdb,1b7029424bdf5002c983fef8d896fb1d63063a6f0fa1b20b1e0e9ab93f6d7263,20,20,0,0.0
A71EV2A-x5788a,x5788a,99659ec4f5e17ebf,CSc1cccc(-n2ccnc2)c1CC(=O)N1CCC[C@H](C(N)=O)C1,CSc1cccc(-n2ccnc2)c1CC(=O)N1CCC[C@H](C(N)=O)C1 |a:20|,CSc1cccc(-n2ccnc2)c1CC(=O)N1CCC[C@H](C(N)=O)C1,O=C(Cc1ccccc1-n1ccnc1)N1CCCCC1,5.508866053332301,False,True,structures/x5788a/A71EV2A-x5788a/A71EV2A-x5788a_ligand_ref.sdf,04b2a2e7f7780fc9fbac78613d287f505c860d7c0a4a9b05106092a155034e88,raw/A71EV2A-x5788a.pdb,c5a4b3503068bfd10454c64a3822bc6fe2746dbd95e3b8594c21575e67efd29a,25,25,0,0.0
A71EV2A-x5798a,x5798a_x5798b,5edc01f31e5f411d,NC(=O)[C@H]1C[C@H]2C[C@H]2N(C(=O)Cc2ccccc2Cl)C1,"NC(=O)[C@H]1C[C@H]2C[C@H]2N(C(=O)Cc2ccccc2Cl)C1 |&1:3,5,7|",NC(=O)[C@H]1C[C@H]2C[C@H]2N(C(=O)Cc2ccccc2Cl)C1,O=C(Cc1ccccc1)N1CCC[C@H]2C[C@H]21,4.476253533188435,False,True,structures/x5798a_x5798b/A71EV2A-x5798a/A71EV2A-x5798a_ligand_ref.sdf,98b07fde80d388de1dbb3f59425e70bb104c0c51793dd13b13af5dc2b4a238a8,raw/A71EV2A-x5798a.pdb,b87ec2a74a6a8a811f29d4984ff4e2c9d0192d2765a0bc529023d6cec1e2d74a,20,20,0,0.0
A71EV2A-x5798b,x5798a_x5798b,5edc01f31e5f411d,NC(=O)[C@H]1C[C@H]2C[C@H]2N(C(=O)Cc2ccccc2Cl)C1,"NC(=O)[C@H]1C[C@H]2C[C@H]2N(C(=O)Cc2ccccc2Cl)C1 |&1:3,5,7|",NC(=O)[C@H]1C[C@H]2C[C@H]2N(C(=O)Cc2ccccc2Cl)C1,O=C(Cc1ccccc1)N1CCC[C@H]2C[C@H]21,4.476253533188435,False,True,structures/x5798a_x5798b/A71EV2A-x5798b/A71EV2A-x5798b_ligand_ref.sdf,8495464307e59ba06e4d0e57a86f3f2be4752d49f81cb1231392718ba5d3dedb,raw/A71EV2A-x5798b.pdb,6f184512c361f4f53256e115c8d831f6e9336b2a50567fbc232e9ba9f5b896f4,20,20,0,0.0
A71EV2A-x5802a,x5802a_x5802b,e6b1a17341a242ff,NC(=O)[C@H]1C[C@@H]2C[C@@H]2N(C(=O)Cc2ccccc2Cl)C1,"NC(=O)[C@H]1C[C@@H]2C[C@@H]2N(C(=O)Cc2ccccc2Cl)C1 |&1:3,5,7|",NC(=O)[C@H]1C[C@@H]2C[C@@H]2N(C(=O)Cc2ccccc2Cl)C1,O=C(Cc1ccccc1)N1CCC[C@@H]2C[C@@H]21,4.5796822958876815,False,True,structures/x5802a_x5802b/A71EV2A-x5802a/A71EV2A-x5802a_ligand_ref.sdf,5f1885ff662f100b7c6e61cfd2db4898b68c337bf3a89a41fb05693301fcb4be,raw/A71EV2A-x5802a.pdb,dd89783ca0c25f578d187583c608ac14a90c56b11da607e6bcc0d4d0411ad125,20,20,0,0.0
A71EV2A-x5802b,x5802a_x5802b,e6b1a17341a242ff,NC(=O)[C@H]1C[C@@H]2C[C@@H]2N(C(=O)Cc2ccccc2Cl)C1,"NC(=O)[C@H]1C[C@@H]2C[C@@H]2N(C(=O)Cc2ccccc2Cl)C1 |&1:3,5,7|",NC(=O)[C@H]1C[C@@H]2C[C@@H]2N(C(=O)Cc2ccccc2Cl)C1,O=C(Cc1ccccc1)N1CCC[C@@H]2C[C@@H]21,4.5796822958876815,False,True,structures/x5802a_x5802b/A71EV2A-x5802b/A71EV2A-x5802b_ligand_ref.sdf,2c8c94a126567e23e717ca17b04c8b1cd016bbc00df526e381dcf97a50c79dd3,raw/A71EV2A-x5802b.pdb,3a2eb0f17a4415c8b339c9fe0d419cd7449e965e9eba3675e16e752eaaf9a9f0,20,20,0,0.0
A71EV2A-x5808a,x5808a_x5808b,7b8b62335b9a08ed,CSc1ncnc(N2CC(c3nncn3C)C2)c1CC(=O)N1CCC[C@H](C(N)=O)C1,CSc1ncnc(N2CC(c3nncn3C)C2)c1CC(=O)N1CCC[C@H](C(N)=O)C1 |a:25|,CSc1ncnc(N2CC(c3nncn3C)C2)c1CC(=O)N1CCC[C@H](C(N)=O)C1,O=C(Cc1cncnc1N1CC(c2nnc[nH]2)C1)N1CCCCC1,6.326170396191348,False,True,structures/x5808a_x5808b/A71EV2A-x5808a/A71EV2A-x5808a_ligand_ref.sdf,95bfa7f03963b5314684df26b3671232b580c31c49abf57a80ed58a4cfcdb667,raw/A71EV2A-x5808a.pdb,783dd1cb0665caee75afdafc4a128cdcdbbb2f6dcb0a15e94199375c6be36190,30,30,0,0.0
A71EV2A-x5808b,x5808a_x5808b,7b8b62335b9a08ed,CSc1ncnc(N2CC(c3nncn3C)C2)c1CC(=O)N1CCC[C@H](C(N)=O)C1,CSc1ncnc(N2CC(c3nncn3C)C2)c1CC(=O)N1CCC[C@H](C(N)=O)C1 |a:25|,CSc1ncnc(N2CC(c3nncn3C)C2)c1CC(=O)N1CCC[C@H](C(N)=O)C1,O=C(Cc1cncnc1N1CC(c2nnc[nH]2)C1)N1CCCCC1,6.326170396191348,False,True,structures/x5808a_x5808b/A71EV2A-x5808b/A71EV2A-x5808b_ligand_ref.sdf,53a4331d8962181d79be1017007cf64426c7407190d34e94e4db4ce0b550e2b2,raw/A71EV2A-x5808b.pdb,3dc71df68df1a20624b374050fc837324db605f9cd07fb814a026d65fbf39d2e,30,30,0,0.0
A71EV2A-x5819a,x5819a_x5819b,1a8ca6c056a46e40,CSc1ccc(Br)cc1OC(=O)N1C[C@H](C(N)=O)CC[C@@H]1C,"CSc1ccc(Br)cc1OC(=O)N1C[C@H](C(N)=O)CC[C@@H]1C |o1:14,20|",CSc1ccc(Br)cc1OC(=O)N1C[C@H](C(N)=O)CC[C@@H]1C,O=C(Oc1ccccc1)N1CCCCC1,4.757850080326607,False,True,structures/x5819a_x5819b/A71EV2A-x5819a/A71EV2A-x5819a_ligand_ref.sdf,cb936e5ae1836bffd907d27b09e79272a7eaddbc87f04d6bb794cc3d6de7b202,raw/A71EV2A-x5819a.pdb,2449d5d2b3707bf61afdc3cc5b6a1813e91583956f3910dac48d34c84d3f3221,22,22,0,0.0
A71EV2A-x5819b,x5819a_x5819b,1a8ca6c056a46e40,CSc1ccc(Br)cc1OC(=O)N1C[C@H](C(N)=O)CC[C@@H]1C,"CSc1ccc(Br)cc1OC(=O)N1C[C@H](C(N)=O)CC[C@@H]1C |o1:14,20|",CSc1ccc(Br)cc1OC(=O)N1C[C@H](C(N)=O)CC[C@@H]1C,O=C(Oc1ccccc1)N1CCCCC1,4.757850080326607,False,True,structures/x5819a_x5819b/A71EV2A-x5819b/A71EV2A-x5819b_ligand_ref.sdf,301fd7265e548119521e69f9c357bcaadba0194976cc2e173cb3733382d794dd,raw/A71EV2A-x5819b.pdb,7bda2e78f41075e9784a1af15f50211f2bccc9d08f08a971aa110a415fd28e0c,22,22,0,0.0
A71EV2A-x5824a,x5824a_x5824b,8e5c7bda06f049b4,NC(=O)[C@H]1CCN(C(=O)Cn2c(=O)sc3ccc(Cl)cc32)C1,NC(=O)[C@H]1CCN(C(=O)Cn2c(=O)sc3ccc(Cl)cc32)C1 |a:3|,NC(=O)[C@H]1CCN(C(=O)Cn2c(=O)sc3ccc(Cl)cc32)C1,O=C(Cn1c(=O)sc2ccccc21)N1CCCC1,4.001740661576301,False,True,structures/x5824a_x5824b/A71EV2A-x5824a/A71EV2A-x5824a_ligand_ref.sdf,960e0825b7162d489a7b5affd5a43753dbcbe5549de9ff938a06e55bcc2aac96,raw/A71EV2A-x5824a.pdb,3c45d8c329cc0a639ddac51f832f8d403803aa3c271feadc7cdd7e1a63a5557d,22,22,0,0.0
A71EV2A-x5824b,x5824a_x5824b,8e5c7bda06f049b4,NC(=O)[C@H]1CCN(C(=O)Cn2c(=O)sc3ccc(Cl)cc32)C1,NC(=O)[C@H]1CCN(C(=O)Cn2c(=O)sc3ccc(Cl)cc32)C1 |a:3|,NC(=O)[C@H]1CCN(C(=O)Cn2c(=O)sc3ccc(Cl)cc32)C1,O=C(Cn1c(=O)sc2ccccc21)N1CCCC1,4.001740661576301,False,True,structures/x5824a_x5824b/A71EV2A-x5824b/A71EV2A-x5824b_ligand_ref.sdf,4135d345fcac7084855120362bbaa33ecb487123aa61cdf4b92adc20117f1f94,raw/A71EV2A-x5824b.pdb,6b5e93b92ef8386e3316d8da8e1a3bc71c62530f5fae2981be88cbb08d83795f,22,22,0,0.0
A71EV2A-x5830a,x5830a,29ed5aad4501bbb2,CSc1ccc(Br)cc1OC(=O)N1C[C@@H](C(N)=O)C[C@@H]2C[C@@H]21,"CSc1ccc(Br)cc1OC(=O)N1C[C@H](C(N)=O)C[C@@H]2C[C@@H]21 |&1:14,19,21|",CSc1ccc(Br)cc1OC(=O)N1C[C@@H](C(N)=O)C[C@@H]2C[C@@H]21,O=C(Oc1ccccc1)N1CCC[C@@H]2C[C@@H]21,6.134970625328986,False,True,structures/x5830a/A71EV2A-x5830a/A71EV2A-x5830a_ligand_ref.sdf,1e29d757dd620dd5661f190397ec0788485c5ccd2dea6680368fa2c081dffa60,raw/A71EV2A-x5830a.pdb,f7bd73bb2278665a732a1ddd60b326d9ed33a6accb1a07bfd1067014e518dbbf,22,22,0,0.0
A71EV2A-x5833a,x5833a,a8a0ef1f1710be3a,CSc1ccc(-n2ccnc2)cc1CC(=O)N1CCC[C@H](C(N)=O)C1,CSc1ccc(-n2ccnc2)cc1CC(=O)N1CCC[C@H](C(N)=O)C1 |a:20|,CSc1ccc(-n2ccnc2)cc1CC(=O)N1CCC[C@H](C(N)=O)C1,O=C(Cc1cccc(-n2ccnc2)c1)N1CCCCC1,5.816743356703912,False,True,structures/x5833a/A71EV2A-x5833a/A71EV2A-x5833a_ligand_ref.sdf,77295003603a15188ff228510f3d5ef2a021f52be048e961b2b1ac69ce6e6704,raw/A71EV2A-x5833a.pdb,1f455da0febf9578e071009abd42773249baec7ff1350b6c3987d712afde1ca2,25,25,0,0.0
A71EV2A-x5836a,x5836a,db4fd58a17da6c85,CSc1ccc(-c2cn[nH]c2)cc1CC(=O)N1C[C@@H](C([NH3+])=O)C[C@@H]2C[C@@H]21,"CSc1ccc(-c2cn[nH]c2)cc1CC(=O)N1C[C@H](C(N)=O)C[C@H]2C[C@H]21 |&1:18,23,25|",CSc1ccc(-c2cn[nH]c2)cc1CC(=O)N1C[C@@H](C([NH3+])=O)C[C@@H]2C[C@@H]21,O=C(Cc1cccc(-c2cn[nH]c2)c1)N1CCC[C@@H]2C[C@@H]21,6.438312682607372,False,True,structures/x5836a/A71EV2A-x5836a/A71EV2A-x5836a_ligand_ref.sdf,29dc4c7ee6c3216192d9cfb47521aa05802b49bbfb9c3c65ce00fa2b0b556ce0,raw/A71EV2A-x5836a.pdb,e420f122977c79dc832f2307df2b5b5eac5afda0ea6528d969d50283b58a458e,26,26,1,0.0
A71EV2A-x5850a,x5850a,f097426c90f2fddd,CSc1cccc2c1[C@@H](C(=O)N1CCC[C@H](C(N)=O)C1)CCC2,CSc1cccc2c1[C@H](C(=O)N1CCC[C@H](C(N)=O)C1)CCC2 |o1:8|,CSc1cccc2c1[C@@H](C(=O)N1CCC[C@H](C(N)=O)C1)CCC2,O=C([C@H]1CCCc2ccccc21)N1CCCCC1,4.913179132164633,False,True,structures/x5850a/A71EV2A-x5850a/A71EV2A-x5850a_ligand_ref.sdf,13965bc5fc64a44ae12d6ae7530784578d35586c8569f50e4b23b416e5175870,raw/A71EV2A-x5850a.pdb,55ca6e39646616267b89ab76cf7b354dc17a70ab878e482301aa776d320467c9,23,23,0,0.0
A71EV2A-x5854a,x5854a_x6877a,e53cbb0ee7f45851,CSc1ccc2ncccc2c1NC(=O)N1C[C@@H](C(N)=O)C[C@@H]2C[C@@H]21,"CSc1ccc2ncccc2c1NC(=O)N1C[C@H](C(N)=O)C[C@H]2C[C@H]21 |&1:17,22,24|",CSc1ccc2ncccc2c1NC(=O)N1C[C@@H](C(N)=O)C[C@@H]2C[C@@H]21,O=C(Nc1cccc2ncccc12)N1CCC[C@@H]2C[C@@H]21,6.155618588158782,False,True,structures/x5854a_x6877a/A71EV2A-x5854a/A71EV2A-x5854a_ligand_ref.sdf,2db01e856f927d99eeb8b9abf545d61007ce1d782e2dd72de923b98c58dabdce,raw/A71EV2A-x5854a.pdb,f73f8a314c51313393bb4a10788c9373defe5dcbed424601de132b63bc7a799f,25,25,0,0.0
A71EV2A-x5857a,x5857a,5e4676c833f2a367,CSc1cccc(-c2ccc(C(F)(F)F)o2)c1CC(=O)N1CCC[C@H](C(N)=O)C1,CSc1cccc(-c2ccc(C(F)(F)F)o2)c1CC(=O)N1CCC[C@H](C(N)=O)C1 |a:24|,CSc1cccc(-c2ccc(C(F)(F)F)o2)c1CC(=O)N1CCC[C@H](C(N)=O)C1,O=C(Cc1ccccc1-c1ccco1)N1CCCCC1,5.785803993839482,False,True,structures/x5857a/A71EV2A-x5857a/A71EV2A-x5857a_ligand_ref.sdf,659573fb04312d907e51dbaf97cc7aedc3da72afe300c27d93f6b189ef216071,raw/A71EV2A-x5857a.pdb,d7250473a32c4727601df8f437adff2876653ea6d3a23e4cfcdbda0c6b0e14e2,29,29,0,0.0
A71EV2A-x5864a,x5864a,d450ba6305ee704c,CSc1ccc(-c2csc(C(F)F)c2)cc1CC(=O)N1CCC[C@H](C(N)=O)C1,CSc1ccc(-c2csc(C(F)F)c2)cc1CC(=O)N1CCC[C@H](C(N)=O)C1 |a:23|,CSc1ccc(-c2csc(C(F)F)c2)cc1CC(=O)N1CCC[C@H](C(N)=O)C1,O=C(Cc1cccc(-c2ccsc2)c1)N1CCCCC1,6.104588372500485,False,True,structures/x5864a/A71EV2A-x5864a/A71EV2A-x5864a_ligand_ref.sdf,85b572d48c1b69d34e6f393fb4505f483a94bcaa2552f3685f53c2dc7cc146f3,raw/A71EV2A-x5864a.pdb,b81d08bf2c7aac7227312703abec3d5bfc0e913b261f4abe0b80821dbf22ac9c,28,28,0,0.0
A71EV2A-x5868a,x5868a,e5e149caef564aba,CC(C)[C@@H](c1cc(Cl)cc(Br)c1)N1C[C@@H](C(N)=O)CCC1=O,"CC(C)[C@H](c1cc(Cl)cc(Br)c1)N1C[C@H](C(N)=O)CCC1=O |&1:3,&2:14|",CC(C)[C@@H](c1cc(Cl)cc(Br)c1)N1C[C@@H](C(N)=O)CCC1=O,O=C1CCCCN1Cc1ccccc1,4.564352412519983,False,True,structures/x5868a/A71EV2A-x5868a/A71EV2A-x5868a_ligand_ref.sdf,68193310743ad05fa8ef9b6a348b67ce6f382ac20c8f07a6306af7b3e3663379,raw/A71EV2A-x5868a.pdb,0c91b49a42fadb46ad97ef889bffac0edeb2f739448d098a64f27fcee00d26e7,22,22,0,0.0
A71EV2A-x5877a,x5877a,ffa1741169b73d83,COc1ncc(-c2ccc(SC)c(CC(=O)N3CCC[C@H](C(N)=O)C3)c2)cc1C#N,COc1ncc(-c2ccc(SC)c(CC(=O)N3CCC[C@H](C(N)=O)C3)c2)cc1C#N |a:20|,COc1ncc(-c2ccc(SC)c(CC(=O)N3CCC[C@H](C(N)=O)C3)c2)cc1C#N,O=C(Cc1cccc(-c2cccnc2)c1)N1CCCCC1,5.612933991649193,False,True,structures/x5877a/A71EV2A-x5877a/A71EV2A-x5877a_ligand_ref.sdf,357dd2edd121ffef890d4b4f4706af17eb085102b28e193804b77358c8548072,raw/A71EV2A-x5877a.pdb,93aab553075e95cfa95092700337a847c96ffa8173b9cc7eb5bfdab48fccc564,30,30,0,0.0
A71EV2A-x5879a,x5879a_x5879b,90a96626ad099c7f,CSc1ccc(-c2cc(C)c(=O)n(C)c2)cc1CC(=O)N1CCC[C@H](C(N)=O)C1,CSc1ccc(-c2cc(C)c(=O)n(C)c2)cc1CC(=O)N1CCC[C@H](C(N)=O)C1 |a:24|,CSc1ccc(-c2cc(C)c(=O)n(C)c2)cc1CC(=O)N1CCC[C@H](C(N)=O)C1,O=C(Cc1cccc(-c2ccc(=O)[nH]c2)c1)N1CCCCC1,6.031014087429405,False,True,structures/x5879a_x5879b/A71EV2A-x5879a/A71EV2A-x5879a_ligand_ref.sdf,9cc3c5d676d3b57573207265d7e7a13ce06c0f0f66066420149f8c8b76950e74,raw/A71EV2A-x5879a.pdb,d3ea6ed91bff35304d72dbaccb61acd188ceb15f4b865b242a1b3e1d8d56f590,29,29,0,0.0
A71EV2A-x5879b,x5879a_x5879b,90a96626ad099c7f,CSc1ccc(-c2cc(C)c(=O)n(C)c2)cc1CC(=O)N1CCC[C@H](C(N)=O)C1,CSc1ccc(-c2cc(C)c(=O)n(C)c2)cc1CC(=O)N1CCC[C@H](C(N)=O)C1 |a:24|,CSc1ccc(-c2cc(C)c(=O)n(C)c2)cc1CC(=O)N1CCC[C@H](C(N)=O)C1,O=C(Cc1cccc(-c2ccc(=O)[nH]c2)c1)N1CCCCC1,6.031014087429405,False,True,structures/x5879a_x5879b/A71EV2A-x5879b/A71EV2A-x5879b_ligand_ref.sdf,5b96467a5e0a3026148b076362eadbd622282c9f28498bc91401305b38368cc9,raw/A71EV2A-x5879b.pdb,8afb7a3ffd5a6aae24fce1fd0e54ef4fc54c232ae54a8608acd67056e12ad1fb,29,29,0,0.0
A71EV2A-x5884a,x5884a,c9c0213643b6d3ea,CSc1cccc(-c2ccc(C(F)(F)F)cc2C#N)c1CC(=O)N1CCC[C@H](C(N)=O)C1,CSc1cccc(-c2ccc(C(F)(F)F)cc2C#N)c1CC(=O)N1CCC[C@H](C(N)=O)C1 |a:27|,CSc1cccc(-c2ccc(C(F)(F)F)cc2C#N)c1CC(=O)N1CCC[C@H](C(N)=O)C1,O=C(Cc1ccccc1-c1ccccc1)N1CCCCC1,5.656918950334414,False,True,structures/x5884a/A71EV2A-x5884a/A71EV2A-x5884a_ligand_ref.sdf,9581ec0e214901ae7d500d8eeea64d9469cde3513476df52d76445a1c0d1d185,raw/A71EV2A-x5884a.pdb,966de9cab0793d886dd33a6be75578de491eca104f2a7b087c61ac3a3d8cdf75,32,32,0,0.0
A71EV2A-x5891a,x5891a,e2eb9a9d1317261f,CSc1ccc(Br)cc1[C@@H](NC(=O)OC(C)(C)C)C(=O)N1CC[C@H](C(N)=O)C1,CSc1ccc(Br)cc1[C@H](NC(=O)OC(C)(C)C)C(=O)N1CC[C@H](C(N)=O)C1 |&1:9|,CSc1ccc(Br)cc1[C@@H](NC(=O)OC(C)(C)C)C(=O)N1CC[C@H](C(N)=O)C1,O=C(Cc1ccccc1)N1CCCC1,4.616253373468555,False,True,structures/x5891a/A71EV2A-x5891a/A71EV2A-x5891a_ligand_ref.sdf,f38041abc5bbff7ef95f0211baa27fb4f279e9b784ee9eaa21ded456590f5555,raw/A71EV2A-x5891a.pdb,099939f1e579fe74ff81835dfcce41b4adc20385cf175b928846ffd3f600b2fa,28,28,0,0.0
A71EV2A-x5992a,x5992a_x5992b,05b5e5e4a8f56a79,CSc1ccccc1CC(=O)N1C[C@@H](C(N)=O)CC[C@@H]1CO,"CSc1ccccc1CC(=O)N1C[C@H](C(N)=O)CC[C@H]1CO |o1:13,19|",CSc1ccccc1CC(=O)N1C[C@@H](C(N)=O)CC[C@@H]1CO,O=C(Cc1ccccc1)N1CCCCC1,4.599655204790009,False,True,structures/x5992a_x5992b/A71EV2A-x5992a/A71EV2A-x5992a_ligand_ref.sdf,65c53044c6fe1bba2d72ae7b846ac752d48b4393610ec21f9f869a776f844eb0,raw/A71EV2A-x5992a.pdb,bb49c58e7b1ebfd801fa8f277952a1b38bc38e558919cb05722e5c8a55a90271,22,22,0,0.0
A71EV2A-x5992b,x5992a_x5992b,05b5e5e4a8f56a79,CSc1ccccc1CC(=O)N1C[C@@H](C(N)=O)CC[C@@H]1CO,"CSc1ccccc1CC(=O)N1C[C@H](C(N)=O)CC[C@H]1CO |o1:13,19|",CSc1ccccc1CC(=O)N1C[C@@H](C(N)=O)CC[C@@H]1CO,O=C(Cc1ccccc1)N1CCCCC1,4.599655204790009,False,True,structures/x5992a_x5992b/A71EV2A-x5992b/A71EV2A-x5992b_ligand_ref.sdf,817bc15bda828da4fc344b8958eb174ec18ebdffe629a91c92a2320f752dcb81,raw/A71EV2A-x5992b.pdb,8ef76d9ed487e341260d45416b77857250e89ae01c94dfa239d5ba066f3c035e,22,22,0,0.0
A71EV2A-x5995a,x5995a_x5995b,f097426c90f2fddd,CSc1cccc2c1[C@H](C(=O)N1CCC[C@H](C(N)=O)C1)CCC2,CSc1cccc2c1[C@H](C(=O)N1CCC[C@H](C(N)=O)C1)CCC2 |o1:8|,CSc1cccc2c1[C@H](C(=O)N1CCC[C@H](C(N)=O)C1)CCC2,O=C([C@@H]1CCCc2ccccc21)N1CCCCC1,4.913179132164633,False,True,structures/x5995a_x5995b/A71EV2A-x5995a/A71EV2A-x5995a_ligand_ref.sdf,60294f0f7a8e82d87df94e2e64e64e84448e971060d75d1722d04f314d59a5a3,raw/A71EV2A-x5995a.pdb,44ab6b9f169c79112d84d035602f06cd6dd06457ae96008645bd08fdb1ae5da7,23,23,0,0.0
A71EV2A-x5995b,x5995a_x5995b,f097426c90f2fddd,CSc1cccc2c1[C@H](C(=O)N1CCC[C@H](C(N)=O)C1)CCC2,CSc1cccc2c1[C@H](C(=O)N1CCC[C@H](C(N)=O)C1)CCC2 |o1:8|,CSc1cccc2c1[C@H](C(=O)N1CCC[C@H](C(N)=O)C1)CCC2,O=C([C@@H]1CCCc2ccccc21)N1CCCCC1,4.913179132164633,False,True,structures/x5995a_x5995b/A71EV2A-x5995b/A71EV2A-x5995b_ligand_ref.sdf,c2b3e9153896ec2fded24820b51360c5a627c7f3de5ccd77e9eb324b06602a44,raw/A71EV2A-x5995b.pdb,a8cbab5d14647224c9c5350d4909a9a65d61f3751daa9bc15ed6070f9ae6d514,23,23,0,0.0
A71EV2A-x6021a,x6021a,2a636f9295542a7f,CNc1ncnc(SC)c1CC(=O)N1CCC[C@H](C(N)=O)C1,CNc1ncnc(SC)c1CC(=O)N1CCC[C@H](C(N)=O)C1 |a:17|,CNc1ncnc(SC)c1CC(=O)N1CCC[C@H](C(N)=O)C1,O=C(Cc1cncnc1)N1CCCCC1,5.471985787685622,False,True,structures/x6021a/A71EV2A-x6021a/A71EV2A-x6021a_ligand_ref.sdf,bb1189eae1c87bb8a9b79d4c33d43102505b30b66a4211024f2818a366403f2a,raw/A71EV2A-x6021a.pdb,a47f2d9169345baa46ff0c09cd45e9106c8953ba6f9ade2e6e5b09a209bd8c9d,22,22,0,0.0
A71EV2A-x6025a,x6025a,fda375bf6a065b1e,CSc1ccc(-c2cccc3cnn(C)c23)cc1CC(=O)N1CCC[C@H](C(N)=O)C1,CSc1ccc(-c2cccc3cnn(C)c23)cc1CC(=O)N1CCC[C@H](C(N)=O)C1 |a:25|,CSc1ccc(-c2cccc3cnn(C)c23)cc1CC(=O)N1CCC[C@H](C(N)=O)C1,O=C(Cc1cccc(-c2cccc3cn[nH]c23)c1)N1CCCCC1,4.852511447271943,False,True,structures/x6025a/A71EV2A-x6025a/A71EV2A-x6025a_ligand_ref.sdf,8146d87d68167f501ebd6142a84d3a5f0881518e4d6bc0b3359484e5717d99ab,raw/A71EV2A-x6025a.pdb,e7b61ac439f47b0c6dc184204702e5dae78b02febbf0fe93c74f2d73264e403c,30,30,0,0.0
A71EV2A-x6027a,x6027a,c0fe6642779ff167,C=C(C)c1cccc(SC)c1CC(=O)N1CCC[C@H](C(N)=O)C1,C=C(C)c1cccc(SC)c1CC(=O)N1CCC[C@H](C(N)=O)C1 |a:18|,C=C(C)c1cccc(SC)c1CC(=O)N1CCC[C@H](C(N)=O)C1,O=C(Cc1ccccc1)N1CCCCC1,5.435913722030655,False,True,structures/x6027a/A71EV2A-x6027a/A71EV2A-x6027a_ligand_ref.sdf,7ff847d02a419f71cfa9f01dde21fe9a16315f18be37416216b1efe647adaa7d,raw/A71EV2A-x6027a.pdb,7430689f1f6651d51309f1ccdac2147934d62ceb3dd26c903468d42235e7dd07,23,23,0,0.0
A71EV2A-x6028a,x6028a,0a0f5a9ff303591f,CSc1cccc(-c2cn(C)c(=O)c3ccccc23)c1CC(=O)N1CCC[C@H](C(N)=O)C1,CSc1cccc(-c2cn(C)c(=O)c3ccccc23)c1CC(=O)N1CCC[C@H](C(N)=O)C1 |a:27|,CSc1cccc(-c2cn(C)c(=O)c3ccccc23)c1CC(=O)N1CCC[C@H](C(N)=O)C1,O=C(Cc1ccccc1-c1c[nH]c(=O)c2ccccc12)N1CCCCC1,6.086272291520818,False,True,structures/x6028a/A71EV2A-x6028a/A71EV2A-x6028a_ligand_ref.sdf,f4c3abcfaae42bad78b26064785ae682d42b6e28a7f0d3de8d703d3de424c7bd,raw/A71EV2A-x6028a.pdb,7edc4f0771f4ccb2f97c80f06b50098be115afa396bd6fe809ad1ec447996a3d,32,32,0,0.0
A71EV2A-x6032a,x6032a,a8ee4bbd6299160a,CSc1ccc(-c2cncc(C)c2C)cc1CC(=O)N1CCC[C@H](C(N)=O)C1,CSc1ccc(-c2cncc(C)c2C)cc1CC(=O)N1CCC[C@H](C(N)=O)C1 |a:23|,CSc1ccc(-c2cncc(C)c2C)cc1CC(=O)N1CCC[C@H](C(N)=O)C1,O=C(Cc1cccc(-c2cccnc2)c1)N1CCCCC1,5.401951923140469,False,True,structures/x6032a/A71EV2A-x6032a/A71EV2A-x6032a_ligand_ref.sdf,c06100a735574e97f53553a9b43fc91ea5b4f732d0ad20d49029545b5fd6ce55,raw/A71EV2A-x6032a.pdb,3f12d8c50108a809cca49afb4de13a640ce54503eaf8cf7ea816994f30709eeb,28,28,0,0.0
A71EV2A-x6035a,x6035a,4c4dd371dcba7bf5,CSc1ccc(-c2cncc3ccccc23)cc1CC(=O)N1CCC[C@H](C(N)=O)C1,CSc1ccc(-c2cncc3ccccc23)cc1CC(=O)N1CCC[C@H](C(N)=O)C1 |a:25|,CSc1ccc(-c2cncc3ccccc23)cc1CC(=O)N1CCC[C@H](C(N)=O)C1,O=C(Cc1cccc(-c2cncc3ccccc23)c1)N1CCCCC1,5.484126156288321,False,True,structures/x6035a/A71EV2A-x6035a/A71EV2A-x6035a_ligand_ref.sdf,ddec0ad648285053e272c528b4c58d94641e320910fc9685e485fa0309a62e7f,raw/A71EV2A-x6035a.pdb,d6f34fb8b47646b2051ced7a356239023438f9eb223a10d22246f4f419aff9ee,30,30,0,0.0
A71EV2A-x6714a,x6714a,186e800b90c7ee0c,NC(=O)[C@H]1CCC(=O)N(c2cc3cnccc3c(F)c2F)C1,NC(=O)[C@H]1CCC(=O)N(c2cc3cnccc3c(F)c2F)C1 |&1:3|,NC(=O)[C@H]1CCC(=O)N(c2cc3cnccc3c(F)c2F)C1,O=C1CCCCN1c1ccc2ccncc2c1,4.801706220928761,False,True,structures/x6714a/A71EV2A-x6714a/A71EV2A-x6714a_ligand_ref.sdf,132743365e4a36159fe3a512325dcc345866c217ddab2a716bb88bc59343986c,raw/A71EV2A-x6714a.pdb,c5276dd313de8ed812c7080d885123fb2c023730f27b7eb277bc8a0ae42ca5e1,22,22,0,0.0
A71EV2A-x6726a,x6726a,e5e40ac7eb2b2170,CSc1ccccc1[C@H](NC(=O)CC1CC1)C(=O)N1CC[C@H](C(N)=O)C1,CSc1ccccc1[C@H](NC(=O)CC1CC1)C(=O)N1CC[C@H](C(N)=O)C1 |&1:8|,CSc1ccccc1[C@H](NC(=O)CC1CC1)C(=O)N1CC[C@H](C(N)=O)C1,O=C(CC1CC1)N[C@H](C(=O)N1CCCC1)c1ccccc1,4.287343084176254,False,True,structures/x6726a/A71EV2A-x6726a/A71EV2A-x6726a_ligand_ref.sdf,6b14abab8cfd82fbb4d7afe4ea5ce1f511aac1214a93e837cc66dbc19b1d2d77,raw/A71EV2A-x6726a.pdb,713eba72e3dcd8c7d023ed3b7e808b938442b8d1c5a5664c830b3f390a0c86ab,26,26,0,0.0
A71EV2A-x6730a,x6730a,2bd3b96effeea6fe,Cc1sc([C@H](C)N2C[C@@H](C(N)=O)CCC2=O)nc1-c1ccco1,"Cc1sc([C@H](C)N2C[C@H](C(N)=O)CCC2=O)nc1-c1ccco1 |&1:4,&2:8|",Cc1sc([C@H](C)N2C[C@@H](C(N)=O)CCC2=O)nc1-c1ccco1,O=C1CCCCN1Cc1nc(-c2ccco2)cs1,4.604279969816917,False,True,structures/x6730a/A71EV2A-x6730a/A71EV2A-x6730a_ligand_ref.sdf,c14db7211e9c7c249fb80afab903199109e4d7952b6c53aa2498aa987e217f94,raw/A71EV2A-x6730a.pdb,39b3fa3729d7e6b9715be0665fda8d38a738c189112a03b9c90d51ebc4cd0fb3,23,23,0,0.0
A71EV2A-x6736a,x6736a,2b00aacaa90ee55d,COc1ncccc1-c1ccc(SC)c(CC(=O)N2CCC[C@H](C(N)=O)C2)c1,COc1ncccc1-c1ccc(SC)c(CC(=O)N2CCC[C@H](C(N)=O)C2)c1 |a:22|,COc1ncccc1-c1ccc(SC)c(CC(=O)N2CCC[C@H](C(N)=O)C2)c1,O=C(Cc1cccc(-c2cccnc2)c1)N1CCCCC1,5.926316446103106,False,True,structures/x6736a/A71EV2A-x6736a/A71EV2A-x6736a_ligand_ref.sdf,d2cb7d437d31a581be08576f26b6e26119c0e6c94832a76d97c10954c997cc28,raw/A71EV2A-x6736a.pdb,536a8c2986bc9a38cb48ce2f6c9a3097c02571e5ebf90e217069e1c089a2c66b,28,28,0,0.0
A71EV2A-x6738a,x6738a,d597fbaa418280b9,CCC1(CC)CCN(c2ncnc(SC)c2CC(=O)N2CCC[C@H](C(N)=O)C2)C1,CCC1(CC)CCN(c2ncnc(SC)c2CC(=O)N2CCC[C@H](C(N)=O)C2)C1 |a:23|,CCC1(CC)CCN(c2ncnc(SC)c2CC(=O)N2CCC[C@H](C(N)=O)C2)C1,O=C(Cc1cncnc1N1CCCC1)N1CCCCC1,6.266038858073333,False,True,structures/x6738a/A71EV2A-x6738a/A71EV2A-x6738a_ligand_ref.sdf,b4e04a92768e91f1775835498d790214ab93742013cabf9aca0c0a093c137af9,raw/A71EV2A-x6738a.pdb,9c0b34cd52899707559f9913a31308d523e89e647a3df5713958a6e4371d860b,29,29,0,0.0
A71EV2A-x6739a,x6739a,23ec9a8fb6dd08a0,CSc1ccc(C(=O)N2Cc3nccc(C)c3C2)cc1CC(=O)N1CCC[C@H](C(N)=O)C1,CSc1ccc(C(=O)N2Cc3nccc(C)c3C2)cc1CC(=O)N1CCC[C@H](C(N)=O)C1 |a:27|,CSc1ccc(C(=O)N2Cc3nccc(C)c3C2)cc1CC(=O)N1CCC[C@H](C(N)=O)C1,O=C(Cc1cccc(C(=O)N2Cc3cccnc3C2)c1)N1CCCCC1,5.732131922180389,False,True,structures/x6739a/A71EV2A-x6739a/A71EV2A-x6739a_ligand_ref.sdf,cf79636e5b0e5ab9de6ae9353828179330683fb0b5ee21b0fa5d517b33611cee,raw/A71EV2A-x6739a.pdb,226377c245d6f03ada2652c06b58300c8924349e7e5c359428ba861b21be2ece,32,32,0,0.0
A71EV2A-x6746a,x6746a,1d3d5ed485772259,CSc1ccc(-c2ccncc2)cc1NC(=O)N1C[C@@H](C(N)=O)C[C@@H]2C[C@@H]21,"CSc1ccc(-c2ccncc2)cc1NC(=O)N1C[C@H](C(N)=O)C[C@H]2C[C@H]21 |&1:19,24,26|",CSc1ccc(-c2ccncc2)cc1NC(=O)N1C[C@@H](C(N)=O)C[C@@H]2C[C@@H]21,O=C(Nc1cccc(-c2ccncc2)c1)N1CCC[C@@H]2C[C@@H]21,5.742028204896328,False,True,structures/x6746a/A71EV2A-x6746a/A71EV2A-x6746a_ligand_ref.sdf,e630909d6330dcc0778c801d9be6f1ca46dbb1ef797053d73d0a80d604e78658,raw/A71EV2A-x6746a.pdb,762343f4c12ea4cffa4f1c501623ff500f8e9858a179ac297c1eb2064ecfef0a,27,27,0,0.0
A71EV2A-x6769a,x6769a,0d402f2d7eec8ef1,CSc1ccc(-c2cc(C#N)ncc2F)cc1CC(=O)N1CCC[C@H](C(N)=O)C1,CSc1ccc(-c2cc(C#N)ncc2F)cc1CC(=O)N1CCC[C@H](C(N)=O)C1 |a:24|,CSc1ccc(-c2cc(C#N)ncc2F)cc1CC(=O)N1CCC[C@H](C(N)=O)C1,O=C(Cc1cccc(-c2ccncc2)c1)N1CCCCC1,5.682717212000788,False,True,structures/x6769a/A71EV2A-x6769a/A71EV2A-x6769a_ligand_ref.sdf,98f16893e72174eb20c40f50c9def764084ca4d5b1cc8b9c23307874c12c5475,raw/A71EV2A-x6769a.pdb,91213fc4910d8d14127b60c6e109dd5f89d1977404246ae308d576c7ee66f59e,29,29,0,0.0
A71EV2A-x6778a,x6778a,775ef1dac100488d,CSc1ccc(-c2cccnc2C(C)C)cc1CC(=O)N1CCC[C@H](C(N)=O)C1,CSc1ccc(-c2cccnc2C(C)C)cc1CC(=O)N1CCC[C@H](C(N)=O)C1 |a:24|,CSc1ccc(-c2cccnc2C(C)C)cc1CC(=O)N1CCC[C@H](C(N)=O)C1,O=C(Cc1cccc(-c2cccnc2)c1)N1CCCCC1,5.6330261065597185,False,True,structures/x6778a/A71EV2A-x6778a/A71EV2A-x6778a_ligand_ref.sdf,ac7445205d4baf4249e2cdb1d7695db467a1d5cad8b0f5915d95d4f7d8cd750e,raw/A71EV2A-x6778a.pdb,e593da4fefd44631cb8de8bef31b533064b249649fad9fc0ffce6634225cec59,29,29,0,0.0
A71EV2A-x6791a,x6791a,d5f8d67c5cdd241c,CSc1ccc(-c2ccnc(N(C)C)c2)cc1CC(=O)N1CCC[C@H](C(N)=O)C1,CSc1ccc(-c2ccnc(N(C)C)c2)cc1CC(=O)N1CCC[C@H](C(N)=O)C1 |a:24|,CSc1ccc(-c2ccnc(N(C)C)c2)cc1CC(=O)N1CCC[C@H](C(N)=O)C1,O=C(Cc1cccc(-c2ccncc2)c1)N1CCCCC1,6.212710086334884,False,True,structures/x6791a/A71EV2A-x6791a/A71EV2A-x6791a_ligand_ref.sdf,c5c8e0b22bc357bd69cb7d376626bf21287dd2b6f26979dcd56e65d3e42b68b2,raw/A71EV2A-x6791a.pdb,2e7c3b19828586fdee9396226bfa5b3563810a229cd0bdfe6331d43ca15696d4,29,29,0,0.0
A71EV2A-x6802a,x6802a,054e06deddd06074,CSc1ncnc(N2CCN(c3ccccn3)CC2)c1CC(=O)N1CCC[C@H](C(N)=O)C1,CSc1ncnc(N2CCN(c3ccccn3)CC2)c1CC(=O)N1CCC[C@H](C(N)=O)C1 |a:27|,CSc1ncnc(N2CCN(c3ccccn3)CC2)c1CC(=O)N1CCC[C@H](C(N)=O)C1,O=C(Cc1cncnc1N1CCN(c2ccccn2)CC1)N1CCCCC1,6.486226948852135,False,True,structures/x6802a/A71EV2A-x6802a/A71EV2A-x6802a_ligand_ref.sdf,0ab1622757ac89d0fe56733541cfb2d7260e1838584438616bb6debadc17cedd,raw/A71EV2A-x6802a.pdb,23303c06cfc1656757060c1ac5311a2886f96d59ce1e63ff21549acd1b157ded,32,32,0,0.0
A71EV2A-x6808a,x6808a,b5720d6bb6d2ac94,CSc1ncnc(N2Cc3ccccc3C2)c1CC(=O)N1CCC[C@H](C(N)=O)C1,CSc1ncnc(N2Cc3ccccc3C2)c1CC(=O)N1CCC[C@H](C(N)=O)C1 |a:24|,CSc1ncnc(N2Cc3ccccc3C2)c1CC(=O)N1CCC[C@H](C(N)=O)C1,O=C(Cc1cncnc1N1Cc2ccccc2C1)N1CCCCC1,6.006913143117045,False,True,structures/x6808a/A71EV2A-x6808a/A71EV2A-x6808a_ligand_ref.sdf,0d8d5790d31a080f4783e79281ad0cce1949492c37a0f959a6ea5f536affe0b1,raw/A71EV2A-x6808a.pdb,91df15a09f3c6304a12c45455b1a19fed946a4f73f889aec8b7414c4a671a702,29,29,0,0.0
A71EV2A-x6816a,x6816a_x6816b,ba5422eeacd934ce,CSc1ccccc1[C@@H](NC(=O)Cn1cccn1)C(=O)N1CC[C@H](C(N)=O)C1,CSc1ccccc1[C@H](NC(=O)Cn1cccn1)C(=O)N1CC[C@H](C(N)=O)C1 |&1:8|,CSc1ccccc1[C@@H](NC(=O)Cn1cccn1)C(=O)N1CC[C@H](C(N)=O)C1,O=C(Cn1cccn1)N[C@@H](C(=O)N1CCCC1)c1ccccc1,4.730497044785864,False,True,structures/x6816a_x6816b/A71EV2A-x6816a/A71EV2A-x6816a_ligand_ref.sdf,00894f7aa27f1bd322bc92fe7cfeeed49eea65507ca98e02515bbdd75e56ccec,raw/A71EV2A-x6816a.pdb,1f265d60b5ff9eb9f3881bd192d6a1d9d4bb72a3980305e69097d7ad29e5fec3,28,28,0,0.0
A71EV2A-x6816b,x6816a_x6816b,ba5422eeacd934ce,CSc1ccccc1[C@@H](NC(=O)Cn1cccn1)C(=O)N1CC[C@H](C(N)=O)C1,CSc1ccccc1[C@H](NC(=O)Cn1cccn1)C(=O)N1CC[C@H](C(N)=O)C1 |&1:8|,CSc1ccccc1[C@@H](NC(=O)Cn1cccn1)C(=O)N1CC[C@H](C(N)=O)C1,O=C(Cn1cccn1)N[C@@H](C(=O)N1CCCC1)c1ccccc1,4.730497044785864,False,True,structures/x6816a_x6816b/A71EV2A-x6816b/A71EV2A-x6816b_ligand_ref.sdf,2a0691ac598d4b0b8e0b5aa7159bea5752d583a02a7dfc595c1262f8939ad6ce,raw/A71EV2A-x6816b.pdb,baf85d5b05adb959816746093a3cf9cce79fdea312519e320c3afa29ecb277e8,28,28,0,0.0
A71EV2A-x6818a,x6818a,a8d4a8e1a63687f8,CSc1ccccc1[C@@H](NC(=O)CC(F)(F)F)C(=O)N1CC[C@H](C(N)=O)C1,CSc1ccccc1[C@H](NC(=O)CC(F)(F)F)C(=O)N1CC[C@H](C(N)=O)C1 |&1:8|,CSc1ccccc1[C@@H](NC(=O)CC(F)(F)F)C(=O)N1CC[C@H](C(N)=O)C1,O=C(Cc1ccccc1)N1CCCC1,4.15694990903351,False,True,structures/x6818a/A71EV2A-x6818a/A71EV2A-x6818a_ligand_ref.sdf,9ce0cbcaf32c0735b063d81cec94f659b16482afd61aecdd8b16b9d19f9648c4,raw/A71EV2A-x6818a.pdb,c2feaf4ccb6939cf044d62b18fa0d4dab3f2ef0c02d93effa5e54b4850dc095b,27,27,0,0.0
A71EV2A-x6819a,x6819a,25a83a3cf8b2c808,CSc1ccccc1[C@@H](NC(=O)Cc1ccccc1)C(=O)N1CC[C@H](C(N)=O)C1,CSc1ccccc1[C@H](NC(=O)Cc1ccccc1)C(=O)N1CC[C@H](C(N)=O)C1 |&1:8|,CSc1ccccc1[C@@H](NC(=O)Cc1ccccc1)C(=O)N1CC[C@H](C(N)=O)C1,O=C(Cc1ccccc1)N[C@@H](C(=O)N1CCCC1)c1ccccc1,4.505347154054938,False,True,structures/x6819a/A71EV2A-x6819a/A71EV2A-x6819a_ligand_ref.sdf,96351e4f31d81f476a8717c490e8e4538c186d461c859a3e08004df124a9369c,raw/A71EV2A-x6819a.pdb,2a5bedbec9a56a46cf0577649fa74372bf98053d138261692449f4a14ce55f84,29,29,0,0.0
A71EV2A-x6821a,x6821a,ace8df1ae89875b1,CSc1ccccc1[C@@H](NC(=O)CNC(C)=O)C(=O)N1CC[C@H](C(N)=O)C1,CSc1ccccc1[C@H](NC(=O)CNC(C)=O)C(=O)N1CC[C@H](C(N)=O)C1 |&1:8|,CSc1ccccc1[C@@H](NC(=O)CNC(C)=O)C(=O)N1CC[C@H](C(N)=O)C1,O=C(Cc1ccccc1)N1CCCC1,5.199617314652804,False,True,structures/x6821a/A71EV2A-x6821a/A71EV2A-x6821a_ligand_ref.sdf,aa727566842043c3fe557ff98d645b29d62613cb45230bfcc6c5ed9de7fe3b4f,raw/A71EV2A-x6821a.pdb,fca93cfad4f94b4223d69470a69a0011daa0b95fa323a72f0dab0690a2807e6d,27,27,0,0.0
A71EV2A-x6827a,x6827a,0d2488c6b279c5c6,CSc1ccc(C2=CC[NH2+]CC2)cc1CC(=O)N1CCC[C@H](C(N)=O)C1,CSc1ccc(C2=CCNCC2)cc1CC(=O)N1CCC[C@H](C(N)=O)C1 |a:21|,CSc1ccc(C2=CC[NH2+]CC2)cc1CC(=O)N1CCC[C@H](C(N)=O)C1,O=C(Cc1cccc(C2=CC[NH2+]CC2)c1)N1CCCCC1,6.359785941635829,False,True,structures/x6827a/A71EV2A-x6827a/A71EV2A-x6827a_ligand_ref.sdf,c186260bdd0b1e1a0f01f662a498504d8f7b250ca8654b40309514544b59fb3b,raw/A71EV2A-x6827a.pdb,a5525c9edad569e54224630741af93cb6f491e9af65691b1bf371d5243390a35,26,26,1,0.0
A71EV2A-x6832a,x6832a,a7203ed047c6e3b1,CSc1ncnc(N2CCC[C@@H]2C(N)=O)c1CC(=O)N1CCC[C@H](C(N)=O)C1,CSc1ncnc(N2CCC[C@H]2C(N)=O)c1CC(=O)N1CCC[C@H](C(N)=O)C1 |&1:11|,CSc1ncnc(N2CCC[C@@H]2C(N)=O)c1CC(=O)N1CCC[C@H](C(N)=O)C1,O=C(Cc1cncnc1N1CCCC1)N1CCCCC1,7.714442690992226,False,True,structures/x6832a/A71EV2A-x6832a/A71EV2A-x6832a_ligand_ref.sdf,315ed5c0d670bde4c493da5f2a26f858329c242e711327244d33940bb81c3cf2,raw/A71EV2A-x6832a.pdb,bc20a6242819e6b0cefcec310ff1049fc3e7aa5c23ca642a6baa615a0151efd0,28,28,0,0.0
A71EV2A-x6838a,x6838a,5747d1aa66c9dbe8,CSc1ncnc(N2CCCC2)c1CC(=O)N1C[C@@H](C([NH3+])=O)C[C@@H]2C[C@@H]21,"CSc1ncnc(N2CCCC2)c1CC(=O)N1C[C@H](C(N)=O)C[C@H]2C[C@H]21 |&1:18,23,25|",CSc1ncnc(N2CCCC2)c1CC(=O)N1C[C@@H](C([NH3+])=O)C[C@@H]2C[C@@H]21,O=C(Cc1cncnc1N1CCCC1)N1CCC[C@@H]2C[C@@H]21,6.5697284843589205,False,True,structures/x6838a/A71EV2A-x6838a/A71EV2A-x6838a_ligand_ref.sdf,fac903075b029584c664bdc25717be08ebe911c2d1d509c8cc3e17d30c9f7c8f,raw/A71EV2A-x6838a.pdb,251003cd679d00f5c9b6c9bf85c6e7180ccda42334c8d49a21a1b23b08ae0fe9,26,26,1,0.0
A71EV2A-x6844a,x6844a,dc299c81767d3f6e,CCOC(=O)N[C@H](C(=O)N1CC[C@H](C(N)=O)C1)c1ccccc1SC,CCOC(=O)N[C@H](C(=O)N1CC[C@H](C(N)=O)C1)c1ccccc1SC |o1:6|,CCOC(=O)N[C@H](C(=O)N1CC[C@H](C(N)=O)C1)c1ccccc1SC,O=C(Cc1ccccc1)N1CCCC1,4.606251898190906,False,True,structures/x6844a/A71EV2A-x6844a/A71EV2A-x6844a_ligand_ref.sdf,c26de76ce1a22971e7853cce5c21b7c3df1949b71cdb98a9ab6ae7f04558c98e,raw/A71EV2A-x6844a.pdb,49f4edf803c95db536dbee9e86b1b8d26726a28848b19eea448820bb83e71b32,25,25,0,0.0
A71EV2A-x6847a,x6847a,71a6ccbd5ca9eb1a,CSc1ccccc1[C@@H](NC(=O)OC(C)(C)C)C(=O)N1CC[C@H](C(N)=O)C1,CSc1ccccc1[C@H](NC(=O)OC(C)(C)C)C(=O)N1CC[C@H](C(N)=O)C1 |o1:8|,CSc1ccccc1[C@@H](NC(=O)OC(C)(C)C)C(=O)N1CC[C@H](C(N)=O)C1,O=C(Cc1ccccc1)N1CCCC1,4.621638788259481,False,True,structures/x6847a/A71EV2A-x6847a/A71EV2A-x6847a_ligand_ref.sdf,5560b22d57a16e1eda193d0b92c4145138c8f7619f98ae4d66f84e5b4e7a198d,raw/A71EV2A-x6847a.pdb,3be235f4ab261066fa06fe9f896812fbe7939cfab8fe26e52c342ee64b35de58,27,27,0,0.0
A71EV2A-x6851a,x6851a,71a6ccbd5ca9eb1a,CSc1ccccc1[C@H](NC(=O)OC(C)(C)C)C(=O)N1CC[C@H](C(N)=O)C1,CSc1ccccc1[C@H](NC(=O)OC(C)(C)C)C(=O)N1CC[C@H](C(N)=O)C1 |o1:8|,CSc1ccccc1[C@H](NC(=O)OC(C)(C)C)C(=O)N1CC[C@H](C(N)=O)C1,O=C(Cc1ccccc1)N1CCCC1,4.621638788259481,False,True,structures/x6851a/A71EV2A-x6851a/A71EV2A-x6851a_ligand_ref.sdf,964dace65965b22250e767c5d54e2f0ee364f67cd5eef98cbd470754632b1bc4,raw/A71EV2A-x6851a.pdb,497e57e14233160b736011fa62dc9137fcd62b162b29ffb8aee585799fc49a70,27,27,0,0.0
A71EV2A-x6853a,x6853a,425897d5442f7e47,CCC(=O)N[C@@H](C(=O)N1CC[C@H](C(N)=O)C1)c1ccccc1SC,CCC(=O)N[C@H](C(=O)N1CC[C@H](C(N)=O)C1)c1ccccc1SC |&1:5|,CCC(=O)N[C@@H](C(=O)N1CC[C@H](C(N)=O)C1)c1ccccc1SC,O=C(Cc1ccccc1)N1CCCC1,4.556507378095548,False,True,structures/x6853a/A71EV2A-x6853a/A71EV2A-x6853a_ligand_ref.sdf,4822972f63727b4ad4304478bbfcd11e32a74518b81841d4bb3c8f6258d6d3dc,raw/A71EV2A-x6853a.pdb,c4e46aa009bb357899de285f1af6bc4a06b3caafc62dc05f08526256a6916b82,24,24,0,0.0
A71EV2A-x6856a,x6856a,428144ef1dd1ceb8,CSc1ccccc1[C@@H](NC(=O)Cc1cccnc1)C(=O)N1CC[C@H](C(N)=O)C1,CSc1ccccc1[C@H](NC(=O)Cc1cccnc1)C(=O)N1CC[C@H](C(N)=O)C1 |&1:8|,CSc1ccccc1[C@@H](NC(=O)Cc1cccnc1)C(=O)N1CC[C@H](C(N)=O)C1,O=C(Cc1cccnc1)N[C@@H](C(=O)N1CCCC1)c1ccccc1,4.6077519100900055,False,True,structures/x6856a/A71EV2A-x6856a/A71EV2A-x6856a_ligand_ref.sdf,994a74d57745bcfa8e0017c4a12403e0f759df5c3318306d015d762189e75792,raw/A71EV2A-x6856a.pdb,1cf5e9a03e5101d7ab84b1587c0f80146587da49055a40338e3f7568c61f828d,29,29,0,0.0
A71EV2A-x6877a,x5854a_x6877a,daaf37abf0816f22,CSc1ccc2ncccc2c1NC(=O)N1C[C@@H](C(N)=O)C[C@@H]2C[C@@H]21,"CSc1ccc2ncccc2c1NC(=O)N1C[C@H](C(N)=O)C[C@@H]2C[C@@H]21 |o1:17,22,24|",CSc1ccc2ncccc2c1NC(=O)N1C[C@@H](C(N)=O)C[C@@H]2C[C@@H]21,O=C(Nc1cccc2ncccc12)N1CCC[C@@H]2C[C@@H]21,5.669481598088156,False,True,structures/x5854a_x6877a/A71EV2A-x6877a/A71EV2A-x6877a_ligand_ref.sdf,8d692632d4f3b44f1c077463dfa83d5f0a9edd90a3e9fed320c8fb43ceea571a,raw/A71EV2A-x6877a.pdb,c1c5f29f24f2697d3bef1e483416272ca7c74ec288f624009066bd88241faf7a,25,25,0,0.0
A71EV2A-x6895a,x6895a,9111d5a2802c8de5,CSc1ncnc(N2CC(CC3CCC3)C2)c1CC(=O)N1CCC[C@H](C(N)=O)C1,CSc1ncnc(N2CC(CC3CCC3)C2)c1CC(=O)N1CCC[C@H](C(N)=O)C1 |a:24|,CSc1ncnc(N2CC(CC3CCC3)C2)c1CC(=O)N1CCC[C@H](C(N)=O)C1,O=C(Cc1cncnc1N1CC(CC2CCC2)C1)N1CCCCC1,5.692662147010851,False,True,structures/x6895a/A71EV2A-x6895a/A71EV2A-x6895a_ligand_ref.sdf,c303e0a049c1157781c87cb3d2336347b0b29b8657ecee7814576a3516d13397,raw/A71EV2A-x6895a.pdb,ab046baf1309a81c9a560a7c54fb91ef64833cf6dc2ba2d06ab9b79bf9b81076,29,29,0,0.0
A71EV2A-x6914a,x6914a,ebb04df4e57085c6,CSc1ncnc(N(C)Cc2nn(C)cc2Cl)c1CC(=O)N1CCC[C@H](C(N)=O)C1,CSc1ncnc(N(C)Cc2nn(C)cc2Cl)c1CC(=O)N1CCC[C@H](C(N)=O)C1 |a:25|,CSc1ncnc(N(C)Cc2nn(C)cc2Cl)c1CC(=O)N1CCC[C@H](C(N)=O)C1,O=C(Cc1cncnc1NCc1cc[nH]n1)N1CCCCC1,7.150528408418002,False,True,structures/x6914a/A71EV2A-x6914a/A71EV2A-x6914a_ligand_ref.sdf,ff9d7eb9aa0c9c754a41ffc7938269fa8fc4d46ec2725f7ae77a538769359488,raw/A71EV2A-x6914a.pdb,134fe9237d488abc83ff0848c77e53b4dcd17fca8ff843fa8ccbde564d366446,30,30,0,0.0
A71EV2A-x6920a,x6920a,2f676bde6a3caadc,CSc1ncnc(N2CC(C)C2)c1CC(=O)N1CCC[C@H](C(N)=O)C1,CSc1ncnc(N2CC(C)C2)c1CC(=O)N1CCC[C@H](C(N)=O)C1 |a:20|,CSc1ncnc(N2CC(C)C2)c1CC(=O)N1CCC[C@H](C(N)=O)C1,O=C(Cc1cncnc1N1CCC1)N1CCCCC1,6.526908295764941,False,True,structures/x6920a/A71EV2A-x6920a/A71EV2A-x6920a_ligand_ref.sdf,ba6058976d1109984884651bad9a80e05a9b86399c9195a94ee9509448d8bcdf,raw/A71EV2A-x6920a.pdb,b074778da8aabf5355e9fa6a42873d90d623c7914c434a3b2b09c01b2345eb2d,25,25,0,0.0
A71EV2A-x6925a,x6925a,301804c693a25e3e,CSc1ccc(-c2cnnn2C)cc1CC(=O)N1CCC[C@H](C(N)=O)C1,CSc1ccc(-c2cnnn2C)cc1CC(=O)N1CCC[C@H](C(N)=O)C1 |a:21|,CSc1ccc(-c2cnnn2C)cc1CC(=O)N1CCC[C@H](C(N)=O)C1,O=C(Cc1cccc(-c2cnn[nH]2)c1)N1CCCCC1,5.437915347454481,False,True,structures/x6925a/A71EV2A-x6925a/A71EV2A-x6925a_ligand_ref.sdf,31bf2bc03245905d7ad25681a6cb8a74ece698df1b6f70ba7e057ae3cacdd82c,raw/A71EV2A-x6925a.pdb,563803c4df082c8736cbdf3ca385a0a9577742d18e332bf4b21fc6eb2bc5b445,26,26,0,0.0
A71EV2A-x6932a,x6932a,c7423669caa78167,CSc1ccc(Br)cc1OC(=O)N1C[C@H](C(N)=O)C[C@H]2C[C@H]21,"CSc1ccc(Br)cc1OC(=O)N1C[C@H](C(N)=O)C[C@H]2C[C@H]21 |&1:14,19,21|",CSc1ccc(Br)cc1OC(=O)N1C[C@H](C(N)=O)C[C@H]2C[C@H]21,O=C(Oc1ccccc1)N1CCC[C@H]2C[C@H]21,6.442779415416162,False,True,structures/x6932a/A71EV2A-x6932a/A71EV2A-x6932a_ligand_ref.sdf,da125e0ccafdf2fecdecf6a2c0d3db025fa279455fe8bdfff97b200b5c313d8c,raw/A71EV2A-x6932a.pdb,194cafeb6cee097bf3d9a97b22199a4226889b448e9ba85122300294126e18eb,22,22,0,0.0
A71EV2A-x6934a,x6934a,c1d9a4611434280d,CSc1ccccc1[C@@H](NC(=O)C1CC1)C(=O)N1CC[C@H](C(N)=O)C1,CSc1ccccc1[C@H](NC(=O)C1CC1)C(=O)N1CC[C@H](C(N)=O)C1 |&1:8|,CSc1ccccc1[C@@H](NC(=O)C1CC1)C(=O)N1CC[C@H](C(N)=O)C1,O=C(N[C@@H](C(=O)N1CCCC1)c1ccccc1)C1CC1,4.612020519224207,False,True,structures/x6934a/A71EV2A-x6934a/A71EV2A-x6934a_ligand_ref.sdf,ec07af0a0c0ec6126951fd2e18aa11c3241fc8408178d1e6892acd78f6362adb,raw/A71EV2A-x6934a.pdb,09748bd9003d4d93f8afb868213241fe4ff4cec193019a4ab10c5392d0c1f5af,25,25,0,0.0
A71EV2A-x6938a,x6938a,d74b0717d0289ebe,CSc1cccc(C2=CCCCC2)c1CC(=O)N1CCC[C@H](C(N)=O)C1,CSc1cccc(C2=CCCCC2)c1CC(=O)N1CCC[C@H](C(N)=O)C1 |a:21|,CSc1cccc(C2=CCCCC2)c1CC(=O)N1CCC[C@H](C(N)=O)C1,O=C(Cc1ccccc1C1=CCCCC1)N1CCCCC1,5.358458624958955,False,True,structures/x6938a/A71EV2A-x6938a/A71EV2A-x6938a_ligand_ref.sdf,bf9b64dd8b9bcf7927cab207bde7460b846cd5b04f5c83f7788a74e60cc85ddf,raw/A71EV2A-x6938a.pdb,1af4d5f32cd78c9a98fd5f51edbf2e5f6f9f7c94bc1e3d4df9f36fff6bc3845f,26,26,0,0.0
A71EV2A-x6945a,x6945a,a4a4f67d81a1f41b,CCn1nccc1C(=O)N[C@@H](C(=O)N1CC[C@H](C(N)=O)C1)c1ccccc1SC,CCn1nccc1C(=O)N[C@H](C(=O)N1CC[C@H](C(N)=O)C1)c1ccccc1SC |&1:10|,CCn1nccc1C(=O)N[C@@H](C(=O)N1CC[C@H](C(N)=O)C1)c1ccccc1SC,O=C(N[C@@H](C(=O)N1CCCC1)c1ccccc1)c1ccn[nH]1,4.197688573451602,False,True,structures/x6945a/A71EV2A-x6945a/A71EV2A-x6945a_ligand_ref.sdf,aeea925987deeeda7cc250cf7f7c7d3fd69e88869677d27f56518c704f20c8eb,raw/A71EV2A-x6945a.pdb,5989a431884419370206ddc30df21326ef9d17cb498be77523b1974ea7cc5783,29,29,0,0.0
A71EV2A-x6948a,x6948a_x6948b,569d1acc15888391,CSc1ccc(-c2cncc(S(C)(=O)=O)c2)cc1CC(=O)N1CCC[C@H](C(N)=O)C1,CSc1ccc(-c2cncc(S(C)(=O)=O)c2)cc1CC(=O)N1CCC[C@H](C(N)=O)C1 |a:25|,CSc1ccc(-c2cncc(S(C)(=O)=O)c2)cc1CC(=O)N1CCC[C@H](C(N)=O)C1,O=C(Cc1cccc(-c2cccnc2)c1)N1CCCCC1,5.687762124194347,False,True,structures/x6948a_x6948b/A71EV2A-x6948a/A71EV2A-x6948a_ligand_ref.sdf,3a6ffa2c1256edc3473556e0a2460cb4637c3f43abf76f8811677eca16736ccc,raw/A71EV2A-x6948a.pdb,6b663d52b65c514c57ee4bb2987c757abe950d1cd18ae0c21cd46cda3b8ff953,30,30,0,0.0
A71EV2A-x6948b,x6948a_x6948b,569d1acc15888391,CSc1ccc(-c2cncc(S(C)(=O)=O)c2)cc1CC(=O)N1CCC[C@H](C(N)=O)C1,CSc1ccc(-c2cncc(S(C)(=O)=O)c2)cc1CC(=O)N1CCC[C@H](C(N)=O)C1 |a:25|,CSc1ccc(-c2cncc(S(C)(=O)=O)c2)cc1CC(=O)N1CCC[C@H](C(N)=O)C1,O=C(Cc1cccc(-c2cccnc2)c1)N1CCCCC1,5.687762124194347,False,True,structures/x6948a_x6948b/A71EV2A-x6948b/A71EV2A-x6948b_ligand_ref.sdf,ee12d99e9edbffbe54a708463b028936890b71e386e03f0d9fea1deee39e021b,raw/A71EV2A-x6948b.pdb,f8dd01ceb9819ff80940fa30884427c6389dc1a6447963abe714f063c2844e19,30,30,0,0.0
A71EV2A-x6955a,x6955a_x6955b,70bb3329461239ea,CSc1cccc(-c2cc(C(F)(F)F)nn2C)c1CC(=O)N1CCC[C@H](C(N)=O)C1,CSc1cccc(-c2cc(C(F)(F)F)nn2C)c1CC(=O)N1CCC[C@H](C(N)=O)C1 |a:25|,CSc1cccc(-c2cc(C(F)(F)F)nn2C)c1CC(=O)N1CCC[C@H](C(N)=O)C1,O=C(Cc1ccccc1-c1ccn[nH]1)N1CCCCC1,5.150667872559956,False,True,structures/x6955a_x6955b/A71EV2A-x6955a/A71EV2A-x6955a_ligand_ref.sdf,a0d59dd9df1e959ffe59cf9fc500635a397b0a2c6f33a9a1ab8b0f6844345820,raw/A71EV2A-x6955a.pdb,86fdf365e43f8d972dd6784e97475aca5e9afe4029aac954738485831fd83597,30,30,0,0.0
A71EV2A-x6955b,x6955a_x6955b,70bb3329461239ea,CSc1cccc(-c2cc(C(F)(F)F)nn2C)c1CC(=O)N1CCC[C@H](C(N)=O)C1,CSc1cccc(-c2cc(C(F)(F)F)nn2C)c1CC(=O)N1CCC[C@H](C(N)=O)C1 |a:25|,CSc1cccc(-c2cc(C(F)(F)F)nn2C)c1CC(=O)N1CCC[C@H](C(N)=O)C1,O=C(Cc1ccccc1-c1ccn[nH]1)N1CCCCC1,5.150667872559956,False,True,structures/x6955a_x6955b/A71EV2A-x6955b/A71EV2A-x6955b_ligand_ref.sdf,7c900ddd10bb1ad6c8996268134bf445419c07f058ba3e8f4cb4f9bb86c438cc,raw/A71EV2A-x6955b.pdb,021017cd108684587e89b6b467a46af7304dc54f80be3780512c0849850c4d36,30,30,0,0.0
A71EV2A-x6980a,x6980a,daaf37abf0816f22,CSc1ccc2ncccc2c1NC(=O)N1C[C@@H](C(N)=O)C[C@H]2C[C@H]21,"CSc1ccc2ncccc2c1NC(=O)N1C[C@H](C(N)=O)C[C@@H]2C[C@@H]21 |o1:17,22,24|",CSc1ccc2ncccc2c1NC(=O)N1C[C@@H](C(N)=O)C[C@H]2C[C@H]21,O=C(Nc1cccc2ncccc12)N1CCC[C@H]2C[C@H]21,5.669481598088156,False,True,structures/x6980a/A71EV2A-x6980a/A71EV2A-x6980a_ligand_ref.sdf,2dc2ea3e1354a53ce45b3613eef94f0743113253edace05f52f1632e605fb125,raw/A71EV2A-x6980a.pdb,6ba1e4809c6fcd41e76de719f3509062a6a8511b85b5d142eb6ea3e9b956d382,25,25,0,0.0
A71EV2A-x6991a,x6991a,d7437fc5e7ecee64,CSc1ccccc1[C@@H](NC(=O)C1(C)CCC1)C(=O)N1CC[C@H](C(N)=O)C1,CSc1ccccc1[C@H](NC(=O)C1(C)CCC1)C(=O)N1CC[C@H](C(N)=O)C1 |&1:8|,CSc1ccccc1[C@@H](NC(=O)C1(C)CCC1)C(=O)N1CC[C@H](C(N)=O)C1,O=C(N[C@@H](C(=O)N1CCCC1)c1ccccc1)C1CCC1,4.6108664765966765,False,True,structures/x6991a/A71EV2A-x6991a/A71EV2A-x6991a_ligand_ref.sdf,79f3e9a564376edda8df42a25537dced4d2f986b547a6050e1a0f86205507010,raw/A71EV2A-x6991a.pdb,f22a57c7f6c669b4edfe5d98c3e24cac8a0406a9466bd3d0d2d37c11f2adc55b,27,27,0,0.0
A71EV2A-x7021a,x7021a,25565e37f9828005,CSc1ccc(C2=CCOCC2)cc1OC(=O)N1C[C@@H](C(N)=O)C[C@@H]2C[C@@H]21,"CSc1ccc(C2=CCOCC2)cc1OC(=O)N1C[C@H](C(N)=O)C[C@H]2C[C@H]21 |&1:19,24,26|",CSc1ccc(C2=CCOCC2)cc1OC(=O)N1C[C@@H](C(N)=O)C[C@@H]2C[C@@H]21,O=C(Oc1cccc(C2=CCOCC2)c1)N1CCC[C@@H]2C[C@@H]21,6.278226151900541,False,True,structures/x7021a/A71EV2A-x7021a/A71EV2A-x7021a_ligand_ref.sdf,087886acf8641766f399cf681a3bd59fd5ecd0d091b23aad9c2d2f74e0b9832b,raw/A71EV2A-x7021a.pdb,7a01dd9de4ae0916c843d311e68bd105b77fc46e3a9952a963ccaabc8b67d172,27,27,0,0.0
A71EV2A-x7002a,x7002a,7179a0d509d6d64a,CSc1ccc(-c2cnco2)cc1OC(=O)N1C[C@H](C(N)=O)C[C@H]2C[C@H]21,"CSc1ccc(-c2cnco2)cc1OC(=O)N1C[C@H](C(N)=O)C[C@H]2C[C@H]21 |&1:18,23,25|",CSc1ccc(-c2cnco2)cc1OC(=O)N1C[C@H](C(N)=O)C[C@H]2C[C@H]21,O=C(Oc1cccc(-c2cnco2)c1)N1CCC[C@H]2C[C@H]21,6.622961397710664,False,True,structures/x7002a/A71EV2A-x7002a/A71EV2A-x7002a_ligand_ref.sdf,10279c39dcbfaea4baafc9881e1ba21120ded01480efce4a30e611f947deb0ae,raw/A71EV2A-x7002a.pdb,dd39f1154de492bbfb7210f6bdd411347a92d5f6009306dcf6083db4195e0d58,26,26,0,0.0
A71EV2A-x7008a,x7008a,8506ecaf86fef980,CSc1ncnc(N2CCC(N(C)S(C)(=O)=O)CC2)c1CC(=O)N1CCC[C@H](C(N)=O)C1,CSc1ncnc(N2CCC(N(C)S(C)(=O)=O)CC2)c1CC(=O)N1CCC[C@H](C(N)=O)C1 |a:27|,CSc1ncnc(N2CCC(N(C)S(C)(=O)=O)CC2)c1CC(=O)N1CCC[C@H](C(N)=O)C1,O=C(Cc1cncnc1N1CCCCC1)N1CCCCC1,6.512183700381108,False,True,structures/x7008a/A71EV2A-x7008a/A71EV2A-x7008a_ligand_ref.sdf,b17a9bfc3b395e402dfe56a1667ed76bb63b9871475858e89b0021cf8ce7bd8e,raw/A71EV2A-x7008a.pdb,340ed77ef43d17e4050bd90cb9d99c7a73d336f98aa54ca04c02fe5c488d1cab,32,32,0,0.0
A71EV2A-x7011a,x7011a,311dca8043fe27c4,CC[C@H]1CCCN1c1ncnc(SC)c1CC(=O)N1CCC[C@H](C(N)=O)C1,"CC[C@H]1CCCN1c1ncnc(SC)c1CC(=O)N1CCC[C@H](C(N)=O)C1 |a:2,22|",CC[C@H]1CCCN1c1ncnc(SC)c1CC(=O)N1CCC[C@H](C(N)=O)C1,O=C(Cc1cncnc1N1CCCC1)N1CCCCC1,7.302627133357621,False,True,structures/x7011a/A71EV2A-x7011a/A71EV2A-x7011a_ligand_ref.sdf,27f378a4e82f198cdd80da265fa3499148bc506015ae0fbd656903c9e388694c,raw/A71EV2A-x7011a.pdb,3889e562660651a9037d1502bd1a3101ae8df688ab8dde63d67c64934451beb9,27,27,0,0.0
A71EV2A-x7015a,x7015a,c3de25f5b39522b8,CSc1ncnc(N2CCc3ccccc3CC2)c1CC(=O)N1CCC[C@H](C(N)=O)C1,CSc1ncnc(N2CCc3ccccc3CC2)c1CC(=O)N1CCC[C@H](C(N)=O)C1 |a:26|,CSc1ncnc(N2CCc3ccccc3CC2)c1CC(=O)N1CCC[C@H](C(N)=O)C1,O=C(Cc1cncnc1N1CCc2ccccc2CC1)N1CCCCC1,6.483018872150272,False,True,structures/x7015a/A71EV2A-x7015a/A71EV2A-x7015a_ligand_ref.sdf,7f5318edfd8ff9b3360141fa998214aee256b76c797adbe2eda3426dc8cfe149,raw/A71EV2A-x7015a.pdb,cc0156d0c1b77eaeed7323259592cd497084670aef8f049d4b28c7a3093925d2,31,31,0,0.0
A71EV2A-x7018a,x7018a,a8e4c8c2cfd5f709,COC(=O)N1CCCN(c2ncnc(SC)c2CC(=O)N2CCC[C@H](C(N)=O)C2)CC1,COC(=O)N1CCCN(c2ncnc(SC)c2CC(=O)N2CCC[C@H](C(N)=O)C2)CC1 |a:24|,COC(=O)N1CCCN(c2ncnc(SC)c2CC(=O)N2CCC[C@H](C(N)=O)C2)CC1,O=C(Cc1cncnc1N1CCCNCC1)N1CCCCC1,5.745487997043694,False,True,structures/x7018a/A71EV2A-x7018a/A71EV2A-x7018a_ligand_ref.sdf,6ef1bf88e32fb8afaaea22ee4f943245f05cf4f3832245a10b42356b7563ec4f,raw/A71EV2A-x7018a.pdb,64a0fb92e54703ab4f7992d8197bbd500cc2ab77a62b2eee63b0aac76493c15d,31,31,0,0.0
A71EV2A-x7024a,x7024a,4d2474374707e2a7,CSc1ncnc(N2CCC3(CCCC3)C2)c1CC(=O)N1CCC[C@H](C(N)=O)C1,CSc1ncnc(N2CCC3(CCCC3)C2)c1CC(=O)N1CCC[C@H](C(N)=O)C1 |a:24|,CSc1ncnc(N2CCC3(CCCC3)C2)c1CC(=O)N1CCC[C@H](C(N)=O)C1,O=C(Cc1cncnc1N1CCC2(CCCC2)C1)N1CCCCC1,6.462158164196289,False,True,structures/x7024a/A71EV2A-x7024a/A71EV2A-x7024a_ligand_ref.sdf,1215faeefe521fb5592f5b6820c6fdbae28befde01700750cfb5032267795fd4,raw/A71EV2A-x7024a.pdb,0463c3e81ec5b7bf387d4a543e80dbfe155e32c156761f2b9ee4035eb508c0d4,29,29,0,0.0
A71EV2A-x7025a,x7025a,59efe919954dd748,CSc1ncnc(N2CC[C@@H](OC(F)F)C2)c1CC(=O)N1CCC[C@H](C(N)=O)C1,"CSc1ncnc(N2CC[C@@H](OC(F)F)C2)c1CC(=O)N1CCC[C@H](C(N)=O)C1 |a:10,24|",CSc1ncnc(N2CC[C@@H](OC(F)F)C2)c1CC(=O)N1CCC[C@H](C(N)=O)C1,O=C(Cc1cncnc1N1CCCC1)N1CCCCC1,6.048106607275539,False,True,structures/x7025a/A71EV2A-x7025a/A71EV2A-x7025a_ligand_ref.sdf,65ed4dd3acd1d8cccb558554a3a9b2dc85caf753badcbf103d086cb473426c24,raw/A71EV2A-x7025a.pdb,bda22d1c7f8da3ac4361fec8cb1a8fe9a6f3ea1551ac30b3ab4bbcbffe33831c,29,29,0,0.0
A71EV2A-x7026a,x7026a_x7026b,4cfaeaffa0aa5789,CSc1ncnc(N2CC[C@H](C)C2)c1CC(=O)N1CCC[C@H](C(N)=O)C1,"CSc1ncnc(N2CC[C@H](C)C2)c1CC(=O)N1CCC[C@H](C(N)=O)C1 |a:10,21|",CSc1ncnc(N2CC[C@H](C)C2)c1CC(=O)N1CCC[C@H](C(N)=O)C1,O=C(Cc1cncnc1N1CCCC1)N1CCCCC1,6.293489458676176,False,True,structures/x7026a_x7026b/A71EV2A-x7026a/A71EV2A-x7026a_ligand_ref.sdf,475af3b124db3593093108c22011e2e41ef3e4d8b1efb9ca0085f932b3609cc6,raw/A71EV2A-x7026a.pdb,b5856ea8190e843ed95fe209621a4c7d0d6b1a5ff53da4f40241edc66ecb032c,26,26,0,0.0
A71EV2A-x7026b,x7026a_x7026b,4cfaeaffa0aa5789,CSc1ncnc(N2CC[C@H](C)C2)c1CC(=O)N1CCC[C@H](C(N)=O)C1,"CSc1ncnc(N2CC[C@H](C)C2)c1CC(=O)N1CCC[C@H](C(N)=O)C1 |a:10,21|",CSc1ncnc(N2CC[C@H](C)C2)c1CC(=O)N1CCC[C@H](C(N)=O)C1,O=C(Cc1cncnc1N1CCCC1)N1CCCCC1,6.293489458676176,False,True,structures/x7026a_x7026b/A71EV2A-x7026b/A71EV2A-x7026b_ligand_ref.sdf,0c5e5aa6b349283a14f9e353245ff3eecf328564288d50f7afc571d549bab9e5,raw/A71EV2A-x7026b.pdb,58ed57179496a49f322d65fa852284d2abedcc65d3838171dc51f093c617269a,26,26,0,0.0
A71EV2A-x7031a,x7031a,1483221eee1ba14a,CSc1ncnc(N2CC[C@H](OC(F)F)C2)c1CC(=O)N1CCC[C@H](C(N)=O)C1,"CSc1ncnc(N2CC[C@H](OC(F)F)C2)c1CC(=O)N1CCC[C@H](C(N)=O)C1 |a:10,24|",CSc1ncnc(N2CC[C@H](OC(F)F)C2)c1CC(=O)N1CCC[C@H](C(N)=O)C1,O=C(Cc1cncnc1N1CCCC1)N1CCCCC1,6.925751444530095,False,True,structures/x7031a/A71EV2A-x7031a/A71EV2A-x7031a_ligand_ref.sdf,909996c8f0a38ab1188eeccc0522a465eb710922fd1cabb9cad10fc218bd2f10,raw/A71EV2A-x7031a.pdb,c6c10fca69673765ff9e8066da350607be712849fbfa621eef95b9ca1e84ef37,29,29,0,0.0
A71EV2A-x7032a,x7032a,0f51de79fe67908e,CSc1ccc(-c2cccnc2)cc1OC(=O)N1C[C@@H](C(N)=O)C[C@H]2C[C@H]21,"CSc1ccc(-c2cccnc2)cc1OC(=O)N1C[C@H](C(N)=O)C[C@@H]2C[C@@H]21 |&1:19,24,26|",CSc1ccc(-c2cccnc2)cc1OC(=O)N1C[C@@H](C(N)=O)C[C@H]2C[C@H]21,O=C(Oc1cccc(-c2cccnc2)c1)N1CCC[C@H]2C[C@H]21,6.025403843721281,False,True,structures/x7032a/A71EV2A-x7032a/A71EV2A-x7032a_ligand_ref.sdf,baf3b7d4a66022f2d829bafcf29bcab6f55940bcea83013230c32ab82e2140a0,raw/A71EV2A-x7032a.pdb,9ad6ad790025a9e4dae2a0e6e68f67c89fde22c46a98ae0b7989f5b23efa13a1,27,27,0,0.0
A71EV2A-x7035a,x7035a,e65c81a59149f81b,CSc1ccccc1[C@@H](NC(=O)C(C)C)C(=O)N1CC[C@H](C(N)=O)C1,CSc1ccccc1[C@H](NC(=O)C(C)C)C(=O)N1CC[C@H](C(N)=O)C1 |&1:8|,CSc1ccccc1[C@@H](NC(=O)C(C)C)C(=O)N1CC[C@H](C(N)=O)C1,O=C(Cc1ccccc1)N1CCCC1,4.616633749466019,False,True,structures/x7035a/A71EV2A-x7035a/A71EV2A-x7035a_ligand_ref.sdf,c92823b7f11e12805480b7b3d8f4a66b122274fce55238afbcb3c02097557979,raw/A71EV2A-x7035a.pdb,05e8fb414416abeb6a0c90bc844d174483bf7ac43e6b196c5d5ad0f3335a6eb5,25,25,0,0.0
A71EV2A-x7038a,x7038a,d965a6c0a7687aa0,CSc1ccccc1[C@H](C(=O)N1CC[C@H](C(N)=O)C1)N1CCCC1=O,CSc1ccccc1[C@H](C(=O)N1CC[C@H](C(N)=O)C1)N1CCCC1=O |o1:8|,CSc1ccccc1[C@H](C(=O)N1CC[C@H](C(N)=O)C1)N1CCCC1=O,O=C([C@@H](c1ccccc1)N1CCCC1=O)N1CCCC1,7.194299872872455,False,True,structures/x7038a/A71EV2A-x7038a/A71EV2A-x7038a_ligand_ref.sdf,17bcc2d8949330db8692f2207ada5ed53ffc453e61e4e7f04c54ee8f83825b92,raw/A71EV2A-x7038a.pdb,0a08cc2a4ec2c34ee30c4bc0b8dd841ab2f296cc2a66f74e60d5a81e3ad1e5eb,25,25,0,0.0
A71EV2A-x7043a,x7043a_x7043b,1f757462001d1c43,CSc1ncnc(N2CCn3nc4c(c3C2)CCC4)c1CC(=O)N1CCC[C@H](C(N)=O)C1,CSc1ncnc(N2CCn3nc4c(c3C2)CCC4)c1CC(=O)N1CCC[C@H](C(N)=O)C1 |a:27|,CSc1ncnc(N2CCn3nc4c(c3C2)CCC4)c1CC(=O)N1CCC[C@H](C(N)=O)C1,O=C(Cc1cncnc1N1CCn2nc3c(c2C1)CCC3)N1CCCCC1,5.601864484742403,False,True,structures/x7043a_x7043b/A71EV2A-x7043a/A71EV2A-x7043a_ligand_ref.sdf,cff4aae0bfe29319f6f51850fa73b1d253fd1a243d22c40e140d9e3e5b2a8117,raw/A71EV2A-x7043a.pdb,ba96947a562ac311ae7100a256b4ebd86b420b91ced5c0d502bc3ce6290a2ebb,32,32,0,0.0
A71EV2A-x7043b,x7043a_x7043b,1f757462001d1c43,CSc1ncnc(N2CCn3nc4c(c3C2)CCC4)c1CC(=O)N1CCC[C@H](C(N)=O)C1,CSc1ncnc(N2CCn3nc4c(c3C2)CCC4)c1CC(=O)N1CCC[C@H](C(N)=O)C1 |a:27|,CSc1ncnc(N2CCn3nc4c(c3C2)CCC4)c1CC(=O)N1CCC[C@H](C(N)=O)C1,O=C(Cc1cncnc1N1CCn2nc3c(c2C1)CCC3)N1CCCCC1,5.601864484742403,False,True,structures/x7043a_x7043b/A71EV2A-x7043b/A71EV2A-x7043b_ligand_ref.sdf,2ab7f5fa2c73c483766417e809e58527b9b8cb7c595f2ebbe95c813343061f3d,raw/A71EV2A-x7043b.pdb,2edda371bb9aa7b670e18537595fc7726aebe8fed3151164af55b1d385481503,32,32,0,0.0
A71EV2A-x7044a,x7044a,95f8000b127c104b,CSc1ccc(-c2ccnn2C2CCC2)cc1OC(=O)N1C[C@H](C(N)=O)C[C@H]2C[C@H]21,"CSc1ccc(-c2ccnn2C2CCC2)cc1OC(=O)N1C[C@H](C(N)=O)C[C@H]2C[C@H]21 |&1:22,27,29|",CSc1ccc(-c2ccnn2C2CCC2)cc1OC(=O)N1C[C@H](C(N)=O)C[C@H]2C[C@H]21,O=C(Oc1cccc(-c2ccnn2C2CCC2)c1)N1CCC[C@H]2C[C@H]21,6.6437811411974925,False,True,structures/x7044a/A71EV2A-x7044a/A71EV2A-x7044a_ligand_ref.sdf,6a3b8faf81aad6068dc89dc0c84a4a34a73e2802c16edf3a415e3a9f2978c348,raw/A71EV2A-x7044a.pdb,8adc3d214a9bee629d03e14782f2eaa14dc0d9b0461bcbd5bb7d0fa0ca2d4adb,30,30,0,0.0
A71EV2A-x7046a,x7046a,06190c8a9740d91a,CSc1ccc(C2=CC[N@@H+](C)CC2)cc1OC(=O)N1C[C@@H](C(N)=O)C[C@H]2C[C@H]21,"CSc1ccc(C2=CCN(C)CC2)cc1OC(=O)N1C[C@H](C(N)=O)C[C@@H]2C[C@@H]21 |&1:20,25,27|",CSc1ccc(C2=CC[N@@H+](C)CC2)cc1OC(=O)N1C[C@@H](C(N)=O)C[C@H]2C[C@H]21,O=C(Oc1cccc(C2=CC[NH2+]CC2)c1)N1CCC[C@H]2C[C@H]21,6.4554495427646055,False,True,structures/x7046a/A71EV2A-x7046a/A71EV2A-x7046a_ligand_ref.sdf,2615d957fd8b8761bd5f2390f221373c929bcd3b163d24a80ffeeda4078b6873,raw/A71EV2A-x7046a.pdb,0409de09b1cff9ad2c2c8d8bc9d29722d2a656d4c3d42f9b8249cbaa3bddd59c,28,28,1,0.0
A71EV2A-x7056a,x7056a,9161f8d1c7c86e5d,CSc1ncnc(N2CCC3(CCC3)C2)c1CC(=O)N1CCC[C@H](C(N)=O)C1,CSc1ncnc(N2CCC3(CCC3)C2)c1CC(=O)N1CCC[C@H](C(N)=O)C1 |a:23|,CSc1ncnc(N2CCC3(CCC3)C2)c1CC(=O)N1CCC[C@H](C(N)=O)C1,O=C(Cc1cncnc1N1CCC2(CCC2)C1)N1CCCCC1,6.131209779277596,False,True,structures/x7056a/A71EV2A-x7056a/A71EV2A-x7056a_ligand_ref.sdf,02c521fa0609b93acafe8279497dc1f0331b07b7f681f11c9d6076799c84499d,raw/A71EV2A-x7056a.pdb,fe055a7dd8af059bb7f69098b18d4a2f03f41d893a61c7253743543833bcc78a,28,28,0,0.0
A71EV2A-x7070a,x7070a,f0aa238aff606b2f,CSc1ccc(-c2cccnc2)cc1OC(=O)N1C[C@@H](C(N)=O)C[C@@H]2C[C@@H]21,"CSc1ccc(-c2cccnc2)cc1OC(=O)N1C[C@H](C(N)=O)C[C@H]2C[C@H]21 |&1:19,24,26|",CSc1ccc(-c2cccnc2)cc1OC(=O)N1C[C@@H](C(N)=O)C[C@@H]2C[C@@H]21,O=C(Oc1cccc(-c2cccnc2)c1)N1CCC[C@@H]2C[C@@H]21,6.615017621163278,False,True,structures/x7070a/A71EV2A-x7070a/A71EV2A-x7070a_ligand_ref.sdf,1213c36c05bcbf736bed270a31a4817665eae12c248f0ab44844519b419b6a82,raw/A71EV2A-x7070a.pdb,09389c5abbb1e48ed3ad1f0a145f7f5b62ec24f90a3ab9fd4e09e21dcd1e13bc,27,27,0,0.0
A71EV2A-x7093a,x7093a,b8cd2bda10be579e,CSc1ncnc(N2CC[C@@H](SC)C2)c1CC(=O)N1CCC[C@H](C(N)=O)C1,"CSc1ncnc(N2CC[C@H](SC)C2)c1CC(=O)N1CCC[C@H](C(N)=O)C1 |a:10,22|",CSc1ncnc(N2CC[C@@H](SC)C2)c1CC(=O)N1CCC[C@H](C(N)=O)C1,O=C(Cc1cncnc1N1CCCC1)N1CCCCC1,6.9071041930964325,False,True,structures/x7093a/A71EV2A-x7093a/A71EV2A-x7093a_ligand_ref.sdf,1892e8e76febdf9882ae88b9e1be0272f4e1cfab39965385fe8696e69265d236,raw/A71EV2A-x7093a.pdb,439ed69ad393e026b81c0c09b44ce598bebce76aad2e2141e58a4ca151e506ff,27,27,0,0.0
A71EV2A-x7095a,x7095a,1a12deeb7ef417dc,CSc1ncnc(N2CC(Oc3ccccc3Cl)C2)c1CC(=O)N1CCC[C@H](C(N)=O)C1,CSc1ncnc(N2CC(Oc3ccccc3Cl)C2)c1CC(=O)N1CCC[C@H](C(N)=O)C1 |a:27|,CSc1ncnc(N2CC(Oc3ccccc3Cl)C2)c1CC(=O)N1CCC[C@H](C(N)=O)C1,O=C(Cc1cncnc1N1CC(Oc2ccccc2)C1)N1CCCCC1,6.078663358532402,False,True,structures/x7095a/A71EV2A-x7095a/A71EV2A-x7095a_ligand_ref.sdf,d49d6903ca7903c5f5763df65c97c8551e16c4d8a6514001713eb6a4bca8f2bd,raw/A71EV2A-x7095a.pdb,085c8fa19343074deecc7de7a9b6994445162d075498aab201c5681d2b9b85a2,32,32,0,0.0
A71EV2A-x7096a,x7096a,f3cfc283fa417304,CSc1ncnc(N2CCC(C(=O)N(C(C)C)C(C)C)CC2)c1CC(=O)N1CCC[C@H](C(N)=O)C1,CSc1ncnc(N2CCC(C(=O)N(C(C)C)C(C)C)CC2)c1CC(=O)N1CCC[C@H](C(N)=O)C1 |a:30|,CSc1ncnc(N2CCC(C(=O)N(C(C)C)C(C)C)CC2)c1CC(=O)N1CCC[C@H](C(N)=O)C1,O=C(Cc1cncnc1N1CCCCC1)N1CCCCC1,6.225268032740376,False,True,structures/x7096a/A71EV2A-x7096a/A71EV2A-x7096a_ligand_ref.sdf,ce6fce358347c548376a3106ecc8fee415226aee6f774093e47950764fb38875,raw/A71EV2A-x7096a.pdb,216c9aab26c2d843286917fcea026d8fbdf26c7231c172945a12c8638e351dd5,35,35,0,0.0
A71EV2A-x7101a,x7101a,0359f3f0b1fd9320,CSc1ncnc(N2CCC3(CCCCC3)C2)c1CC(=O)N1CCC[C@H](C(N)=O)C1,CSc1ncnc(N2CCC3(CCCCC3)C2)c1CC(=O)N1CCC[C@H](C(N)=O)C1 |a:25|,CSc1ncnc(N2CCC3(CCCCC3)C2)c1CC(=O)N1CCC[C@H](C(N)=O)C1,O=C(Cc1cncnc1N1CCC2(CCCCC2)C1)N1CCCCC1,6.388555177157266,False,True,structures/x7101a/A71EV2A-x7101a/A71EV2A-x7101a_ligand_ref.sdf,5a021e382b753af31a272b40b330b470a3205343171e8e257de8250eb9c957ba,raw/A71EV2A-x7101a.pdb,fae7cb3b4470171fe4dec1df31aeefc06b3ccbbef52324d531fc18eb411efd3c,30,30,0,0.0
A71EV2A-x7127a,x7127a,18d8a8b2f76034c0,CSc1ncnc(N2CCC[C@@H]2Cn2cccn2)c1CC(=O)N1CCC[C@H](C(N)=O)C1,"CSc1ncnc(N2CCC[C@@H]2Cn2cccn2)c1CC(=O)N1CCC[C@H](C(N)=O)C1 |a:11,26|",CSc1ncnc(N2CCC[C@@H]2Cn2cccn2)c1CC(=O)N1CCC[C@H](C(N)=O)C1,O=C(Cc1cncnc1N1CCC[C@@H]1Cn1cccn1)N1CCCCC1,6.189334160880994,False,True,structures/x7127a/A71EV2A-x7127a/A71EV2A-x7127a_ligand_ref.sdf,e2c52849f20a07d6e39b367251f1f6a9cdaa1d6b3b7c0d39916725eb99e6e98d,raw/A71EV2A-x7127a.pdb,3e47374b198148d5dbb53c6786495259fa1d7c18f4330e1468507b8f4fc051e5,31,31,0,0.0
A71EV2A-x7130a,x7130a,f5158afbba7a890b,CSc1ncnc(N2CCn3ncc(C#N)c3C2)c1CC(=O)N1CCC[C@H](C(N)=O)C1,CSc1ncnc(N2CCn3ncc(C#N)c3C2)c1CC(=O)N1CCC[C@H](C(N)=O)C1 |a:26|,CSc1ncnc(N2CCn3ncc(C#N)c3C2)c1CC(=O)N1CCC[C@H](C(N)=O)C1,O=C(Cc1cncnc1N1CCn2nccc2C1)N1CCCCC1,6.13113891891355,False,True,structures/x7130a/A71EV2A-x7130a/A71EV2A-x7130a_ligand_ref.sdf,69df9f7482c67212ff5b489f4993417239b6b1dc4781d9a6952279b15afd7f0e,raw/A71EV2A-x7130a.pdb,23d2047bd6bf1cc8f914b1c09174c6e210a542313348dd63bd28e8250933d5c9,31,31,0,0.0
A71EV2A-x7132a,x7132a,9a4aca46f2fb4c1f,CSc1ncnc(N2CCC[C@@H]2Cc2ccnn2C)c1CC(=O)N1CCC[C@H](C(N)=O)C1,"CSc1ncnc(N2CCC[C@@H]2Cc2ccnn2C)c1CC(=O)N1CCC[C@H](C(N)=O)C1 |a:11,27|",CSc1ncnc(N2CCC[C@@H]2Cc2ccnn2C)c1CC(=O)N1CCC[C@H](C(N)=O)C1,O=C(Cc1cncnc1N1CCC[C@@H]1Cc1ccn[nH]1)N1CCCCC1,7.359361237098654,False,True,structures/x7132a/A71EV2A-x7132a/A71EV2A-x7132a_ligand_ref.sdf,fcb7d2306a7d3339e4d99d60eef4f6bb45627ff6d8a807ad2a887c169cb3dff4,raw/A71EV2A-x7132a.pdb,5e5c788d4846aaf941167e3b5c4f0f140bde1c98a4656911e585a48fb635e75a,32,32,0,0.0
A71EV2A-x7135a,x7135a,36fa5b3065855862,CSc1ncnc(N2CCC[C@@H]2C(C)C)c1CC(=O)N1CCC[C@H](C(N)=O)C1,"CSc1ncnc(N2CCC[C@@H]2C(C)C)c1CC(=O)N1CCC[C@H](C(N)=O)C1 |a:11,23|",CSc1ncnc(N2CCC[C@@H]2C(C)C)c1CC(=O)N1CCC[C@H](C(N)=O)C1,O=C(Cc1cncnc1N1CCCC1)N1CCCCC1,7.7602217671416405,False,True,structures/x7135a/A71EV2A-x7135a/A71EV2A-x7135a_ligand_ref.sdf,288956fe8f3ab7f7592bba249e387b4bc43071b360e4770c02e05d3cd72155f9,raw/A71EV2A-x7135a.pdb,8f2cb52526e1082ff312b63d118ded29fbaac5d79f95a6e012389c6adb63cd52,28,28,0,0.0
A71EV2A-x7147a,x7147a,a2cc3ee9e574afd5,CSc1ncnc(N2CCC[C@@H]2CC(C)C)c1CC(=O)N1CCC[C@H](C(N)=O)C1,"CSc1ncnc(N2CCC[C@@H]2CC(C)C)c1CC(=O)N1CCC[C@H](C(N)=O)C1 |a:11,24|",CSc1ncnc(N2CCC[C@@H]2CC(C)C)c1CC(=O)N1CCC[C@H](C(N)=O)C1,O=C(Cc1cncnc1N1CCCC1)N1CCCCC1,7.199879115817523,False,True,structures/x7147a/A71EV2A-x7147a/A71EV2A-x7147a_ligand_ref.sdf,405d007909d9224e8827f41d5fdd9bbf749554e90181ff5a908eac0466b739e0,raw/A71EV2A-x7147a.pdb,1a478f5f10a1496e76ae36cdec08cc4623c20c1276b77203ca2804c4e4eda05a,29,29,0,0.0
A71EV2A-x7151a,x7151a,046d12ba99820a53,CSc1ncnc(N2CCc3cnc(C(C)C)nc3C2)c1CC(=O)N1CCC[C@H](C(N)=O)C1,CSc1ncnc(N2CCc3cnc(C(C)C)nc3C2)c1CC(=O)N1CCC[C@H](C(N)=O)C1 |a:28|,CSc1ncnc(N2CCc3cnc(C(C)C)nc3C2)c1CC(=O)N1CCC[C@H](C(N)=O)C1,O=C(Cc1cncnc1N1CCc2cncnc2C1)N1CCCCC1,5.912659591908459,False,True,structures/x7151a/A71EV2A-x7151a/A71EV2A-x7151a_ligand_ref.sdf,e78d644bf3232485091f252e31d9a37a59e2e0e34dfb317550f8052bfb3ae897,raw/A71EV2A-x7151a.pdb,20517a86fe0290470906bfbfe67ceb9c5bb7deb97ec92d01ba2cb58c60493477,33,33,0,0.0
A71EV2A-x7154a,x7154a,8692bcad9668f543,CSc1ncnc(N2CCC(N3CCOC3=O)CC2)c1CC(=O)N1CCC[C@H](C(N)=O)C1,CSc1ncnc(N2CCC(N3CCOC3=O)CC2)c1CC(=O)N1CCC[C@H](C(N)=O)C1 |a:27|,CSc1ncnc(N2CCC(N3CCOC3=O)CC2)c1CC(=O)N1CCC[C@H](C(N)=O)C1,O=C(Cc1cncnc1N1CCC(N2CCOC2=O)CC1)N1CCCCC1,5.923489528000301,False,True,structures/x7154a/A71EV2A-x7154a/A71EV2A-x7154a_ligand_ref.sdf,6e8c0828fd5ecc189d5ae7efc63233226449b2eb06d344926f12db81a1afcab7,raw/A71EV2A-x7154a.pdb,2e11446ef75a9da7643bcf80a709d16bb4f9666331bc495ec6f3dae1d339da0d,32,32,0,0.0
A71EV2A-x7161a,x7161a,155ab0832fc2819d,COC[C@@H]1CCCN1c1ncnc(SC)c1CC(=O)N1CCC[C@H](C(N)=O)C1,"COC[C@@H]1CCCN1c1ncnc(SC)c1CC(=O)N1CCC[C@H](C(N)=O)C1 |a:3,23|",COC[C@@H]1CCCN1c1ncnc(SC)c1CC(=O)N1CCC[C@H](C(N)=O)C1,O=C(Cc1cncnc1N1CCCC1)N1CCCCC1,5.028984985837811,False,True,structures/x7161a/A71EV2A-x7161a/A71EV2A-x7161a_ligand_ref.sdf,7e4198bc818be263a50ced5081b1a55a7a026037cea5e0b23b3e1a85459276fe,raw/A71EV2A-x7161a.pdb,d7bdb1a3b48ecd5ad87eb39d2a078705489e01cf2693394c21ca20671f568132,28,28,0,0.0
A71EV2A-x7167a,x7167a_x7167b,d0282562005cb4c7,CSc1ccc(-c2ccnn2C(C)(C)C)cc1OC(=O)N1CCC[C@H](C(N)=O)C1,CSc1ccc(-c2ccnn2C(C)(C)C)cc1OC(=O)N1CCC[C@H](C(N)=O)C1 |a:24|,CSc1ccc(-c2ccnn2C(C)(C)C)cc1OC(=O)N1CCC[C@H](C(N)=O)C1,O=C(Oc1cccc(-c2ccn[nH]2)c1)N1CCCCC1,4.912085112444354,False,True,structures/x7167a_x7167b/A71EV2A-x7167a/A71EV2A-x7167a_ligand_ref.sdf,6157f7fa905ed5c0eff18802720d1b8832495cac3fb0b2efc8ce0bcc0be5a273,raw/A71EV2A-x7167a.pdb,ba0d067dbaa5c7008a78f551593cd696c7fe2553aa7622c57929a9db352d02ce,29,29,0,0.0
A71EV2A-x7167b,x7167a_x7167b,d0282562005cb4c7,CSc1ccc(-c2ccnn2C(C)(C)C)cc1OC(=O)N1CCC[C@H](C(N)=O)C1,CSc1ccc(-c2ccnn2C(C)(C)C)cc1OC(=O)N1CCC[C@H](C(N)=O)C1 |a:24|,CSc1ccc(-c2ccnn2C(C)(C)C)cc1OC(=O)N1CCC[C@H](C(N)=O)C1,O=C(Oc1cccc(-c2ccn[nH]2)c1)N1CCCCC1,4.912085112444354,False,True,structures/x7167a_x7167b/A71EV2A-x7167b/A71EV2A-x7167b_ligand_ref.sdf,d93c2d8a087a0b34a8b4ee56210ab098adf45a7c7d03c56752421e0145290713,raw/A71EV2A-x7167b.pdb,c2c3b2d8643c4849927181f0da7af1dc64612da0136edca67400bce9dbdeb60c,29,29,0,0.0
A71EV2A-x7169a,x7169a,7af787a2ef0e0e8e,CCC1(CC)CN(c2ncnc(SC)c2CC(=O)N2CCC[C@H](C(N)=O)C2)CCS1(=O)=O,CCC1(CC)CN(c2ncnc(SC)c2CC(=O)N2CCC[C@H](C(N)=O)C2)CCS1(=O)=O |a:22|,CCC1(CC)CN(c2ncnc(SC)c2CC(=O)N2CCC[C@H](C(N)=O)C2)CCS1(=O)=O,O=C(Cc1cncnc1N1CCS(=O)(=O)CC1)N1CCCCC1,6.0703717346625785,False,True,structures/x7169a/A71EV2A-x7169a/A71EV2A-x7169a_ligand_ref.sdf,90fb3f2104ac4b8f87c3e7f53ebdda7c4369f86433af6cc4c40c9ecdf1d505c0,raw/A71EV2A-x7169a.pdb,3ce08a13deb0ea93f80db9aaf4b5188b51454ff0bac5b53e8cfb6ae73bbf77f4,32,32,0,0.0
A71EV2A-x7170a,x7170a,8603cf996a915368,CSc1ncnc(N2CCC(C#N)(CC(C)C)CC2)c1CC(=O)N1CCC[C@H](C(N)=O)C1,CSc1ncnc(N2CCC(C#N)(CC(C)C)CC2)c1CC(=O)N1CCC[C@H](C(N)=O)C1 |a:27|,CSc1ncnc(N2CCC(C#N)(CC(C)C)CC2)c1CC(=O)N1CCC[C@H](C(N)=O)C1,O=C(Cc1cncnc1N1CCCCC1)N1CCCCC1,6.265062352283818,False,True,structures/x7170a/A71EV2A-x7170a/A71EV2A-x7170a_ligand_ref.sdf,f8a8063b96f4aad772832f6104b165b49659e696a3d3503e3e4e29817f8311fe,raw/A71EV2A-x7170a.pdb,00de5896b39e29c96c8487202398b8be8f64e34f6a09650883587166723bf840,32,32,0,0.0
A71EV2A-x7172a,x7172a,6353934db0bc2e5e,CSc1ncnc(N(C)C2CCC2)c1CC(=O)N1CCC[C@H](C(N)=O)C1,CSc1ncnc(N(C)C2CCC2)c1CC(=O)N1CCC[C@H](C(N)=O)C1 |a:21|,CSc1ncnc(N(C)C2CCC2)c1CC(=O)N1CCC[C@H](C(N)=O)C1,O=C(Cc1cncnc1NC1CCC1)N1CCCCC1,6.323397411601913,False,True,structures/x7172a/A71EV2A-x7172a/A71EV2A-x7172a_ligand_ref.sdf,30d78aeec1147fc1c668207f3f10f270fbe727c0ee982f909f1bbfca46887215,raw/A71EV2A-x7172a.pdb,b006c2d05e992677f93100990ba979db7b556c1b6bdc425b22ddbee6dc92aca3,26,26,0,0.0
A71EV2A-x7175a,x7175a,9de22659d08bd48d,COC[C@H]1CCCN1c1ncnc(SC)c1CC(=O)N1CCC[C@H](C(N)=O)C1,"COC[C@H]1CCCN1c1ncnc(SC)c1CC(=O)N1CCC[C@H](C(N)=O)C1 |a:3,23|",COC[C@H]1CCCN1c1ncnc(SC)c1CC(=O)N1CCC[C@H](C(N)=O)C1,O=C(Cc1cncnc1N1CCCC1)N1CCCCC1,7.197280846039433,False,True,structures/x7175a/A71EV2A-x7175a/A71EV2A-x7175a_ligand_ref.sdf,0c4cabf14a2bc3867f8a2e194ab8bdc1f7118df4cc9ebb10f0da73f87b0b78c4,raw/A71EV2A-x7175a.pdb,ad4d48b2407035e94c6e14b481de1e8a2cbcb46d99f3ced675fa503ae7756852,28,28,0,0.0
A71EV2A-x7176a,x7176a,d4dd31fc770c334a,CSc1ncnc(N(C)Cc2cc(F)c(F)c(F)c2)c1CC(=O)N1CCC[C@H](C(N)=O)C1,CSc1ncnc(N(C)Cc2cc(F)c(F)c(F)c2)c1CC(=O)N1CCC[C@H](C(N)=O)C1 |a:27|,CSc1ncnc(N(C)Cc2cc(F)c(F)c(F)c2)c1CC(=O)N1CCC[C@H](C(N)=O)C1,O=C(Cc1cncnc1NCc1ccccc1)N1CCCCC1,6.244997927316081,False,True,structures/x7176a/A71EV2A-x7176a/A71EV2A-x7176a_ligand_ref.sdf,f768e473c4bab5bed67c7e2100d49ba68176febb5902d4a032db5e3313e0282c,raw/A71EV2A-x7176a.pdb,32b16d5b2b3de9ad5b2931b697a3396fd168d9d12f3bf1a86060de5a923624ad,32,32,0,0.0
A71EV2A-x7184a,x7184a,b626b9c351832f15,CSc1ccc(-c2ccncc2)cc1OC(=O)N1C[C@H](C(N)=O)C[C@H]2C[C@H]21,"CSc1ccc(-c2ccncc2)cc1OC(=O)N1C[C@H](C(N)=O)C[C@H]2C[C@H]21 |&1:19,24,26|",CSc1ccc(-c2ccncc2)cc1OC(=O)N1C[C@H](C(N)=O)C[C@H]2C[C@H]21,O=C(Oc1cccc(-c2ccncc2)c1)N1CCC[C@H]2C[C@H]21,6.058389757043434,False,True,structures/x7184a/A71EV2A-x7184a/A71EV2A-x7184a_ligand_ref.sdf,9f0ddbe4a5475f06734cabcf6eb4ee001d65846a7849ff2fb1bf53fe164e3d99,raw/A71EV2A-x7184a.pdb,c8eb836724c1ea7448de30d5dc7b1b34d3a3e86e61e7404c5e0c70dc25828537,27,27,0,0.0
A71EV2A-x7190a,x7190a,dfb4cc62f849ff47,CSc1ncnc(N2CC[C@H](C(=O)N3CCC(C)CC3)C2)c1CC(=O)N1CCC[C@H](C(N)=O)C1,"CSc1ncnc(N2CC[C@H](C(=O)N3CCC(C)CC3)C2)c1CC(=O)N1CCC[C@H](C(N)=O)C1 |a:10,29|",CSc1ncnc(N2CC[C@H](C(=O)N3CCC(C)CC3)C2)c1CC(=O)N1CCC[C@H](C(N)=O)C1,O=C(Cc1cncnc1N1CC[C@H](C(=O)N2CCCCC2)C1)N1CCCCC1,6.08170819903569,False,True,structures/x7190a/A71EV2A-x7190a/A71EV2A-x7190a_ligand_ref.sdf,eb2448358368ca38322b165c189fed0516123e1003121edc3274808ab05e0827,raw/A71EV2A-x7190a.pdb,6713589801716fb930947814511975da24b3d7f2b9bf5d127bfb236d6ccd300f,34,34,0,0.0
A71EV2A-x7238a,x7238a,8be56b73c8dfa261,CO[C@@H]1CCCN(c2ncnc(SC)c2CC(=O)N2CCC[C@H](C(N)=O)C2)C1,"CO[C@@H]1CCCN(c2ncnc(SC)c2CC(=O)N2CCC[C@H](C(N)=O)C2)C1 |a:2,22|",CO[C@@H]1CCCN(c2ncnc(SC)c2CC(=O)N2CCC[C@H](C(N)=O)C2)C1,O=C(Cc1cncnc1N1CCCCC1)N1CCCCC1,6.170052776781682,False,True,structures/x7238a/A71EV2A-x7238a/A71EV2A-x7238a_ligand_ref.sdf,48f163fb8aadb20bd8f79f70e69bb89135fa09b3e5e8e8610ea1febaea234e3b,raw/A71EV2A-x7238a.pdb,bb4c23a66e7690335951461e71740f32ee75d2c3ec8a7d18617d629f5a4c19f0,28,28,0,0.0
A71EV2A-x7246a,x7246a,261c3c08a53d2f48,CSc1ncnc(N2CCC[C@H](C(F)(F)F)C2)c1CC(=O)N1CCC[C@H](C(N)=O)C1,"CSc1ncnc(N2CCC[C@H](C(F)(F)F)C2)c1CC(=O)N1CCC[C@H](C(N)=O)C1 |a:11,25|",CSc1ncnc(N2CCC[C@H](C(F)(F)F)C2)c1CC(=O)N1CCC[C@H](C(N)=O)C1,O=C(Cc1cncnc1N1CCCCC1)N1CCCCC1,6.211100724659235,False,True,structures/x7246a/A71EV2A-x7246a/A71EV2A-x7246a_ligand_ref.sdf,f59dc46dec9c54e43c330f1b8a230da462a9006dcf61eaf49510f28c97748546,raw/A71EV2A-x7246a.pdb,f8314ee4d4421b0d4c851995ff2197e1df43f9fca648c9739e94a1ef10816fe0,30,30,0,0.0
A71EV2A-x7247a,x7247a,baa66164c8050593,CSc1ncnc(N2CCC[C@H]2Cc2ccnn2C)c1CC(=O)N1CCC[C@H](C(N)=O)C1,"CSc1ncnc(N2CCC[C@H]2Cc2ccnn2C)c1CC(=O)N1CCC[C@H](C(N)=O)C1 |a:11,27|",CSc1ncnc(N2CCC[C@H]2Cc2ccnn2C)c1CC(=O)N1CCC[C@H](C(N)=O)C1,O=C(Cc1cncnc1N1CCC[C@H]1Cc1ccn[nH]1)N1CCCCC1,5.214011302839139,False,True,structures/x7247a/A71EV2A-x7247a/A71EV2A-x7247a_ligand_ref.sdf,c78bd1744830454821dcf92af30e62e66ba8a5c0be7d81b9715340b036cf5c26,raw/A71EV2A-x7247a.pdb,1dc1d27159427941d5ef22281cbd780de0af4789b002bb532330cdb5268ceba9,32,32,0,0.0
A71EV2A-x7250a,x7250a,f86bfbfdc7c4d70d,CSc1ncnc(N2CCC[C@H](C)C2)c1CC(=O)N1CCC[C@H](C(N)=O)C1,"CSc1ncnc(N2CCC[C@H](C)C2)c1CC(=O)N1CCC[C@H](C(N)=O)C1 |a:11,22|",CSc1ncnc(N2CCC[C@H](C)C2)c1CC(=O)N1CCC[C@H](C(N)=O)C1,O=C(Cc1cncnc1N1CCCCC1)N1CCCCC1,6.173854131618843,False,True,structures/x7250a/A71EV2A-x7250a/A71EV2A-x7250a_ligand_ref.sdf,08057bb507cdd452a9b2439bb98ae9619998af419519fa0e4e70e0af353fb880,raw/A71EV2A-x7250a.pdb,7f2df23e485efe1afc66bc1ffba3f6bfb9f90931a2192771adcc2abb6046fdc2,27,27,0,0.0
A71EV2A-x7251a,x7251a,dfec45279946858f,CSc1ncnc(N(C)CC(C)(C)O)c1CC(=O)N1CCC[C@H](C(N)=O)C1,CSc1ncnc(N(C)CC(C)(C)O)c1CC(=O)N1CCC[C@H](C(N)=O)C1 |a:22|,CSc1ncnc(N(C)CC(C)(C)O)c1CC(=O)N1CCC[C@H](C(N)=O)C1,O=C(Cc1cncnc1)N1CCCCC1,6.134728951225614,False,True,structures/x7251a/A71EV2A-x7251a/A71EV2A-x7251a_ligand_ref.sdf,24ebe57e4e78b77e706f99f1939254d95caea3bfc04ae0ff599dc448578d815d,raw/A71EV2A-x7251a.pdb,3fbd228379cf71db37e2645ed9ded33fad7052a12c58fb8e6023b9dd7a02249a,27,27,0,0.0
A71EV2A-x7254a,x7254a,734ac9282a38e6e7,CSc1ncnc(N(C)CC2CCCC2)c1CC(=O)N1CCC[C@H](C(N)=O)C1,CSc1ncnc(N(C)CC2CCCC2)c1CC(=O)N1CCC[C@H](C(N)=O)C1 |a:23|,CSc1ncnc(N(C)CC2CCCC2)c1CC(=O)N1CCC[C@H](C(N)=O)C1,O=C(Cc1cncnc1NCC1CCCC1)N1CCCCC1,6.3046606911348375,False,True,structures/x7254a/A71EV2A-x7254a/A71EV2A-x7254a_ligand_ref.sdf,70df5f7905f43a505ffe3c62a551a3a5b43df1152503d19adc8681ede1223c8b,raw/A71EV2A-x7254a.pdb,9538d8a2eea2f186116a9787be0ed4f23ef6fd2d46dee71fe6caf371bba55a30,28,28,0,0.0
A71EV2A-x7256a,x7256a,9508106fed3db623,CSc1ccc(-c2ccncc2)cc1CC(=O)N1C[C@@H](C(N)=O)C[C@@H]2C[C@@H]21,"CSc1ccc(-c2ccncc2)cc1CC(=O)N1C[C@H](C(N)=O)C[C@H]2C[C@H]21 |&1:19,24,26|",CSc1ccc(-c2ccncc2)cc1CC(=O)N1C[C@@H](C(N)=O)C[C@@H]2C[C@@H]21,O=C(Cc1cccc(-c2ccncc2)c1)N1CCC[C@@H]2C[C@@H]21,6.743785006270056,False,True,structures/x7256a/A71EV2A-x7256a/A71EV2A-x7256a_ligand_ref.sdf,7a786d6738b3ad6d0195fe28cce2389feaddef39d6d5a88fb4efb204701bde5d,raw/A71EV2A-x7256a.pdb,0aaf9eec2339af1cf93a690777f2697b45797fab1bcca327e8b7952d9de1df8c,27,27,0,0.0
A71EV2A-x7257a,x7257a,595d27605d70fcd8,CSc1ncnc(N2CCC[C@H]2CC(C)C)c1CC(=O)N1CCC[C@H](C(N)=O)C1,"CSc1ncnc(N2CCC[C@H]2CC(C)C)c1CC(=O)N1CCC[C@H](C(N)=O)C1 |a:11,24|",CSc1ncnc(N2CCC[C@H]2CC(C)C)c1CC(=O)N1CCC[C@H](C(N)=O)C1,O=C(Cc1cncnc1N1CCCC1)N1CCCCC1,5.823789680118151,False,True,structures/x7257a/A71EV2A-x7257a/A71EV2A-x7257a_ligand_ref.sdf,ff7a0e1402a9301106a24c0cad6301f6639ef7395f68c856e1647f5b82bbe131,raw/A71EV2A-x7257a.pdb,7d5e05a09870edde5a0d48d728bc6f9e7242db61f44ce25ff5b6ebfe2e2e0e9d,29,29,0,0.0
A71EV2A-x7259a,x7259a,0e238598e4ce1f0c,CSc1ncnc(N2CCC[C@@H]2C2CC2)c1CC(=O)N1CCC[C@H](C(N)=O)C1,"CSc1ncnc(N2CCC[C@@H]2C2CC2)c1CC(=O)N1CCC[C@H](C(N)=O)C1 |a:11,23|",CSc1ncnc(N2CCC[C@@H]2C2CC2)c1CC(=O)N1CCC[C@H](C(N)=O)C1,O=C(Cc1cncnc1N1CCC[C@@H]1C1CC1)N1CCCCC1,7.937951041727581,False,True,structures/x7259a/A71EV2A-x7259a/A71EV2A-x7259a_ligand_ref.sdf,d4ebe9665a24e756bb940bc3fd470a7c5eded464804cea4afbd20ba2c87ce578,raw/A71EV2A-x7259a.pdb,33b9299f85b4b085f7ee9d2fababb381755fe59b2833afdd764eca620737b906,28,28,0,0.0
A71EV2A-x7260a,x7260a,15e95adea90289f8,CSc1ccc(-c2cc(C)nn2C)cc1OC(=O)N1CCC[C@H](C(N)=O)C1,CSc1ccc(-c2cc(C)nn2C)cc1OC(=O)N1CCC[C@H](C(N)=O)C1 |a:22|,CSc1ccc(-c2cc(C)nn2C)cc1OC(=O)N1CCC[C@H](C(N)=O)C1,O=C(Oc1cccc(-c2ccn[nH]2)c1)N1CCCCC1,5.436862866226505,False,True,structures/x7260a/A71EV2A-x7260a/A71EV2A-x7260a_ligand_ref.sdf,1ebe7fcb3f7f8a06be57caafc2fa1a6f7f737034f0dc4dd6eeea0bd28afcbe7b,raw/A71EV2A-x7260a.pdb,6f44d2f7c2a53dc857f4014dcc0c6c5c55268ec66cebaf3adda858efcdcab061,27,27,0,0.0
A71EV2A-x7261a,x7261a,7159571c736cf071,CSc1ccc(-c2ccc(N3CCN(C)CC3)nc2)cc1OC(=O)N1CCC[C@H](C(N)=O)C1,CSc1ccc(-c2ccc(N3CCN(C)CC3)nc2)cc1OC(=O)N1CCC[C@H](C(N)=O)C1 |a:28|,CSc1ccc(-c2ccc(N3CCN(C)CC3)nc2)cc1OC(=O)N1CCC[C@H](C(N)=O)C1,O=C(Oc1cccc(-c2ccc(N3CCNCC3)nc2)c1)N1CCCCC1,6.646304383229654,False,True,structures/x7261a/A71EV2A-x7261a/A71EV2A-x7261a_ligand_ref.sdf,244c998fcf575d2f98a7d9dd28f04130d58ae05b902e3d1f208cb227855e7efd,raw/A71EV2A-x7261a.pdb,df3e98ae14d1dbad544a3c4ef1a033fbc41c05981449c7531fa540ee1e37df28,33,33,0,0.0
A71EV2A-x7263a,x7263a,c961fd21aef84acb,CSc1ncnc(N2CC(C)(c3ccccc3F)C2)c1CC(=O)N1CCC[C@H](C(N)=O)C1,CSc1ncnc(N2CC(C)(c3ccccc3F)C2)c1CC(=O)N1CCC[C@H](C(N)=O)C1 |a:27|,CSc1ncnc(N2CC(C)(c3ccccc3F)C2)c1CC(=O)N1CCC[C@H](C(N)=O)C1,O=C(Cc1cncnc1N1CC(c2ccccc2)C1)N1CCCCC1,6.439151337818832,False,True,structures/x7263a/A71EV2A-x7263a/A71EV2A-x7263a_ligand_ref.sdf,eb39148e7ff5ea9c0395b605f22e745c7bfa1f629aaf98f54142d5d566871f9a,raw/A71EV2A-x7263a.pdb,3cf2833950317dd942df1618d1d59c45d8dab7b60e88f9a41d666eaa98d6559e,32,32,0,0.0
A71EV2A-x7284a,x7284a,2af83ac7e6510492,CSc1ncnc(N2CCC3(CCCO3)CC2)c1CC(=O)N1CCC[C@H](C(N)=O)C1,CSc1ncnc(N2CCC3(CCCO3)CC2)c1CC(=O)N1CCC[C@H](C(N)=O)C1 |a:25|,CSc1ncnc(N2CCC3(CCCO3)CC2)c1CC(=O)N1CCC[C@H](C(N)=O)C1,O=C(Cc1cncnc1N1CCC2(CCCO2)CC1)N1CCCCC1,6.466683163263606,False,True,structures/x7284a/A71EV2A-x7284a/A71EV2A-x7284a_ligand_ref.sdf,f563314f62db72379e5d598617a7507d2adcbbee92b24f1e78b60f40859f92da,raw/A71EV2A-x7284a.pdb,5bbb5e45068428371e4a32f285c2691c4746caddffca6b23886bd760c2d21740,30,30,0,0.0
A71EV2A-x7287a,x7287a,8fa44691f4f429fa,CSc1ccc(-c2ocnc2C)cc1OC(=O)N1C[C@@H](C(N)=O)C[C@@H]2C[C@@H]21,"CSc1ccc(-c2ocnc2C)cc1OC(=O)N1C[C@H](C(N)=O)C[C@H]2C[C@H]21 |&1:19,24,26|",CSc1ccc(-c2ocnc2C)cc1OC(=O)N1C[C@@H](C(N)=O)C[C@@H]2C[C@@H]21,O=C(Oc1cccc(-c2cnco2)c1)N1CCC[C@@H]2C[C@@H]21,5.964275769895213,False,True,structures/x7287a/A71EV2A-x7287a/A71EV2A-x7287a_ligand_ref.sdf,35697069a3c1f231bbf2ce157cbc17e2e67050386808657ceae3d44ff52b1a21,raw/A71EV2A-x7287a.pdb,a18ec8878c2586f14b2eb765b502cebd3b141505a9606107de88c9cbff93c106,27,27,0,0.0
A71EV2A-x7297a,x7297a,d7bfe0749f72aea6,CNC(=O)[C@@H]1CCN1c1ncnc(SC)c1CC(=O)N1CCC[C@H](C(N)=O)C1,"CNC(=O)[C@@H]1CCN1c1ncnc(SC)c1CC(=O)N1CCC[C@H](C(N)=O)C1 |a:4,23|",CNC(=O)[C@@H]1CCN1c1ncnc(SC)c1CC(=O)N1CCC[C@H](C(N)=O)C1,O=C(Cc1cncnc1N1CCC1)N1CCCCC1,5.553061207453266,False,True,structures/x7297a/A71EV2A-x7297a/A71EV2A-x7297a_ligand_ref.sdf,a954e8acde3302122d029c19335a52c3b47594a79d844ac69c631526a2a40144,raw/A71EV2A-x7297a.pdb,d1f5576a9e67b355169737b9d76de76482417c171b3db0eda696e51a4dd55184,28,28,0,0.0
A71EV2A-x7301a,x7301a_x7301b,24315f2be164f521,CSc1ccc(-c2cccnc2N)cc1OC(=O)N1CCC[C@H](C(N)=O)C1,CSc1ccc(-c2cccnc2N)cc1OC(=O)N1CCC[C@H](C(N)=O)C1 |a:22|,CSc1ccc(-c2cccnc2N)cc1OC(=O)N1CCC[C@H](C(N)=O)C1,O=C(Oc1cccc(-c2cccnc2)c1)N1CCCCC1,6.467825319983038,False,True,structures/x7301a_x7301b/A71EV2A-x7301a/A71EV2A-x7301a_ligand_ref.sdf,b9cab3e17002aa8bfe05d551d21ccbc393f618727cf8856fa684bf6cc4a51a22,raw/A71EV2A-x7301a.pdb,cd767463eae0635e66c606189a4fbdba32b29413f5192657a26137604222ab7a,27,27,0,0.0
A71EV2A-x7301b,x7301a_x7301b,24315f2be164f521,CSc1ccc(-c2cccnc2N)cc1OC(=O)N1CCC[C@H](C(N)=O)C1,CSc1ccc(-c2cccnc2N)cc1OC(=O)N1CCC[C@H](C(N)=O)C1 |a:22|,CSc1ccc(-c2cccnc2N)cc1OC(=O)N1CCC[C@H](C(N)=O)C1,O=C(Oc1cccc(-c2cccnc2)c1)N1CCCCC1,6.467825319983038,False,True,structures/x7301a_x7301b/A71EV2A-x7301b/A71EV2A-x7301b_ligand_ref.sdf,dd2e9a02ecd49b1a96eabec572360a56c2c4eff59e6f0787595afeee26c8231b,raw/A71EV2A-x7301b.pdb,65726aef8389f22bc1b993d624c7c99c754d2862f2cbe9c270de8ec3e004eea4,27,27,0,0.0
A71EV2A-x7307a,x7307a,990ee9d1d3c84bb8,CSc1ccc(C(=O)N(C)C2CCC(C)(C)CC2)cc1CC(=O)N1CCC[C@H](C(N)=O)C1,CSc1ccc(C(=O)N(C)C2CCC(C)(C)CC2)cc1CC(=O)N1CCC[C@H](C(N)=O)C1 |a:27|,CSc1ccc(C(=O)N(C)C2CCC(C)(C)CC2)cc1CC(=O)N1CCC[C@H](C(N)=O)C1,O=C(NC1CCCCC1)c1cccc(CC(=O)N2CCCCC2)c1,4.8542464945359285,False,True,structures/x7307a/A71EV2A-x7307a/A71EV2A-x7307a_ligand_ref.sdf,0551f297a9c70a28f3e282a3d40d2838826fe1cca51d7201ca3bb6639c9a5997,raw/A71EV2A-x7307a.pdb,60de8b661d1bdc7743ab201548e458bc5b440efa3b60ed7c235662fb66f49257,32,32,0,0.0
A71EV2A-x7309a,x7309a,7da432869969f3e3,CSc1ncnc(N2CCC[C@@H]2C(=O)N(C)C)c1CC(=O)N1CCC[C@H](C(N)=O)C1,"CSc1ncnc(N2CCC[C@@H]2C(=O)N(C)C)c1CC(=O)N1CCC[C@H](C(N)=O)C1 |a:11,25|",CSc1ncnc(N2CCC[C@@H]2C(=O)N(C)C)c1CC(=O)N1CCC[C@H](C(N)=O)C1,O=C(Cc1cncnc1N1CCCC1)N1CCCCC1,6.66771737227654,False,True,structures/x7309a/A71EV2A-x7309a/A71EV2A-x7309a_ligand_ref.sdf,2825a1f2f821018bf61dc4055c0aec3baeb1a0243f99730e37f7c1fc4ae8627c,raw/A71EV2A-x7309a.pdb,54415fdf5baf3c275fd03c6df07a0fe73dd91bdd97c56d2264a06dc32628f7ca,30,30,0,0.0
A71EV2A-x7316a,x7316a,020442ad8b31d850,CSc1ncnc(N2CC[C@H](OC3CC3)C2)c1CC(=O)N1CCC[C@H](C(N)=O)C1,"CSc1ncnc(N2CC[C@@H](OC3CC3)C2)c1CC(=O)N1CCC[C@H](C(N)=O)C1 |a:10,24|",CSc1ncnc(N2CC[C@H](OC3CC3)C2)c1CC(=O)N1CCC[C@H](C(N)=O)C1,O=C(Cc1cncnc1N1CC[C@H](OC2CC2)C1)N1CCCCC1,7.159468716081884,False,True,structures/x7316a/A71EV2A-x7316a/A71EV2A-x7316a_ligand_ref.sdf,45aa7386d74cab1f5f39cb1dde2c922bf0e1f0438a7a57824b30398bee9e9650,raw/A71EV2A-x7316a.pdb,97ad9c4896469befe666dbbc16547f535e3de3acfb026fee1e3c70498a426760,29,29,0,0.0
A71EV2A-x7317a,x7317a_x7317b_x7372a,436a7b65a624f926,CSc1ncnc(N2C[C@H]3C[C@H]3C2)c1CC(=O)N1CCC[C@H](C(N)=O)C1,"CSc1ncnc(N2C[C@H]3C[C@H]3C2)c1CC(=O)N1CCC[C@H](C(N)=O)C1 |&1:9,&2:11|",CSc1ncnc(N2C[C@H]3C[C@H]3C2)c1CC(=O)N1CCC[C@H](C(N)=O)C1,O=C(Cc1cncnc1N1C[C@H]2C[C@H]2C1)N1CCCCC1,6.558486174447746,False,True,structures/x7317a_x7317b_x7372a/A71EV2A-x7317a/A71EV2A-x7317a_ligand_ref.sdf,308edf2bfbc2649817d5af855fc546d10bea214dc014e97f2a86f5295a2f8b1b,raw/A71EV2A-x7317a.pdb,cbd2ff0e5aaa6f182b6b0fec768a680aaaff5502d073c41bf1d04586b893ce5f,26,26,0,0.0
A71EV2A-x7317b,x7317a_x7317b_x7372a,436a7b65a624f926,CSc1ncnc(N2C[C@H]3C[C@H]3C2)c1CC(=O)N1CCC[C@H](C(N)=O)C1,"CSc1ncnc(N2C[C@H]3C[C@H]3C2)c1CC(=O)N1CCC[C@H](C(N)=O)C1 |&1:9,&2:11|",CSc1ncnc(N2C[C@H]3C[C@H]3C2)c1CC(=O)N1CCC[C@H](C(N)=O)C1,O=C(Cc1cncnc1N1C[C@H]2C[C@H]2C1)N1CCCCC1,6.558486174447746,False,True,structures/x7317a_x7317b_x7372a/A71EV2A-x7317b/A71EV2A-x7317b_ligand_ref.sdf,23e7c987c1f0f26d4da9f8422829c598d2bc7dc080dc6c2303d750f7232bffb7,raw/A71EV2A-x7317b.pdb,03b2e17b428cb19e305ed06cbbbb8a6081f5a8ffd2899d1b2580bd3221e345cc,26,26,0,0.0
A71EV2A-x7318a,x7318a,2f0bb12ec03937a6,CSc1ccc(C(=O)N2CC=CCC23CCC3)cc1CC(=O)N1CCC[C@H](C(N)=O)C1,CSc1ccc(C(=O)N2CC=CCC23CCC3)cc1CC(=O)N1CCC[C@H](C(N)=O)C1 |a:26|,CSc1ccc(C(=O)N2CC=CCC23CCC3)cc1CC(=O)N1CCC[C@H](C(N)=O)C1,O=C(Cc1cccc(C(=O)N2CC=CCC23CCC3)c1)N1CCCCC1,5.727326160448949,False,True,structures/x7318a/A71EV2A-x7318a/A71EV2A-x7318a_ligand_ref.sdf,92dc2bd0c9e66028e4da991ad350d0e3bc2e943471e67b970a8e36f3280fbd0b,raw/A71EV2A-x7318a.pdb,dfd0f896bf46339cdedb96a919afd32b64d036d8fba01d1a8b46ede047a62f92,31,31,0,0.0
A71EV2A-x7321a,x7321a,af30cfd55a1a752e,CC[C@H]1CS[C@H](C(N)=O)CN1C(=O)Oc1cc(Br)ccc1SC,"CC[C@@H]1CS[C@H](C(N)=O)CN1C(=O)Oc1cc(Br)ccc1SC |o1:2,5|",CC[C@H]1CS[C@H](C(N)=O)CN1C(=O)Oc1cc(Br)ccc1SC,O=C(Oc1ccccc1)N1CCSCC1,4.170150986564742,False,True,structures/x7321a/A71EV2A-x7321a/A71EV2A-x7321a_ligand_ref.sdf,be94642cf24045982dbdb7d47614d111fc43e8abc8fa513b782ce0f7d8b09bfb,raw/A71EV2A-x7321a.pdb,e9febf9a3c01692bd44230834a690e50f10a8c304b4eaaa4eb36d4f869c53a3d,23,23,0,0.0
A71EV2A-x7323a,x7323a,e9455d39e2ceb0fe,CSc1ccc(-c2cn[nH]c2)cc1OC(=O)N1C[C@@H](C(N)=O)C[C@@H]2C[C@@H]21,"CSc1ccc(-c2cn[nH]c2)cc1OC(=O)N1C[C@H](C(N)=O)C[C@H]2C[C@H]21 |&1:18,23,25|",CSc1ccc(-c2cn[nH]c2)cc1OC(=O)N1C[C@@H](C(N)=O)C[C@@H]2C[C@@H]21,O=C(Oc1cccc(-c2cn[nH]c2)c1)N1CCC[C@@H]2C[C@@H]21,6.7751410435308275,False,True,structures/x7323a/A71EV2A-x7323a/A71EV2A-x7323a_ligand_ref.sdf,737b14eb498d22839c818936e1593ce26a3b65b7186a58ad617916d0941d1a10,raw/A71EV2A-x7323a.pdb,5dde9fe9e3f490ae950524899a24093c9ff9330010592c6c9e2cdc2ff2a8d5a4,26,26,0,0.0
A71EV2A-x7333a,x7333a,74e2d04a9c14e709,CSc1ncnc(N(C)CC(C)(F)F)c1CC(=O)N1CCC[C@H](C(N)=O)C1,CSc1ncnc(N(C)CC(C)(F)F)c1CC(=O)N1CCC[C@H](C(N)=O)C1 |a:22|,CSc1ncnc(N(C)CC(C)(F)F)c1CC(=O)N1CCC[C@H](C(N)=O)C1,O=C(Cc1cncnc1)N1CCCCC1,6.994328024624508,False,True,structures/x7333a/A71EV2A-x7333a/A71EV2A-x7333a_ligand_ref.sdf,df23f37a84b210ae8a9adad77bc2c4675db17d10dea01a0dee5d5dc19749d13f,raw/A71EV2A-x7333a.pdb,383d82099c93fcfb15931911bd65134e25e749b91c0eac0dea3a8878a9216231,27,27,0,0.0
A71EV2A-x7334a,x7334a_x7334b_x7389a,680ffbd44debf029,CSc1ncnc(N2CC(O)C2)c1CC(=O)N1CCC[C@H](C(N)=O)C1,CSc1ncnc(N2CC(O)C2)c1CC(=O)N1CCC[C@H](C(N)=O)C1 |a:20|,CSc1ncnc(N2CC(O)C2)c1CC(=O)N1CCC[C@H](C(N)=O)C1,O=C(Cc1cncnc1N1CCC1)N1CCCCC1,6.426194047786621,False,True,structures/x7334a_x7334b_x7389a/A71EV2A-x7334a/A71EV2A-x7334a_ligand_ref.sdf,adc0a57395340063b3604fa359e6f02c824d99c7480608141bf9a825a8f6d419,raw/A71EV2A-x7334a.pdb,027472123a6ee67400ba1e9463a8cd481d1036ad2c52739a9db7823e23cce497,25,25,0,0.0
A71EV2A-x7334b,x7334a_x7334b_x7389a,680ffbd44debf029,CSc1ncnc(N2CC(O)C2)c1CC(=O)N1CCC[C@H](C(N)=O)C1,CSc1ncnc(N2CC(O)C2)c1CC(=O)N1CCC[C@H](C(N)=O)C1 |a:20|,CSc1ncnc(N2CC(O)C2)c1CC(=O)N1CCC[C@H](C(N)=O)C1,O=C(Cc1cncnc1N1CCC1)N1CCCCC1,6.426194047786621,False,True,structures/x7334a_x7334b_x7389a/A71EV2A-x7334b/A71EV2A-x7334b_ligand_ref.sdf,ae73ade7382254623b556ca2ea72794b147b3e688d398e5cc857d57e4aad3a55,raw/A71EV2A-x7334b.pdb,c5b34328c9a6f3d0c42bc236625d6e25b3522e4696903170d00aa6e7f9cca70f,25,25,0,0.0
A71EV2A-x7338a,x7338a,046c0064564c04e3,CSc1ncnc(N(C)CCC(F)(F)F)c1CC(=O)N1CCC[C@H](C(N)=O)C1,CSc1ncnc(N(C)CCC(F)(F)F)c1CC(=O)N1CCC[C@H](C(N)=O)C1 |a:23|,CSc1ncnc(N(C)CCC(F)(F)F)c1CC(=O)N1CCC[C@H](C(N)=O)C1,O=C(Cc1cncnc1)N1CCCCC1,5.748786440007784,False,True,structures/x7338a/A71EV2A-x7338a/A71EV2A-x7338a_ligand_ref.sdf,13ebd8791e58002bc051da394b09a94cc6cc39681fc4f268f48186830771ba8f,raw/A71EV2A-x7338a.pdb,46d9fc28ccc7c8896748474359fa4e16be7f54397cebdd55120f5b0599db73b9,28,28,0,0.0
A71EV2A-x7339a,x7339a,1b9c621cda27bfbc,CSc1ncnc(N2CC[C@H]2C)c1CC(=O)N1CCC[C@H](C(N)=O)C1,"CSc1ncnc(N2CC[C@H]2C)c1CC(=O)N1CCC[C@H](C(N)=O)C1 |a:10,20|",CSc1ncnc(N2CC[C@H]2C)c1CC(=O)N1CCC[C@H](C(N)=O)C1,O=C(Cc1cncnc1N1CCC1)N1CCCCC1,6.695497686202032,False,True,structures/x7339a/A71EV2A-x7339a/A71EV2A-x7339a_ligand_ref.sdf,74c7556393e5e0da6eb744bf2661dbddcb94e838825a481960a95804affd7936,raw/A71EV2A-x7339a.pdb,83dba93a8dbd3f5f57d6d57efc2726b0587df66bd92ade4d6aa83e01df948999,25,25,0,0.0
A71EV2A-x7350a,x7350a_x7350b,b6e4af7fded95dd4,CSc1ccc(-c2ccccn2)cc1OC(=O)N1C[C@H](C(N)=O)C[C@H]2C[C@H]21,"CSc1ccc(-c2ccccn2)cc1OC(=O)N1C[C@H](C(N)=O)C[C@H]2C[C@H]21 |&1:19,24,26|",CSc1ccc(-c2ccccn2)cc1OC(=O)N1C[C@H](C(N)=O)C[C@H]2C[C@H]21,O=C(Oc1cccc(-c2ccccn2)c1)N1CCC[C@H]2C[C@H]21,6.770247859071493,False,True,structures/x7350a_x7350b/A71EV2A-x7350a/A71EV2A-x7350a_ligand_ref.sdf,098f20e8b428902dbf510b77af7a670922cd3f8b319a882fc52fe10dd2e39036,raw/A71EV2A-x7350a.pdb,7960e4df4a77f172c7b1d635c1b713f9ddfba38a87688173c497880f7d95742c,27,27,0,0.0
A71EV2A-x7350b,x7350a_x7350b,b6e4af7fded95dd4,CSc1ccc(-c2ccccn2)cc1OC(=O)N1C[C@H](C(N)=O)C[C@H]2C[C@H]21,"CSc1ccc(-c2ccccn2)cc1OC(=O)N1C[C@H](C(N)=O)C[C@H]2C[C@H]21 |&1:19,24,26|",CSc1ccc(-c2ccccn2)cc1OC(=O)N1C[C@H](C(N)=O)C[C@H]2C[C@H]21,O=C(Oc1cccc(-c2ccccn2)c1)N1CCC[C@H]2C[C@H]21,6.770247859071493,False,True,structures/x7350a_x7350b/A71EV2A-x7350b/A71EV2A-x7350b_ligand_ref.sdf,a980767511c51241d48d4478f4bca56cd9e4ee2b2627ab231af84fc4d691d54e,raw/A71EV2A-x7350b.pdb,db3297df839d62bd678f50494f82fa40c3c02b2def1647d79a442ef556b8c51e,27,27,0,0.0
A71EV2A-x7353a,x7353a_x7353b,5be9c26688141c7d,COC[C@@H]1CCN1c1ncnc(SC)c1CC(=O)N1CCC[C@H](C(N)=O)C1,"COC[C@@H]1CCN1c1ncnc(SC)c1CC(=O)N1CCC[C@H](C(N)=O)C1 |a:3,22|",COC[C@@H]1CCN1c1ncnc(SC)c1CC(=O)N1CCC[C@H](C(N)=O)C1,O=C(Cc1cncnc1N1CCC1)N1CCCCC1,5.357972475219064,False,True,structures/x7353a_x7353b/A71EV2A-x7353a/A71EV2A-x7353a_ligand_ref.sdf,08bdcc4a03bd9ea2d8f46caaee783e9328ed9354be25cc4c84439098286a9b68,raw/A71EV2A-x7353a.pdb,3cc713c7b2348f7284cba1b4e5f5ad7b75a2c60ee9be73e19362c617292ab897,27,27,0,0.0
A71EV2A-x7353b,x7353a_x7353b,5be9c26688141c7d,COC[C@@H]1CCN1c1ncnc(SC)c1CC(=O)N1CCC[C@H](C(N)=O)C1,"COC[C@@H]1CCN1c1ncnc(SC)c1CC(=O)N1CCC[C@H](C(N)=O)C1 |a:3,22|",COC[C@@H]1CCN1c1ncnc(SC)c1CC(=O)N1CCC[C@H](C(N)=O)C1,O=C(Cc1cncnc1N1CCC1)N1CCCCC1,5.357972475219064,False,True,structures/x7353a_x7353b/A71EV2A-x7353b/A71EV2A-x7353b_ligand_ref.sdf,492b9de3e478527417bad84ddaeb30b3118116a76213a458effd019dd44deffd,raw/A71EV2A-x7353b.pdb,5786a837c83c0c3aacce748a11ff771b6aee4bd09c91c0dd7d4f1546d87c9488,27,27,0,0.0
A71EV2A-x7359a,x7359a,6347226ba342900a,CSc1ccc(Br)cc1CC(=O)N1C[C@@H](C(N)=O)[C@@H]2C[C@@H]21,"CSc1ccc(Br)cc1CC(=O)N1C[C@H](C(N)=O)[C@H]2C[C@H]21 |o1:14,18,20|",CSc1ccc(Br)cc1CC(=O)N1C[C@@H](C(N)=O)[C@@H]2C[C@@H]21,O=C(Cc1ccccc1)N1CC[C@@H]2C[C@@H]21,4.590066876668706,False,True,structures/x7359a/A71EV2A-x7359a/A71EV2A-x7359a_ligand_ref.sdf,e36639bbbe0864ab4ef674650c8094907c4d6a57518c62802fc6c8075792d49e,raw/A71EV2A-x7359a.pdb,d59f515808dab7d01e3d274e5076fc1136bc1f30c33a9ac8c1683576a354e2cc,21,21,0,0.0
A71EV2A-x7368a,x7368a,7f3471ba32785d30,CSc1ccc(C2=CC[N@@H+](C)CC2)cc1OC(=O)N1C[C@@H](C(N)=O)C[C@@H]2C[C@@H]21,"CSc1ccc(C2=CCN(C)CC2)cc1OC(=O)N1C[C@H](C(N)=O)C[C@H]2C[C@H]21 |&1:20,25,27|",CSc1ccc(C2=CC[N@@H+](C)CC2)cc1OC(=O)N1C[C@@H](C(N)=O)C[C@@H]2C[C@@H]21,O=C(Oc1cccc(C2=CC[NH2+]CC2)c1)N1CCC[C@@H]2C[C@@H]21,6.6167895690531875,False,True,structures/x7368a/A71EV2A-x7368a/A71EV2A-x7368a_ligand_ref.sdf,c8fba6ed74826cf4db29e535b5b30c1cc0bc1bcb21f4d9d64655543f75d9642b,raw/A71EV2A-x7368a.pdb,44436d6cbdc5335db34badda216e3ba7fd3ae5bb5f4c5b3bcc3685b19098ad21,28,28,1,0.0
A71EV2A-x7369a,x7369a_x7369b,8621cc82f1464fe0,CSc1ccc(C2=CC[N@@H+](C)CC2)cc1CC(=O)N1C[C@@H](C(N)=O)C[C@@H]2C[C@@H]21,"CSc1ccc(C2=CCN(C)CC2)cc1CC(=O)N1C[C@H](C(N)=O)C[C@H]2C[C@H]21 |o1:20,25,27|",CSc1ccc(C2=CC[N@@H+](C)CC2)cc1CC(=O)N1C[C@@H](C(N)=O)C[C@@H]2C[C@@H]21,O=C(Cc1cccc(C2=CC[NH2+]CC2)c1)N1CCC[C@@H]2C[C@@H]21,6.217987758487747,False,True,structures/x7369a_x7369b/A71EV2A-x7369a/A71EV2A-x7369a_ligand_ref.sdf,f7cfff9a682a20d5b49d3ff2094bcbe25bf560c72de14f3302d47720285bf61d,raw/A71EV2A-x7369a.pdb,c1b04b2b9b573c47011d2834f3ded81c37a1d5bb788ebe3aae1bf45a1625e361,28,28,1,0.0
A71EV2A-x7369b,x7369a_x7369b,8621cc82f1464fe0,CSc1ccc(C2=CC[N@@H+](C)CC2)cc1CC(=O)N1C[C@@H](C(N)=O)C[C@@H]2C[C@@H]21,"CSc1ccc(C2=CCN(C)CC2)cc1CC(=O)N1C[C@H](C(N)=O)C[C@H]2C[C@H]21 |o1:20,25,27|",CSc1ccc(C2=CC[N@@H+](C)CC2)cc1CC(=O)N1C[C@@H](C(N)=O)C[C@@H]2C[C@@H]21,O=C(Cc1cccc(C2=CC[NH2+]CC2)c1)N1CCC[C@@H]2C[C@@H]21,6.217987758487747,False,True,structures/x7369a_x7369b/A71EV2A-x7369b/A71EV2A-x7369b_ligand_ref.sdf,215204cd9cd717e6dd463e4618703d2cd93a16711e8d2b19ac6093d27205a5ed,raw/A71EV2A-x7369b.pdb,b300f6f1aec6074224f80ce383456cb1dfdcc54091716d7b748c190dcdacf866,28,28,1,0.0
A71EV2A-x7372a,x7317a_x7317b_x7372a,436a7b65a624f926,CSc1ncnc(N2C[C@H]3C[C@H]3C2)c1CC(=O)N1CCC[C@H](C(N)=O)C1,"CSc1ncnc(N2C[C@H]3C[C@H]3C2)c1CC(=O)N1CCC[C@H](C(N)=O)C1 |&1:9,&2:11|",CSc1ncnc(N2C[C@H]3C[C@H]3C2)c1CC(=O)N1CCC[C@H](C(N)=O)C1,O=C(Cc1cncnc1N1C[C@H]2C[C@H]2C1)N1CCCCC1,6.558486174447746,False,True,structures/x7317a_x7317b_x7372a/A71EV2A-x7372a/A71EV2A-x7372a_ligand_ref.sdf,2a81ad8f56cbf44e49374923eae212fc681a56a7284a2b1aade21b3b1e141cee,raw/A71EV2A-x7372a.pdb,f95a830c699c6ddfe96d8f8d4ad41554482d40987e3c9180690e0334effc821f,26,26,0,0.0
A71EV2A-x7379a,x7379a,a70542a352ca2f62,CSc1ccc(-c2cn[nH]c2)cc1OC(=O)N1C[C@@H](C(N)=O)C[C@H]2C[C@H]21,"CSc1ccc(-c2cn[nH]c2)cc1OC(=O)N1C[C@H](C(N)=O)C[C@@H]2C[C@@H]21 |&1:18,23,25|",CSc1ccc(-c2cn[nH]c2)cc1OC(=O)N1C[C@@H](C(N)=O)C[C@H]2C[C@H]21,O=C(Oc1cccc(-c2cn[nH]c2)c1)N1CCC[C@H]2C[C@H]21,5.626220997937759,False,True,structures/x7379a/A71EV2A-x7379a/A71EV2A-x7379a_ligand_ref.sdf,fedb0b33f33ec52966f265c5110bca98e57e0fdfe62e9e60a059af62cb1fcb7d,raw/A71EV2A-x7379a.pdb,f5c407571eb8ec66546abb0d8504400d0a09cd18e125311fd2feb8d251745311,26,26,0,0.0
A71EV2A-x7389a,x7334a_x7334b_x7389a,680ffbd44debf029,CSc1ncnc(N2CC(O)C2)c1CC(=O)N1CCC[C@H](C(N)=O)C1,CSc1ncnc(N2CC(O)C2)c1CC(=O)N1CCC[C@H](C(N)=O)C1 |a:20|,CSc1ncnc(N2CC(O)C2)c1CC(=O)N1CCC[C@H](C(N)=O)C1,O=C(Cc1cncnc1N1CCC1)N1CCCCC1,6.426194047786621,False,True,structures/x7334a_x7334b_x7389a/A71EV2A-x7389a/A71EV2A-x7389a_ligand_ref.sdf,887e2baf30ec96c849dee79c0499eff87112a0e4f9001f16cb49eb0145380932,raw/A71EV2A-x7389a.pdb,b1055e82408b51b7afdd96da681eab7325c4c917285d877dc0e16246caa81dd7,25,25,0,0.0
A71EV2A-x7410a,x7410a,14943e3503a850d0,CSc1ccc(-c2cnn[nH]2)cc1OC(=O)N1C[C@@H](C(N)=O)C[C@@H]2C[C@@H]21,"CSc1ccc(-c2cnn[nH]2)cc1OC(=O)N1C[C@H](C(N)=O)C[C@H]2C[C@H]21 |&1:18,23,25|",CSc1ccc(-c2cnn[nH]2)cc1OC(=O)N1C[C@@H](C(N)=O)C[C@@H]2C[C@@H]21,O=C(Oc1cccc(-c2cnn[nH]2)c1)N1CCC[C@@H]2C[C@@H]21,6.821074156272469,False,True,structures/x7410a/A71EV2A-x7410a/A71EV2A-x7410a_ligand_ref.sdf,1903b0d7898f917e11347e158f62afb833e92bd5f28a181c31731209b073e753,raw/A71EV2A-x7410a.pdb,b2bd4afc34fc17f69327e86a1556223a5783097f8b7fcb88cbff1dc807f21e4d,26,26,0,0.0
A71EV2A-x7420a,x7420a,73943e3344c56c30,CSc1ncnc(N2CCCC[C@@H]2C(C)C)c1CC(=O)N1CCC[C@H](C(N)=O)C1,"CSc1ncnc(N2CCCC[C@@H]2C(C)C)c1CC(=O)N1CCC[C@H](C(N)=O)C1 |a:12,24|",CSc1ncnc(N2CCCC[C@@H]2C(C)C)c1CC(=O)N1CCC[C@H](C(N)=O)C1,O=C(Cc1cncnc1N1CCCCC1)N1CCCCC1,6.372178760973441,False,True,structures/x7420a/A71EV2A-x7420a/A71EV2A-x7420a_ligand_ref.sdf,caccfaa31c415d2352184c21d871add1daf0230d3c975a182ff6d70323c9f4a8,raw/A71EV2A-x7420a.pdb,3295be39218e349e810d23fab99b83bbe201663be10211c1f70cf7d3996bf540,29,29,0,0.0
A71EV2A-x7424a,x7424a,c40116b15c5b747b,CSc1ncnc(N(C)C2CCOCC2)c1CC(=O)N1CCC[C@H](C(N)=O)C1,CSc1ncnc(N(C)C2CCOCC2)c1CC(=O)N1CCC[C@H](C(N)=O)C1 |a:23|,CSc1ncnc(N(C)C2CCOCC2)c1CC(=O)N1CCC[C@H](C(N)=O)C1,O=C(Cc1cncnc1NC1CCOCC1)N1CCCCC1,5.7864475040867696,False,True,structures/x7424a/A71EV2A-x7424a/A71EV2A-x7424a_ligand_ref.sdf,2084e67bea410e3bcc0f4d3897a52d46eeefd7f9747ba58c164249cbed297278,raw/A71EV2A-x7424a.pdb,067bb390e191821a4958f23a62a3666bc518e4f5efd2afda2dad6af3ab15e1e3,28,28,0,0.0
A71EV2A-x7427a,x7427a,0cbb67987fcf2602,CSc1ncnc(N2CC[C@H](C(=O)N(C)C)C2)c1CC(=O)N1CCC[C@H](C(N)=O)C1,"CSc1ncnc(N2CC[C@H](C(=O)N(C)C)C2)c1CC(=O)N1CCC[C@H](C(N)=O)C1 |a:10,25|",CSc1ncnc(N2CC[C@H](C(=O)N(C)C)C2)c1CC(=O)N1CCC[C@H](C(N)=O)C1,O=C(Cc1cncnc1N1CCCC1)N1CCCCC1,5.974361680056222,False,True,structures/x7427a/A71EV2A-x7427a/A71EV2A-x7427a_ligand_ref.sdf,9d6a962af098996ddb6b7f908f0a4018cd984553d459469499a5906a3d735f83,raw/A71EV2A-x7427a.pdb,5cc7d887ba6d36cb0a02091afd54cc1924462a992926bb1dd0e47c773eba1a54,30,30,0,0.0
A71EV2A-x7430a,x7430a,4f5de6802fffcef2,CSc1ncnc(N2CCCC[C@H]2CO)c1CC(=O)N1CCC[C@H](C(N)=O)C1,"CSc1ncnc(N2CCCC[C@H]2CO)c1CC(=O)N1CCC[C@H](C(N)=O)C1 |a:12,23|",CSc1ncnc(N2CCCC[C@H]2CO)c1CC(=O)N1CCC[C@H](C(N)=O)C1,O=C(Cc1cncnc1N1CCCCC1)N1CCCCC1,5.867264623808438,False,True,structures/x7430a/A71EV2A-x7430a/A71EV2A-x7430a_ligand_ref.sdf,1d3b76c1af29e0358e8dafed0c458f965b8517a3d7ca0ddb12c9fe2311a45315,raw/A71EV2A-x7430a.pdb,c355adf87110d6dfdc119bc4d13cda49b236d65a140d55b96869e0db9fc3da5a,28,28,0,0.0
A71EV2A-x7432a,x7432a,69369aa9f9720371,CCN(c1ncnc(SC)c1CC(=O)N1CCC[C@H](C(N)=O)C1)C(C)C,CCN(c1ncnc(SC)c1CC(=O)N1CCC[C@H](C(N)=O)C1)C(C)C |a:18|,CCN(c1ncnc(SC)c1CC(=O)N1CCC[C@H](C(N)=O)C1)C(C)C,O=C(Cc1cncnc1)N1CCCCC1,5.941351132986486,False,True,structures/x7432a/A71EV2A-x7432a/A71EV2A-x7432a_ligand_ref.sdf,4419dd50f5e3f69491a4e3be12e23dfeee903634fd699a7d45e7656457173972,raw/A71EV2A-x7432a.pdb,039e41e8cdde2635068605f8b5d3a706d4aa7ffa4231dc16e94cf7281f1e170f,26,26,0,0.0
A71EV2A-x7433a,x7433a,6c3e2394f9609b77,CSc1ncnc(N2CCC[C@H]2Cc2ccccc2)c1CC(=O)N1CCC[C@H](C(N)=O)C1,"CSc1ncnc(N2CCC[C@@H]2Cc2ccccc2)c1CC(=O)N1CCC[C@H](C(N)=O)C1 |a:11,27|",CSc1ncnc(N2CCC[C@H]2Cc2ccccc2)c1CC(=O)N1CCC[C@H](C(N)=O)C1,O=C(Cc1cncnc1N1CCC[C@H]1Cc1ccccc1)N1CCCCC1,5.138183874676179,False,True,structures/x7433a/A71EV2A-x7433a/A71EV2A-x7433a_ligand_ref.sdf,c647597f51defa5b6b8f655ba691bfec6efc1307022c4a736a370d0b53e90cbd,raw/A71EV2A-x7433a.pdb,7520d7922f07668c8e9ecfbf80ea07f92bef4824803d7001e35c22c304273ef3,32,32,0,0.0
A71EV2A-x7436a,x7436a_x7436b,58b2517e1c2b94c4,CSc1ncnc(N(C)[C@@H](C)c2ccccc2)c1CC(=O)N1CCC[C@H](C(N)=O)C1,"CSc1ncnc(N(C)[C@@H](C)c2ccccc2)c1CC(=O)N1CCC[C@H](C(N)=O)C1 |a:9,25|",CSc1ncnc(N(C)[C@@H](C)c2ccccc2)c1CC(=O)N1CCC[C@H](C(N)=O)C1,O=C(Cc1cncnc1NCc1ccccc1)N1CCCCC1,6.580678113068668,False,True,structures/x7436a_x7436b/A71EV2A-x7436a/A71EV2A-x7436a_ligand_ref.sdf,f8e2e3d1c0f74b0fd1481bb8f118de2aa2b180e0811d1c49e347b8a55e08ee68,raw/A71EV2A-x7436a.pdb,181e79a56087f83eed68704618fe85ff35cee50c95e63cbc556bd1408e8219b1,30,30,0,0.0
A71EV2A-x7436b,x7436a_x7436b,58b2517e1c2b94c4,CSc1ncnc(N(C)[C@@H](C)c2ccccc2)c1CC(=O)N1CCC[C@H](C(N)=O)C1,"CSc1ncnc(N(C)[C@@H](C)c2ccccc2)c1CC(=O)N1CCC[C@H](C(N)=O)C1 |a:9,25|",CSc1ncnc(N(C)[C@@H](C)c2ccccc2)c1CC(=O)N1CCC[C@H](C(N)=O)C1,O=C(Cc1cncnc1NCc1ccccc1)N1CCCCC1,6.580678113068668,False,True,structures/x7436a_x7436b/A71EV2A-x7436b/A71EV2A-x7436b_ligand_ref.sdf,5375624bc7991f9ef01631656bf9621bb670840d06d7ea9ff4f37b5ee7288e21,raw/A71EV2A-x7436b.pdb,4a6eec86e9b9d72a221fef31a35990d47652efed8645d3dc425327ce14683dab,30,30,0,0.0
A71EV2A-x7442a,x7442a,1b964396db986f8e,CSc1ccc(-c2ccccn2)cc1OC(=O)N1CCC[C@H](C(N)=O)C1,CSc1ccc(-c2ccccn2)cc1OC(=O)N1CCC[C@H](C(N)=O)C1 |a:21|,CSc1ccc(-c2ccccn2)cc1OC(=O)N1CCC[C@H](C(N)=O)C1,O=C(Oc1cccc(-c2ccccn2)c1)N1CCCCC1,6.363385275343752,False,True,structures/x7442a/A71EV2A-x7442a/A71EV2A-x7442a_ligand_ref.sdf,c96d42df4846239288c99c940cc2238ebf931d3a820a46fbd8010c7b3996e0db,raw/A71EV2A-x7442a.pdb,aeef5492652258affdadc96c8e570549cdf879f118afb411c3e53bcd21d23131,26,26,0,0.0
A71EV2A-x7445a,x7445a,ebcdadd0a54126a2,CSc1ccc(-c2ccncc2)cc1CC(=O)N1C[C@H](C(N)=O)C[C@H]2C[C@H]21,"CSc1ccc(-c2ccncc2)cc1CC(=O)N1C[C@H](C(N)=O)C[C@H]2C[C@H]21 |o1:19,24,26|",CSc1ccc(-c2ccncc2)cc1CC(=O)N1C[C@H](C(N)=O)C[C@H]2C[C@H]21,O=C(Cc1cccc(-c2ccncc2)c1)N1CCC[C@H]2C[C@H]21,4.917388969413124,False,True,structures/x7445a/A71EV2A-x7445a/A71EV2A-x7445a_ligand_ref.sdf,4ff402216d4b77e266019ef5ec0650a21e9fc953b9949a3b76e920a47544bead,raw/A71EV2A-x7445a.pdb,6d386b9a83de7098b1bcbfb91f50de225a4cba4de072f64e4fbff14599d3420c,27,27,0,0.0
A71EV2A-x7446a,x7446a,61920963406b86c3,CCS(=O)(=O)N1CCN(c2ncnc(SC)c2CC(=O)N2CCC[C@H](C(N)=O)C2)[C@H](C)C1,"CCS(=O)(=O)N1CCN(c2ncnc(SC)c2CC(=O)N2CCC[C@H](C(N)=O)C2)[C@H](C)C1 |a:24,29|",CCS(=O)(=O)N1CCN(c2ncnc(SC)c2CC(=O)N2CCC[C@H](C(N)=O)C2)[C@H](C)C1,O=C(Cc1cncnc1N1CCNCC1)N1CCCCC1,5.887521899626527,False,True,structures/x7446a/A71EV2A-x7446a/A71EV2A-x7446a_ligand_ref.sdf,8765597a50efebd88d4fe4520c59e0b008cb3b40be6b9c6ee24a145057528853,raw/A71EV2A-x7446a.pdb,c8c5118a1bfc3f63bfae2ef6cf590b59cb251059d48b6b0a17942f87bae2ccfc,32,32,0,0.0
A71EV2A-x7448a,x7448a,ed82ca483c0294fc,CSc1cccc2c1[C@@H](C(=O)N1C[C@@H](C(N)=O)C[C@@H]3C[C@@H]31)CC2,"CSc1cccc2c1[C@@H](C(=O)N1C[C@H](C(N)=O)C[C@H]3C[C@H]31)CC2 |&1:8,13,18,20|",CSc1cccc2c1[C@@H](C(=O)N1C[C@@H](C(N)=O)C[C@@H]3C[C@@H]31)CC2,O=C([C@H]1CCc2ccccc21)N1CCC[C@@H]2C[C@@H]21,6.317002294422829,False,True,structures/x7448a/A71EV2A-x7448a/A71EV2A-x7448a_ligand_ref.sdf,5dcde8d8249fdc1d36ef16c306f3f5acfc02c33c43973c4790d9f973ebe6eb7d,raw/A71EV2A-x7448a.pdb,daf64d6e21b8c42f67d39895271f4acf89c318f47f7f8a40be1f1069fd072c70,23,23,0,0.0
A71EV2A-x7459a,x7459a,2a60f5de741bf6d9,CSc1ccc2ncccc2c1OC(=O)N1C[C@H](C(N)=O)C[C@@H]2C[C@@H]21,"CSc1ccc2ncccc2c1OC(=O)N1C[C@H](C(N)=O)C[C@@H]2C[C@@H]21 |o1:17,22,24|",CSc1ccc2ncccc2c1OC(=O)N1C[C@H](C(N)=O)C[C@@H]2C[C@@H]21,O=C(Oc1cccc2ncccc12)N1CCC[C@@H]2C[C@@H]21,6.223231835566202,False,True,structures/x7459a/A71EV2A-x7459a/A71EV2A-x7459a_ligand_ref.sdf,0ad2caf82809a70cef88bf5b4a46e35f60607b74ccee40d6bf939951cff33b2d,raw/A71EV2A-x7459a.pdb,30ce3a47e8ccdc56f5c9509454e47f065c9633ececdc177c77b5a358b08bdb59,25,25,0,0.0
A71EV2A-x7461a,x7461a,2a60f5de741bf6d9,CSc1ccc2ncccc2c1OC(=O)N1C[C@@H](C(N)=O)C[C@H]2C[C@H]21,"CSc1ccc2ncccc2c1OC(=O)N1C[C@H](C(N)=O)C[C@@H]2C[C@@H]21 |o1:17,22,24|",CSc1ccc2ncccc2c1OC(=O)N1C[C@@H](C(N)=O)C[C@H]2C[C@H]21,O=C(Oc1cccc2ncccc12)N1CCC[C@H]2C[C@H]21,6.223231835566202,False,True,structures/x7461a/A71EV2A-x7461a/A71EV2A-x7461a_ligand_ref.sdf,c0bbc27d698a30f4bb3cbd8accf7fa631449199604bfde16208e9053f8df3130,raw/A71EV2A-x7461a.pdb,9af4d229dd497ff39c49560901a65c5a9ab01e0d5cf9281b4732de3d480e15b5,25,25,0,0.0
A71EV2A-x7465a,x7465a_x7465b,b2609ffbcb65a921,CSc1ccc2ncccc2c1OC(=O)N1C[C@H](C(N)=O)C[C@H]2C[C@H]21,"CSc1ccc2ncccc2c1OC(=O)N1C[C@H](C(N)=O)C[C@H]2C[C@H]21 |o1:17,22,24|",CSc1ccc2ncccc2c1OC(=O)N1C[C@H](C(N)=O)C[C@H]2C[C@H]21,O=C(Oc1cccc2ncccc12)N1CCC[C@H]2C[C@H]21,6.55419279444554,False,True,structures/x7465a_x7465b/A71EV2A-x7465a/A71EV2A-x7465a_ligand_ref.sdf,e3b288731411a68d28a053eebf1f353f2c9778e80c10deb236b1af653351e243,raw/A71EV2A-x7465a.pdb,622e610bc84eb83d99021551a2b6eb028a3194a2fc65a070f4c2ffeef9b70282,25,25,0,0.0
A71EV2A-x7465b,x7465a_x7465b,b2609ffbcb65a921,CSc1ccc2ncccc2c1OC(=O)N1C[C@H](C(N)=O)C[C@H]2C[C@H]21,"CSc1ccc2ncccc2c1OC(=O)N1C[C@H](C(N)=O)C[C@H]2C[C@H]21 |o1:17,22,24|",CSc1ccc2ncccc2c1OC(=O)N1C[C@H](C(N)=O)C[C@H]2C[C@H]21,O=C(Oc1cccc2ncccc12)N1CCC[C@H]2C[C@H]21,6.55419279444554,False,True,structures/x7465a_x7465b/A71EV2A-x7465b/A71EV2A-x7465b_ligand_ref.sdf,bc5e5ec3326bba848fc0a973ed7791d8a7a48d2ee3999b860447f4fabcbaf146,raw/A71EV2A-x7465b.pdb,5343e72e6d7bb010d93bee50ae7ff0b8fc4b3cfb3efe2e1709eb5cf64e88c038,25,25,0,0.0
A71EV2A-x7475a,x7475a_x7475b,463e7e9b84b453d4,CSc1ncnc(N2CCC[C@H]2C2CC2)c1CC(=O)N1CCC[C@H](C(N)=O)C1,"CSc1ncnc(N2CCC[C@H]2C2CC2)c1CC(=O)N1CCC[C@H](C(N)=O)C1 |a:11,23|",CSc1ncnc(N2CCC[C@H]2C2CC2)c1CC(=O)N1CCC[C@H](C(N)=O)C1,O=C(Cc1cncnc1N1CCC[C@H]1C1CC1)N1CCCCC1,5.262032975642954,False,True,structures/x7475a_x7475b/A71EV2A-x7475a/A71EV2A-x7475a_ligand_ref.sdf,f09b5935c0f14c0a38419535852b9f156a3df7c9d16c26abab55b14fa22644e5,raw/A71EV2A-x7475a.pdb,c804577bc1e7b1f7c7b17bbce4146daa473bc4d5c6f5d3a14f7cb874931054f4,28,28,0,0.0
A71EV2A-x7475b,x7475a_x7475b,463e7e9b84b453d4,CSc1ncnc(N2CCC[C@H]2C2CC2)c1CC(=O)N1CCC[C@H](C(N)=O)C1,"CSc1ncnc(N2CCC[C@H]2C2CC2)c1CC(=O)N1CCC[C@H](C(N)=O)C1 |a:11,23|",CSc1ncnc(N2CCC[C@H]2C2CC2)c1CC(=O)N1CCC[C@H](C(N)=O)C1,O=C(Cc1cncnc1N1CCC[C@H]1C1CC1)N1CCCCC1,5.262032975642954,False,True,structures/x7475a_x7475b/A71EV2A-x7475b/A71EV2A-x7475b_ligand_ref.sdf,abff2c1fb3f7d7c2d5c3fe54fe723b5f208d615c722497dfed473171f510eb9d,raw/A71EV2A-x7475b.pdb,611d2c9e1c0012de24d1cd07318717f37ba36b3ea4bc89737ca4f9f0258c5fce,28,28,0,0.0
A71EV2A-x7491a,x7491a_x7491b,66691066e400b0aa,CSc1ncnc(N2CCC[C@H]2C(C)C)c1CC(=O)N1CCC[C@H](C(N)=O)C1,"CSc1ncnc(N2CCC[C@H]2C(C)C)c1CC(=O)N1CCC[C@H](C(N)=O)C1 |a:11,23|",CSc1ncnc(N2CCC[C@H]2C(C)C)c1CC(=O)N1CCC[C@H](C(N)=O)C1,O=C(Cc1cncnc1N1CCCC1)N1CCCCC1,5.331449457260316,False,True,structures/x7491a_x7491b/A71EV2A-x7491a/A71EV2A-x7491a_ligand_ref.sdf,c01341ec0b7409f0c413b68d714fa172472f63e297f5819a9b268dbbc1c17b64,raw/A71EV2A-x7491a.pdb,d1f3a3e3de48c9a58c5273d71a976f1447350784a91ba37d16d33f79f6c59851,28,28,0,0.0
A71EV2A-x7491b,x7491a_x7491b,66691066e400b0aa,CSc1ncnc(N2CCC[C@H]2C(C)C)c1CC(=O)N1CCC[C@H](C(N)=O)C1,"CSc1ncnc(N2CCC[C@H]2C(C)C)c1CC(=O)N1CCC[C@H](C(N)=O)C1 |a:11,23|",CSc1ncnc(N2CCC[C@H]2C(C)C)c1CC(=O)N1CCC[C@H](C(N)=O)C1,O=C(Cc1cncnc1N1CCCC1)N1CCCCC1,5.331449457260316,False,True,structures/x7491a_x7491b/A71EV2A-x7491b/A71EV2A-x7491b_ligand_ref.sdf,59a4b7acd09fd72ea1d0e4deb43bc17860a77309384e249cb1769afe50a14cff,raw/A71EV2A-x7491b.pdb,1c19bebe9e652fc472357d6ae77bd6b1b345a94a91f379b14506c7bde50deeb5,28,28,0,0.0
A71EV2A-x7501a,x7501a_x7501b,5d95cc8681281b11,CSc1ncnc(N2CCC[C@H]2C)c1CC(=O)N1CCC[C@H](C(N)=O)C1,"CSc1ncnc(N2CCC[C@H]2C)c1CC(=O)N1CCC[C@H](C(N)=O)C1 |a:11,21|",CSc1ncnc(N2CCC[C@H]2C)c1CC(=O)N1CCC[C@H](C(N)=O)C1,O=C(Cc1cncnc1N1CCCC1)N1CCCCC1,5.244486511545811,False,True,structures/x7501a_x7501b/A71EV2A-x7501a/A71EV2A-x7501a_ligand_ref.sdf,d79786e63405d1482ea23e2362db42a8ea3e1170221bed5b931d8f8b172dff67,raw/A71EV2A-x7501a.pdb,f0ea1b961be8101771bb2a991af674aca21409d722ebacced03a764fb57ff654,26,26,0,0.0
A71EV2A-x7501b,x7501a_x7501b,5d95cc8681281b11,CSc1ncnc(N2CCC[C@H]2C)c1CC(=O)N1CCC[C@H](C(N)=O)C1,"CSc1ncnc(N2CCC[C@H]2C)c1CC(=O)N1CCC[C@H](C(N)=O)C1 |a:11,21|",CSc1ncnc(N2CCC[C@H]2C)c1CC(=O)N1CCC[C@H](C(N)=O)C1,O=C(Cc1cncnc1N1CCCC1)N1CCCCC1,5.244486511545811,False,True,structures/x7501a_x7501b/A71EV2A-x7501b/A71EV2A-x7501b_ligand_ref.sdf,ecfceaeb07f268fc912ffa2ac6fa900838668b8fb5f8f157c32b972209f430ef,raw/A71EV2A-x7501b.pdb,28e0cca081454fba0460f52a3f432e7847c212b6c9f8d3802ae3361a7eae38d0,26,26,0,0.0
A71EV2A-x7510a,x7510a_x7510b,c19b8e6c95426e64,CC[C@@H]1CCCN1c1ncnc(SC)c1CC(=O)N1CCC[C@H](C(N)=O)C1,"CC[C@@H]1CCCN1c1ncnc(SC)c1CC(=O)N1CCC[C@H](C(N)=O)C1 |a:2,22|",CC[C@@H]1CCCN1c1ncnc(SC)c1CC(=O)N1CCC[C@H](C(N)=O)C1,O=C(Cc1cncnc1N1CCCC1)N1CCCCC1,5.359471394334077,False,True,structures/x7510a_x7510b/A71EV2A-x7510a/A71EV2A-x7510a_ligand_ref.sdf,c661fd3608dd1c6ff5636786bd0ed5aa1086f198f5fcc92e198b9e77010071c9,raw/A71EV2A-x7510a.pdb,8a237a226d7d4017cd14d0ab9423a6aa6475c64bc6e1596c3a7474c97141b31f,27,27,0,0.0
A71EV2A-x7510b,x7510a_x7510b,c19b8e6c95426e64,CC[C@@H]1CCCN1c1ncnc(SC)c1CC(=O)N1CCC[C@H](C(N)=O)C1,"CC[C@@H]1CCCN1c1ncnc(SC)c1CC(=O)N1CCC[C@H](C(N)=O)C1 |a:2,22|",CC[C@@H]1CCCN1c1ncnc(SC)c1CC(=O)N1CCC[C@H](C(N)=O)C1,O=C(Cc1cncnc1N1CCCC1)N1CCCCC1,5.359471394334077,False,True,structures/x7510a_x7510b/A71EV2A-x7510b/A71EV2A-x7510b_ligand_ref.sdf,d828546212d43a5bf828cf14b8f919dc910419731b7d9001e24ad1f4e473c883,raw/A71EV2A-x7510b.pdb,15354794fb5edbb0b4677bcda91a6423b1898e2fadf1583bb93aaed7b72be4e7,27,27,0,0.0
A71EV2A-x7515a,x7515a,b2609ffbcb65a921,CSc1ccc2ncccc2c1OC(=O)N1C[C@@H](C(N)=O)C[C@@H]2C[C@@H]21,"CSc1ccc2ncccc2c1OC(=O)N1C[C@H](C(N)=O)C[C@H]2C[C@H]21 |o1:17,22,24|",CSc1ccc2ncccc2c1OC(=O)N1C[C@@H](C(N)=O)C[C@@H]2C[C@@H]21,O=C(Oc1cccc2ncccc12)N1CCC[C@@H]2C[C@@H]21,6.55419279444554,False,True,structures/x7515a/A71EV2A-x7515a/A71EV2A-x7515a_ligand_ref.sdf,67d2183b9d96cf248e2e03191a190a50bf77dcea52d4c71affd10a363ece6645,raw/A71EV2A-x7515a.pdb,6bfe2302f9d5cf0515de291257be03b777f210ebdadd854a58ce7ce2a65f50fe,25,25,0,0.0
A71EV2A-x7533a,x7533a_x7533b,d6565cda5bfbb429,CSc1ncnc(N2CCC[C@@H]2C)c1CC(=O)N1CCC[C@H](C(N)=O)C1,"CSc1ncnc(N2CCC[C@@H]2C)c1CC(=O)N1CCC[C@H](C(N)=O)C1 |a:11,21|",CSc1ncnc(N2CCC[C@@H]2C)c1CC(=O)N1CCC[C@H](C(N)=O)C1,O=C(Cc1cncnc1N1CCCC1)N1CCCCC1,6.616555737163779,False,True,structures/x7533a_x7533b/A71EV2A-x7533a/A71EV2A-x7533a_ligand_ref.sdf,dc43c5914dc0f7d5152897cacd92ab062f41f1a17f04f88dc767ada2125c59fd,raw/A71EV2A-x7533a.pdb,b2a3292cdda46360f6bb82f08d1afb8e7833afef829fcbc9726b7f33ee171545,26,26,0,0.0
A71EV2A-x7533b,x7533a_x7533b,d6565cda5bfbb429,CSc1ncnc(N2CCC[C@@H]2C)c1CC(=O)N1CCC[C@H](C(N)=O)C1,"CSc1ncnc(N2CCC[C@@H]2C)c1CC(=O)N1CCC[C@H](C(N)=O)C1 |a:11,21|",CSc1ncnc(N2CCC[C@@H]2C)c1CC(=O)N1CCC[C@H](C(N)=O)C1,O=C(Cc1cncnc1N1CCCC1)N1CCCCC1,6.616555737163779,False,True,structures/x7533a_x7533b/A71EV2A-x7533b/A71EV2A-x7533b_ligand_ref.sdf,6575d2c4880393b8f142008b3b4e9938e81f98ff2168c69c698b091bf5ab67c9,raw/A71EV2A-x7533b.pdb,00e21ed211f68a3e0103d62a0d3a11fd158e8ddd4a6139a9cb33d5286582f08a,26,26,0,0.0
A71EV2A-x7545a,x7545a_x7545b,d9abc36579c60fe5,CSc1ncnc(N(C)C)c1CC(=O)N1CCC[C@H](C(N)=O)C1,CSc1ncnc(N(C)C)c1CC(=O)N1CCC[C@H](C(N)=O)C1 |a:18|,CSc1ncnc(N(C)C)c1CC(=O)N1CCC[C@H](C(N)=O)C1,O=C(Cc1cncnc1)N1CCCCC1,6.393012805332465,False,True,structures/x7545a_x7545b/A71EV2A-x7545a/A71EV2A-x7545a_ligand_ref.sdf,ca85618f34188880e082fc87f6036eb5f2d9610c19f1b67feebcd768bd539b40,raw/A71EV2A-x7545a.pdb,4f940263a456843252d51a3abdbf9cbe0b6f4b2d5203679bdf4cd8912a3bb51b,23,23,0,0.0
A71EV2A-x7545b,x7545a_x7545b,d9abc36579c60fe5,CSc1ncnc(N(C)C)c1CC(=O)N1CCC[C@H](C(N)=O)C1,CSc1ncnc(N(C)C)c1CC(=O)N1CCC[C@H](C(N)=O)C1 |a:18|,CSc1ncnc(N(C)C)c1CC(=O)N1CCC[C@H](C(N)=O)C1,O=C(Cc1cncnc1)N1CCCCC1,6.393012805332465,False,True,structures/x7545a_x7545b/A71EV2A-x7545b/A71EV2A-x7545b_ligand_ref.sdf,b899142521067813fe066b236ba0c1c29672f2563c561b9738f66a84b43c3970,raw/A71EV2A-x7545b.pdb,2920fee7f45dbe237629ea06ce043cae9a65d4ac6485806a93dc9f2239f21771,23,23,0,0.0
A71EV2A-x7558a,x7558a,7949318d25d24379,CSc1ccc(Br)cc1OC(=O)N1C[C@@H](C(N)=O)CC[C@H]1CO,"CSc1ccc(Br)cc1OC(=O)N1C[C@H](C(N)=O)CC[C@@H]1CO |&1:14,20|",CSc1ccc(Br)cc1OC(=O)N1C[C@@H](C(N)=O)CC[C@H]1CO,O=C(Oc1ccccc1)N1CCCCC1,5.994964027913848,False,True,structures/x7558a/A71EV2A-x7558a/A71EV2A-x7558a_ligand_ref.sdf,64db86dcd2415f30bc9928d8f7cee97688272c2c20306fbb0bab5d8061457ff3,raw/A71EV2A-x7558a.pdb,13984c6154d2bf38ae6f02d15c025a835542cecef82ed640c541a205ca39a1f5,23,23,0,0.0
A71EV2A-x7560a,x7560a_x7560b,f8c9f651c4e85d53,CSc1ncnc(N2CCCCCC2)c1CC(=O)N1CCC[C@H](C(N)=O)C1,CSc1ncnc(N2CCCCCC2)c1CC(=O)N1CCC[C@H](C(N)=O)C1 |a:22|,CSc1ncnc(N2CCCCCC2)c1CC(=O)N1CCC[C@H](C(N)=O)C1,O=C(Cc1cncnc1N1CCCCCC1)N1CCCCC1,7.1865084765696,False,True,structures/x7560a_x7560b/A71EV2A-x7560a/A71EV2A-x7560a_ligand_ref.sdf,c06e5a118eb833708c2de7201bd8bbcb8d61bc02ce52f8c6e212bcd7df155244,raw/A71EV2A-x7560a.pdb,fec3fe7c9b9cafbca99b34dd993cf046953eb9563343807b1cbf74345b652e7a,27,27,0,0.0
A71EV2A-x7560b,x7560a_x7560b,f8c9f651c4e85d53,CSc1ncnc(N2CCCCCC2)c1CC(=O)N1CCC[C@H](C(N)=O)C1,CSc1ncnc(N2CCCCCC2)c1CC(=O)N1CCC[C@H](C(N)=O)C1 |a:22|,CSc1ncnc(N2CCCCCC2)c1CC(=O)N1CCC[C@H](C(N)=O)C1,O=C(Cc1cncnc1N1CCCCCC1)N1CCCCC1,7.1865084765696,False,True,structures/x7560a_x7560b/A71EV2A-x7560b/A71EV2A-x7560b_ligand_ref.sdf,11557e93830369155612ee3546984d4677a4a703401f2b5bfd836a7825315ed4,raw/A71EV2A-x7560b.pdb,ff79926f7a92ca8e8d968e3e3085ee483575ddbc2f52f0a54a44338251af9df5,27,27,0,0.0
A71EV2A-x7570a,x7570a,3f6c00e74e5f4753,CSc1ncnc(N2CCC[C@@H]2c2ccccc2)c1CC(=O)N1CCC[C@H](C(N)=O)C1,"CSc1ncnc(N2CCC[C@@H]2c2ccccc2)c1CC(=O)N1CCC[C@H](C(N)=O)C1 |a:11,26|",CSc1ncnc(N2CCC[C@@H]2c2ccccc2)c1CC(=O)N1CCC[C@H](C(N)=O)C1,O=C(Cc1cncnc1N1CCC[C@@H]1c1ccccc1)N1CCCCC1,7.13169634555566,False,True,structures/x7570a/A71EV2A-x7570a/A71EV2A-x7570a_ligand_ref.sdf,34a2c94b70318bd97c217f5687a11ffabf50d60fcbda96c31192d47f99371028,raw/A71EV2A-x7570a.pdb,c2de37b64e32ab5956852a6e8072e1a50e61dd873998ec43cd2a306b03fdad37,31,31,0,0.0
A71EV2A-x7576a,x7576a_x7576b,a5e7bb5763f9fc5f,CSc1ccc(-c2cc[nH]n2)cc1CC(=O)N1C[C@@H](C(N)=O)C[C@@H]2C[C@@H]21,"CSc1ccc(-c2cc[nH]n2)cc1CC(=O)N1C[C@H](C(N)=O)C[C@H]2C[C@H]21 |&1:18,23,25|",CSc1ccc(-c2cc[nH]n2)cc1CC(=O)N1C[C@@H](C(N)=O)C[C@@H]2C[C@@H]21,O=C(Cc1cccc(-c2cc[nH]n2)c1)N1CCC[C@@H]2C[C@@H]21,6.340503680200894,False,True,structures/x7576a_x7576b/A71EV2A-x7576a/A71EV2A-x7576a_ligand_ref.sdf,afda23695dd335bac3cda6c69c9c58fc527346df93fe9dbffaf5cfc0e07fb442,raw/A71EV2A-x7576a.pdb,40f2059eea7f850187b6e7d080246bbb0aa03ee97fb263bfd15a069d4bd47583,26,26,0,0.0
A71EV2A-x7576b,x7576a_x7576b,a5e7bb5763f9fc5f,CSc1ccc(-c2cc[nH]n2)cc1CC(=O)N1C[C@@H](C(N)=O)C[C@@H]2C[C@@H]21,"CSc1ccc(-c2cc[nH]n2)cc1CC(=O)N1C[C@H](C(N)=O)C[C@H]2C[C@H]21 |&1:18,23,25|",CSc1ccc(-c2cc[nH]n2)cc1CC(=O)N1C[C@@H](C(N)=O)C[C@@H]2C[C@@H]21,O=C(Cc1cccc(-c2cc[nH]n2)c1)N1CCC[C@@H]2C[C@@H]21,6.340503680200894,False,True,structures/x7576a_x7576b/A71EV2A-x7576b/A71EV2A-x7576b_ligand_ref.sdf,773d00f010993a37bbf8862e27b3c0aa5049aaf9ae6f5896bffc3d95d6a6b718,raw/A71EV2A-x7576b.pdb,0f8618c3e52249eff653fb9ffb1dc2f49c9b0befc886ae8e178a352c8d746eb2,26,26,0,0.0
A71EV2A-x7580a,x7580a_x7580b,24b76b144d17e141,CSc1ncnc(N(C)C)c1CC(=O)N1C[C@@H](C(N)=O)C[C@H]2C[C@H]21,"CSc1ncnc(N(C)C)c1CC(=O)N1C[C@H](C(N)=O)C[C@@H]2C[C@@H]21 |&1:16,21,23|",CSc1ncnc(N(C)C)c1CC(=O)N1C[C@@H](C(N)=O)C[C@H]2C[C@H]21,O=C(Cc1cncnc1)N1CCC[C@H]2C[C@H]21,6.073633599517659,False,True,structures/x7580a_x7580b/A71EV2A-x7580a/A71EV2A-x7580a_ligand_ref.sdf,dd011d8399e7e962abe1ad3736092f2898ce02067114362f616df0ad5b9a1c0a,raw/A71EV2A-x7580a.pdb,a2c335d644ed4a8dec525688ec37f01f9d26eb5d7368129090472cf06d66681a,24,24,0,0.0
A71EV2A-x7580b,x7580a_x7580b,24b76b144d17e141,CSc1ncnc(N(C)C)c1CC(=O)N1C[C@@H](C(N)=O)C[C@H]2C[C@H]21,"CSc1ncnc(N(C)C)c1CC(=O)N1C[C@H](C(N)=O)C[C@@H]2C[C@@H]21 |&1:16,21,23|",CSc1ncnc(N(C)C)c1CC(=O)N1C[C@@H](C(N)=O)C[C@H]2C[C@H]21,O=C(Cc1cncnc1)N1CCC[C@H]2C[C@H]21,6.073633599517659,False,True,structures/x7580a_x7580b/A71EV2A-x7580b/A71EV2A-x7580b_ligand_ref.sdf,70b53e6bfe94c28e121d5e0004cfc64ce5a627e8414d2995bfcfcaa4007afbef,raw/A71EV2A-x7580b.pdb,a2c59632483fe80d4ce7f2ab20089c9736065f8b7ddb5c8381610d1b02f29394,24,24,0,0.0
A71EV2A-x7589a,x7589a,91c0dac12c0def17,COC(=O)N[C@H]1CCN(c2ncnc(SC)c2CC(=O)N2CCC[C@H](C(N)=O)C2)C1,"COC(=O)N[C@H]1CCN(c2ncnc(SC)c2CC(=O)N2CCC[C@H](C(N)=O)C2)C1 |a:5,24|",COC(=O)N[C@H]1CCN(c2ncnc(SC)c2CC(=O)N2CCC[C@H](C(N)=O)C2)C1,O=C(Cc1cncnc1N1CCCC1)N1CCCCC1,7.2725450748210925,False,True,structures/x7589a/A71EV2A-x7589a/A71EV2A-x7589a_ligand_ref.sdf,acd06a2c86318d534b7b53b13217c00e86bb1a7269ccd37fcd343d3538182222,raw/A71EV2A-x7589a.pdb,0ac32120ce53d64a6e7b6fb4b232e746bb69e1a2082a433b2c2ff838e4609783,30,30,0,0.0
A71EV2A-x7597a,x7597a,de0f4232ed0de445,CSc1ccc(-c2cc[nH]n2)cc1OC(=O)N1CCC[C@H](C(N)=O)C1,CSc1ccc(-c2cc[nH]n2)cc1OC(=O)N1CCC[C@H](C(N)=O)C1 |a:20|,CSc1ccc(-c2cc[nH]n2)cc1OC(=O)N1CCC[C@H](C(N)=O)C1,O=C(Oc1cccc(-c2cc[nH]n2)c1)N1CCCCC1,6.343392058545723,False,True,structures/x7597a/A71EV2A-x7597a/A71EV2A-x7597a_ligand_ref.sdf,1b1b4126a0666a42232010cf662d2395801cd1dc8cf287b8093d130af3946292,raw/A71EV2A-x7597a.pdb,40cf22a223cd69250231050d0af1476c5c9b02b086cff77828c5a68feb50b93e,25,25,0,0.0
A71EV2A-x7608a,x7608a,c9c522fd452da373,CSc1ncnc(N(C)CC(F)(F)F)c1CC(=O)N1C[C@@H](C(N)=O)C[C@@H]2C[C@@H]21,"CSc1ncnc(N(C)CC(F)(F)F)c1CC(=O)N1C[C@H](C(N)=O)C[C@H]2C[C@H]21 |&1:20,25,27|",CSc1ncnc(N(C)CC(F)(F)F)c1CC(=O)N1C[C@@H](C(N)=O)C[C@@H]2C[C@@H]21,O=C(Cc1cncnc1)N1CCC[C@@H]2C[C@@H]21,6.794695728715816,False,True,structures/x7608a/A71EV2A-x7608a/A71EV2A-x7608a_ligand_ref.sdf,19f7a6131355a1139f758518700f07cb4b81468ed514a1d299aff07a21274800,raw/A71EV2A-x7608a.pdb,5bf3ee810aeec92d861418b3637f54bbd9e2696c4a306c9e0a075fdee4cc71a0,28,28,0,0.0
A71EV2A-x7613a,x7613a,13048e5ce6848590,CC[C@@H]1CS[C@H](C(N)=O)CN1C(=O)Oc1cc(Br)ccc1SC,"CC[C@H]1CS[C@H](C(N)=O)CN1C(=O)Oc1cc(Br)ccc1SC |o1:2,5|",CC[C@@H]1CS[C@H](C(N)=O)CN1C(=O)Oc1cc(Br)ccc1SC,O=C(Oc1ccccc1)N1CCSCC1,7.112683897314732,False,True,structures/x7613a/A71EV2A-x7613a/A71EV2A-x7613a_ligand_ref.sdf,9156eaf8ab9458d96db43287849944a3a4dedd2724eeeccde9f78c697a12d224,raw/A71EV2A-x7613a.pdb,75bf307604bc743709feb388e8e0c143deeac3dc9d59f25eaf91c231d3359987,23,23,0,0.0
A71EV2A-x7622a,x7622a,5da5da1690f1ed86,CSc1ncnc(N2CCCC2)c1NC(=O)N1C[C@@H](C(N)=O)C[C@@H]2C[C@@H]21,"CSc1ncnc(N2CCCC2)c1NC(=O)N1C[C@H](C(N)=O)C[C@H]2C[C@H]21 |&1:18,23,25|",CSc1ncnc(N2CCCC2)c1NC(=O)N1C[C@@H](C(N)=O)C[C@@H]2C[C@@H]21,O=C(Nc1cncnc1N1CCCC1)N1CCC[C@@H]2C[C@@H]21,5.928304705589599,False,True,structures/x7622a/A71EV2A-x7622a/A71EV2A-x7622a_ligand_ref.sdf,b936281cb23e904397b6ffad972dc2eb5a3329022b75cb66b224d32fe28ba734,raw/A71EV2A-x7622a.pdb,8b89a84923c25b239344f138f4090d93a2ba7d80e622d6221d26022b67243131,26,26,0,0.0
A71EV2A-x7631a,x7631a,508483ec56a3c249,CSc1ccccc1CC(=O)N1C[C@@H](C(N)=O)C[C@@H]2C[C@@H]21,"CSc1ccccc1CC(=O)N1C[C@H](C(N)=O)C[C@H]2C[C@H]21 |o1:13,18,20|",CSc1ccccc1CC(=O)N1C[C@@H](C(N)=O)C[C@@H]2C[C@@H]21,O=C(Cc1ccccc1)N1CCC[C@@H]2C[C@@H]21,5.676463453677816,False,True,structures/x7631a/A71EV2A-x7631a/A71EV2A-x7631a_ligand_ref.sdf,cbcfdb9d4818c1752f7c4a7a36e049c1974d20f62ee3a7846f8865f4433966ec,raw/A71EV2A-x7631a.pdb,384fe46afb281dc0d0bf16deeb4ac294d6ef3290e8adf47e1a4be8788e96a818,21,21,0,0.0
